1,1,1698.78,387.90,160.76,340.57,-1,-1,-1,-1
1,2,0.38,340.47,114.68,561.78,-1,-1,-1,-1
1,3,249.25,456.29,105.88,249.67,-1,-1,-1,-1
1,4,1290.12,460.89,68.79,198.02,-1,-1,-1,-1
1,5,1257.19,537.61,60.06,118.89,-1,-1,-1,-1
1,6,1887.85,393.69,31.87,175.00,-1,-1,-1,-1
1,7,861.84,523.26,39.56,103.99,-1,-1,-1,-1
1,8,118.19,508.28,82.10,234.57,-1,-1,-1,-1
1,9,49.79,503.61,67.46,245.45,-1,-1,-1,-1
2,1,1692.09,387.35,163.63,340.28,-1,-1,-1,-1
2,2,0.82,336.34,118.26,565.94,-1,-1,-1,-1
2,3,257.90,457.69,98.73,247.78,-1,-1,-1,-1
2,4,1293.01,460.51,65.60,198.51,-1,-1,-1,-1
2,5,1258.87,538.55,57.81,118.66,-1,-1,-1,-1
2,6,1885.91,391.46,33.54,174.74,-1,-1,-1,-1
2,7,860.60,523.42,40.64,104.21,-1,-1,-1,-1
2,8,117.17,507.58,76.94,235.97,-1,-1,-1,-1
2,9,39.16,501.23,82.77,249.88,-1,-1,-1,-1
3,1,1688.33,387.04,166.22,340.95,-1,-1,-1,-1
3,2,1.42,320.21,128.18,582.56,-1,-1,-1,-1
3,3,260.18,457.60,97.15,247.40,-1,-1,-1,-1
3,4,1295.76,460.23,62.94,198.77,-1,-1,-1,-1
3,5,1260.27,540.20,56.18,117.85,-1,-1,-1,-1
3,6,1884.47,387.39,35.08,180.70,-1,-1,-1,-1
3,7,860.61,522.99,40.95,104.32,-1,-1,-1,-1
3,8,119.67,511.92,74.03,231.20,-1,-1,-1,-1
3,9,47.08,501.81,84.02,248.79,-1,-1,-1,-1
4,1,1685.19,387.24,164.32,342.37,-1,-1,-1,-1
4,2,0.81,272.72,137.23,632.89,-1,-1,-1,-1
4,3,261.89,457.51,95.70,247.82,-1,-1,-1,-1
4,4,1298.06,460.30,60.60,198.81,-1,-1,-1,-1
4,5,1262.54,541.49,53.31,117.34,-1,-1,-1,-1
4,6,1880.76,352.36,39.24,221.57,-1,-1,-1,-1
4,7,860.70,522.85,40.87,104.19,-1,-1,-1,-1
4,8,122.36,517.97,72.34,225.34,-1,-1,-1,-1
4,9,55.64,503.62,85.14,247.01,-1,-1,-1,-1
5,1,1685.75,387.03,161.59,345.82,-1,-1,-1,-1
5,2,1.09,246.14,147.80,658.71,-1,-1,-1,-1
5,3,256.74,457.91,100.38,247.70,-1,-1,-1,-1
5,4,1300.78,460.06,62.24,198.86,-1,-1,-1,-1
5,5,1266.83,541.60,48.80,116.88,-1,-1,-1,-1
5,6,1879.20,341.83,40.80,235.59,-1,-1,-1,-1
5,7,861.85,522.95,39.94,103.73,-1,-1,-1,-1
5,8,124.36,522.49,75.10,221.19,-1,-1,-1,-1
6,1,1687.04,386.99,157.64,348.60,-1,-1,-1,-1
6,2,0.83,234.93,147.27,669.48,-1,-1,-1,-1
6,3,257.08,458.03,99.84,247.96,-1,-1,-1,-1
6,4,1303.13,460.66,62.44,198.14,-1,-1,-1,-1
6,5,1271.30,541.25,44.78,116.76,-1,-1,-1,-1
6,6,1877.56,339.40,42.41,240.11,-1,-1,-1,-1
6,7,862.22,522.86,39.87,103.52,-1,-1,-1,-1
6,8,124.56,524.77,73.28,218.97,-1,-1,-1,-1
7,1,1688.61,387.59,154.79,349.10,-1,-1,-1,-1
7,2,0.83,228.14,150.53,674.83,-1,-1,-1,-1
7,3,260.69,457.43,96.35,247.93,-1,-1,-1,-1
7,4,1305.32,461.45,64.74,197.34,-1,-1,-1,-1
7,5,1274.92,540.50,41.69,117.50,-1,-1,-1,-1
7,6,1874.34,337.52,45.52,245.86,-1,-1,-1,-1
7,7,865.45,522.37,37.68,103.81,-1,-1,-1,-1
7,8,123.82,514.96,73.70,228.74,-1,-1,-1,-1
8,1,1690.21,388.29,151.81,349.37,-1,-1,-1,-1
8,2,1.09,223.40,160.58,680.15,-1,-1,-1,-1
8,3,265.33,456.79,92.08,248.53,-1,-1,-1,-1
8,4,1307.20,459.56,72.32,200.33,-1,-1,-1,-1
8,5,1277.38,540.42,39.54,118.19,-1,-1,-1,-1
8,6,1872.90,337.89,46.91,251.82,-1,-1,-1,-1
8,7,867.90,521.88,36.26,104.40,-1,-1,-1,-1
8,8,123.48,504.22,73.93,239.43,-1,-1,-1,-1
9,1,1690.05,389.23,150.62,349.93,-1,-1,-1,-1
9,2,1.14,221.28,163.86,683.15,-1,-1,-1,-1
9,3,263.20,456.06,94.40,248.86,-1,-1,-1,-1
9,4,1308.44,459.20,71.00,200.63,-1,-1,-1,-1
9,5,1279.61,540.07,39.50,119.05,-1,-1,-1,-1
9,6,1871.52,339.16,48.24,253.48,-1,-1,-1,-1
9,7,870.56,522.96,35.69,103.72,-1,-1,-1,-1
9,8,123.66,496.92,73.39,246.27,-1,-1,-1,-1
10,1,1688.80,389.74,151.19,351.81,-1,-1,-1,-1
10,2,1.23,221.82,169.32,682.60,-1,-1,-1,-1
10,3,270.33,455.92,88.06,247.93,-1,-1,-1,-1
10,4,1310.01,458.66,73.74,201.09,-1,-1,-1,-1
10,5,1281.20,539.92,40.49,119.77,-1,-1,-1,-1
10,6,1869.98,340.26,49.73,255.93,-1,-1,-1,-1
10,7,871.86,522.61,38.39,104.49,-1,-1,-1,-1
10,8,124.51,497.52,73.19,246.17,-1,-1,-1,-1
11,1,1685.97,389.44,151.05,354.03,-1,-1,-1,-1
11,2,1.30,223.46,173.68,680.79,-1,-1,-1,-1
11,3,276.12,455.80,82.75,247.63,-1,-1,-1,-1
11,4,1311.56,458.29,75.95,201.82,-1,-1,-1,-1
11,5,1282.67,540.35,41.32,119.01,-1,-1,-1,-1
11,6,1868.32,341.61,51.38,264.39,-1,-1,-1,-1
11,7,870.23,522.32,41.94,104.22,-1,-1,-1,-1
11,8,124.51,495.53,71.95,248.42,-1,-1,-1,-1
12,1,1684.19,388.45,154.40,355.60,-1,-1,-1,-1
12,2,1.38,224.49,178.66,678.86,-1,-1,-1,-1
12,3,277.25,455.70,81.88,247.53,-1,-1,-1,-1
12,4,1312.63,458.15,78.31,202.40,-1,-1,-1,-1
12,5,1283.26,540.30,42.61,119.40,-1,-1,-1,-1
12,6,1867.28,340.91,52.32,274.36,-1,-1,-1,-1
12,7,869.69,522.56,43.93,104.58,-1,-1,-1,-1
12,8,123.99,493.02,70.19,250.83,-1,-1,-1,-1
13,1,1680.05,386.36,156.40,358.38,-1,-1,-1,-1
13,2,1.40,225.66,184.12,687.18,-1,-1,-1,-1
13,3,279.53,455.10,80.98,248.50,-1,-1,-1,-1
13,4,1314.08,458.28,80.50,203.11,-1,-1,-1,-1
13,5,1284.00,540.40,44.50,119.18,-1,-1,-1,-1
13,6,1865.18,339.00,54.43,285.84,-1,-1,-1,-1
13,7,870.84,521.98,43.93,106.42,-1,-1,-1,-1
13,8,123.96,488.78,70.32,254.28,-1,-1,-1,-1
14,1,1678.77,384.71,157.12,360.30,-1,-1,-1,-1
14,2,1.29,227.96,187.67,696.87,-1,-1,-1,-1
14,3,273.15,455.00,90.42,248.92,-1,-1,-1,-1
14,4,1315.69,458.96,80.50,203.06,-1,-1,-1,-1
14,5,1285.93,541.12,42.67,118.57,-1,-1,-1,-1
14,6,1863.66,338.16,56.00,302.81,-1,-1,-1,-1
14,7,872.20,521.81,43.74,107.78,-1,-1,-1,-1
14,8,123.17,515.09,72.03,228.81,-1,-1,-1,-1
14,10,1807.32,443.96,48.88,175.67,-1,-1,-1,-1
15,1,1675.30,382.32,160.85,362.71,-1,-1,-1,-1
15,2,1.41,229.70,192.17,690.42,-1,-1,-1,-1
15,3,282.95,455.16,88.28,248.34,-1,-1,-1,-1
15,4,1318.08,459.61,79.12,202.60,-1,-1,-1,-1
15,5,1287.76,540.59,42.55,118.96,-1,-1,-1,-1
15,6,1862.61,335.56,57.09,322.08,-1,-1,-1,-1
15,7,872.39,521.61,44.20,108.40,-1,-1,-1,-1
15,8,123.01,532.17,68.32,211.72,-1,-1,-1,-1
15,10,1809.07,443.15,53.58,176.37,-1,-1,-1,-1
16,1,1672.32,381.07,163.36,363.37,-1,-1,-1,-1
16,2,1.50,231.03,196.65,685.35,-1,-1,-1,-1
16,3,290.00,455.33,89.45,247.56,-1,-1,-1,-1
16,4,1320.14,460.60,77.73,201.46,-1,-1,-1,-1
16,5,1289.15,540.11,43.49,118.80,-1,-1,-1,-1
16,6,1861.73,331.51,57.98,334.91,-1,-1,-1,-1
16,7,873.63,521.64,43.49,108.81,-1,-1,-1,-1
16,8,123.60,538.88,69.11,204.94,-1,-1,-1,-1
16,10,1810.04,445.77,57.55,173.30,-1,-1,-1,-1
17,1,1668.54,379.85,165.85,364.49,-1,-1,-1,-1
17,2,1.57,232.57,201.62,681.58,-1,-1,-1,-1
17,3,297.48,454.99,89.55,247.06,-1,-1,-1,-1
17,4,1322.53,467.09,75.53,195.07,-1,-1,-1,-1
17,5,1290.38,539.75,44.18,120.40,-1,-1,-1,-1
17,6,1860.47,327.33,59.24,345.72,-1,-1,-1,-1
17,7,875.08,521.74,42.26,109.37,-1,-1,-1,-1
17,8,123.03,541.48,68.63,202.94,-1,-1,-1,-1
17,10,1811.24,445.75,57.88,173.13,-1,-1,-1,-1
18,1,1664.13,378.46,168.24,366.14,-1,-1,-1,-1
18,2,1.61,234.29,208.70,679.22,-1,-1,-1,-1
18,3,304.12,453.59,90.11,248.77,-1,-1,-1,-1
18,4,1323.63,468.76,74.15,193.60,-1,-1,-1,-1
18,5,1292.86,539.64,44.91,120.62,-1,-1,-1,-1
18,6,1859.60,324.27,60.34,387.15,-1,-1,-1,-1
18,7,877.68,521.91,40.45,109.07,-1,-1,-1,-1
18,8,128.60,545.26,65.93,199.82,-1,-1,-1,-1
18,10,1811.58,446.92,57.00,171.97,-1,-1,-1,-1
19,1,1659.61,377.32,170.03,369.06,-1,-1,-1,-1
19,2,1.68,235.51,216.52,673.42,-1,-1,-1,-1
19,3,308.58,453.20,91.71,249.35,-1,-1,-1,-1
19,4,1324.75,469.25,73.19,193.16,-1,-1,-1,-1
19,5,1294.26,539.31,46.05,121.33,-1,-1,-1,-1
19,6,1859.10,322.49,60.77,406.36,-1,-1,-1,-1
19,7,878.53,522.03,39.89,108.32,-1,-1,-1,-1
19,8,135.03,542.99,64.98,201.76,-1,-1,-1,-1
19,10,1811.25,448.52,56.14,168.92,-1,-1,-1,-1
20,1,1654.38,377.12,168.75,370.31,-1,-1,-1,-1
20,2,1.77,234.85,227.82,671.84,-1,-1,-1,-1
20,3,309.97,453.47,94.43,249.42,-1,-1,-1,-1
20,4,1326.64,465.06,71.30,197.22,-1,-1,-1,-1
20,5,1296.21,539.75,47.97,121.00,-1,-1,-1,-1
20,6,1858.64,320.55,61.17,420.70,-1,-1,-1,-1
20,7,880.72,522.41,37.60,107.30,-1,-1,-1,-1
20,8,134.11,539.92,65.51,204.88,-1,-1,-1,-1
20,10,1810.23,448.93,55.83,168.77,-1,-1,-1,-1
21,1,1648.90,377.48,169.65,371.58,-1,-1,-1,-1
21,2,1.82,235.48,235.86,669.99,-1,-1,-1,-1
21,3,309.84,454.33,96.60,249.12,-1,-1,-1,-1
21,4,1328.67,463.25,69.40,199.12,-1,-1,-1,-1
21,5,1297.65,539.97,47.79,121.22,-1,-1,-1,-1
21,6,1857.98,319.23,61.80,429.81,-1,-1,-1,-1
21,7,880.85,523.08,36.77,106.35,-1,-1,-1,-1
21,8,133.19,536.85,66.05,208.00,-1,-1,-1,-1
21,10,1810.67,448.75,54.97,169.01,-1,-1,-1,-1
22,1,1647.64,378.16,168.31,372.76,-1,-1,-1,-1
22,2,2.05,236.58,248.24,667.83,-1,-1,-1,-1
22,3,309.20,454.61,96.99,248.65,-1,-1,-1,-1
22,4,1329.25,462.54,68.39,199.91,-1,-1,-1,-1
22,5,1298.56,539.30,47.25,122.26,-1,-1,-1,-1
22,6,1857.00,318.88,62.73,436.17,-1,-1,-1,-1
22,7,881.04,522.84,35.99,106.35,-1,-1,-1,-1
22,8,132.27,533.78,66.59,211.13,-1,-1,-1,-1
22,10,1809.06,448.43,55.69,169.51,-1,-1,-1,-1
23,1,1642.41,379.10,169.96,375.05,-1,-1,-1,-1
23,2,2.60,239.45,262.26,665.02,-1,-1,-1,-1
23,3,310.01,453.40,96.21,249.88,-1,-1,-1,-1
23,4,1330.86,461.66,66.37,200.87,-1,-1,-1,-1
23,5,1300.93,539.76,45.03,122.28,-1,-1,-1,-1
23,6,1854.88,318.99,64.82,439.93,-1,-1,-1,-1
23,7,883.14,522.82,33.68,106.83,-1,-1,-1,-1
23,8,131.35,530.71,67.12,214.25,-1,-1,-1,-1
23,10,1809.70,447.95,55.50,169.91,-1,-1,-1,-1
24,1,1640.74,379.87,168.39,376.11,-1,-1,-1,-1
24,2,3.34,240.39,279.22,662.08,-1,-1,-1,-1
24,3,310.70,453.86,95.33,249.71,-1,-1,-1,-1
24,4,1331.54,461.31,65.43,201.57,-1,-1,-1,-1
24,5,1303.03,539.25,43.76,122.06,-1,-1,-1,-1
24,6,1852.02,319.77,67.62,442.18,-1,-1,-1,-1
24,7,883.47,522.65,33.21,106.71,-1,-1,-1,-1
24,8,130.43,527.64,67.66,217.37,-1,-1,-1,-1
24,10,1811.32,446.83,54.40,171.05,-1,-1,-1,-1
25,1,1637.31,380.62,166.16,377.07,-1,-1,-1,-1
25,2,3.60,239.15,302.73,664.65,-1,-1,-1,-1
25,3,297.63,455.41,108.09,248.00,-1,-1,-1,-1
25,4,1332.25,461.35,65.11,202.35,-1,-1,-1,-1
25,5,1305.11,538.80,42.78,122.79,-1,-1,-1,-1
25,6,1844.58,320.83,74.97,442.15,-1,-1,-1,-1
25,7,884.09,522.78,32.56,106.61,-1,-1,-1,-1
25,8,129.51,524.57,68.19,220.49,-1,-1,-1,-1
25,10,1813.89,445.77,52.48,171.37,-1,-1,-1,-1
26,1,1633.29,380.54,165.72,379.04,-1,-1,-1,-1
26,2,3.92,237.73,323.03,664.75,-1,-1,-1,-1
26,3,305.72,455.92,100.39,247.99,-1,-1,-1,-1
26,4,1332.69,461.28,64.51,202.73,-1,-1,-1,-1
26,5,1306.69,538.34,42.34,123.37,-1,-1,-1,-1
26,6,1840.66,322.01,78.83,443.03,-1,-1,-1,-1
26,7,884.41,522.90,32.54,106.53,-1,-1,-1,-1
26,8,128.59,521.50,68.73,223.62,-1,-1,-1,-1
26,10,1814.51,444.79,52.63,172.29,-1,-1,-1,-1
27,1,1628.73,379.86,165.29,381.30,-1,-1,-1,-1
27,2,4.26,236.48,340.82,664.69,-1,-1,-1,-1
27,3,308.34,456.98,98.12,247.13,-1,-1,-1,-1
27,4,1333.04,461.22,63.58,202.88,-1,-1,-1,-1
27,5,1307.52,537.80,42.14,124.34,-1,-1,-1,-1
27,6,1840.16,321.90,79.30,444.84,-1,-1,-1,-1
27,7,885.99,523.29,31.17,106.00,-1,-1,-1,-1
27,8,127.67,518.43,69.27,226.74,-1,-1,-1,-1
27,10,1815.47,454.93,49.80,161.50,-1,-1,-1,-1
28,1,1625.36,377.50,165.42,383.52,-1,-1,-1,-1
28,2,4.36,234.70,356.15,668.37,-1,-1,-1,-1
28,3,308.58,458.49,99.61,245.78,-1,-1,-1,-1
28,4,1333.39,461.12,63.25,202.98,-1,-1,-1,-1
28,5,1308.27,538.07,41.96,124.67,-1,-1,-1,-1
28,6,1836.65,320.09,82.77,448.79,-1,-1,-1,-1
28,7,886.43,522.36,32.64,106.33,-1,-1,-1,-1
28,8,126.75,515.36,69.80,229.86,-1,-1,-1,-1
29,1,1624.27,376.06,164.66,385.27,-1,-1,-1,-1
29,2,4.48,233.02,365.52,672.92,-1,-1,-1,-1
29,3,308.98,457.06,101.31,247.43,-1,-1,-1,-1
29,4,1333.47,461.55,63.51,202.55,-1,-1,-1,-1
29,5,1308.93,539.16,41.95,124.04,-1,-1,-1,-1
29,6,1832.61,319.52,86.74,450.31,-1,-1,-1,-1
29,7,887.35,523.32,33.08,105.74,-1,-1,-1,-1
29,8,125.83,512.30,70.34,232.98,-1,-1,-1,-1
30,1,1625.48,374.79,161.96,386.25,-1,-1,-1,-1
30,2,4.97,231.61,390.08,672.46,-1,-1,-1,-1
30,3,313.85,457.10,99.12,246.27,-1,-1,-1,-1
30,4,1333.51,462.08,65.45,201.92,-1,-1,-1,-1
30,5,1309.55,539.80,41.70,123.53,-1,-1,-1,-1
30,6,1826.89,317.53,92.35,452.82,-1,-1,-1,-1
30,7,888.14,524.03,33.16,104.55,-1,-1,-1,-1
30,8,124.91,509.23,70.87,236.11,-1,-1,-1,-1
31,1,1627.07,374.90,155.72,385.81,-1,-1,-1,-1
31,2,6.03,230.31,408.87,670.71,-1,-1,-1,-1
31,3,320.63,447.58,97.19,255.77,-1,-1,-1,-1
31,4,1333.70,462.67,69.26,201.29,-1,-1,-1,-1
31,5,1310.59,539.26,40.96,123.67,-1,-1,-1,-1
31,6,1821.89,315.29,97.28,455.68,-1,-1,-1,-1
31,8,123.99,506.16,71.41,239.23,-1,-1,-1,-1
32,1,1626.30,373.95,152.45,386.93,-1,-1,-1,-1
32,2,6.11,230.33,415.86,670.51,-1,-1,-1,-1
32,3,329.65,456.46,90.92,246.79,-1,-1,-1,-1
32,4,1333.79,463.10,73.29,200.85,-1,-1,-1,-1
32,5,1311.42,539.63,41.12,123.68,-1,-1,-1,-1
32,6,1818.15,313.35,100.99,457.45,-1,-1,-1,-1
32,8,123.07,503.09,71.95,242.35,-1,-1,-1,-1
33,1,1625.44,373.22,151.96,387.97,-1,-1,-1,-1
33,2,5.09,232.17,420.51,663.90,-1,-1,-1,-1
33,3,337.45,460.33,86.65,242.12,-1,-1,-1,-1
33,4,1334.36,463.48,76.18,200.36,-1,-1,-1,-1
33,5,1312.26,539.77,41.29,123.95,-1,-1,-1,-1
33,6,1813.64,310.71,105.48,459.87,-1,-1,-1,-1
33,8,122.15,500.02,72.48,245.47,-1,-1,-1,-1
34,1,1625.53,372.83,148.91,388.47,-1,-1,-1,-1
34,2,5.09,235.26,426.92,662.40,-1,-1,-1,-1
34,3,341.99,465.21,86.67,237.56,-1,-1,-1,-1
34,4,1335.26,464.11,79.53,199.91,-1,-1,-1,-1
34,5,1312.92,539.80,41.09,124.31,-1,-1,-1,-1
34,6,1809.97,309.30,109.14,461.40,-1,-1,-1,-1
34,8,121.23,496.95,73.02,248.60,-1,-1,-1,-1
35,1,1625.46,371.97,147.20,391.70,-1,-1,-1,-1
35,2,5.11,241.42,439.78,656.18,-1,-1,-1,-1
35,3,344.71,479.06,90.30,224.75,-1,-1,-1,-1
35,4,1335.55,464.24,82.22,200.07,-1,-1,-1,-1
35,5,1313.89,539.73,40.80,124.49,-1,-1,-1,-1
35,6,1804.24,308.27,114.79,462.58,-1,-1,-1,-1
35,8,120.31,493.88,73.55,251.72,-1,-1,-1,-1
36,1,1624.34,371.15,147.18,395.94,-1,-1,-1,-1
36,2,4.64,246.12,454.73,649.25,-1,-1,-1,-1
36,3,346.10,459.32,95.31,245.82,-1,-1,-1,-1
36,4,1336.16,464.18,83.14,200.29,-1,-1,-1,-1
36,5,1314.55,539.88,41.33,124.62,-1,-1,-1,-1
36,6,1800.48,307.81,118.50,462.78,-1,-1,-1,-1
36,8,119.39,490.81,74.09,254.84,-1,-1,-1,-1
37,1,1623.34,370.84,148.81,397.67,-1,-1,-1,-1
37,2,4.44,247.53,468.11,648.28,-1,-1,-1,-1
37,3,345.91,479.05,97.36,227.95,-1,-1,-1,-1
37,4,1336.74,464.36,83.33,200.17,-1,-1,-1,-1
37,5,1314.95,539.50,43.67,124.35,-1,-1,-1,-1
37,6,1797.87,307.50,121.10,462.79,-1,-1,-1,-1
37,8,118.47,487.74,74.63,257.96,-1,-1,-1,-1
38,1,1622.26,370.77,155.30,399.01,-1,-1,-1,-1
38,2,11.16,251.57,469.04,647.87,-1,-1,-1,-1
38,3,345.12,476.75,96.75,230.27,-1,-1,-1,-1
38,4,1337.44,463.62,82.75,200.74,-1,-1,-1,-1
38,5,1315.61,539.76,44.58,123.88,-1,-1,-1,-1
38,6,1794.86,307.17,124.10,465.96,-1,-1,-1,-1
38,8,117.55,484.67,75.16,261.08,-1,-1,-1,-1
39,1,1621.87,371.44,158.65,400.43,-1,-1,-1,-1
39,2,32.83,251.69,449.39,642.48,-1,-1,-1,-1
39,3,344.33,474.46,96.14,232.60,-1,-1,-1,-1
39,4,1337.84,463.93,82.77,200.58,-1,-1,-1,-1
39,5,1316.61,540.84,43.64,123.10,-1,-1,-1,-1
39,6,1792.54,307.06,126.42,469.04,-1,-1,-1,-1
39,8,116.63,481.61,75.70,264.21,-1,-1,-1,-1
40,1,1621.36,372.27,156.19,402.20,-1,-1,-1,-1
40,2,68.61,257.47,423.21,641.32,-1,-1,-1,-1
40,3,343.53,472.17,95.54,234.92,-1,-1,-1,-1
40,4,1338.75,464.26,82.06,199.99,-1,-1,-1,-1
40,5,1317.25,541.11,44.03,122.92,-1,-1,-1,-1
40,6,1789.72,308.00,129.37,471.69,-1,-1,-1,-1
40,8,117.10,502.38,73.30,242.61,-1,-1,-1,-1
41,1,1620.56,372.77,156.07,404.79,-1,-1,-1,-1
41,2,113.45,255.50,387.88,641.27,-1,-1,-1,-1
41,3,342.74,469.87,94.93,237.24,-1,-1,-1,-1
41,4,1339.55,464.72,81.35,199.43,-1,-1,-1,-1
41,5,1317.71,540.99,44.42,122.93,-1,-1,-1,-1
41,6,1787.85,307.82,131.15,472.02,-1,-1,-1,-1
41,8,118.36,481.27,75.17,262.97,-1,-1,-1,-1
42,1,1618.35,372.51,158.79,407.11,-1,-1,-1,-1
42,2,144.19,254.97,367.63,635.25,-1,-1,-1,-1
42,3,341.94,467.58,94.32,239.56,-1,-1,-1,-1
42,4,1340.29,465.24,80.83,198.87,-1,-1,-1,-1
42,5,1318.10,540.71,44.55,123.22,-1,-1,-1,-1
42,6,1785.66,307.90,133.31,472.08,-1,-1,-1,-1
42,8,119.42,497.11,72.65,247.69,-1,-1,-1,-1
43,1,1615.09,370.77,162.64,410.11,-1,-1,-1,-1
43,2,179.47,253.01,343.58,631.37,-1,-1,-1,-1
43,3,341.15,465.29,93.72,241.89,-1,-1,-1,-1
43,4,1340.83,464.59,80.73,199.49,-1,-1,-1,-1
43,5,1318.61,540.66,44.60,123.24,-1,-1,-1,-1
43,6,1783.49,308.66,135.48,476.29,-1,-1,-1,-1
43,8,119.21,482.66,78.67,262.02,-1,-1,-1,-1
44,1,1612.44,368.82,164.28,412.30,-1,-1,-1,-1
44,2,220.97,248.86,308.76,632.50,-1,-1,-1,-1
44,3,340.36,462.99,93.11,244.21,-1,-1,-1,-1
44,4,1341.32,464.17,80.44,199.86,-1,-1,-1,-1
44,5,1318.96,540.61,44.58,123.25,-1,-1,-1,-1
44,6,1781.97,309.25,137.04,479.64,-1,-1,-1,-1
44,8,117.84,477.90,75.55,266.63,-1,-1,-1,-1
45,1,1609.76,365.83,166.30,415.24,-1,-1,-1,-1
45,2,274.61,249.99,266.92,624.00,-1,-1,-1,-1
45,3,339.56,460.70,92.50,246.53,-1,-1,-1,-1
45,4,1341.71,464.18,79.56,199.79,-1,-1,-1,-1
45,5,1319.00,540.48,45.40,124.14,-1,-1,-1,-1
45,6,1781.39,308.54,137.69,484.36,-1,-1,-1,-1
45,8,119.23,488.93,73.77,255.43,-1,-1,-1,-1
46,1,1606.38,362.99,172.18,417.85,-1,-1,-1,-1
46,2,305.99,250.42,233.29,619.10,-1,-1,-1,-1
46,3,338.77,458.41,91.90,248.86,-1,-1,-1,-1
46,4,1342.35,464.61,78.95,199.26,-1,-1,-1,-1
46,5,1318.88,540.30,46.11,124.69,-1,-1,-1,-1
46,6,1781.40,306.79,137.77,489.51,-1,-1,-1,-1
46,8,120.12,509.49,73.28,234.70,-1,-1,-1,-1
46,12,244.12,457.85,55.98,111.10,-1,-1,-1,-1
47,1,1600.38,361.89,177.09,418.35,-1,-1,-1,-1
47,2,330.17,253.09,224.33,616.72,-1,-1,-1,-1
47,3,337.97,456.12,91.29,251.18,-1,-1,-1,-1
47,4,1342.88,465.21,78.57,198.54,-1,-1,-1,-1
47,5,1319.01,540.27,46.38,124.94,-1,-1,-1,-1
47,6,1781.47,303.67,137.78,493.70,-1,-1,-1,-1
47,8,120.89,519.01,69.96,225.35,-1,-1,-1,-1
47,12,236.32,458.38,76.49,209.76,-1,-1,-1,-1
48,1,1590.49,359.59,184.60,419.70,-1,-1,-1,-1
48,2,353.47,256.55,211.60,610.36,-1,-1,-1,-1
48,3,337.18,453.82,90.69,253.50,-1,-1,-1,-1
48,4,1343.18,464.90,78.19,198.70,-1,-1,-1,-1
48,5,1318.83,540.22,46.69,125.04,-1,-1,-1,-1
48,6,1782.12,299.17,137.24,499.00,-1,-1,-1,-1
48,8,120.81,521.78,72.47,222.66,-1,-1,-1,-1
48,12,236.97,458.78,75.94,245.49,-1,-1,-1,-1
49,1,1584.52,357.51,189.89,422.62,-1,-1,-1,-1
49,2,375.37,261.04,214.71,603.53,-1,-1,-1,-1
49,3,336.38,451.53,90.08,255.82,-1,-1,-1,-1
49,4,1343.32,464.77,78.23,198.75,-1,-1,-1,-1
49,5,1318.74,540.08,46.67,125.26,-1,-1,-1,-1
49,6,1782.50,295.95,136.92,502.54,-1,-1,-1,-1
49,8,120.79,522.32,73.05,222.26,-1,-1,-1,-1
49,12,237.86,459.35,73.34,257.68,-1,-1,-1,-1
50,1,1577.31,356.80,195.60,425.57,-1,-1,-1,-1
50,2,387.85,260.86,250.77,599.61,-1,-1,-1,-1
50,3,335.59,449.24,89.47,258.15,-1,-1,-1,-1
50,4,1343.43,465.09,78.77,198.50,-1,-1,-1,-1
50,5,1318.61,539.93,46.96,125.42,-1,-1,-1,-1
50,6,1782.39,292.64,137.08,505.64,-1,-1,-1,-1
50,8,121.43,521.95,77.65,222.75,-1,-1,-1,-1
50,12,234.31,456.92,79.18,185.44,-1,-1,-1,-1
51,1,1572.14,356.90,197.90,427.23,-1,-1,-1,-1
51,2,392.43,263.46,281.85,597.46,-1,-1,-1,-1
51,3,341.71,445.50,93.18,261.69,-1,-1,-1,-1
51,4,1343.41,465.65,78.77,198.02,-1,-1,-1,-1
51,5,1318.66,539.89,46.63,125.28,-1,-1,-1,-1
51,6,1781.61,290.53,137.88,507.46,-1,-1,-1,-1
51,8,121.36,524.95,79.65,219.67,-1,-1,-1,-1
51,12,239.27,456.23,67.92,142.43,-1,-1,-1,-1
51,13,13.29,511.72,100.33,236.78,-1,-1,-1,-1
52,1,1567.81,356.91,198.73,428.34,-1,-1,-1,-1
52,2,393.82,266.52,307.19,591.64,-1,-1,-1,-1
52,3,354.13,445.30,90.40,261.37,-1,-1,-1,-1
52,4,1343.43,466.40,78.21,197.38,-1,-1,-1,-1
52,5,1318.76,539.75,46.71,125.48,-1,-1,-1,-1
52,6,1781.24,289.23,138.26,508.22,-1,-1,-1,-1
52,8,121.05,528.46,78.58,215.98,-1,-1,-1,-1
52,12,241.59,456.37,62.13,125.78,-1,-1,-1,-1
52,13,6.87,503.55,105.08,247.19,-1,-1,-1,-1
53,1,1563.73,356.09,200.63,430.62,-1,-1,-1,-1
53,2,395.30,269.90,324.81,586.05,-1,-1,-1,-1
53,3,360.98,442.19,95.76,263.44,-1,-1,-1,-1
53,4,1343.49,466.87,78.51,197.18,-1,-1,-1,-1
53,5,1318.79,539.68,46.28,125.58,-1,-1,-1,-1
53,6,1780.20,287.74,139.25,508.94,-1,-1,-1,-1
53,8,121.74,520.15,77.34,224.51,-1,-1,-1,-1
53,12,242.28,455.72,59.82,121.63,-1,-1,-1,-1
53,13,10.83,499.47,101.81,250.32,-1,-1,-1,-1
53,15,243.25,459.34,58.53,235.71,-1,-1,-1,-1
54,1,1561.77,356.27,199.85,432.47,-1,-1,-1,-1
54,2,396.22,271.40,334.88,582.99,-1,-1,-1,-1
54,3,363.80,442.64,105.61,262.86,-1,-1,-1,-1
54,4,1343.50,466.54,78.99,197.53,-1,-1,-1,-1
54,5,1318.85,539.53,46.59,125.77,-1,-1,-1,-1
54,6,1778.43,286.55,141.01,510.74,-1,-1,-1,-1
54,8,121.99,510.79,78.41,233.76,-1,-1,-1,-1
54,12,242.90,455.49,58.22,120.15,-1,-1,-1,-1
54,13,16.94,514.29,94.80,234.54,-1,-1,-1,-1
54,15,243.83,458.97,57.55,236.68,-1,-1,-1,-1
55,1,1560.42,360.70,194.48,431.05,-1,-1,-1,-1
55,2,402.15,273.93,335.25,579.33,-1,-1,-1,-1
55,3,363.95,444.11,112.87,261.58,-1,-1,-1,-1
55,4,1343.34,465.85,78.95,198.31,-1,-1,-1,-1
55,5,1318.71,539.53,46.18,125.85,-1,-1,-1,-1
55,6,1775.27,285.78,144.10,511.87,-1,-1,-1,-1
55,7,908.34,521.74,37.88,104.79,-1,-1,-1,-1
55,8,122.84,509.46,75.33,234.93,-1,-1,-1,-1
55,12,243.03,456.95,57.60,117.83,-1,-1,-1,-1
55,13,17.96,512.03,93.91,236.58,-1,-1,-1,-1
55,15,243.81,459.27,57.05,236.48,-1,-1,-1,-1
56,1,1557.85,360.34,192.07,434.09,-1,-1,-1,-1
56,2,416.02,273.77,323.22,578.01,-1,-1,-1,-1
56,3,364.61,444.72,114.60,260.53,-1,-1,-1,-1
56,4,1343.32,465.42,78.33,198.61,-1,-1,-1,-1
56,5,1318.70,539.52,45.79,125.79,-1,-1,-1,-1
56,6,1772.88,285.43,146.45,513.68,-1,-1,-1,-1
56,7,908.72,521.47,38.22,104.29,-1,-1,-1,-1
56,8,122.86,516.61,74.81,227.73,-1,-1,-1,-1
56,12,243.07,458.67,57.21,115.57,-1,-1,-1,-1
56,13,12.00,505.60,99.73,243.16,-1,-1,-1,-1
56,15,243.46,458.95,57.07,237.17,-1,-1,-1,-1
57,1,1554.11,360.65,190.68,437.13,-1,-1,-1,-1
57,2,438.04,272.61,301.48,577.34,-1,-1,-1,-1
57,3,364.76,445.32,115.88,260.03,-1,-1,-1,-1
57,4,1343.21,465.14,78.31,198.66,-1,-1,-1,-1
57,5,1318.70,539.63,45.31,125.49,-1,-1,-1,-1
57,6,1770.84,285.51,148.47,515.33,-1,-1,-1,-1
57,7,908.59,521.49,38.45,103.78,-1,-1,-1,-1
57,8,122.52,516.63,74.98,227.50,-1,-1,-1,-1
57,12,242.33,458.97,57.69,116.37,-1,-1,-1,-1
57,13,16.08,502.72,96.06,245.54,-1,-1,-1,-1
57,15,242.96,458.92,57.52,237.86,-1,-1,-1,-1
58,1,1547.65,360.65,193.86,439.13,-1,-1,-1,-1
58,2,474.77,266.96,265.42,578.56,-1,-1,-1,-1
58,3,365.44,445.17,116.19,259.73,-1,-1,-1,-1
58,4,1343.29,465.65,77.85,197.75,-1,-1,-1,-1
58,5,1318.71,539.52,44.85,125.48,-1,-1,-1,-1
58,6,1765.92,286.19,153.29,517.04,-1,-1,-1,-1
58,7,908.09,520.57,38.90,106.02,-1,-1,-1,-1
58,8,123.45,529.83,75.58,214.16,-1,-1,-1,-1
58,12,242.41,459.21,56.39,115.85,-1,-1,-1,-1
58,13,18.79,524.20,92.97,224.28,-1,-1,-1,-1
58,15,242.75,459.13,57.17,237.78,-1,-1,-1,-1
59,1,1541.12,359.32,194.83,441.17,-1,-1,-1,-1
59,2,509.87,260.42,235.70,584.24,-1,-1,-1,-1
59,3,365.90,446.01,116.37,258.73,-1,-1,-1,-1
59,4,1343.15,465.66,78.47,198.13,-1,-1,-1,-1
59,5,1318.68,539.70,44.05,124.49,-1,-1,-1,-1
59,6,1761.41,286.97,157.71,517.42,-1,-1,-1,-1
59,7,908.38,520.09,38.69,106.58,-1,-1,-1,-1
59,8,122.41,534.59,78.17,209.39,-1,-1,-1,-1
59,12,242.30,459.15,54.50,114.14,-1,-1,-1,-1
59,13,18.42,508.99,94.50,239.59,-1,-1,-1,-1
59,15,242.23,459.79,55.95,237.29,-1,-1,-1,-1
60,1,1532.87,356.60,199.32,444.85,-1,-1,-1,-1
60,2,558.22,259.35,217.56,584.79,-1,-1,-1,-1
60,3,364.97,443.24,116.86,262.09,-1,-1,-1,-1
60,4,1342.97,466.58,78.01,197.75,-1,-1,-1,-1
60,5,1318.66,539.75,44.37,125.04,-1,-1,-1,-1
60,6,1758.10,287.15,160.89,519.58,-1,-1,-1,-1
60,7,907.30,520.08,39.63,106.68,-1,-1,-1,-1
60,8,122.66,537.08,75.26,206.41,-1,-1,-1,-1
60,12,242.23,465.13,52.75,106.76,-1,-1,-1,-1
60,13,19.01,504.43,93.62,244.39,-1,-1,-1,-1
60,15,242.20,466.45,53.80,231.05,-1,-1,-1,-1
61,1,1526.21,354.10,201.39,447.01,-1,-1,-1,-1
61,2,592.34,261.39,212.50,582.34,-1,-1,-1,-1
61,3,365.83,444.39,116.91,260.70,-1,-1,-1,-1
61,4,1343.02,466.32,78.12,197.68,-1,-1,-1,-1
61,5,1318.61,539.78,44.56,125.11,-1,-1,-1,-1
61,6,1756.30,287.04,162.75,521.97,-1,-1,-1,-1
61,7,906.83,519.69,40.12,107.37,-1,-1,-1,-1
61,8,122.53,538.69,76.04,204.71,-1,-1,-1,-1
61,12,242.83,474.23,50.48,96.14,-1,-1,-1,-1
61,13,19.33,501.81,93.42,246.81,-1,-1,-1,-1
61,15,242.77,474.24,51.95,222.99,-1,-1,-1,-1
62,1,1520.63,352.49,204.44,448.37,-1,-1,-1,-1
62,2,606.91,260.76,222.13,582.96,-1,-1,-1,-1
62,3,369.76,444.96,113.76,259.97,-1,-1,-1,-1
62,4,1343.01,465.98,78.78,197.87,-1,-1,-1,-1
62,5,1318.49,539.79,44.71,125.27,-1,-1,-1,-1
62,6,1752.02,286.19,166.94,523.78,-1,-1,-1,-1
62,7,904.03,519.20,42.72,108.55,-1,-1,-1,-1
62,8,121.99,539.04,76.78,204.88,-1,-1,-1,-1
62,12,242.90,474.99,49.84,95.37,-1,-1,-1,-1
62,13,14.83,501.61,97.07,247.62,-1,-1,-1,-1
62,15,242.87,475.37,51.57,221.95,-1,-1,-1,-1
63,1,1514.55,350.26,207.93,450.22,-1,-1,-1,-1
63,2,621.91,267.00,235.71,577.18,-1,-1,-1,-1
63,3,379.44,442.65,107.02,262.71,-1,-1,-1,-1
63,4,1342.94,466.21,78.53,197.67,-1,-1,-1,-1
63,5,1318.52,539.95,44.26,124.26,-1,-1,-1,-1
63,6,1745.44,284.19,173.40,528.34,-1,-1,-1,-1
63,7,900.93,519.28,45.90,108.57,-1,-1,-1,-1
63,8,121.94,537.65,76.24,206.30,-1,-1,-1,-1
63,12,242.41,475.45,49.22,100.98,-1,-1,-1,-1
63,13,14.57,502.32,96.80,247.01,-1,-1,-1,-1
63,15,242.78,476.82,50.30,220.50,-1,-1,-1,-1
64,1,1510.29,348.35,209.61,452.09,-1,-1,-1,-1
64,2,632.16,272.60,243.00,571.62,-1,-1,-1,-1
64,3,389.71,440.66,100.34,264.08,-1,-1,-1,-1
64,4,1343.00,466.48,78.80,197.51,-1,-1,-1,-1
64,5,1318.48,540.15,44.01,123.79,-1,-1,-1,-1
64,6,1740.84,281.37,178.01,534.44,-1,-1,-1,-1
64,7,904.93,519.82,42.92,108.74,-1,-1,-1,-1
64,8,121.51,536.81,77.93,207.18,-1,-1,-1,-1
64,12,242.69,477.74,48.70,98.87,-1,-1,-1,-1
64,13,17.78,502.46,94.54,246.21,-1,-1,-1,-1
64,15,241.80,476.32,51.69,223.17,-1,-1,-1,-1
65,1,1507.79,346.82,208.90,454.02,-1,-1,-1,-1
65,2,636.58,277.38,256.55,565.56,-1,-1,-1,-1
65,3,399.48,439.27,96.57,266.52,-1,-1,-1,-1
65,4,1343.02,466.87,79.00,197.12,-1,-1,-1,-1
65,5,1318.48,540.09,44.28,124.33,-1,-1,-1,-1
65,6,1734.44,278.59,184.35,540.11,-1,-1,-1,-1
65,7,906.50,519.20,42.10,109.95,-1,-1,-1,-1
65,8,121.83,538.29,76.21,205.47,-1,-1,-1,-1
65,12,242.97,480.03,48.18,96.77,-1,-1,-1,-1
65,13,12.44,503.22,98.89,246.27,-1,-1,-1,-1
65,15,241.47,475.49,56.09,227.36,-1,-1,-1,-1
66,1,1508.86,346.53,201.17,456.55,-1,-1,-1,-1
66,2,640.25,281.80,265.77,559.39,-1,-1,-1,-1
66,3,406.15,439.12,93.93,266.92,-1,-1,-1,-1
66,4,1343.02,466.74,78.66,197.23,-1,-1,-1,-1
66,5,1318.11,540.16,44.10,123.75,-1,-1,-1,-1
66,6,1729.09,276.61,189.67,543.50,-1,-1,-1,-1
66,7,906.68,519.23,42.59,110.08,-1,-1,-1,-1
66,8,122.49,539.45,74.92,204.59,-1,-1,-1,-1
66,12,243.25,482.32,47.65,94.66,-1,-1,-1,-1
66,13,16.29,519.90,95.10,229.01,-1,-1,-1,-1
66,15,242.17,475.09,63.54,228.81,-1,-1,-1,-1
67,1,1512.98,345.88,193.44,460.72,-1,-1,-1,-1
67,2,643.67,284.43,271.83,555.51,-1,-1,-1,-1
67,3,411.96,439.06,92.51,267.33,-1,-1,-1,-1
67,4,1342.96,466.75,78.26,197.16,-1,-1,-1,-1
67,5,1318.03,540.07,44.14,123.81,-1,-1,-1,-1
67,6,1723.97,275.00,194.78,545.96,-1,-1,-1,-1
67,7,907.22,518.70,41.23,110.85,-1,-1,-1,-1
67,8,122.20,537.83,76.54,206.28,-1,-1,-1,-1
67,12,243.53,484.61,47.13,92.55,-1,-1,-1,-1
67,13,17.34,510.20,94.48,238.83,-1,-1,-1,-1
67,15,243.14,476.21,72.19,227.60,-1,-1,-1,-1
68,1,1515.64,345.57,189.20,465.59,-1,-1,-1,-1
68,2,651.39,289.76,276.90,548.66,-1,-1,-1,-1
68,3,415.96,439.67,95.80,266.57,-1,-1,-1,-1
68,4,1342.95,466.69,78.04,197.17,-1,-1,-1,-1
68,5,1317.95,540.22,44.19,123.50,-1,-1,-1,-1
68,6,1718.85,272.91,199.54,548.88,-1,-1,-1,-1
68,7,907.49,517.21,40.55,112.28,-1,-1,-1,-1
68,8,122.42,537.41,77.83,206.77,-1,-1,-1,-1
68,12,243.81,486.91,46.60,90.44,-1,-1,-1,-1
68,13,18.05,508.26,94.18,240.98,-1,-1,-1,-1
68,15,244.15,477.68,79.74,226.21,-1,-1,-1,-1
69,1,1515.54,345.88,187.43,468.02,-1,-1,-1,-1
69,2,661.33,290.88,270.88,546.85,-1,-1,-1,-1
69,3,417.85,439.66,98.47,267.30,-1,-1,-1,-1
69,4,1342.89,466.91,77.78,196.81,-1,-1,-1,-1
69,5,1317.92,540.38,44.07,123.31,-1,-1,-1,-1
69,6,1714.73,270.85,202.71,550.36,-1,-1,-1,-1
69,7,907.63,517.11,41.62,112.31,-1,-1,-1,-1
69,8,122.85,536.77,79.37,207.62,-1,-1,-1,-1
69,12,244.09,489.20,46.08,88.34,-1,-1,-1,-1
69,13,18.14,517.76,93.98,231.35,-1,-1,-1,-1
69,15,244.78,478.13,84.27,226.38,-1,-1,-1,-1
70,1,1514.51,347.11,186.24,469.87,-1,-1,-1,-1
70,2,684.91,289.92,254.65,545.54,-1,-1,-1,-1
70,3,418.84,439.44,101.90,265.91,-1,-1,-1,-1
70,4,1342.81,466.94,78.13,196.89,-1,-1,-1,-1
70,5,1317.79,540.58,43.98,123.06,-1,-1,-1,-1
70,6,1708.93,269.57,205.55,551.01,-1,-1,-1,-1
70,7,907.92,521.62,40.19,108.19,-1,-1,-1,-1
70,8,123.19,536.06,79.18,208.43,-1,-1,-1,-1
70,12,244.38,491.49,45.55,86.23,-1,-1,-1,-1
70,13,18.22,519.86,93.66,229.02,-1,-1,-1,-1
70,15,245.41,478.19,87.86,227.28,-1,-1,-1,-1
71,1,1513.58,348.52,185.03,470.29,-1,-1,-1,-1
71,2,711.30,288.31,234.00,537.09,-1,-1,-1,-1
71,3,418.66,439.85,105.31,264.83,-1,-1,-1,-1
71,4,1342.74,466.73,78.29,197.10,-1,-1,-1,-1
71,5,1317.68,540.70,43.89,122.89,-1,-1,-1,-1
71,6,1705.13,268.31,206.15,553.97,-1,-1,-1,-1
71,7,908.25,522.97,38.33,107.08,-1,-1,-1,-1
71,8,122.99,537.47,78.87,207.15,-1,-1,-1,-1
71,12,244.66,493.78,45.03,84.12,-1,-1,-1,-1
71,13,18.20,507.90,93.78,241.26,-1,-1,-1,-1
71,15,246.33,476.93,88.82,228.92,-1,-1,-1,-1
72,1,1512.25,349.25,185.61,472.79,-1,-1,-1,-1
72,2,733.86,286.34,215.95,533.16,-1,-1,-1,-1
72,3,418.17,440.97,109.46,262.91,-1,-1,-1,-1
72,4,1342.75,466.69,77.88,197.09,-1,-1,-1,-1
72,5,1317.64,540.66,43.89,122.98,-1,-1,-1,-1
72,6,1701.49,267.45,205.33,558.39,-1,-1,-1,-1
72,8,123.02,539.28,77.02,205.46,-1,-1,-1,-1
72,12,244.94,496.07,44.51,82.02,-1,-1,-1,-1
72,13,18.42,504.15,94.02,245.08,-1,-1,-1,-1
72,15,246.88,475.64,90.37,230.24,-1,-1,-1,-1
73,1,1510.14,347.17,185.25,478.35,-1,-1,-1,-1
73,2,757.98,283.20,192.31,527.85,-1,-1,-1,-1
73,3,416.48,441.51,113.32,262.55,-1,-1,-1,-1
73,4,1342.40,466.98,78.74,196.88,-1,-1,-1,-1
73,5,1317.64,540.73,43.89,123.15,-1,-1,-1,-1
73,6,1698.52,267.28,203.06,563.00,-1,-1,-1,-1
73,8,123.33,539.01,77.09,205.34,-1,-1,-1,-1
73,12,245.22,498.36,43.98,79.91,-1,-1,-1,-1
73,13,17.05,502.37,95.37,247.48,-1,-1,-1,-1
73,15,247.95,473.94,91.25,232.02,-1,-1,-1,-1
74,1,1507.61,345.07,187.38,482.13,-1,-1,-1,-1
74,2,771.14,281.37,177.76,529.20,-1,-1,-1,-1
74,3,414.84,442.00,117.02,262.14,-1,-1,-1,-1
74,4,1342.59,466.57,78.33,197.39,-1,-1,-1,-1
74,5,1317.73,540.61,43.71,123.14,-1,-1,-1,-1
74,6,1696.67,266.98,201.05,565.31,-1,-1,-1,-1
74,8,123.39,540.25,76.79,204.08,-1,-1,-1,-1
74,12,245.50,500.65,43.46,77.80,-1,-1,-1,-1
74,13,18.25,501.07,94.37,248.41,-1,-1,-1,-1
74,15,249.82,472.85,91.23,232.94,-1,-1,-1,-1
75,1,1505.67,341.05,188.52,485.54,-1,-1,-1,-1
75,2,786.22,282.69,170.49,523.85,-1,-1,-1,-1
75,3,412.48,441.47,120.82,264.12,-1,-1,-1,-1
75,4,1342.25,466.91,79.10,197.05,-1,-1,-1,-1
75,5,1317.56,540.55,43.64,123.18,-1,-1,-1,-1
75,6,1694.76,267.42,199.70,568.94,-1,-1,-1,-1
75,8,122.91,540.96,76.58,203.50,-1,-1,-1,-1
75,12,245.78,502.94,42.93,75.69,-1,-1,-1,-1
75,13,19.49,502.41,93.11,247.24,-1,-1,-1,-1
75,15,251.18,471.48,93.27,234.25,-1,-1,-1,-1
76,1,1501.61,338.11,191.47,489.59,-1,-1,-1,-1
76,2,801.55,283.22,181.25,522.08,-1,-1,-1,-1
76,3,411.33,439.47,122.99,265.89,-1,-1,-1,-1
76,4,1342.14,467.11,80.17,196.90,-1,-1,-1,-1
76,5,1317.58,540.64,43.53,123.00,-1,-1,-1,-1
76,6,1693.16,267.73,199.02,568.14,-1,-1,-1,-1
76,8,123.00,541.92,75.89,202.63,-1,-1,-1,-1
76,12,246.06,505.23,42.41,73.59,-1,-1,-1,-1
76,13,12.58,501.93,99.94,247.80,-1,-1,-1,-1
76,15,250.11,470.34,95.23,235.50,-1,-1,-1,-1
77,1,1494.80,335.03,195.80,492.97,-1,-1,-1,-1
77,2,813.12,286.45,200.63,518.04,-1,-1,-1,-1
77,3,411.76,437.85,123.28,267.92,-1,-1,-1,-1
77,4,1342.06,468.29,79.47,195.66,-1,-1,-1,-1
77,5,1317.63,540.66,43.73,123.18,-1,-1,-1,-1
77,6,1691.82,268.14,199.06,569.23,-1,-1,-1,-1
77,8,122.76,539.80,77.41,204.70,-1,-1,-1,-1
77,12,246.34,507.52,41.88,71.48,-1,-1,-1,-1
77,13,12.16,502.85,100.50,246.63,-1,-1,-1,-1
77,15,255.37,469.30,97.34,236.50,-1,-1,-1,-1
78,1,1487.06,332.25,201.18,495.95,-1,-1,-1,-1
78,2,823.47,292.67,226.73,512.03,-1,-1,-1,-1
78,3,413.77,435.81,120.38,269.20,-1,-1,-1,-1
78,4,1341.98,468.01,79.06,195.96,-1,-1,-1,-1
78,5,1317.57,540.69,43.66,123.26,-1,-1,-1,-1
78,6,1689.23,268.63,200.42,572.06,-1,-1,-1,-1
78,8,122.18,537.84,76.28,206.72,-1,-1,-1,-1
78,12,246.62,509.81,41.36,69.37,-1,-1,-1,-1
78,13,16.73,525.11,95.25,223.90,-1,-1,-1,-1
78,15,262.61,469.08,93.48,237.18,-1,-1,-1,-1
79,1,1477.87,330.81,207.87,495.99,-1,-1,-1,-1
79,2,827.79,297.71,244.76,506.38,-1,-1,-1,-1
79,3,417.79,434.42,115.56,271.76,-1,-1,-1,-1
79,4,1341.95,467.55,79.34,196.44,-1,-1,-1,-1
79,5,1317.63,540.83,43.61,123.13,-1,-1,-1,-1
79,6,1686.31,268.99,202.13,575.53,-1,-1,-1,-1
79,8,121.92,536.34,76.06,208.00,-1,-1,-1,-1
79,12,246.91,512.10,40.84,67.26,-1,-1,-1,-1
79,13,38.01,530.22,74.73,218.63,-1,-1,-1,-1
79,15,268.39,469.27,95.64,236.80,-1,-1,-1,-1
80,1,1462.01,328.50,222.72,498.25,-1,-1,-1,-1
80,2,831.27,302.00,250.90,499.72,-1,-1,-1,-1
80,3,424.22,432.92,108.35,273.55,-1,-1,-1,-1
80,4,1341.70,467.51,79.43,197.27,-1,-1,-1,-1
80,5,1317.60,540.76,43.50,123.28,-1,-1,-1,-1
80,6,1682.48,267.38,204.73,583.36,-1,-1,-1,-1
80,8,122.38,537.76,74.59,206.54,-1,-1,-1,-1
80,12,247.19,514.40,40.31,65.16,-1,-1,-1,-1
80,13,47.50,511.06,66.80,237.96,-1,-1,-1,-1
80,15,278.57,470.65,97.07,234.65,-1,-1,-1,-1
81,1,1451.16,327.31,233.17,499.94,-1,-1,-1,-1
81,2,833.71,303.70,253.20,496.63,-1,-1,-1,-1
81,3,430.27,432.04,103.13,274.46,-1,-1,-1,-1
81,4,1341.52,467.14,79.38,197.69,-1,-1,-1,-1
81,5,1317.60,540.78,43.48,123.47,-1,-1,-1,-1
81,6,1680.69,266.32,206.32,589.40,-1,-1,-1,-1
81,8,122.64,535.61,76.18,208.74,-1,-1,-1,-1
81,12,247.47,516.69,39.79,63.05,-1,-1,-1,-1
81,13,51.12,504.16,63.13,244.38,-1,-1,-1,-1
81,15,282.82,471.25,101.08,233.68,-1,-1,-1,-1
82,1,1440.14,326.88,242.72,502.38,-1,-1,-1,-1
82,2,839.28,304.65,249.57,495.50,-1,-1,-1,-1
82,3,435.14,431.33,99.74,275.90,-1,-1,-1,-1
82,4,1341.41,466.60,79.43,198.30,-1,-1,-1,-1
82,5,1317.55,540.80,43.51,123.43,-1,-1,-1,-1
82,6,1680.13,263.55,207.02,595.71,-1,-1,-1,-1
82,8,122.86,527.32,76.99,217.26,-1,-1,-1,-1
82,12,248.07,517.49,40.65,61.71,-1,-1,-1,-1
82,13,53.18,504.00,60.47,244.53,-1,-1,-1,-1
82,15,284.47,471.55,104.84,233.62,-1,-1,-1,-1
83,1,1431.34,326.45,248.83,504.25,-1,-1,-1,-1
83,2,855.35,305.98,235.46,490.39,-1,-1,-1,-1
83,3,440.60,430.95,94.33,276.03,-1,-1,-1,-1
83,4,1340.85,466.37,79.06,198.44,-1,-1,-1,-1
83,5,1317.44,540.94,43.88,123.24,-1,-1,-1,-1
83,6,1678.58,259.35,209.08,602.04,-1,-1,-1,-1
83,8,122.32,522.40,77.87,221.98,-1,-1,-1,-1
83,12,248.07,517.96,42.20,61.50,-1,-1,-1,-1
83,13,46.65,526.26,66.13,221.22,-1,-1,-1,-1
83,15,282.75,471.73,108.49,233.61,-1,-1,-1,-1
84,1,1426.31,326.93,252.07,506.83,-1,-1,-1,-1
84,2,873.89,305.97,218.18,484.07,-1,-1,-1,-1
84,3,444.75,431.60,88.97,273.79,-1,-1,-1,-1
84,4,1340.59,466.13,79.25,198.61,-1,-1,-1,-1
84,5,1317.35,541.14,44.02,122.88,-1,-1,-1,-1
84,6,1678.28,256.06,210.32,607.19,-1,-1,-1,-1
84,8,122.11,518.68,78.35,225.67,-1,-1,-1,-1
84,12,248.15,518.21,42.56,61.48,-1,-1,-1,-1
84,13,47.58,534.20,64.84,213.84,-1,-1,-1,-1
84,15,285.79,471.40,106.99,234.24,-1,-1,-1,-1
84,16,1901.76,535.68,18.08,60.64,-1,-1,-1,-1
85,1,1422.70,327.84,248.71,510.67,-1,-1,-1,-1
85,2,904.61,303.03,188.35,480.28,-1,-1,-1,-1
85,3,448.03,430.76,89.98,275.14,-1,-1,-1,-1
85,4,1340.42,466.51,79.72,198.19,-1,-1,-1,-1
85,5,1317.26,541.05,44.69,122.89,-1,-1,-1,-1
85,6,1675.54,251.38,214.35,612.58,-1,-1,-1,-1
85,8,121.61,516.04,78.02,227.80,-1,-1,-1,-1
85,12,248.98,518.03,49.57,62.36,-1,-1,-1,-1
85,13,27.35,537.15,83.68,211.24,-1,-1,-1,-1
85,15,292.15,470.30,101.76,235.62,-1,-1,-1,-1
85,16,1902.52,536.28,17.32,61.16,-1,-1,-1,-1
86,1,1419.03,328.71,246.65,512.23,-1,-1,-1,-1
86,2,931.29,300.03,173.76,480.85,-1,-1,-1,-1
86,3,450.13,430.06,93.09,276.84,-1,-1,-1,-1
86,4,1340.99,465.98,80.26,198.36,-1,-1,-1,-1
86,5,1317.23,541.13,45.01,122.89,-1,-1,-1,-1
86,6,1673.11,247.49,216.81,616.43,-1,-1,-1,-1
86,8,122.51,520.19,77.43,223.55,-1,-1,-1,-1
86,12,249.00,518.13,48.98,62.27,-1,-1,-1,-1
86,13,20.35,534.68,90.00,214.08,-1,-1,-1,-1
86,15,298.06,468.76,96.16,237.46,-1,-1,-1,-1
86,16,1904.28,535.56,15.72,62.37,-1,-1,-1,-1
87,1,1413.85,330.22,246.87,511.89,-1,-1,-1,-1
87,2,946.21,298.56,175.86,482.02,-1,-1,-1,-1
87,3,452.09,430.02,98.99,276.98,-1,-1,-1,-1
87,4,1340.49,466.12,80.94,198.56,-1,-1,-1,-1
87,5,1317.27,541.21,44.65,122.88,-1,-1,-1,-1
87,6,1671.37,244.21,217.62,617.69,-1,-1,-1,-1
87,8,122.28,529.20,75.58,214.99,-1,-1,-1,-1
87,12,249.03,518.23,47.17,62.05,-1,-1,-1,-1
87,13,33.29,536.86,77.65,211.68,-1,-1,-1,-1
87,15,303.08,467.08,92.14,239.35,-1,-1,-1,-1
88,1,1407.38,331.52,245.49,517.20,-1,-1,-1,-1
88,2,959.17,299.09,185.01,482.13,-1,-1,-1,-1
88,3,454.02,430.51,107.37,276.25,-1,-1,-1,-1
88,4,1340.16,466.25,80.76,198.45,-1,-1,-1,-1
88,5,1317.13,541.18,45.21,122.83,-1,-1,-1,-1
88,6,1670.33,241.44,217.93,617.70,-1,-1,-1,-1
88,8,122.02,515.99,79.51,227.92,-1,-1,-1,-1
88,12,249.17,518.62,46.66,61.60,-1,-1,-1,-1
88,13,29.28,483.64,83.36,265.82,-1,-1,-1,-1
88,15,306.51,466.84,94.12,239.54,-1,-1,-1,-1
89,1,1401.99,331.37,243.43,521.51,-1,-1,-1,-1
89,2,965.05,301.80,195.24,478.66,-1,-1,-1,-1
89,3,457.22,431.29,111.36,275.90,-1,-1,-1,-1
89,4,1339.71,466.25,80.72,198.44,-1,-1,-1,-1
89,5,1316.82,541.12,45.12,123.02,-1,-1,-1,-1
89,6,1669.28,240.10,217.90,617.86,-1,-1,-1,-1
89,8,120.92,511.89,81.08,232.10,-1,-1,-1,-1
89,12,248.79,518.14,45.99,62.29,-1,-1,-1,-1
89,13,26.68,465.36,83.67,282.95,-1,-1,-1,-1
89,15,308.40,465.02,96.10,241.36,-1,-1,-1,-1
90,1,1393.26,329.41,243.82,525.47,-1,-1,-1,-1
90,2,970.48,307.44,205.32,473.51,-1,-1,-1,-1
90,3,460.70,431.36,111.94,275.75,-1,-1,-1,-1
90,4,1339.67,465.28,80.65,198.24,-1,-1,-1,-1
90,5,1316.82,541.27,44.52,122.85,-1,-1,-1,-1
90,6,1667.23,238.64,217.58,622.91,-1,-1,-1,-1
90,8,120.68,509.85,82.96,233.96,-1,-1,-1,-1
90,12,248.79,518.11,45.23,62.09,-1,-1,-1,-1
90,13,25.72,458.04,83.08,289.74,-1,-1,-1,-1
90,15,311.08,462.92,97.83,243.75,-1,-1,-1,-1
91,1,1385.14,326.18,246.26,529.69,-1,-1,-1,-1
91,2,969.65,313.53,217.62,466.11,-1,-1,-1,-1
91,3,463.55,431.43,108.39,275.88,-1,-1,-1,-1
91,4,1339.95,465.60,71.92,194.22,-1,-1,-1,-1
91,5,1316.70,540.69,44.38,123.43,-1,-1,-1,-1
91,6,1665.26,238.11,217.36,625.73,-1,-1,-1,-1
91,8,119.82,509.64,84.54,234.48,-1,-1,-1,-1
91,12,248.73,518.10,45.60,62.04,-1,-1,-1,-1
91,13,20.75,455.62,88.17,291.63,-1,-1,-1,-1
91,15,314.92,462.75,94.66,243.87,-1,-1,-1,-1
92,1,1378.42,323.54,249.37,532.76,-1,-1,-1,-1
92,2,973.42,317.73,222.01,461.12,-1,-1,-1,-1
92,3,465.81,431.55,104.40,276.92,-1,-1,-1,-1
92,4,1340.26,466.53,77.91,195.39,-1,-1,-1,-1
92,5,1316.86,540.47,43.87,123.76,-1,-1,-1,-1
92,6,1662.90,238.49,217.63,628.44,-1,-1,-1,-1
92,8,119.82,508.20,86.34,236.08,-1,-1,-1,-1
92,12,248.71,518.00,45.48,62.07,-1,-1,-1,-1
92,13,12.62,454.68,95.34,292.19,-1,-1,-1,-1
92,15,316.89,462.35,94.18,244.23,-1,-1,-1,-1
93,1,1374.52,320.91,247.50,535.24,-1,-1,-1,-1
93,2,987.10,321.56,218.53,456.65,-1,-1,-1,-1
93,3,467.53,431.74,99.57,277.49,-1,-1,-1,-1
93,4,1340.08,466.92,80.78,196.21,-1,-1,-1,-1
93,5,1316.96,540.99,43.98,123.23,-1,-1,-1,-1
93,6,1655.27,238.93,222.07,631.87,-1,-1,-1,-1
93,8,120.26,518.39,83.26,225.51,-1,-1,-1,-1
93,12,248.50,518.03,45.02,62.19,-1,-1,-1,-1
93,13,6.69,454.30,102.95,292.35,-1,-1,-1,-1
93,15,318.48,462.69,95.62,244.63,-1,-1,-1,-1
94,1,1374.22,320.28,241.25,536.37,-1,-1,-1,-1
94,2,995.13,324.45,223.86,452.78,-1,-1,-1,-1
94,3,469.42,431.70,96.50,277.47,-1,-1,-1,-1
94,4,1339.80,467.62,81.63,196.07,-1,-1,-1,-1
94,5,1316.64,541.11,44.46,123.30,-1,-1,-1,-1
94,6,1641.70,242.95,230.33,630.16,-1,-1,-1,-1
94,8,120.58,515.82,83.62,229.01,-1,-1,-1,-1
94,12,248.53,518.16,44.43,61.93,-1,-1,-1,-1
94,13,2.91,454.54,106.77,292.47,-1,-1,-1,-1
94,15,321.68,462.41,94.84,245.25,-1,-1,-1,-1
95,1,1374.62,319.52,234.27,537.16,-1,-1,-1,-1
95,2,996.63,325.56,224.75,449.91,-1,-1,-1,-1
95,3,472.33,430.45,93.58,279.38,-1,-1,-1,-1
95,4,1339.47,467.06,82.63,197.01,-1,-1,-1,-1
95,5,1316.54,540.59,44.82,124.08,-1,-1,-1,-1
95,6,1636.10,244.79,230.55,630.82,-1,-1,-1,-1
95,8,119.32,524.92,81.67,219.89,-1,-1,-1,-1
95,12,248.23,518.47,44.23,61.37,-1,-1,-1,-1
95,13,0.65,452.62,108.12,288.19,-1,-1,-1,-1
95,15,323.78,462.67,93.74,244.44,-1,-1,-1,-1
96,1,1375.44,318.23,226.56,538.50,-1,-1,-1,-1
96,2,1013.18,325.51,211.58,446.17,-1,-1,-1,-1
96,3,475.12,428.17,90.91,281.98,-1,-1,-1,-1
96,4,1339.26,467.35,83.08,196.43,-1,-1,-1,-1
96,5,1316.25,540.16,45.10,124.41,-1,-1,-1,-1
96,6,1632.38,246.01,225.48,631.44,-1,-1,-1,-1
96,8,119.86,515.95,82.99,228.83,-1,-1,-1,-1
96,12,248.00,518.61,44.05,59.52,-1,-1,-1,-1
96,13,0.00,452.39,108.12,292.38,-1,-1,-1,-1
96,15,326.39,463.88,91.01,243.66,-1,-1,-1,-1
97,1,1377.48,316.89,220.33,542.22,-1,-1,-1,-1
97,2,1029.26,324.56,196.22,440.32,-1,-1,-1,-1
97,3,476.43,426.37,91.47,284.20,-1,-1,-1,-1
97,4,1339.05,467.08,83.16,197.02,-1,-1,-1,-1
97,5,1316.26,540.72,45.03,123.84,-1,-1,-1,-1
97,6,1629.33,244.33,223.21,634.22,-1,-1,-1,-1
97,8,120.43,516.48,81.27,228.47,-1,-1,-1,-1
97,12,247.86,518.45,44.40,58.73,-1,-1,-1,-1
97,15,329.07,467.97,87.49,242.11,-1,-1,-1,-1
98,1,1375.56,317.04,217.36,548.08,-1,-1,-1,-1
98,2,1049.01,322.07,179.73,435.22,-1,-1,-1,-1
98,3,475.86,423.76,95.00,285.89,-1,-1,-1,-1
98,4,1338.88,466.88,82.38,197.02,-1,-1,-1,-1
98,5,1315.88,540.70,45.15,123.83,-1,-1,-1,-1
98,6,1621.54,237.23,224.72,642.55,-1,-1,-1,-1
98,8,120.36,516.91,81.28,227.86,-1,-1,-1,-1
98,12,248.13,517.79,44.82,60.35,-1,-1,-1,-1
98,15,329.68,465.51,84.98,244.85,-1,-1,-1,-1
99,1,1373.89,317.44,217.12,554.22,-1,-1,-1,-1
99,2,1065.09,319.88,164.59,434.99,-1,-1,-1,-1
99,3,472.94,422.27,100.47,287.16,-1,-1,-1,-1
99,4,1338.68,466.77,80.87,197.07,-1,-1,-1,-1
99,5,1315.79,540.79,45.41,123.82,-1,-1,-1,-1
99,6,1616.99,233.48,225.47,648.42,-1,-1,-1,-1
99,8,119.60,522.44,79.57,221.98,-1,-1,-1,-1
99,12,248.04,518.37,44.22,58.75,-1,-1,-1,-1
99,15,330.76,464.34,83.51,247.10,-1,-1,-1,-1
100,1,1371.89,317.10,215.30,559.57,-1,-1,-1,-1
100,2,1076.08,318.96,153.04,434.10,-1,-1,-1,-1
100,3,468.61,420.60,107.54,288.44,-1,-1,-1,-1
100,4,1338.42,465.88,79.23,198.17,-1,-1,-1,-1
100,5,1315.70,540.76,45.71,123.88,-1,-1,-1,-1
100,6,1612.31,230.67,226.63,652.94,-1,-1,-1,-1
100,7,911.18,517.60,33.51,112.48,-1,-1,-1,-1
100,8,119.04,516.99,82.28,227.40,-1,-1,-1,-1
100,12,248.06,517.85,45.12,59.85,-1,-1,-1,-1
100,15,331.29,459.82,83.22,251.85,-1,-1,-1,-1
101,1,1369.00,318.41,216.43,562.48,-1,-1,-1,-1
101,2,1086.81,320.33,147.02,431.53,-1,-1,-1,-1
101,3,466.76,420.12,110.48,289.90,-1,-1,-1,-1
101,4,1338.06,465.42,78.07,198.50,-1,-1,-1,-1
101,5,1315.80,541.13,45.47,123.34,-1,-1,-1,-1
101,6,1604.73,226.82,230.20,660.28,-1,-1,-1,-1
101,7,910.03,517.20,34.75,113.29,-1,-1,-1,-1
101,8,119.78,517.22,82.08,226.69,-1,-1,-1,-1
101,12,247.76,518.04,45.08,56.26,-1,-1,-1,-1
101,15,330.90,455.55,85.42,256.35,-1,-1,-1,-1
102,1,1366.08,319.63,214.56,562.99,-1,-1,-1,-1
102,2,1095.57,321.04,157.20,430.45,-1,-1,-1,-1
102,3,465.67,419.41,115.16,291.34,-1,-1,-1,-1
102,4,1337.86,465.79,73.96,197.01,-1,-1,-1,-1
102,5,1315.57,541.14,45.70,123.14,-1,-1,-1,-1
102,6,1598.74,224.52,230.39,663.37,-1,-1,-1,-1
102,7,909.74,516.58,34.80,113.16,-1,-1,-1,-1
102,8,118.94,512.01,84.70,231.81,-1,-1,-1,-1
102,12,247.80,517.70,45.26,58.07,-1,-1,-1,-1
102,15,330.64,453.05,87.88,259.93,-1,-1,-1,-1
103,1,1360.74,320.38,212.31,568.43,-1,-1,-1,-1
103,2,1106.73,324.37,171.56,427.12,-1,-1,-1,-1
103,3,465.07,419.13,117.36,293.28,-1,-1,-1,-1
103,4,1337.25,465.45,56.08,197.44,-1,-1,-1,-1
103,5,1315.61,540.96,45.30,123.11,-1,-1,-1,-1
103,6,1590.97,219.97,230.74,666.92,-1,-1,-1,-1
103,7,909.74,516.91,34.98,111.44,-1,-1,-1,-1
103,8,119.71,513.94,83.33,230.10,-1,-1,-1,-1
103,12,247.97,517.82,45.09,58.78,-1,-1,-1,-1
103,15,331.38,451.28,90.25,261.14,-1,-1,-1,-1
104,1,1355.65,319.53,212.05,574.54,-1,-1,-1,-1
104,2,1114.27,328.38,181.29,422.40,-1,-1,-1,-1
104,3,464.65,418.94,118.96,294.07,-1,-1,-1,-1
104,4,1337.36,464.90,48.67,197.52,-1,-1,-1,-1
104,5,1315.69,540.69,45.28,123.54,-1,-1,-1,-1
104,6,1585.54,218.34,229.18,669.21,-1,-1,-1,-1
104,7,909.74,517.22,34.51,111.03,-1,-1,-1,-1
104,8,120.86,512.37,83.17,231.84,-1,-1,-1,-1
104,12,247.96,517.84,44.52,56.70,-1,-1,-1,-1
104,15,334.17,451.06,91.46,261.28,-1,-1,-1,-1
105,1,1346.37,317.45,217.84,578.26,-1,-1,-1,-1
105,2,1117.75,331.90,188.70,418.17,-1,-1,-1,-1
105,3,463.88,419.37,120.18,293.80,-1,-1,-1,-1
105,4,1338.48,465.25,44.09,196.15,-1,-1,-1,-1
105,5,1315.53,540.20,46.45,124.35,-1,-1,-1,-1
105,6,1579.99,217.06,228.15,672.67,-1,-1,-1,-1
105,7,909.96,517.28,34.08,111.59,-1,-1,-1,-1
105,8,120.50,515.07,81.88,228.91,-1,-1,-1,-1
105,12,248.21,517.76,44.69,57.82,-1,-1,-1,-1
105,15,335.89,450.67,93.38,261.97,-1,-1,-1,-1
106,1,1335.44,312.76,223.36,583.62,-1,-1,-1,-1
106,2,1120.93,335.34,190.58,413.77,-1,-1,-1,-1
106,3,464.75,419.88,119.62,292.94,-1,-1,-1,-1
106,5,1315.12,539.21,46.52,125.33,-1,-1,-1,-1
106,6,1572.97,216.67,227.82,681.90,-1,-1,-1,-1
106,7,910.05,517.74,33.73,110.11,-1,-1,-1,-1
106,8,119.88,525.68,78.67,217.74,-1,-1,-1,-1
106,12,247.80,517.76,44.46,55.62,-1,-1,-1,-1
106,15,340.34,452.79,92.64,260.99,-1,-1,-1,-1
107,1,1321.72,307.43,231.16,591.37,-1,-1,-1,-1
107,2,1125.16,337.54,188.70,409.84,-1,-1,-1,-1
107,3,466.38,421.48,117.65,292.22,-1,-1,-1,-1
107,5,1314.60,537.78,46.27,126.13,-1,-1,-1,-1
107,6,1568.22,216.53,224.21,686.13,-1,-1,-1,-1
107,7,909.93,518.24,33.84,108.89,-1,-1,-1,-1
107,8,120.74,520.37,79.34,223.40,-1,-1,-1,-1
107,12,247.33,517.40,44.75,55.38,-1,-1,-1,-1
107,15,342.41,455.77,92.09,258.71,-1,-1,-1,-1
108,1,1307.21,303.55,239.55,594.86,-1,-1,-1,-1
108,2,1133.80,338.13,180.39,407.11,-1,-1,-1,-1
108,3,467.58,421.91,114.36,292.23,-1,-1,-1,-1
108,6,1562.35,216.90,223.67,689.39,-1,-1,-1,-1
108,7,909.46,518.94,34.38,108.78,-1,-1,-1,-1
108,8,120.13,514.27,82.31,229.75,-1,-1,-1,-1
108,12,247.10,516.93,45.04,56.79,-1,-1,-1,-1
108,15,347.63,457.04,87.39,258.50,-1,-1,-1,-1
109,1,1292.54,299.75,251.85,598.72,-1,-1,-1,-1
109,2,1144.73,337.29,170.16,403.45,-1,-1,-1,-1
109,3,469.88,422.50,111.17,292.72,-1,-1,-1,-1
109,6,1557.23,216.87,224.51,689.18,-1,-1,-1,-1
109,7,910.01,520.48,33.61,107.53,-1,-1,-1,-1
109,8,120.86,519.57,80.12,224.37,-1,-1,-1,-1
109,12,247.18,516.80,45.11,57.73,-1,-1,-1,-1
109,15,348.54,457.97,86.49,258.28,-1,-1,-1,-1
110,1,1282.29,296.49,257.68,601.57,-1,-1,-1,-1
110,2,1160.47,335.50,155.06,401.32,-1,-1,-1,-1
110,3,471.26,422.78,109.17,294.29,-1,-1,-1,-1
110,6,1553.59,216.52,224.76,690.87,-1,-1,-1,-1
110,7,910.37,527.33,32.68,100.60,-1,-1,-1,-1
110,8,121.12,519.70,79.92,223.99,-1,-1,-1,-1
110,12,247.28,516.90,44.92,56.80,-1,-1,-1,-1
110,15,348.74,456.05,86.58,260.99,-1,-1,-1,-1
111,1,1271.46,294.02,262.58,602.41,-1,-1,-1,-1
111,2,1174.26,332.10,144.73,402.02,-1,-1,-1,-1
111,3,472.44,421.15,105.93,297.75,-1,-1,-1,-1
111,6,1548.28,216.91,225.52,689.72,-1,-1,-1,-1
111,7,910.25,526.86,32.74,101.05,-1,-1,-1,-1
111,8,120.75,528.63,78.59,215.07,-1,-1,-1,-1
111,12,247.73,516.73,45.43,55.41,-1,-1,-1,-1
111,15,349.39,454.63,86.17,263.04,-1,-1,-1,-1
112,1,1264.24,292.74,264.33,604.53,-1,-1,-1,-1
112,2,1184.39,330.87,136.43,402.43,-1,-1,-1,-1
112,3,472.42,419.13,104.23,300.72,-1,-1,-1,-1
112,6,1543.80,217.55,225.60,685.98,-1,-1,-1,-1
112,7,910.13,526.39,32.80,101.50,-1,-1,-1,-1
112,8,121.03,527.01,78.22,216.90,-1,-1,-1,-1
112,12,247.60,516.82,45.36,55.36,-1,-1,-1,-1
112,15,349.58,453.10,85.47,265.23,-1,-1,-1,-1
113,1,1261.21,290.87,261.27,610.42,-1,-1,-1,-1
113,2,1186.85,331.79,135.02,401.17,-1,-1,-1,-1
113,3,471.26,417.43,102.52,302.92,-1,-1,-1,-1
113,6,1537.90,218.16,227.26,695.60,-1,-1,-1,-1
113,7,910.01,525.93,32.85,101.95,-1,-1,-1,-1
113,8,120.96,520.35,81.56,223.83,-1,-1,-1,-1
113,12,247.98,516.91,44.41,53.61,-1,-1,-1,-1
113,15,351.68,449.90,83.52,269.18,-1,-1,-1,-1
114,1,1263.18,291.43,254.69,613.28,-1,-1,-1,-1
114,2,1188.41,333.70,135.27,398.78,-1,-1,-1,-1
114,3,469.83,415.95,101.39,304.44,-1,-1,-1,-1
114,6,1532.11,218.25,230.03,698.73,-1,-1,-1,-1
114,7,909.89,525.46,32.91,102.40,-1,-1,-1,-1
114,8,120.00,512.17,84.38,230.44,-1,-1,-1,-1
114,12,247.67,516.77,44.82,56.61,-1,-1,-1,-1
114,15,352.50,447.09,82.87,271.60,-1,-1,-1,-1
115,1,1256.14,292.55,256.41,616.73,-1,-1,-1,-1
115,2,1187.97,337.17,135.54,395.16,-1,-1,-1,-1
115,3,467.40,414.74,101.77,305.87,-1,-1,-1,-1
115,6,1527.04,221.32,229.12,705.89,-1,-1,-1,-1
115,7,909.77,524.99,32.97,102.85,-1,-1,-1,-1
115,8,120.43,521.45,80.17,221.88,-1,-1,-1,-1
115,12,247.94,516.84,45.04,59.79,-1,-1,-1,-1
115,15,354.93,444.46,81.06,274.06,-1,-1,-1,-1
116,1,1249.41,293.17,258.97,622.31,-1,-1,-1,-1
116,2,1185.85,341.43,135.83,390.50,-1,-1,-1,-1
116,3,465.89,413.20,101.77,307.51,-1,-1,-1,-1
116,6,1521.48,214.92,230.07,722.06,-1,-1,-1,-1
116,7,909.65,524.52,33.03,103.30,-1,-1,-1,-1
116,8,121.14,536.48,76.09,207.37,-1,-1,-1,-1
116,12,247.78,516.83,45.31,58.19,-1,-1,-1,-1
116,15,355.22,442.60,80.57,276.35,-1,-1,-1,-1
117,1,1246.30,295.07,254.72,627.64,-1,-1,-1,-1
117,2,1185.62,344.19,135.40,385.20,-1,-1,-1,-1
117,3,465.23,411.99,101.39,308.94,-1,-1,-1,-1
117,6,1516.18,209.37,230.34,731.81,-1,-1,-1,-1
117,7,909.53,524.05,33.08,103.75,-1,-1,-1,-1
117,8,121.41,529.86,77.90,214.54,-1,-1,-1,-1
117,12,247.89,516.72,45.69,60.94,-1,-1,-1,-1
117,15,355.18,442.09,80.66,278.50,-1,-1,-1,-1
118,1,1243.99,297.23,250.69,631.56,-1,-1,-1,-1
118,2,1186.18,354.74,132.96,267.62,-1,-1,-1,-1
118,3,463.14,409.42,102.26,310.92,-1,-1,-1,-1
118,6,1509.11,205.22,232.75,736.92,-1,-1,-1,-1
118,7,909.41,523.59,33.14,104.20,-1,-1,-1,-1
118,8,120.59,517.32,81.07,227.34,-1,-1,-1,-1
118,12,247.93,516.60,45.50,62.01,-1,-1,-1,-1
118,13,8.95,500.30,102.93,248.28,-1,-1,-1,-1
118,15,354.46,442.99,81.30,279.82,-1,-1,-1,-1
119,1,1210.20,298.38,273.43,635.67,-1,-1,-1,-1
119,3,461.53,409.85,102.28,311.76,-1,-1,-1,-1
119,6,1503.96,202.15,234.01,742.35,-1,-1,-1,-1
119,7,909.29,523.12,33.20,104.65,-1,-1,-1,-1
119,8,120.67,514.13,82.35,230.34,-1,-1,-1,-1
119,12,247.70,516.41,45.83,62.77,-1,-1,-1,-1
119,13,28.23,500.10,86.03,248.56,-1,-1,-1,-1
119,15,353.14,445.08,82.61,278.64,-1,-1,-1,-1
120,1,1202.30,297.38,271.22,643.75,-1,-1,-1,-1
120,3,459.87,409.81,103.00,312.31,-1,-1,-1,-1
120,6,1498.72,196.26,236.07,749.44,-1,-1,-1,-1
120,7,909.18,522.65,33.25,105.10,-1,-1,-1,-1
120,8,120.94,521.87,83.61,222.51,-1,-1,-1,-1
120,12,246.99,515.93,46.43,62.96,-1,-1,-1,-1
120,13,20.43,502.29,93.16,246.69,-1,-1,-1,-1
120,15,352.07,446.20,83.23,278.37,-1,-1,-1,-1
121,1,1193.90,293.22,272.23,652.41,-1,-1,-1,-1
121,3,457.95,409.45,104.27,312.84,-1,-1,-1,-1
121,6,1492.97,188.93,237.19,757.84,-1,-1,-1,-1
121,7,909.06,522.18,33.31,105.55,-1,-1,-1,-1
121,8,120.22,513.01,88.04,231.62,-1,-1,-1,-1
121,12,247.36,515.93,45.73,59.46,-1,-1,-1,-1
121,13,29.16,500.91,84.63,247.73,-1,-1,-1,-1
121,15,351.48,448.77,83.24,277.20,-1,-1,-1,-1
122,1,1180.90,288.49,282.02,657.46,-1,-1,-1,-1
122,3,456.21,409.63,105.19,313.01,-1,-1,-1,-1
122,6,1487.80,180.75,239.28,766.23,-1,-1,-1,-1
122,7,908.94,521.71,33.37,106.00,-1,-1,-1,-1
122,8,119.27,507.94,87.69,236.99,-1,-1,-1,-1
122,12,247.26,515.93,45.75,58.04,-1,-1,-1,-1
122,13,35.03,500.22,78.53,248.15,-1,-1,-1,-1
122,15,351.87,449.33,82.35,279.03,-1,-1,-1,-1
123,1,1160.05,283.56,291.61,661.94,-1,-1,-1,-1
123,3,455.09,410.08,104.37,312.91,-1,-1,-1,-1
123,6,1481.09,170.21,243.44,775.18,-1,-1,-1,-1
123,7,908.82,521.25,33.43,106.45,-1,-1,-1,-1
123,8,120.12,506.67,81.86,237.97,-1,-1,-1,-1
123,12,247.47,515.88,45.99,57.24,-1,-1,-1,-1
123,13,26.66,500.34,87.11,248.34,-1,-1,-1,-1
123,15,346.72,446.09,87.30,283.33,-1,-1,-1,-1
124,1,1143.82,279.77,298.72,665.20,-1,-1,-1,-1
124,3,454.15,410.40,104.19,312.30,-1,-1,-1,-1
124,6,1475.94,162.97,246.63,783.27,-1,-1,-1,-1
124,7,908.70,520.78,33.48,106.90,-1,-1,-1,-1
124,8,119.93,502.29,76.66,242.11,-1,-1,-1,-1
124,12,247.58,515.86,46.12,55.17,-1,-1,-1,-1
124,13,35.75,500.18,78.09,248.28,-1,-1,-1,-1
124,15,344.49,444.47,89.35,285.56,-1,-1,-1,-1
125,1,1131.33,277.85,307.12,666.43,-1,-1,-1,-1
125,3,453.57,410.81,103.84,312.67,-1,-1,-1,-1
125,6,1471.60,161.50,248.26,784.48,-1,-1,-1,-1
125,7,909.07,520.33,33.94,107.10,-1,-1,-1,-1
125,8,120.50,497.65,83.93,245.53,-1,-1,-1,-1
125,12,247.43,515.91,46.55,56.50,-1,-1,-1,-1
125,13,30.57,500.74,84.39,248.10,-1,-1,-1,-1
125,15,343.45,443.01,89.31,286.95,-1,-1,-1,-1
126,1,1120.12,276.33,307.83,667.13,-1,-1,-1,-1
126,3,453.56,410.63,102.74,314.12,-1,-1,-1,-1
126,6,1464.97,164.60,250.79,782.95,-1,-1,-1,-1
126,7,909.25,519.68,33.95,108.19,-1,-1,-1,-1
126,8,122.07,498.43,91.58,245.05,-1,-1,-1,-1
126,12,247.37,515.80,46.79,55.16,-1,-1,-1,-1
126,13,41.17,500.74,72.89,248.05,-1,-1,-1,-1
126,15,340.17,439.50,91.02,290.57,-1,-1,-1,-1
127,1,1114.74,275.73,304.42,670.21,-1,-1,-1,-1
127,3,453.97,409.85,101.03,315.62,-1,-1,-1,-1
127,6,1456.82,166.39,254.81,782.07,-1,-1,-1,-1
127,7,909.14,519.40,33.99,108.47,-1,-1,-1,-1
127,8,122.16,509.21,80.48,234.89,-1,-1,-1,-1
127,12,247.26,515.72,46.82,57.29,-1,-1,-1,-1
127,13,43.42,501.19,70.51,247.92,-1,-1,-1,-1
127,15,337.25,433.99,94.08,296.25,-1,-1,-1,-1
128,1,1114.85,274.25,299.49,679.87,-1,-1,-1,-1
128,3,454.27,407.96,99.56,319.98,-1,-1,-1,-1
128,6,1447.14,166.04,257.80,786.04,-1,-1,-1,-1
128,7,909.37,518.60,34.33,109.01,-1,-1,-1,-1
128,8,121.80,523.71,74.87,220.32,-1,-1,-1,-1
128,12,247.09,515.76,46.43,55.91,-1,-1,-1,-1
128,13,35.31,501.28,78.66,248.02,-1,-1,-1,-1
128,15,333.68,430.47,99.49,299.69,-1,-1,-1,-1
129,1,1120.12,274.07,291.03,689.79,-1,-1,-1,-1
129,3,454.90,406.39,97.77,323.63,-1,-1,-1,-1
129,6,1439.83,168.12,261.22,787.44,-1,-1,-1,-1
129,7,909.41,518.52,34.43,109.57,-1,-1,-1,-1
129,8,120.31,504.30,94.65,238.60,-1,-1,-1,-1
129,12,246.87,515.92,46.42,53.72,-1,-1,-1,-1
129,13,37.75,500.37,75.73,248.79,-1,-1,-1,-1
129,15,332.63,429.26,102.81,301.14,-1,-1,-1,-1
129,18,1343.46,358.39,107.63,342.62,-1,-1,-1,-1
130,1,1126.41,272.39,273.89,700.73,-1,-1,-1,-1
130,3,454.85,405.00,97.62,325.66,-1,-1,-1,-1
130,6,1416.83,169.74,276.11,784.33,-1,-1,-1,-1
130,7,909.51,518.08,34.55,110.04,-1,-1,-1,-1
130,8,119.68,512.39,81.72,231.06,-1,-1,-1,-1
130,12,246.93,515.86,45.97,52.73,-1,-1,-1,-1
130,13,37.50,500.05,75.86,249.13,-1,-1,-1,-1
130,15,331.22,428.89,106.38,303.18,-1,-1,-1,-1
130,18,1348.65,359.20,105.91,340.16,-1,-1,-1,-1
131,1,1124.80,272.55,266.86,705.84,-1,-1,-1,-1
131,3,454.05,404.28,98.29,326.58,-1,-1,-1,-1
131,6,1415.14,170.01,269.57,786.88,-1,-1,-1,-1
131,7,909.56,518.06,34.32,110.15,-1,-1,-1,-1
131,8,118.69,520.59,76.15,223.30,-1,-1,-1,-1
131,12,247.07,516.02,46.80,53.40,-1,-1,-1,-1
131,13,38.11,501.75,76.56,249.63,-1,-1,-1,-1
131,15,329.40,430.96,110.35,301.15,-1,-1,-1,-1
131,18,1351.79,361.24,101.88,338.96,-1,-1,-1,-1
131,19,1695.91,472.70,42.50,112.41,-1,-1,-1,-1
132,1,1120.18,272.94,261.17,711.05,-1,-1,-1,-1
132,3,453.58,403.17,98.54,327.75,-1,-1,-1,-1
132,6,1408.87,169.54,270.75,788.70,-1,-1,-1,-1
132,7,909.61,518.09,34.43,110.42,-1,-1,-1,-1
132,8,117.54,520.46,75.75,222.97,-1,-1,-1,-1
132,12,247.15,515.96,46.84,54.77,-1,-1,-1,-1
132,13,41.57,503.94,71.89,246.29,-1,-1,-1,-1
132,15,328.91,431.44,112.28,300.94,-1,-1,-1,-1
132,18,1350.32,361.89,100.17,337.68,-1,-1,-1,-1
132,19,1694.57,473.01,43.79,112.31,-1,-1,-1,-1
133,1,1113.14,273.52,258.39,714.96,-1,-1,-1,-1
133,3,453.05,402.19,98.87,328.66,-1,-1,-1,-1
133,6,1397.95,167.11,274.37,790.58,-1,-1,-1,-1
133,7,909.62,517.98,34.11,110.60,-1,-1,-1,-1
133,8,116.01,514.04,75.15,229.75,-1,-1,-1,-1
133,12,247.43,516.09,45.77,54.55,-1,-1,-1,-1
133,13,53.12,553.52,59.36,195.93,-1,-1,-1,-1
133,15,328.47,433.38,113.14,300.67,-1,-1,-1,-1
133,18,1344.70,362.25,101.15,338.33,-1,-1,-1,-1
133,19,1694.17,473.14,43.84,112.24,-1,-1,-1,-1
134,1,1106.55,273.04,257.10,721.33,-1,-1,-1,-1
134,3,452.92,402.28,98.98,328.49,-1,-1,-1,-1
134,6,1389.21,162.57,274.29,800.78,-1,-1,-1,-1
134,7,909.66,517.59,34.07,111.35,-1,-1,-1,-1
134,8,117.69,516.90,71.97,227.18,-1,-1,-1,-1
134,12,247.14,516.20,45.83,54.79,-1,-1,-1,-1
134,13,56.32,555.69,55.96,193.14,-1,-1,-1,-1
134,15,328.35,432.41,113.75,303.80,-1,-1,-1,-1
134,19,1694.15,473.22,43.66,112.40,-1,-1,-1,-1
135,1,1100.43,270.76,258.02,727.36,-1,-1,-1,-1
135,3,452.92,401.93,99.22,328.83,-1,-1,-1,-1
135,6,1379.85,158.02,281.20,809.86,-1,-1,-1,-1
135,7,909.64,517.26,33.96,111.95,-1,-1,-1,-1
135,8,118.88,522.82,78.66,221.37,-1,-1,-1,-1
135,12,246.93,515.94,45.93,54.39,-1,-1,-1,-1
135,13,56.14,524.38,58.50,224.69,-1,-1,-1,-1
135,15,328.59,427.84,113.68,309.30,-1,-1,-1,-1
135,19,1693.89,473.10,43.37,112.38,-1,-1,-1,-1
136,1,1086.80,264.78,264.50,733.94,-1,-1,-1,-1
136,3,452.55,401.28,100.39,330.20,-1,-1,-1,-1
136,6,1364.79,151.98,287.25,823.97,-1,-1,-1,-1
136,7,909.69,517.08,34.00,112.09,-1,-1,-1,-1
136,8,120.36,526.93,78.45,217.50,-1,-1,-1,-1
136,12,246.91,515.98,45.62,54.23,-1,-1,-1,-1
136,15,328.06,425.65,113.38,311.47,-1,-1,-1,-1
136,19,1695.87,473.24,41.37,111.70,-1,-1,-1,-1
136,20,4.65,417.83,116.17,512.90,-1,-1,-1,-1
137,1,1074.68,259.59,271.93,742.76,-1,-1,-1,-1
137,3,452.22,399.78,101.78,332.51,-1,-1,-1,-1
137,6,1354.06,149.15,290.39,834.99,-1,-1,-1,-1
137,7,909.68,516.81,34.20,112.18,-1,-1,-1,-1
137,8,120.22,527.40,79.90,217.41,-1,-1,-1,-1
137,12,247.16,516.13,46.03,54.67,-1,-1,-1,-1
137,15,327.52,424.89,113.61,312.33,-1,-1,-1,-1
137,19,1696.80,472.91,39.82,111.95,-1,-1,-1,-1
137,20,5.57,421.55,145.26,506.60,-1,-1,-1,-1
138,1,1062.20,255.05,276.17,754.09,-1,-1,-1,-1
138,3,451.53,399.42,103.33,334.03,-1,-1,-1,-1
138,6,1342.13,143.96,286.48,848.66,-1,-1,-1,-1
138,7,909.75,517.22,34.25,111.82,-1,-1,-1,-1
138,8,118.60,526.58,79.76,218.08,-1,-1,-1,-1
138,12,247.36,516.21,45.90,55.42,-1,-1,-1,-1
138,15,326.15,424.48,114.62,312.63,-1,-1,-1,-1
138,19,1696.07,473.12,40.53,111.54,-1,-1,-1,-1
138,20,4.02,312.38,180.78,609.50,-1,-1,-1,-1
139,1,1043.30,251.23,291.83,762.37,-1,-1,-1,-1
139,3,450.95,399.58,105.34,334.42,-1,-1,-1,-1
139,6,1330.21,138.07,289.08,861.07,-1,-1,-1,-1
139,7,909.72,516.79,34.28,111.94,-1,-1,-1,-1
139,8,119.01,508.34,79.62,235.62,-1,-1,-1,-1
139,12,248.04,516.37,45.66,56.09,-1,-1,-1,-1
139,15,324.21,423.08,116.63,313.71,-1,-1,-1,-1
139,19,1695.42,473.14,40.65,111.43,-1,-1,-1,-1
139,20,3.34,273.78,197.27,646.06,-1,-1,-1,-1
140,1,1022.61,248.23,305.93,767.35,-1,-1,-1,-1
140,3,450.06,400.18,106.87,334.54,-1,-1,-1,-1
140,6,1320.60,135.04,292.30,862.92,-1,-1,-1,-1
140,7,909.61,516.54,34.20,111.84,-1,-1,-1,-1
140,8,120.97,505.26,73.24,239.16,-1,-1,-1,-1
140,12,248.26,516.44,45.69,58.05,-1,-1,-1,-1
140,15,322.63,421.12,117.60,316.07,-1,-1,-1,-1
140,19,1694.34,473.15,41.64,111.26,-1,-1,-1,-1
140,20,2.87,261.01,205.52,658.09,-1,-1,-1,-1
140,22,1325.90,541.25,39.53,127.28,-1,-1,-1,-1
141,1,1001.13,241.41,321.51,769.31,-1,-1,-1,-1
141,3,449.32,400.68,109.22,334.98,-1,-1,-1,-1
141,6,1310.00,126.44,297.81,875.73,-1,-1,-1,-1
141,7,909.47,516.52,34.17,111.73,-1,-1,-1,-1
141,8,121.80,501.32,70.54,243.60,-1,-1,-1,-1
141,12,248.17,516.50,45.88,59.86,-1,-1,-1,-1
141,15,320.32,419.96,118.56,318.95,-1,-1,-1,-1
141,19,1694.74,473.33,41.29,110.91,-1,-1,-1,-1
141,20,2.30,257.53,208.63,661.54,-1,-1,-1,-1
141,22,1323.12,543.58,42.86,125.22,-1,-1,-1,-1
142,1,984.10,235.20,327.49,768.12,-1,-1,-1,-1
142,3,448.34,401.01,110.94,336.99,-1,-1,-1,-1
142,6,1298.51,127.25,293.48,874.77,-1,-1,-1,-1
142,7,909.55,516.64,34.09,111.12,-1,-1,-1,-1
142,8,121.65,502.82,70.57,242.11,-1,-1,-1,-1
142,12,248.09,516.54,45.87,61.33,-1,-1,-1,-1
142,15,317.68,419.30,119.88,321.93,-1,-1,-1,-1
142,19,1694.94,473.43,41.23,111.03,-1,-1,-1,-1
142,20,2.03,260.32,209.41,659.73,-1,-1,-1,-1
142,22,1322.79,545.62,44.18,123.07,-1,-1,-1,-1
143,1,968.31,232.11,336.68,776.43,-1,-1,-1,-1
143,3,447.13,402.34,112.68,338.49,-1,-1,-1,-1
143,6,1287.70,128.59,293.44,885.12,-1,-1,-1,-1
143,7,909.20,516.90,34.16,110.71,-1,-1,-1,-1
143,8,121.50,504.32,70.60,240.61,-1,-1,-1,-1
143,12,247.63,516.66,46.43,61.44,-1,-1,-1,-1
143,15,315.26,419.27,121.59,324.04,-1,-1,-1,-1
143,19,1695.14,473.55,41.40,110.92,-1,-1,-1,-1
143,20,1.81,262.76,214.11,658.34,-1,-1,-1,-1
143,22,1322.90,545.07,44.22,123.32,-1,-1,-1,-1
144,1,955.39,231.03,348.22,784.46,-1,-1,-1,-1
144,3,446.26,402.23,114.14,342.13,-1,-1,-1,-1
144,6,1280.22,127.64,293.91,884.51,-1,-1,-1,-1
144,7,909.36,516.77,34.50,110.27,-1,-1,-1,-1
144,8,121.35,505.82,70.64,239.12,-1,-1,-1,-1
144,12,247.56,516.70,46.35,61.65,-1,-1,-1,-1
144,15,311.81,419.82,124.67,325.38,-1,-1,-1,-1
144,19,1694.52,473.58,41.90,111.24,-1,-1,-1,-1
144,20,1.73,264.81,220.84,661.68,-1,-1,-1,-1
144,22,1322.73,547.73,43.26,122.58,-1,-1,-1,-1
145,1,944.81,230.83,353.71,787.10,-1,-1,-1,-1
145,3,445.71,401.85,115.90,345.29,-1,-1,-1,-1
145,6,1272.71,126.84,296.51,885.78,-1,-1,-1,-1
145,7,909.41,516.89,34.51,109.98,-1,-1,-1,-1
145,8,121.20,507.31,70.67,237.63,-1,-1,-1,-1
145,12,247.52,516.61,46.43,61.29,-1,-1,-1,-1
145,15,309.01,420.44,127.48,327.58,-1,-1,-1,-1
145,19,1695.76,473.60,41.15,111.03,-1,-1,-1,-1
145,20,2.44,267.30,225.80,658.17,-1,-1,-1,-1
145,22,1323.28,560.65,42.31,107.78,-1,-1,-1,-1
145,23,3.19,385.99,84.18,456.39,-1,-1,-1,-1
146,1,935.70,231.11,359.81,792.30,-1,-1,-1,-1
146,3,444.82,400.66,119.11,347.96,-1,-1,-1,-1
146,6,1262.32,125.12,301.08,887.95,-1,-1,-1,-1
146,7,909.40,516.61,34.16,109.99,-1,-1,-1,-1
146,8,121.05,508.81,70.70,236.14,-1,-1,-1,-1
146,12,247.03,516.48,47.07,62.06,-1,-1,-1,-1
146,15,306.95,420.75,128.16,330.95,-1,-1,-1,-1
146,19,1695.75,473.69,41.43,111.19,-1,-1,-1,-1
146,20,27.07,266.55,212.43,657.42,-1,-1,-1,-1
146,23,3.96,387.57,97.91,451.70,-1,-1,-1,-1
147,1,930.10,234.11,361.74,791.61,-1,-1,-1,-1
147,3,445.18,399.45,122.95,348.62,-1,-1,-1,-1
147,6,1252.49,124.30,305.69,885.48,-1,-1,-1,-1
147,7,909.35,516.57,34.24,110.44,-1,-1,-1,-1
147,8,120.90,510.31,70.74,234.65,-1,-1,-1,-1
147,12,246.58,516.57,47.88,62.63,-1,-1,-1,-1
147,15,306.27,420.27,128.05,333.28,-1,-1,-1,-1
147,19,1695.27,473.61,41.46,111.43,-1,-1,-1,-1
147,20,46.10,267.92,205.25,656.43,-1,-1,-1,-1
147,23,1.84,383.19,111.43,511.47,-1,-1,-1,-1
148,1,925.60,237.02,353.12,806.22,-1,-1,-1,-1
148,3,445.09,397.91,126.56,350.50,-1,-1,-1,-1
148,6,1242.45,123.59,308.39,887.53,-1,-1,-1,-1
148,7,909.02,516.73,34.26,111.20,-1,-1,-1,-1
148,8,120.75,511.81,70.77,233.15,-1,-1,-1,-1
148,12,249.59,516.71,45.89,62.52,-1,-1,-1,-1
148,15,305.70,417.77,127.73,337.08,-1,-1,-1,-1
148,19,1694.63,473.92,41.58,110.88,-1,-1,-1,-1
148,20,70.77,271.82,229.89,649.67,-1,-1,-1,-1
148,23,2.10,385.90,125.76,470.15,-1,-1,-1,-1
149,1,920.33,237.71,341.99,809.61,-1,-1,-1,-1
149,3,445.21,397.11,128.07,351.71,-1,-1,-1,-1
149,6,1236.15,123.12,308.98,884.92,-1,-1,-1,-1
149,7,909.22,516.77,34.08,110.59,-1,-1,-1,-1
149,8,120.61,513.31,70.81,231.66,-1,-1,-1,-1
149,12,249.44,516.70,45.89,62.38,-1,-1,-1,-1
149,15,305.27,415.59,127.52,339.22,-1,-1,-1,-1
149,19,1695.23,473.66,40.59,110.90,-1,-1,-1,-1
149,20,87.29,277.47,263.26,643.19,-1,-1,-1,-1
149,23,2.02,390.95,137.86,505.42,-1,-1,-1,-1
149,24,1.83,391.18,216.73,518.17,-1,-1,-1,-1
150,1,912.82,237.86,347.76,819.96,-1,-1,-1,-1
150,3,445.69,395.17,128.81,353.83,-1,-1,-1,-1
150,6,1229.35,122.82,310.28,906.89,-1,-1,-1,-1
150,7,909.47,516.86,32.74,109.41,-1,-1,-1,-1
150,8,120.46,514.81,70.84,230.17,-1,-1,-1,-1
150,12,249.28,516.70,45.90,62.24,-1,-1,-1,-1
150,15,303.74,415.23,128.92,339.67,-1,-1,-1,-1
150,19,1695.57,473.62,40.24,110.86,-1,-1,-1,-1
150,20,93.16,282.23,299.78,637.20,-1,-1,-1,-1
150,24,0.00,390.90,211.42,522.56,-1,-1,-1,-1
151,1,896.10,235.18,349.02,833.88,-1,-1,-1,-1
151,3,446.84,391.96,128.92,356.83,-1,-1,-1,-1
151,6,1220.86,118.91,310.89,918.92,-1,-1,-1,-1
151,8,120.31,516.30,70.87,228.68,-1,-1,-1,-1
151,12,249.12,516.69,45.90,62.09,-1,-1,-1,-1
151,15,295.88,413.54,135.86,342.14,-1,-1,-1,-1
151,19,1695.25,473.49,41.14,111.54,-1,-1,-1,-1
151,20,98.79,287.57,332.54,621.21,-1,-1,-1,-1
151,24,0.20,390.91,217.82,523.31,-1,-1,-1,-1
152,1,878.85,228.08,357.12,847.70,-1,-1,-1,-1
152,3,447.62,390.56,129.08,357.88,-1,-1,-1,-1
152,6,1212.09,116.52,312.92,927.16,-1,-1,-1,-1
152,8,120.16,517.80,70.91,227.19,-1,-1,-1,-1
152,12,248.97,516.68,45.91,61.95,-1,-1,-1,-1
152,15,298.63,411.68,133.25,339.81,-1,-1,-1,-1
152,19,1696.39,473.09,40.15,111.79,-1,-1,-1,-1
152,20,102.64,294.57,348.57,608.56,-1,-1,-1,-1
152,24,13.27,389.14,212.54,524.85,-1,-1,-1,-1
152,25,1484.28,433.04,71.01,249.21,-1,-1,-1,-1
153,1,854.41,218.92,369.16,855.30,-1,-1,-1,-1
153,3,449.42,390.13,127.95,358.11,-1,-1,-1,-1
153,6,1201.53,108.23,314.83,943.81,-1,-1,-1,-1
153,8,120.01,519.30,70.94,225.69,-1,-1,-1,-1
153,12,248.81,516.67,45.91,61.80,-1,-1,-1,-1
153,15,315.45,410.03,117.32,340.98,-1,-1,-1,-1
153,19,1696.03,472.95,41.05,111.98,-1,-1,-1,-1
153,20,98.95,296.79,362.59,609.48,-1,-1,-1,-1
153,24,54.24,383.64,179.65,526.60,-1,-1,-1,-1
153,25,1475.13,394.13,95.51,286.63,-1,-1,-1,-1
154,1,833.32,222.34,376.93,852.15,-1,-1,-1,-1
154,3,451.22,389.64,126.52,359.48,-1,-1,-1,-1
154,6,1194.86,101.61,315.64,916.41,-1,-1,-1,-1
154,8,119.86,520.80,70.97,224.20,-1,-1,-1,-1
154,12,248.66,516.67,45.92,61.66,-1,-1,-1,-1
154,15,332.99,411.48,100.21,328.85,-1,-1,-1,-1
154,19,1696.33,473.11,40.46,111.91,-1,-1,-1,-1
154,20,107.70,300.75,360.82,608.11,-1,-1,-1,-1
154,24,93.03,386.83,147.00,463.70,-1,-1,-1,-1
154,25,1467.06,377.09,113.26,304.81,-1,-1,-1,-1
155,1,808.31,216.18,389.95,857.97,-1,-1,-1,-1
155,3,452.98,389.45,129.03,360.67,-1,-1,-1,-1
155,6,1184.31,93.75,323.76,953.67,-1,-1,-1,-1
155,8,119.71,522.30,71.01,222.71,-1,-1,-1,-1
155,12,248.50,516.66,45.92,61.52,-1,-1,-1,-1
155,15,344.91,410.10,88.61,306.55,-1,-1,-1,-1
155,19,1696.55,472.94,40.46,112.07,-1,-1,-1,-1
155,20,119.28,298.98,351.72,609.55,-1,-1,-1,-1
155,24,113.18,387.25,146.41,497.07,-1,-1,-1,-1
155,25,1462.17,372.69,123.00,310.14,-1,-1,-1,-1
156,1,783.17,211.94,398.98,858.11,-1,-1,-1,-1
156,3,455.52,387.83,136.38,362.32,-1,-1,-1,-1
156,6,1170.46,85.05,333.24,973.64,-1,-1,-1,-1
156,8,119.56,523.80,71.04,221.22,-1,-1,-1,-1
156,12,248.34,516.65,45.93,61.37,-1,-1,-1,-1
156,15,362.77,410.47,70.73,249.72,-1,-1,-1,-1
156,19,1696.12,472.84,40.87,112.19,-1,-1,-1,-1
156,20,139.34,299.18,333.46,600.68,-1,-1,-1,-1
156,24,137.38,389.49,175.97,502.82,-1,-1,-1,-1
156,25,1460.66,372.32,127.36,310.15,-1,-1,-1,-1
157,1,761.56,209.43,399.16,860.97,-1,-1,-1,-1
157,3,458.30,388.39,137.27,362.92,-1,-1,-1,-1
157,6,1160.68,80.95,338.45,985.01,-1,-1,-1,-1
157,8,119.42,525.29,71.07,219.73,-1,-1,-1,-1
157,12,248.19,516.64,45.93,61.23,-1,-1,-1,-1
157,19,1696.65,472.70,40.20,112.07,-1,-1,-1,-1
157,20,175.86,297.50,298.31,597.47,-1,-1,-1,-1
157,24,146.93,391.59,204.50,499.69,-1,-1,-1,-1
157,25,1461.31,373.20,128.53,309.23,-1,-1,-1,-1
158,1,744.06,205.77,410.39,865.11,-1,-1,-1,-1
158,3,461.45,389.32,132.25,364.22,-1,-1,-1,-1
158,6,1148.24,70.15,346.56,994.90,-1,-1,-1,-1
158,8,119.27,526.79,71.11,218.24,-1,-1,-1,-1
158,12,248.03,516.64,45.94,61.08,-1,-1,-1,-1
158,19,1695.09,472.59,41.71,112.30,-1,-1,-1,-1
158,20,225.42,294.60,250.96,598.42,-1,-1,-1,-1
158,24,149.11,393.43,221.56,493.62,-1,-1,-1,-1
158,25,1465.10,374.07,126.95,307.99,-1,-1,-1,-1
159,1,736.79,202.88,409.10,871.12,-1,-1,-1,-1
159,3,463.47,389.87,128.46,365.97,-1,-1,-1,-1
159,6,1137.89,64.07,351.86,999.42,-1,-1,-1,-1
159,8,120.06,527.01,72.98,217.65,-1,-1,-1,-1
159,12,247.87,516.63,45.94,60.94,-1,-1,-1,-1
159,19,1695.74,472.26,41.49,112.49,-1,-1,-1,-1
159,20,265.32,292.57,210.49,599.31,-1,-1,-1,-1
159,24,149.93,394.71,227.82,490.57,-1,-1,-1,-1
159,25,1472.90,374.06,123.33,306.24,-1,-1,-1,-1
160,1,741.84,201.25,399.01,873.39,-1,-1,-1,-1
160,3,467.23,391.74,125.20,367.63,-1,-1,-1,-1
160,6,1128.46,59.95,356.25,1002.34,-1,-1,-1,-1
160,8,120.21,527.27,75.30,218.14,-1,-1,-1,-1
160,12,247.72,516.62,45.95,60.79,-1,-1,-1,-1
160,19,1696.12,472.29,40.96,112.58,-1,-1,-1,-1
160,20,300.27,293.95,190.96,599.54,-1,-1,-1,-1
160,24,151.60,394.42,235.44,489.38,-1,-1,-1,-1
160,25,1479.84,373.50,122.06,304.46,-1,-1,-1,-1
161,1,759.99,200.52,367.97,873.94,-1,-1,-1,-1
161,3,475.22,391.79,118.25,370.98,-1,-1,-1,-1
161,6,1117.42,58.15,360.30,1005.46,-1,-1,-1,-1
161,8,120.16,527.96,84.02,217.12,-1,-1,-1,-1
161,12,247.56,516.61,45.95,60.65,-1,-1,-1,-1
161,19,1695.08,472.34,42.04,112.76,-1,-1,-1,-1
161,20,332.84,294.92,195.40,595.71,-1,-1,-1,-1
161,24,157.15,394.79,232.33,482.77,-1,-1,-1,-1
161,25,1486.91,371.60,121.82,304.60,-1,-1,-1,-1
162,1,769.47,204.14,352.47,871.84,-1,-1,-1,-1
162,3,483.76,392.13,110.42,371.91,-1,-1,-1,-1
162,6,1107.94,54.47,363.99,1009.79,-1,-1,-1,-1
162,8,120.70,528.42,85.19,216.39,-1,-1,-1,-1
162,12,247.40,516.61,45.96,60.51,-1,-1,-1,-1
162,19,1695.49,472.49,41.04,112.51,-1,-1,-1,-1
162,20,352.54,296.90,210.31,585.34,-1,-1,-1,-1
162,24,176.24,396.00,268.85,484.28,-1,-1,-1,-1
162,25,1491.95,370.43,122.55,304.77,-1,-1,-1,-1
163,1,763.09,202.60,343.02,876.04,-1,-1,-1,-1
163,3,497.16,392.59,107.57,372.17,-1,-1,-1,-1
163,6,1096.02,51.92,367.08,1012.42,-1,-1,-1,-1
163,8,119.38,528.62,79.55,216.21,-1,-1,-1,-1
163,12,247.25,516.60,45.96,60.36,-1,-1,-1,-1
163,19,1695.15,472.37,41.71,112.85,-1,-1,-1,-1
163,20,371.12,299.56,227.00,572.48,-1,-1,-1,-1
163,24,208.25,394.86,256.50,492.08,-1,-1,-1,-1
163,25,1496.11,371.55,124.42,304.39,-1,-1,-1,-1
164,1,753.57,200.91,343.60,879.09,-1,-1,-1,-1
164,3,507.80,392.00,115.63,372.68,-1,-1,-1,-1
164,6,1085.47,50.09,371.66,1015.08,-1,-1,-1,-1
164,8,119.87,528.70,75.74,216.19,-1,-1,-1,-1
164,12,247.09,516.59,45.97,60.22,-1,-1,-1,-1
164,19,1695.93,472.62,40.75,112.45,-1,-1,-1,-1
164,20,380.08,303.86,244.74,562.80,-1,-1,-1,-1
164,24,237.47,392.41,234.00,497.35,-1,-1,-1,-1
164,25,1502.59,373.68,121.31,302.06,-1,-1,-1,-1
165,1,742.32,200.93,338.25,877.90,-1,-1,-1,-1
165,3,516.41,391.30,126.06,372.02,-1,-1,-1,-1
165,6,1073.62,46.65,376.07,1018.72,-1,-1,-1,-1
165,8,121.09,528.39,72.54,216.25,-1,-1,-1,-1
165,12,246.93,516.58,45.97,60.07,-1,-1,-1,-1
165,19,1695.76,472.98,40.42,112.04,-1,-1,-1,-1
165,20,385.15,309.80,261.10,553.66,-1,-1,-1,-1
165,24,270.26,393.38,203.74,494.68,-1,-1,-1,-1
165,25,1501.56,376.59,126.70,299.31,-1,-1,-1,-1
166,1,724.19,199.59,342.01,879.78,-1,-1,-1,-1
166,3,528.29,390.10,124.50,388.36,-1,-1,-1,-1
166,6,1058.32,43.38,380.66,1020.41,-1,-1,-1,-1
166,8,124.48,528.12,67.57,216.22,-1,-1,-1,-1
166,12,246.83,516.52,45.92,59.24,-1,-1,-1,-1
166,19,1696.49,472.90,39.26,111.92,-1,-1,-1,-1
166,20,381.61,313.86,286.56,549.80,-1,-1,-1,-1
166,24,318.12,392.82,157.18,494.36,-1,-1,-1,-1
166,25,1502.28,380.52,131.65,295.22,-1,-1,-1,-1
166,26,577.87,399.84,42.81,110.16,-1,-1,-1,-1
167,1,709.02,196.74,344.20,881.07,-1,-1,-1,-1
167,3,531.83,379.76,120.96,377.61,-1,-1,-1,-1
167,6,1043.83,45.69,383.91,1017.23,-1,-1,-1,-1
167,8,125.83,528.73,68.53,214.63,-1,-1,-1,-1
167,12,247.28,516.55,45.74,59.86,-1,-1,-1,-1
167,19,1694.97,472.98,40.78,112.20,-1,-1,-1,-1
167,20,393.06,313.83,290.92,555.86,-1,-1,-1,-1
167,24,332.49,389.99,144.88,496.29,-1,-1,-1,-1
167,25,1518.77,382.98,118.65,292.36,-1,-1,-1,-1
167,26,578.16,399.98,41.88,95.87,-1,-1,-1,-1
167,29,1409.44,472.79,48.10,202.87,-1,-1,-1,-1
168,1,689.61,186.44,340.05,892.84,-1,-1,-1,-1
168,3,535.38,369.42,117.43,366.86,-1,-1,-1,-1
168,6,1026.64,41.81,389.87,1017.65,-1,-1,-1,-1
168,8,126.79,526.62,66.49,217.11,-1,-1,-1,-1
168,12,247.74,516.66,45.55,60.24,-1,-1,-1,-1
168,19,1694.99,473.05,40.67,112.18,-1,-1,-1,-1
168,20,407.80,313.00,284.13,562.97,-1,-1,-1,-1
168,24,340.11,389.02,152.23,481.60,-1,-1,-1,-1
168,25,1520.38,385.67,119.62,288.99,-1,-1,-1,-1
168,29,1396.91,457.59,61.80,219.00,-1,-1,-1,-1
169,1,659.90,178.47,355.95,901.53,-1,-1,-1,-1
169,3,538.93,359.08,113.90,356.11,-1,-1,-1,-1
169,6,1013.72,36.46,386.70,999.75,-1,-1,-1,-1
169,8,127.99,515.83,66.20,228.76,-1,-1,-1,-1
169,12,247.68,516.31,45.52,59.54,-1,-1,-1,-1
169,19,1696.01,473.03,39.32,111.62,-1,-1,-1,-1
169,20,427.42,314.07,254.39,555.79,-1,-1,-1,-1
169,24,360.79,391.41,156.14,472.75,-1,-1,-1,-1
169,25,1529.38,386.88,113.07,287.17,-1,-1,-1,-1
169,29,1387.24,451.25,74.16,226.12,-1,-1,-1,-1
170,1,625.52,170.69,373.24,904.84,-1,-1,-1,-1
170,3,542.47,348.73,110.37,345.36,-1,-1,-1,-1
170,6,1002.42,29.20,395.84,1019.56,-1,-1,-1,-1
170,8,128.25,513.16,66.87,231.37,-1,-1,-1,-1
170,12,247.93,516.45,45.25,59.10,-1,-1,-1,-1
170,19,1695.30,472.92,39.84,112.02,-1,-1,-1,-1
170,20,452.76,314.04,221.79,547.69,-1,-1,-1,-1
170,24,370.93,395.21,168.51,465.60,-1,-1,-1,-1
170,25,1535.36,387.23,109.87,286.08,-1,-1,-1,-1
170,29,1382.21,450.21,82.10,226.96,-1,-1,-1,-1
171,1,585.43,160.00,387.78,915.48,-1,-1,-1,-1
171,3,546.02,338.39,106.83,334.62,-1,-1,-1,-1
171,6,987.34,13.89,409.81,1043.64,-1,-1,-1,-1
171,8,129.33,517.82,69.75,226.02,-1,-1,-1,-1
171,12,247.57,516.51,45.01,60.03,-1,-1,-1,-1
171,19,1695.40,472.97,40.22,111.88,-1,-1,-1,-1
171,20,495.17,313.21,177.40,542.46,-1,-1,-1,-1
171,24,375.41,399.14,206.91,458.96,-1,-1,-1,-1
171,25,1526.36,387.02,121.89,281.90,-1,-1,-1,-1
171,29,1382.52,449.77,84.13,226.67,-1,-1,-1,-1
172,1,560.19,154.23,397.24,920.57,-1,-1,-1,-1
172,3,549.57,328.05,103.30,323.87,-1,-1,-1,-1
172,6,976.28,7.66,421.54,1052.29,-1,-1,-1,-1
172,8,129.51,514.03,70.01,229.59,-1,-1,-1,-1
172,12,247.57,516.52,45.02,60.32,-1,-1,-1,-1
172,19,1696.20,472.68,39.86,112.10,-1,-1,-1,-1
172,20,524.11,313.91,151.93,537.44,-1,-1,-1,-1
172,24,376.30,398.78,210.85,457.94,-1,-1,-1,-1
172,25,1524.91,385.14,124.14,281.00,-1,-1,-1,-1
172,29,1384.34,449.89,85.15,226.37,-1,-1,-1,-1
172,30,338.92,407.68,108.94,357.96,-1,-1,-1,-1
172,31,1338.47,545.12,48.07,136.30,-1,-1,-1,-1
173,1,540.95,148.30,397.29,923.08,-1,-1,-1,-1
173,3,553.11,317.71,99.77,313.12,-1,-1,-1,-1
173,6,962.96,8.42,424.99,1059.28,-1,-1,-1,-1
173,8,129.21,524.60,70.40,219.06,-1,-1,-1,-1
173,12,247.28,516.42,45.36,59.37,-1,-1,-1,-1
173,19,1696.07,472.88,40.63,111.93,-1,-1,-1,-1
173,20,539.23,313.87,126.54,536.51,-1,-1,-1,-1
173,24,385.05,399.80,206.45,453.61,-1,-1,-1,-1
173,25,1528.28,383.88,121.79,281.01,-1,-1,-1,-1
173,29,1386.92,450.27,86.00,226.25,-1,-1,-1,-1
173,30,345.23,408.21,115.83,363.91,-1,-1,-1,-1
173,31,1335.80,545.32,52.95,136.75,-1,-1,-1,-1
174,1,530.94,144.02,392.81,924.55,-1,-1,-1,-1
174,3,566.72,314.30,91.21,266.45,-1,-1,-1,-1
174,6,952.27,7.67,437.45,1064.59,-1,-1,-1,-1
174,7,909.85,519.07,33.21,106.19,-1,-1,-1,-1
174,8,129.37,527.69,69.93,216.14,-1,-1,-1,-1
174,12,247.06,516.41,45.85,59.00,-1,-1,-1,-1
174,19,1697.35,472.74,39.32,112.11,-1,-1,-1,-1
174,20,543.86,312.93,122.13,460.84,-1,-1,-1,-1
174,24,400.02,400.72,198.62,451.89,-1,-1,-1,-1
174,25,1533.19,383.20,117.94,280.80,-1,-1,-1,-1
174,29,1387.52,450.67,87.53,225.67,-1,-1,-1,-1
174,30,350.11,410.28,118.99,361.84,-1,-1,-1,-1
174,31,1335.84,545.39,55.20,137.37,-1,-1,-1,-1
175,1,522.80,137.35,391.35,933.64,-1,-1,-1,-1
175,6,943.97,6.92,394.65,1031.35,-1,-1,-1,-1
175,7,909.36,517.73,33.92,109.33,-1,-1,-1,-1
175,8,129.38,522.36,70.82,221.26,-1,-1,-1,-1
175,12,246.93,516.34,46.27,59.85,-1,-1,-1,-1
175,19,1697.45,472.58,39.08,112.24,-1,-1,-1,-1
175,24,421.62,393.28,175.12,454.65,-1,-1,-1,-1
175,25,1539.75,383.09,112.36,280.19,-1,-1,-1,-1
175,29,1389.30,448.76,87.76,227.78,-1,-1,-1,-1
175,30,354.16,411.59,125.40,362.05,-1,-1,-1,-1
175,31,1336.47,545.43,55.56,137.64,-1,-1,-1,-1
175,33,542.53,384.46,43.48,162.30,-1,-1,-1,-1
176,1,516.25,132.25,383.62,938.69,-1,-1,-1,-1
176,6,932.63,1.83,377.22,1051.51,-1,-1,-1,-1
176,7,909.12,516.98,34.27,110.81,-1,-1,-1,-1
176,8,129.65,523.36,72.03,220.27,-1,-1,-1,-1
176,12,247.34,516.36,45.75,61.06,-1,-1,-1,-1
176,19,1696.20,472.78,39.76,112.08,-1,-1,-1,-1
176,24,459.05,389.22,135.36,448.80,-1,-1,-1,-1
176,25,1548.03,384.79,106.63,278.02,-1,-1,-1,-1
176,29,1386.62,448.27,91.46,228.52,-1,-1,-1,-1
176,30,360.77,409.30,135.14,382.72,-1,-1,-1,-1
176,31,1337.77,545.91,55.02,137.48,-1,-1,-1,-1
177,1,505.71,131.47,380.13,942.10,-1,-1,-1,-1
177,6,923.85,1.70,368.97,1057.69,-1,-1,-1,-1
177,7,908.96,517.72,34.26,110.31,-1,-1,-1,-1
177,8,129.11,525.25,72.47,218.54,-1,-1,-1,-1
177,12,247.47,516.51,45.56,61.93,-1,-1,-1,-1
177,19,1695.99,472.84,39.64,111.81,-1,-1,-1,-1
177,24,478.86,391.04,136.77,444.54,-1,-1,-1,-1
177,25,1553.79,386.80,107.92,276.23,-1,-1,-1,-1
177,29,1386.87,448.14,92.24,229.22,-1,-1,-1,-1
177,30,370.24,407.73,132.47,390.62,-1,-1,-1,-1
177,31,1339.50,546.60,54.26,137.73,-1,-1,-1,-1
178,1,494.47,131.10,372.21,942.92,-1,-1,-1,-1
178,6,916.58,5.46,365.19,1055.66,-1,-1,-1,-1
178,7,908.74,517.61,34.58,110.78,-1,-1,-1,-1
178,8,128.96,526.29,71.85,217.62,-1,-1,-1,-1
178,12,247.69,516.42,45.66,62.42,-1,-1,-1,-1
178,19,1696.44,472.71,39.35,111.80,-1,-1,-1,-1
178,24,498.68,392.86,138.19,440.29,-1,-1,-1,-1
178,25,1554.87,387.82,115.16,274.79,-1,-1,-1,-1
178,29,1389.21,448.13,90.60,229.85,-1,-1,-1,-1
178,30,375.11,405.13,130.68,395.70,-1,-1,-1,-1
178,31,1341.69,546.10,54.96,138.22,-1,-1,-1,-1
178,35,0.00,522.25,95.71,482.86,-1,-1,-1,-1
179,1,480.66,137.23,356.39,932.05,-1,-1,-1,-1
179,6,903.73,3.23,367.79,1055.93,-1,-1,-1,-1
179,7,908.38,518.44,34.22,110.08,-1,-1,-1,-1
179,8,129.43,526.30,74.18,217.56,-1,-1,-1,-1
179,12,247.76,516.49,45.49,62.45,-1,-1,-1,-1
179,19,1695.80,472.52,39.70,111.93,-1,-1,-1,-1
179,24,518.49,394.69,139.60,436.03,-1,-1,-1,-1
179,25,1558.65,390.49,118.64,271.98,-1,-1,-1,-1
179,29,1391.52,447.78,88.72,229.79,-1,-1,-1,-1
179,30,381.44,401.45,125.65,399.61,-1,-1,-1,-1
179,31,1343.73,545.49,55.40,138.77,-1,-1,-1,-1
179,35,0.00,514.55,83.79,489.65,-1,-1,-1,-1
180,1,465.68,139.41,369.37,930.68,-1,-1,-1,-1
180,6,893.08,0.61,371.72,1059.15,-1,-1,-1,-1
180,7,908.72,518.06,33.00,109.82,-1,-1,-1,-1
180,8,129.18,527.33,74.59,216.35,-1,-1,-1,-1
180,12,247.54,516.59,45.73,62.30,-1,-1,-1,-1
180,19,1695.25,472.52,40.20,111.97,-1,-1,-1,-1
180,24,538.30,396.51,141.01,431.78,-1,-1,-1,-1
180,25,1561.10,392.49,119.24,269.95,-1,-1,-1,-1
180,29,1392.71,448.10,88.10,229.61,-1,-1,-1,-1
180,30,386.78,399.45,116.58,401.59,-1,-1,-1,-1
180,31,1345.57,545.22,56.04,138.95,-1,-1,-1,-1
180,35,0.00,455.72,68.79,533.46,-1,-1,-1,-1
181,1,418.25,141.41,364.70,930.77,-1,-1,-1,-1
181,6,879.38,1.69,375.29,1032.19,-1,-1,-1,-1
181,8,127.93,520.37,75.93,223.13,-1,-1,-1,-1
181,12,247.69,516.55,45.86,61.98,-1,-1,-1,-1
181,19,1695.49,472.47,40.11,111.93,-1,-1,-1,-1
181,24,558.12,398.33,142.42,427.52,-1,-1,-1,-1
181,25,1567.44,395.27,114.15,267.03,-1,-1,-1,-1
181,29,1393.99,449.61,80.76,228.56,-1,-1,-1,-1
181,30,398.99,399.32,112.80,401.92,-1,-1,-1,-1
181,31,1347.88,544.67,55.86,139.34,-1,-1,-1,-1
181,35,0.00,269.27,109.01,733.56,-1,-1,-1,-1
182,1,398.24,135.92,367.20,936.11,-1,-1,-1,-1
182,6,869.83,0.34,377.74,1023.00,-1,-1,-1,-1
182,8,127.67,522.72,77.28,220.86,-1,-1,-1,-1
182,12,247.55,516.52,45.88,61.97,-1,-1,-1,-1
182,19,1695.42,472.47,40.51,112.15,-1,-1,-1,-1
182,24,577.93,400.16,143.84,423.27,-1,-1,-1,-1
182,25,1570.80,394.70,111.69,267.64,-1,-1,-1,-1
182,29,1394.82,447.92,84.23,231.63,-1,-1,-1,-1
182,30,411.20,399.18,109.01,402.25,-1,-1,-1,-1
182,31,1349.60,544.48,55.63,139.52,-1,-1,-1,-1
182,35,0.00,183.34,126.46,822.30,-1,-1,-1,-1
182,37,720.91,322.06,144.16,507.68,-1,-1,-1,-1
183,1,370.86,135.20,354.93,936.19,-1,-1,-1,-1
183,6,858.82,0.00,382.08,1018.53,-1,-1,-1,-1
183,8,128.53,521.36,76.36,221.33,-1,-1,-1,-1
183,12,247.39,516.42,46.02,62.18,-1,-1,-1,-1
183,19,1695.59,472.44,40.62,112.01,-1,-1,-1,-1
183,24,597.75,401.98,145.25,419.01,-1,-1,-1,-1
183,25,1574.02,392.50,109.74,268.65,-1,-1,-1,-1
183,29,1394.26,447.03,87.81,233.85,-1,-1,-1,-1
183,30,423.41,399.05,105.22,402.58,-1,-1,-1,-1
183,31,1351.31,544.34,54.68,139.61,-1,-1,-1,-1
183,35,0.00,159.29,174.26,844.32,-1,-1,-1,-1
183,37,713.30,321.94,151.42,508.79,-1,-1,-1,-1
184,1,340.01,128.75,355.89,936.14,-1,-1,-1,-1
184,6,843.02,1.41,386.94,1044.05,-1,-1,-1,-1
184,8,126.21,543.67,77.50,199.57,-1,-1,-1,-1
184,12,247.82,516.78,45.53,60.84,-1,-1,-1,-1
184,19,1696.24,472.65,40.45,111.83,-1,-1,-1,-1
184,24,617.56,403.80,146.66,414.76,-1,-1,-1,-1
184,25,1579.34,393.18,108.56,265.62,-1,-1,-1,-1
184,29,1395.00,448.74,87.23,233.25,-1,-1,-1,-1
184,30,435.62,398.91,101.44,402.91,-1,-1,-1,-1
184,31,1353.08,544.87,53.22,139.08,-1,-1,-1,-1
184,35,0.00,156.50,247.82,842.84,-1,-1,-1,-1
184,37,697.94,321.59,165.48,508.64,-1,-1,-1,-1
185,1,308.27,125.99,360.67,939.35,-1,-1,-1,-1
185,6,830.41,0.96,390.22,1055.72,-1,-1,-1,-1
185,8,133.58,554.09,67.82,188.38,-1,-1,-1,-1
185,12,248.06,516.83,45.05,59.27,-1,-1,-1,-1
185,19,1696.75,472.46,40.45,111.88,-1,-1,-1,-1
185,24,637.38,405.63,148.07,410.50,-1,-1,-1,-1
185,25,1582.49,392.01,110.96,265.47,-1,-1,-1,-1
185,29,1396.41,448.46,81.86,233.83,-1,-1,-1,-1
185,30,447.83,398.78,97.65,403.24,-1,-1,-1,-1
185,31,1354.72,545.37,52.15,138.67,-1,-1,-1,-1
185,35,0.00,162.94,302.74,835.95,-1,-1,-1,-1
185,37,715.66,320.73,163.34,509.98,-1,-1,-1,-1
186,1,282.09,113.61,372.53,955.98,-1,-1,-1,-1
186,6,816.79,0.76,392.93,1060.44,-1,-1,-1,-1
186,8,133.13,553.11,68.22,189.46,-1,-1,-1,-1
186,19,1695.02,472.54,43.44,112.29,-1,-1,-1,-1
186,24,621.53,407.62,172.65,408.21,-1,-1,-1,-1
186,25,1585.01,390.15,116.59,266.47,-1,-1,-1,-1
186,29,1397.80,447.84,81.63,234.76,-1,-1,-1,-1
186,30,460.04,398.65,93.87,403.56,-1,-1,-1,-1
186,31,1356.96,546.36,51.11,138.42,-1,-1,-1,-1
186,35,0.71,171.59,311.57,816.05,-1,-1,-1,-1
186,37,741.73,319.74,135.81,510.41,-1,-1,-1,-1
186,38,1456.21,428.17,69.91,225.20,-1,-1,-1,-1
187,1,257.00,106.83,363.03,954.45,-1,-1,-1,-1
187,6,804.31,1.90,392.25,1062.00,-1,-1,-1,-1
187,8,132.67,552.14,68.62,190.53,-1,-1,-1,-1
187,19,1693.60,472.29,44.83,112.99,-1,-1,-1,-1
187,24,629.43,405.47,167.00,408.49,-1,-1,-1,-1
187,25,1589.47,388.82,116.07,267.48,-1,-1,-1,-1
187,29,1398.39,446.65,81.49,236.38,-1,-1,-1,-1
187,30,472.25,398.51,90.08,403.89,-1,-1,-1,-1
187,31,1358.83,546.92,50.66,139.41,-1,-1,-1,-1
187,35,0.83,139.84,310.93,844.76,-1,-1,-1,-1
187,37,759.47,320.39,121.75,510.24,-1,-1,-1,-1
187,38,1457.82,428.46,78.41,223.85,-1,-1,-1,-1
188,1,229.01,102.66,364.71,959.46,-1,-1,-1,-1
188,6,791.52,0.94,392.36,1061.59,-1,-1,-1,-1
188,8,132.22,551.16,69.02,191.61,-1,-1,-1,-1
188,19,1696.08,470.59,43.29,114.35,-1,-1,-1,-1
188,24,650.30,407.01,147.33,406.54,-1,-1,-1,-1
188,25,1597.35,388.73,113.25,267.27,-1,-1,-1,-1
188,29,1399.60,445.78,85.74,237.55,-1,-1,-1,-1
188,30,484.47,398.38,86.30,404.22,-1,-1,-1,-1
188,31,1360.94,546.75,50.22,140.54,-1,-1,-1,-1
188,35,1.49,180.83,303.08,805.63,-1,-1,-1,-1
188,37,774.41,363.11,126.49,468.05,-1,-1,-1,-1
188,38,1460.49,429.77,85.69,222.37,-1,-1,-1,-1
188,40,558.84,374.26,103.35,407.15,-1,-1,-1,-1
188,41,3.28,237.38,42.73,562.01,-1,-1,-1,-1
189,1,177.95,96.24,384.81,962.13,-1,-1,-1,-1
189,6,775.49,1.22,390.18,1062.91,-1,-1,-1,-1
189,8,131.76,550.19,69.42,192.69,-1,-1,-1,-1
189,19,1697.20,471.23,44.02,113.76,-1,-1,-1,-1
189,24,678.10,402.49,127.18,413.71,-1,-1,-1,-1
189,25,1595.75,389.96,118.30,266.44,-1,-1,-1,-1
189,29,1401.44,445.88,88.80,238.14,-1,-1,-1,-1
189,30,496.68,398.25,82.51,404.55,-1,-1,-1,-1
189,31,1363.80,546.52,49.47,141.55,-1,-1,-1,-1
189,35,0.18,194.69,258.07,804.42,-1,-1,-1,-1
189,37,789.61,364.66,129.03,463.57,-1,-1,-1,-1
189,38,1465.92,430.13,89.71,223.66,-1,-1,-1,-1
189,40,557.16,375.81,129.45,405.73,-1,-1,-1,-1
189,41,4.99,239.28,75.15,694.93,-1,-1,-1,-1
190,1,90.39,89.84,445.36,973.98,-1,-1,-1,-1
190,6,761.60,1.80,389.66,1060.83,-1,-1,-1,-1
190,8,131.31,549.21,69.82,193.77,-1,-1,-1,-1
190,19,1697.85,471.29,41.59,112.64,-1,-1,-1,-1
190,24,694.02,401.06,111.85,414.91,-1,-1,-1,-1
190,25,1596.16,391.68,121.84,264.80,-1,-1,-1,-1
190,29,1402.38,445.94,92.50,238.28,-1,-1,-1,-1
190,30,508.89,398.11,78.72,404.88,-1,-1,-1,-1
190,31,1366.48,546.19,49.48,142.13,-1,-1,-1,-1
190,35,65.47,200.08,195.94,557.63,-1,-1,-1,-1
190,37,804.80,366.22,131.57,459.08,-1,-1,-1,-1
190,38,1470.03,429.92,91.27,224.27,-1,-1,-1,-1
190,40,562.25,375.36,149.75,406.33,-1,-1,-1,-1
190,41,4.71,240.78,109.11,707.50,-1,-1,-1,-1
191,1,22.19,82.12,489.33,984.18,-1,-1,-1,-1
191,6,736.98,0.36,396.37,1061.95,-1,-1,-1,-1
191,8,130.85,548.24,70.22,194.85,-1,-1,-1,-1
191,24,704.61,411.47,107.94,405.26,-1,-1,-1,-1
191,25,1596.29,393.90,127.32,262.01,-1,-1,-1,-1
191,29,1402.64,445.44,94.52,238.75,-1,-1,-1,-1
191,30,484.20,397.32,104.64,406.94,-1,-1,-1,-1
191,31,1370.11,544.49,49.63,144.12,-1,-1,-1,-1
191,35,75.60,207.01,193.08,561.89,-1,-1,-1,-1
191,37,820.00,367.78,134.11,454.60,-1,-1,-1,-1
191,38,1474.33,429.95,92.81,224.23,-1,-1,-1,-1
191,40,567.27,376.71,160.61,405.22,-1,-1,-1,-1
191,41,5.04,245.07,130.43,726.78,-1,-1,-1,-1
192,1,0.00,79.63,477.96,922.97,-1,-1,-1,-1
192,6,717.73,0.64,402.55,1060.61,-1,-1,-1,-1
192,8,130.40,547.26,70.62,195.93,-1,-1,-1,-1
192,24,712.10,410.09,88.26,404.80,-1,-1,-1,-1
192,25,1597.96,396.96,129.03,258.74,-1,-1,-1,-1
192,29,1402.57,445.07,97.06,238.29,-1,-1,-1,-1
192,30,483.44,395.43,108.08,409.70,-1,-1,-1,-1
192,31,1372.92,542.68,49.54,146.38,-1,-1,-1,-1
192,35,85.73,213.94,190.21,566.14,-1,-1,-1,-1
192,37,835.19,369.34,136.65,450.11,-1,-1,-1,-1
192,38,1475.94,430.39,94.08,223.81,-1,-1,-1,-1
192,40,571.29,377.53,164.43,404.95,-1,-1,-1,-1
192,41,0.00,247.20,141.47,488.51,-1,-1,-1,-1
193,1,0.00,78.12,465.29,954.56,-1,-1,-1,-1
193,6,706.73,0.65,401.27,1059.41,-1,-1,-1,-1
193,8,129.94,546.29,71.02,197.01,-1,-1,-1,-1
193,25,1600.08,399.34,127.55,255.45,-1,-1,-1,-1
193,29,1402.39,445.10,98.17,237.22,-1,-1,-1,-1
193,30,494.48,393.81,110.86,410.86,-1,-1,-1,-1
193,31,1375.16,541.05,50.21,147.78,-1,-1,-1,-1
193,35,95.85,220.87,187.35,570.40,-1,-1,-1,-1
193,37,850.38,370.90,139.19,445.63,-1,-1,-1,-1
193,38,1477.70,430.63,93.10,223.98,-1,-1,-1,-1
193,40,573.55,378.57,167.06,404.97,-1,-1,-1,-1
193,41,17.10,252.27,128.86,350.09,-1,-1,-1,-1
194,1,0.00,80.35,432.77,938.32,-1,-1,-1,-1
194,6,685.18,1.90,404.80,1060.10,-1,-1,-1,-1
194,8,129.49,545.31,71.42,198.09,-1,-1,-1,-1
194,25,1602.91,400.39,125.73,253.84,-1,-1,-1,-1
194,29,1402.85,444.18,97.25,237.75,-1,-1,-1,-1
194,30,509.46,391.29,113.16,414.90,-1,-1,-1,-1
194,31,1377.47,539.66,50.36,149.04,-1,-1,-1,-1
194,35,105.98,227.80,184.49,574.66,-1,-1,-1,-1
194,37,865.58,372.45,141.73,441.15,-1,-1,-1,-1
194,38,1482.37,430.86,88.64,223.66,-1,-1,-1,-1
194,40,576.78,380.66,142.61,404.98,-1,-1,-1,-1
195,1,0.00,80.37,442.94,958.84,-1,-1,-1,-1
195,6,655.04,2.97,424.19,1051.43,-1,-1,-1,-1
195,8,129.04,544.34,71.82,199.17,-1,-1,-1,-1
195,25,1606.06,400.85,123.57,252.97,-1,-1,-1,-1
195,29,1402.72,443.65,97.96,239.95,-1,-1,-1,-1
195,30,516.26,391.94,115.22,414.78,-1,-1,-1,-1
195,31,1377.48,538.59,54.92,150.37,-1,-1,-1,-1
195,35,116.11,234.73,181.63,578.92,-1,-1,-1,-1
195,37,880.77,374.01,144.27,436.66,-1,-1,-1,-1
195,38,1485.15,429.54,86.46,224.74,-1,-1,-1,-1
195,40,585.30,379.73,115.92,381.72,-1,-1,-1,-1
196,1,0.00,79.07,381.83,894.41,-1,-1,-1,-1
196,6,606.20,20.32,463.90,1039.57,-1,-1,-1,-1
196,8,128.58,543.36,72.22,200.24,-1,-1,-1,-1
196,25,1614.50,400.73,116.69,250.95,-1,-1,-1,-1
196,29,1403.07,442.30,99.95,240.05,-1,-1,-1,-1
196,30,518.59,392.30,126.93,412.80,-1,-1,-1,-1
196,31,1378.02,538.69,63.31,150.85,-1,-1,-1,-1
196,35,126.24,241.66,178.76,583.18,-1,-1,-1,-1
196,37,895.97,375.57,146.81,432.18,-1,-1,-1,-1
196,38,1489.68,428.45,82.00,225.28,-1,-1,-1,-1
196,40,595.79,378.26,84.62,254.89,-1,-1,-1,-1
197,1,0.00,78.01,341.41,861.61,-1,-1,-1,-1
197,6,568.01,13.05,494.53,1043.86,-1,-1,-1,-1
197,8,128.13,542.38,72.62,201.32,-1,-1,-1,-1
197,25,1620.43,399.22,111.39,250.40,-1,-1,-1,-1
197,29,1403.49,442.43,100.17,241.41,-1,-1,-1,-1
197,30,520.03,391.95,118.95,412.83,-1,-1,-1,-1
197,31,1382.39,539.13,65.78,151.11,-1,-1,-1,-1
197,35,136.36,248.59,175.90,587.44,-1,-1,-1,-1
197,37,911.16,377.13,149.34,427.69,-1,-1,-1,-1
197,38,1492.51,427.70,79.44,225.68,-1,-1,-1,-1
197,40,607.53,376.47,57.36,149.67,-1,-1,-1,-1
197,44,273.46,212.62,251.04,746.64,-1,-1,-1,-1
198,1,0.00,66.56,307.88,811.42,-1,-1,-1,-1
198,6,540.08,10.23,518.87,1044.65,-1,-1,-1,-1
198,8,127.67,541.41,73.02,202.40,-1,-1,-1,-1
198,25,1622.14,398.45,110.38,249.89,-1,-1,-1,-1
198,29,1406.00,442.55,99.39,242.44,-1,-1,-1,-1
198,30,519.83,390.86,122.99,413.30,-1,-1,-1,-1
198,31,1386.30,540.98,65.43,149.99,-1,-1,-1,-1
198,35,146.49,255.52,173.04,591.69,-1,-1,-1,-1
198,37,912.54,380.05,147.57,424.73,-1,-1,-1,-1
198,38,1495.54,427.52,76.71,225.47,-1,-1,-1,-1
198,44,267.71,216.94,283.83,748.21,-1,-1,-1,-1
199,1,0.00,60.48,265.28,805.14,-1,-1,-1,-1
199,6,519.84,6.73,535.25,1049.88,-1,-1,-1,-1
199,8,127.22,540.43,73.42,203.48,-1,-1,-1,-1
199,25,1623.83,396.62,109.85,251.11,-1,-1,-1,-1
199,29,1408.26,442.24,99.95,242.76,-1,-1,-1,-1
199,30,522.75,391.20,100.08,407.84,-1,-1,-1,-1
199,31,1389.78,542.77,62.61,148.62,-1,-1,-1,-1
199,35,156.62,262.45,170.18,595.95,-1,-1,-1,-1
199,37,933.82,470.47,136.04,333.05,-1,-1,-1,-1
199,38,1498.57,426.90,74.00,225.70,-1,-1,-1,-1
199,44,269.75,229.94,310.56,732.45,-1,-1,-1,-1
200,1,0.00,65.32,232.15,924.40,-1,-1,-1,-1
200,6,490.22,4.41,551.74,1053.76,-1,-1,-1,-1
200,8,126.76,539.46,73.82,204.56,-1,-1,-1,-1
200,25,1625.66,395.35,110.42,252.90,-1,-1,-1,-1
200,29,1409.62,441.99,100.73,243.37,-1,-1,-1,-1
200,30,522.19,388.06,109.99,420.01,-1,-1,-1,-1
200,31,1393.42,542.39,59.60,149.23,-1,-1,-1,-1
200,35,147.83,264.45,210.30,645.12,-1,-1,-1,-1
200,37,943.65,501.44,151.56,300.35,-1,-1,-1,-1
200,38,1503.17,428.48,70.67,224.82,-1,-1,-1,-1
200,44,266.92,239.50,305.32,718.27,-1,-1,-1,-1
201,1,0.00,85.91,195.81,894.35,-1,-1,-1,-1
201,6,459.08,2.40,573.55,1058.04,-1,-1,-1,-1
201,8,126.31,538.48,74.22,205.64,-1,-1,-1,-1
201,20,849.83,309.06,195.29,481.99,-1,-1,-1,-1
201,25,1630.48,396.31,106.92,251.11,-1,-1,-1,-1
201,29,1410.86,442.05,102.98,243.77,-1,-1,-1,-1
201,30,521.63,384.93,119.91,432.18,-1,-1,-1,-1
201,31,1398.64,541.46,56.65,149.68,-1,-1,-1,-1
201,35,175.15,264.98,195.11,649.51,-1,-1,-1,-1
201,37,952.99,382.50,186.70,418.56,-1,-1,-1,-1
201,38,1508.25,426.05,70.82,228.66,-1,-1,-1,-1
201,44,273.37,246.98,284.75,709.00,-1,-1,-1,-1
202,1,0.00,169.48,164.35,865.20,-1,-1,-1,-1
202,6,432.92,2.41,586.59,1057.78,-1,-1,-1,-1
202,8,125.85,537.51,74.62,206.72,-1,-1,-1,-1
202,20,829.56,302.44,202.73,488.16,-1,-1,-1,-1
202,25,1633.66,397.86,107.71,249.10,-1,-1,-1,-1
202,29,1415.82,440.71,102.18,245.61,-1,-1,-1,-1
202,30,521.08,381.80,129.82,444.35,-1,-1,-1,-1
202,31,1403.82,539.34,55.71,151.18,-1,-1,-1,-1
202,35,200.17,264.48,188.26,648.64,-1,-1,-1,-1
202,37,961.39,349.08,200.42,453.24,-1,-1,-1,-1
202,38,1509.99,425.21,73.67,230.37,-1,-1,-1,-1
202,44,276.30,250.66,266.54,699.34,-1,-1,-1,-1
203,1,0.00,222.84,132.84,738.55,-1,-1,-1,-1
203,6,427.90,5.01,562.62,1059.31,-1,-1,-1,-1
203,8,125.40,536.53,75.02,207.80,-1,-1,-1,-1
203,20,813.41,311.49,197.12,478.24,-1,-1,-1,-1
203,25,1636.96,398.24,109.33,247.47,-1,-1,-1,-1
203,29,1419.09,440.97,101.35,246.87,-1,-1,-1,-1
203,30,520.52,378.66,139.73,456.52,-1,-1,-1,-1
203,31,1407.54,537.48,56.39,152.77,-1,-1,-1,-1
203,35,216.89,262.22,193.71,630.82,-1,-1,-1,-1
203,37,964.26,336.34,210.51,464.34,-1,-1,-1,-1
203,38,1521.04,427.52,69.18,226.48,-1,-1,-1,-1
203,44,284.24,252.17,244.09,700.45,-1,-1,-1,-1
204,1,0.00,301.33,92.98,586.77,-1,-1,-1,-1
204,6,376.92,8.31,581.90,1056.35,-1,-1,-1,-1
204,8,124.44,548.43,75.64,196.26,-1,-1,-1,-1
204,20,842.36,426.66,173.73,366.13,-1,-1,-1,-1
204,25,1640.28,400.48,113.08,245.92,-1,-1,-1,-1
204,29,1421.95,441.71,102.21,247.91,-1,-1,-1,-1
204,30,519.96,375.53,149.64,468.69,-1,-1,-1,-1
204,31,1409.84,537.20,57.94,154.37,-1,-1,-1,-1
204,35,234.71,262.73,199.35,649.43,-1,-1,-1,-1
204,37,967.26,333.10,213.29,460.75,-1,-1,-1,-1
204,38,1526.99,427.17,81.22,226.49,-1,-1,-1,-1
204,44,276.19,267.77,247.20,687.93,-1,-1,-1,-1
205,1,0.00,410.76,57.78,416.71,-1,-1,-1,-1
205,6,371.93,9.61,564.20,1053.65,-1,-1,-1,-1
205,8,125.33,555.56,74.30,188.68,-1,-1,-1,-1
205,20,852.54,421.46,156.69,370.60,-1,-1,-1,-1
205,25,1644.36,401.58,112.01,244.51,-1,-1,-1,-1
205,29,1424.17,441.12,102.64,248.30,-1,-1,-1,-1
205,30,519.41,372.40,159.55,480.86,-1,-1,-1,-1
205,31,1412.19,538.52,58.97,152.84,-1,-1,-1,-1
205,35,249.10,266.19,184.32,640.04,-1,-1,-1,-1
205,37,968.90,332.38,214.14,462.90,-1,-1,-1,-1
205,38,1528.16,426.40,97.63,226.77,-1,-1,-1,-1
205,44,268.14,283.36,250.30,675.40,-1,-1,-1,-1
206,1,0.00,433.27,59.52,561.27,-1,-1,-1,-1
206,6,323.32,4.00,559.32,1060.39,-1,-1,-1,-1
206,8,125.89,555.51,73.59,188.49,-1,-1,-1,-1
206,20,858.42,422.87,160.92,369.93,-1,-1,-1,-1
206,25,1648.95,403.23,107.38,242.05,-1,-1,-1,-1
206,29,1425.93,439.97,105.22,249.66,-1,-1,-1,-1
206,30,518.85,369.27,169.46,493.04,-1,-1,-1,-1
206,31,1414.82,539.17,59.67,153.44,-1,-1,-1,-1
206,35,267.81,272.25,142.96,631.76,-1,-1,-1,-1
206,37,977.07,332.84,207.32,460.55,-1,-1,-1,-1
206,38,1530.76,426.95,109.80,224.72,-1,-1,-1,-1
206,44,260.08,298.95,253.41,662.88,-1,-1,-1,-1
207,1,0.00,337.71,76.84,680.85,-1,-1,-1,-1
207,6,274.99,3.29,566.68,1034.45,-1,-1,-1,-1
207,8,124.36,546.20,75.89,198.68,-1,-1,-1,-1
207,20,861.72,422.36,163.63,370.53,-1,-1,-1,-1
207,25,1653.16,404.34,103.82,240.63,-1,-1,-1,-1
207,29,1428.15,439.05,105.05,251.65,-1,-1,-1,-1
207,30,518.30,366.13,179.37,505.21,-1,-1,-1,-1
207,31,1417.45,537.31,60.29,156.92,-1,-1,-1,-1
207,35,281.75,284.31,153.60,616.26,-1,-1,-1,-1
207,37,988.47,334.04,196.41,455.77,-1,-1,-1,-1
207,38,1531.79,428.36,117.04,223.88,-1,-1,-1,-1
207,44,252.03,314.55,256.52,650.36,-1,-1,-1,-1
208,1,0.00,287.25,133.72,740.19,-1,-1,-1,-1
208,6,237.66,0.98,562.36,1052.46,-1,-1,-1,-1
208,8,124.29,545.92,75.86,198.87,-1,-1,-1,-1
208,20,867.33,421.28,158.71,366.41,-1,-1,-1,-1
208,25,1655.20,402.97,101.98,241.50,-1,-1,-1,-1
208,29,1432.36,438.87,103.40,252.63,-1,-1,-1,-1
208,30,517.74,363.00,189.29,517.38,-1,-1,-1,-1
208,31,1420.01,537.51,60.39,157.71,-1,-1,-1,-1
208,35,295.69,296.37,164.25,600.75,-1,-1,-1,-1
208,37,1002.50,334.49,182.20,452.02,-1,-1,-1,-1
208,38,1532.40,429.16,122.13,223.75,-1,-1,-1,-1
208,44,243.98,330.14,259.63,637.83,-1,-1,-1,-1
209,1,0.00,262.99,173.55,759.63,-1,-1,-1,-1
209,6,183.33,0.14,547.74,1059.78,-1,-1,-1,-1
209,8,124.22,545.63,75.83,199.06,-1,-1,-1,-1
209,20,884.89,418.01,154.28,362.50,-1,-1,-1,-1
209,25,1660.09,403.56,102.65,239.46,-1,-1,-1,-1
209,29,1435.73,435.43,103.73,253.15,-1,-1,-1,-1
209,30,517.18,359.87,199.20,529.55,-1,-1,-1,-1
209,31,1422.26,535.82,59.96,159.99,-1,-1,-1,-1
209,35,309.63,308.43,174.89,585.25,-1,-1,-1,-1
209,37,1024.59,331.88,166.19,453.07,-1,-1,-1,-1
209,38,1533.91,430.15,124.18,223.06,-1,-1,-1,-1
209,44,235.92,345.73,262.74,625.31,-1,-1,-1,-1
209,47,661.32,410.05,140.23,393.57,-1,-1,-1,-1
210,1,0.00,256.24,175.20,760.16,-1,-1,-1,-1
210,6,136.78,2.59,540.52,1062.28,-1,-1,-1,-1
210,8,124.15,545.34,75.80,199.25,-1,-1,-1,-1
210,20,902.63,416.22,145.38,359.59,-1,-1,-1,-1
210,25,1663.54,403.04,104.71,238.66,-1,-1,-1,-1
210,29,1437.10,435.03,104.40,255.65,-1,-1,-1,-1
210,30,516.63,356.73,209.11,541.72,-1,-1,-1,-1
210,31,1423.51,533.98,59.96,162.18,-1,-1,-1,-1
210,35,323.57,320.49,185.53,569.75,-1,-1,-1,-1
210,37,1045.11,330.62,164.10,453.93,-1,-1,-1,-1
210,38,1534.47,429.67,124.66,223.72,-1,-1,-1,-1
210,44,227.87,361.33,265.85,612.79,-1,-1,-1,-1
210,47,670.57,386.52,150.84,414.00,-1,-1,-1,-1
211,1,0.00,267.71,153.91,778.11,-1,-1,-1,-1
211,6,89.10,0.79,542.27,1068.97,-1,-1,-1,-1
211,7,907.60,517.77,34.07,110.98,-1,-1,-1,-1
211,8,124.08,545.06,75.77,199.44,-1,-1,-1,-1
211,20,924.71,412.77,129.68,361.26,-1,-1,-1,-1
211,25,1667.15,401.98,110.16,239.17,-1,-1,-1,-1
211,29,1440.00,433.64,104.07,253.10,-1,-1,-1,-1
211,30,517.06,291.22,245.25,614.28,-1,-1,-1,-1
211,31,1428.11,531.68,58.20,164.26,-1,-1,-1,-1
211,35,337.51,332.55,196.17,554.25,-1,-1,-1,-1
211,37,1062.06,330.98,175.01,453.79,-1,-1,-1,-1
211,38,1542.04,429.50,117.27,222.90,-1,-1,-1,-1
211,44,219.82,376.92,268.95,600.26,-1,-1,-1,-1
211,47,691.64,376.88,170.80,416.10,-1,-1,-1,-1
212,1,0.00,275.33,117.96,746.30,-1,-1,-1,-1
212,6,24.88,0.12,572.65,1014.19,-1,-1,-1,-1
212,7,908.15,516.96,33.60,111.52,-1,-1,-1,-1
212,8,124.01,544.77,75.74,199.63,-1,-1,-1,-1
212,20,938.87,410.69,121.88,362.06,-1,-1,-1,-1
212,25,1669.47,400.84,110.37,239.67,-1,-1,-1,-1
212,29,1442.92,433.50,104.04,253.62,-1,-1,-1,-1
212,30,516.07,268.54,278.90,641.26,-1,-1,-1,-1
212,31,1430.29,530.44,56.56,165.30,-1,-1,-1,-1
212,35,351.46,344.61,206.82,538.75,-1,-1,-1,-1
212,37,1073.29,331.63,184.88,453.14,-1,-1,-1,-1
212,38,1551.76,428.38,107.42,223.48,-1,-1,-1,-1
212,44,211.76,392.51,272.06,587.74,-1,-1,-1,-1
212,47,689.33,373.70,193.23,417.46,-1,-1,-1,-1
212,49,935.44,534.20,24.95,76.00,-1,-1,-1,-1
213,1,0.00,238.98,83.21,639.35,-1,-1,-1,-1
213,6,2.89,0.00,573.63,960.57,-1,-1,-1,-1
213,7,908.31,516.41,33.85,111.88,-1,-1,-1,-1
213,8,123.94,544.49,75.71,199.82,-1,-1,-1,-1
213,20,950.15,409.82,119.69,361.79,-1,-1,-1,-1
213,25,1672.20,400.69,109.43,239.12,-1,-1,-1,-1
213,29,1446.46,434.26,103.29,255.31,-1,-1,-1,-1
213,30,517.90,261.01,298.41,651.05,-1,-1,-1,-1
213,31,1432.25,530.29,55.59,165.61,-1,-1,-1,-1
213,35,365.40,356.66,217.46,523.24,-1,-1,-1,-1
213,37,1082.38,333.56,190.92,451.76,-1,-1,-1,-1
213,38,1561.79,427.75,97.20,223.12,-1,-1,-1,-1
213,44,203.71,408.10,275.17,575.22,-1,-1,-1,-1
213,47,694.94,372.65,193.10,418.44,-1,-1,-1,-1
213,49,934.39,534.00,24.94,77.35,-1,-1,-1,-1
214,6,0.00,3.40,559.50,981.56,-1,-1,-1,-1
214,7,907.81,516.04,34.27,113.12,-1,-1,-1,-1
214,8,123.87,544.20,75.68,200.01,-1,-1,-1,-1
214,20,963.65,410.41,118.02,360.92,-1,-1,-1,-1
214,25,1673.91,400.92,110.42,238.93,-1,-1,-1,-1
214,29,1449.19,437.55,95.94,252.84,-1,-1,-1,-1
214,30,518.77,261.07,310.47,650.37,-1,-1,-1,-1
214,31,1433.24,530.38,58.79,165.68,-1,-1,-1,-1
214,35,379.34,368.72,228.10,507.74,-1,-1,-1,-1
214,37,1093.34,335.78,195.81,449.70,-1,-1,-1,-1
214,38,1575.16,426.34,86.01,225.01,-1,-1,-1,-1
214,44,195.66,423.70,278.28,562.69,-1,-1,-1,-1
214,47,711.47,370.28,181.79,421.26,-1,-1,-1,-1
214,49,935.05,538.24,21.00,72.78,-1,-1,-1,-1
215,6,0.00,5.03,538.87,1027.10,-1,-1,-1,-1
215,7,907.66,515.86,34.85,113.28,-1,-1,-1,-1
215,8,123.80,543.92,75.65,200.20,-1,-1,-1,-1
215,20,973.77,411.84,117.70,359.65,-1,-1,-1,-1
215,25,1676.20,401.60,110.41,239.97,-1,-1,-1,-1
215,29,1458.07,438.03,91.03,253.09,-1,-1,-1,-1
215,30,518.57,267.97,317.93,637.69,-1,-1,-1,-1
215,31,1432.50,529.92,65.95,167.27,-1,-1,-1,-1
215,35,401.39,304.64,221.42,570.27,-1,-1,-1,-1
215,37,1102.52,338.33,194.75,445.25,-1,-1,-1,-1
215,38,1581.91,425.88,80.87,225.46,-1,-1,-1,-1
215,44,187.60,439.29,281.39,550.17,-1,-1,-1,-1
215,47,707.49,368.82,185.18,421.51,-1,-1,-1,-1
216,6,0.00,9.01,512.39,1036.08,-1,-1,-1,-1
216,7,905.02,515.87,38.86,113.33,-1,-1,-1,-1
216,8,123.73,543.63,75.62,200.39,-1,-1,-1,-1
216,20,987.26,414.78,119.40,356.60,-1,-1,-1,-1
216,25,1677.09,402.74,113.84,237.76,-1,-1,-1,-1
216,29,1461.15,437.54,91.84,254.41,-1,-1,-1,-1
216,30,538.29,270.06,302.75,624.27,-1,-1,-1,-1
216,31,1437.93,532.64,62.50,165.95,-1,-1,-1,-1
216,35,438.22,288.06,186.22,599.06,-1,-1,-1,-1
216,37,1112.67,342.52,190.45,439.96,-1,-1,-1,-1
216,38,1589.61,425.08,77.95,225.36,-1,-1,-1,-1
216,44,179.55,454.88,284.50,537.65,-1,-1,-1,-1
216,47,738.63,367.85,158.14,423.78,-1,-1,-1,-1
217,6,0.00,3.31,494.75,1057.48,-1,-1,-1,-1
217,7,906.49,515.94,38.66,112.97,-1,-1,-1,-1
217,8,123.66,543.35,75.59,200.58,-1,-1,-1,-1
217,20,994.65,418.45,123.36,352.55,-1,-1,-1,-1
217,25,1679.28,404.24,114.27,235.93,-1,-1,-1,-1
217,29,1462.67,439.18,93.15,254.22,-1,-1,-1,-1
217,30,552.03,262.89,290.93,630.08,-1,-1,-1,-1
217,31,1441.62,538.11,59.26,161.40,-1,-1,-1,-1
217,35,464.63,282.85,169.98,591.09,-1,-1,-1,-1
217,37,1119.48,346.59,188.28,435.36,-1,-1,-1,-1
217,38,1596.85,424.85,82.94,224.91,-1,-1,-1,-1
217,44,171.50,470.48,287.60,525.12,-1,-1,-1,-1
217,47,756.11,367.54,142.61,424.21,-1,-1,-1,-1
218,6,0.00,1.13,479.97,1055.40,-1,-1,-1,-1
218,7,907.31,516.04,38.45,112.90,-1,-1,-1,-1
218,8,123.59,543.06,75.56,200.77,-1,-1,-1,-1
218,20,996.91,419.37,129.92,349.91,-1,-1,-1,-1
218,25,1682.83,405.90,113.22,233.60,-1,-1,-1,-1
218,29,1463.08,437.90,93.78,255.70,-1,-1,-1,-1
218,30,578.73,265.42,265.19,623.16,-1,-1,-1,-1
218,31,1444.62,541.30,57.62,158.49,-1,-1,-1,-1
218,35,481.94,281.78,162.48,589.32,-1,-1,-1,-1
218,37,1125.36,347.97,187.72,432.83,-1,-1,-1,-1
218,38,1603.43,425.03,88.17,223.57,-1,-1,-1,-1
218,44,163.45,486.07,290.71,512.60,-1,-1,-1,-1
218,47,769.40,367.78,128.52,423.22,-1,-1,-1,-1
219,6,0.00,0.30,453.54,1008.44,-1,-1,-1,-1
219,7,908.45,515.88,36.75,112.70,-1,-1,-1,-1
219,8,123.52,542.78,75.53,200.96,-1,-1,-1,-1
219,20,1001.49,421.68,134.28,348.05,-1,-1,-1,-1
219,25,1684.37,407.89,114.88,232.47,-1,-1,-1,-1
219,29,1467.42,437.37,93.38,256.44,-1,-1,-1,-1
219,30,614.52,267.26,230.78,614.15,-1,-1,-1,-1
219,31,1449.75,542.38,57.12,157.42,-1,-1,-1,-1
219,35,501.06,284.49,156.80,580.50,-1,-1,-1,-1
219,37,1136.84,349.22,183.57,428.67,-1,-1,-1,-1
219,38,1611.02,425.57,100.99,223.76,-1,-1,-1,-1
219,44,155.39,501.66,293.82,500.08,-1,-1,-1,-1
219,47,784.60,367.92,111.18,421.29,-1,-1,-1,-1
220,6,0.00,0.79,432.00,1008.40,-1,-1,-1,-1
220,7,909.11,515.79,37.03,112.14,-1,-1,-1,-1
220,8,123.45,542.49,75.50,201.15,-1,-1,-1,-1
220,20,1007.76,421.48,133.71,345.22,-1,-1,-1,-1
220,25,1690.45,407.19,109.57,232.16,-1,-1,-1,-1
220,29,1472.33,437.18,91.35,256.75,-1,-1,-1,-1
220,30,650.37,267.21,211.04,610.80,-1,-1,-1,-1
220,31,1453.93,541.49,56.81,158.81,-1,-1,-1,-1
220,35,515.41,287.04,159.76,574.79,-1,-1,-1,-1
220,37,1146.64,349.32,179.97,421.80,-1,-1,-1,-1
220,38,1615.40,427.16,111.40,222.46,-1,-1,-1,-1
220,44,154.88,496.32,332.86,503.21,-1,-1,-1,-1
220,47,793.74,368.35,106.03,421.69,-1,-1,-1,-1
221,6,0.00,7.02,426.79,994.28,-1,-1,-1,-1
221,7,909.15,516.42,37.42,112.38,-1,-1,-1,-1
221,8,123.38,542.21,75.47,201.34,-1,-1,-1,-1
221,20,1025.85,419.61,122.95,340.91,-1,-1,-1,-1
221,25,1692.23,405.52,108.33,231.30,-1,-1,-1,-1
221,29,1476.95,437.19,87.84,256.55,-1,-1,-1,-1
221,30,684.56,263.55,196.85,613.37,-1,-1,-1,-1
221,31,1458.57,539.06,57.52,161.92,-1,-1,-1,-1
221,35,530.96,290.10,192.33,573.99,-1,-1,-1,-1
221,37,1158.07,348.32,169.94,417.16,-1,-1,-1,-1
221,38,1618.47,427.71,92.16,223.67,-1,-1,-1,-1
221,44,144.45,304.17,395.89,693.48,-1,-1,-1,-1
221,47,805.35,369.40,110.58,420.36,-1,-1,-1,-1
222,6,0.00,38.34,377.43,961.70,-1,-1,-1,-1
222,7,909.35,516.31,34.86,112.13,-1,-1,-1,-1
222,8,123.31,541.92,75.44,201.53,-1,-1,-1,-1
222,20,1039.27,418.29,116.37,338.13,-1,-1,-1,-1
222,25,1694.22,405.59,106.89,228.45,-1,-1,-1,-1
222,29,1479.66,434.23,84.41,255.03,-1,-1,-1,-1
222,30,704.25,262.98,201.56,611.35,-1,-1,-1,-1
222,31,1461.07,538.67,60.52,162.72,-1,-1,-1,-1
222,35,537.96,295.36,213.41,567.96,-1,-1,-1,-1
222,37,1164.66,347.61,162.80,416.51,-1,-1,-1,-1
222,38,1620.51,428.78,116.50,222.07,-1,-1,-1,-1
222,44,147.06,277.65,413.88,718.36,-1,-1,-1,-1
222,47,813.13,375.53,129.37,411.85,-1,-1,-1,-1
223,6,81.32,221.81,238.33,747.72,-1,-1,-1,-1
223,8,123.24,541.64,75.41,201.72,-1,-1,-1,-1
223,20,1048.22,416.44,113.24,337.41,-1,-1,-1,-1
223,25,1696.21,403.60,105.96,229.17,-1,-1,-1,-1
223,29,1483.78,433.23,83.75,258.17,-1,-1,-1,-1
223,30,718.38,264.83,210.92,609.37,-1,-1,-1,-1
223,31,1462.81,538.30,64.24,163.11,-1,-1,-1,-1
223,35,538.41,297.82,223.04,564.77,-1,-1,-1,-1
223,37,1170.23,347.64,154.73,414.86,-1,-1,-1,-1
223,38,1620.94,428.19,129.07,222.09,-1,-1,-1,-1
223,44,158.25,275.23,414.57,718.71,-1,-1,-1,-1
223,47,832.54,375.89,137.23,405.94,-1,-1,-1,-1
224,6,120.54,295.94,227.58,658.40,-1,-1,-1,-1
224,8,123.17,541.35,75.38,201.91,-1,-1,-1,-1
224,20,1056.52,415.32,115.21,337.95,-1,-1,-1,-1
224,25,1700.49,403.51,104.17,231.77,-1,-1,-1,-1
224,29,1486.19,432.13,80.76,259.91,-1,-1,-1,-1
224,30,735.68,268.15,216.32,606.02,-1,-1,-1,-1
224,31,1465.32,538.99,63.81,161.98,-1,-1,-1,-1
224,35,540.31,303.04,227.07,557.32,-1,-1,-1,-1
224,37,1177.19,347.20,143.61,415.10,-1,-1,-1,-1
224,38,1620.83,429.52,134.79,220.51,-1,-1,-1,-1
224,44,179.23,280.96,402.18,708.60,-1,-1,-1,-1
224,47,845.71,386.27,150.32,391.53,-1,-1,-1,-1
225,6,141.14,322.47,289.23,639.29,-1,-1,-1,-1
225,8,123.10,541.07,75.35,202.10,-1,-1,-1,-1
225,20,1063.06,415.08,117.67,338.22,-1,-1,-1,-1
225,25,1704.59,403.61,101.95,234.69,-1,-1,-1,-1
225,29,1487.65,431.56,79.73,262.80,-1,-1,-1,-1
225,30,748.61,270.34,237.57,603.35,-1,-1,-1,-1
225,31,1468.18,540.21,61.37,161.72,-1,-1,-1,-1
225,35,543.46,303.70,226.73,556.29,-1,-1,-1,-1
225,37,1185.03,347.95,145.92,413.99,-1,-1,-1,-1
225,38,1622.70,428.66,135.39,220.68,-1,-1,-1,-1
225,44,201.14,285.01,383.50,699.57,-1,-1,-1,-1
225,47,853.96,390.01,155.48,384.80,-1,-1,-1,-1
226,6,145.44,328.03,288.44,618.15,-1,-1,-1,-1
226,8,123.03,540.78,75.32,202.29,-1,-1,-1,-1
226,20,1071.47,417.28,125.32,335.43,-1,-1,-1,-1
226,25,1710.01,403.74,98.26,229.68,-1,-1,-1,-1
226,29,1491.57,428.46,82.05,263.53,-1,-1,-1,-1
226,30,753.66,275.13,246.59,597.83,-1,-1,-1,-1
226,31,1472.13,541.78,61.20,161.96,-1,-1,-1,-1
226,35,555.18,302.36,218.12,555.00,-1,-1,-1,-1
226,37,1193.66,350.96,155.88,411.28,-1,-1,-1,-1
226,38,1630.89,427.78,127.40,221.21,-1,-1,-1,-1
226,44,239.43,288.56,345.48,683.64,-1,-1,-1,-1
226,47,872.77,414.89,143.62,361.08,-1,-1,-1,-1
226,55,1168.58,439.59,48.28,213.91,-1,-1,-1,-1
227,6,157.79,329.08,305.51,609.93,-1,-1,-1,-1
227,8,122.96,540.50,75.29,202.48,-1,-1,-1,-1
227,20,1077.35,419.80,134.60,332.70,-1,-1,-1,-1
227,25,1714.85,403.73,97.48,226.70,-1,-1,-1,-1
227,29,1495.72,426.09,88.79,267.86,-1,-1,-1,-1
227,30,756.06,282.86,252.85,590.22,-1,-1,-1,-1
227,31,1474.85,542.66,60.57,161.98,-1,-1,-1,-1
227,35,571.69,303.08,203.68,552.02,-1,-1,-1,-1
227,37,1201.84,352.83,157.79,409.22,-1,-1,-1,-1
227,38,1641.05,427.04,118.35,220.93,-1,-1,-1,-1
227,44,276.44,289.33,309.87,673.16,-1,-1,-1,-1
227,47,885.98,445.59,134.56,330.56,-1,-1,-1,-1
227,55,1171.14,439.58,46.17,212.63,-1,-1,-1,-1
228,6,173.31,326.77,294.85,604.58,-1,-1,-1,-1
228,8,122.19,538.93,75.65,204.01,-1,-1,-1,-1
228,20,1084.11,422.01,134.71,330.65,-1,-1,-1,-1
228,25,1719.80,404.93,97.64,224.65,-1,-1,-1,-1
228,29,1498.69,425.47,94.40,269.31,-1,-1,-1,-1
228,30,757.43,280.45,263.57,592.02,-1,-1,-1,-1
228,31,1477.82,543.25,61.43,162.08,-1,-1,-1,-1
228,35,591.81,302.13,187.62,548.81,-1,-1,-1,-1
228,37,1208.05,354.47,155.23,406.81,-1,-1,-1,-1
228,38,1651.14,425.06,108.45,222.55,-1,-1,-1,-1
228,44,321.51,287.53,268.90,668.85,-1,-1,-1,-1
228,47,899.26,451.99,127.92,323.45,-1,-1,-1,-1
228,55,1165.05,438.24,49.55,214.17,-1,-1,-1,-1
229,6,204.37,322.18,256.13,595.26,-1,-1,-1,-1
229,8,122.40,543.01,75.29,200.12,-1,-1,-1,-1
229,20,1091.50,424.14,134.93,327.81,-1,-1,-1,-1
229,25,1726.93,408.10,95.62,219.91,-1,-1,-1,-1
229,29,1501.53,425.89,101.96,269.89,-1,-1,-1,-1
229,30,763.70,279.91,267.91,590.11,-1,-1,-1,-1
229,31,1482.79,542.24,59.98,163.86,-1,-1,-1,-1
229,35,622.10,302.03,164.18,539.65,-1,-1,-1,-1
229,37,1213.70,358.09,152.11,402.18,-1,-1,-1,-1
229,38,1664.97,423.05,94.48,223.74,-1,-1,-1,-1
229,44,371.60,285.72,240.47,666.43,-1,-1,-1,-1
229,47,922.36,468.14,112.04,307.46,-1,-1,-1,-1
229,55,1168.07,436.16,51.71,216.64,-1,-1,-1,-1
230,6,238.26,318.47,231.79,591.65,-1,-1,-1,-1
230,8,122.16,539.76,75.46,203.15,-1,-1,-1,-1
230,20,1094.95,425.55,135.11,325.99,-1,-1,-1,-1
230,25,1734.27,409.28,91.43,217.51,-1,-1,-1,-1
230,29,1504.07,426.14,108.94,270.11,-1,-1,-1,-1
230,30,776.92,279.93,264.63,587.10,-1,-1,-1,-1
230,31,1487.98,541.50,58.33,164.91,-1,-1,-1,-1
230,35,642.73,300.96,153.31,534.20,-1,-1,-1,-1
230,37,1221.09,360.25,146.65,399.58,-1,-1,-1,-1
230,38,1679.49,421.51,80.77,225.78,-1,-1,-1,-1
230,44,404.46,284.35,230.16,667.32,-1,-1,-1,-1
230,47,936.06,471.13,104.19,304.90,-1,-1,-1,-1
230,55,1175.65,436.15,51.40,216.08,-1,-1,-1,-1
231,6,288.75,321.94,194.63,581.49,-1,-1,-1,-1
231,8,121.45,537.29,75.95,205.61,-1,-1,-1,-1
231,20,1100.57,426.37,132.70,323.37,-1,-1,-1,-1
231,25,1742.26,410.40,86.84,216.97,-1,-1,-1,-1
231,29,1507.25,426.31,111.07,271.02,-1,-1,-1,-1
231,30,803.32,279.55,238.92,578.22,-1,-1,-1,-1
231,31,1492.54,540.26,60.93,166.16,-1,-1,-1,-1
231,35,659.64,301.34,152.89,531.49,-1,-1,-1,-1
231,37,1229.33,360.44,139.01,398.51,-1,-1,-1,-1
231,38,1689.74,420.44,71.70,226.65,-1,-1,-1,-1
231,44,431.06,287.49,232.54,664.61,-1,-1,-1,-1
231,55,1174.10,435.69,55.34,207.05,-1,-1,-1,-1
232,6,333.64,317.67,161.65,582.25,-1,-1,-1,-1
232,8,120.61,534.65,76.83,207.70,-1,-1,-1,-1
232,20,1109.70,425.33,126.91,321.35,-1,-1,-1,-1
232,25,1748.25,411.73,81.83,216.68,-1,-1,-1,-1
232,29,1508.97,426.83,109.81,271.46,-1,-1,-1,-1
232,30,827.36,278.90,214.15,572.97,-1,-1,-1,-1
232,31,1497.51,538.66,59.20,167.77,-1,-1,-1,-1
232,35,671.63,301.29,154.27,531.75,-1,-1,-1,-1
232,37,1234.38,360.11,133.88,397.36,-1,-1,-1,-1
232,38,1696.29,420.27,67.98,226.43,-1,-1,-1,-1
232,44,451.04,292.56,236.12,660.68,-1,-1,-1,-1
232,55,1180.45,435.74,53.59,206.05,-1,-1,-1,-1
233,6,366.15,316.55,145.48,582.23,-1,-1,-1,-1
233,8,120.84,535.53,76.67,206.71,-1,-1,-1,-1
233,20,1120.48,424.18,117.80,318.25,-1,-1,-1,-1
233,25,1752.26,412.28,77.94,216.66,-1,-1,-1,-1
233,29,1511.92,428.04,107.48,271.09,-1,-1,-1,-1
233,30,850.61,277.82,188.84,569.69,-1,-1,-1,-1
233,31,1501.70,536.23,59.94,170.28,-1,-1,-1,-1
233,35,682.58,302.88,169.66,529.43,-1,-1,-1,-1
233,37,1240.81,360.59,126.80,393.35,-1,-1,-1,-1
233,38,1701.23,419.63,68.92,227.27,-1,-1,-1,-1
233,44,466.18,297.49,242.60,660.42,-1,-1,-1,-1
233,55,1185.71,435.71,54.01,210.74,-1,-1,-1,-1
234,6,390.71,318.14,142.70,582.61,-1,-1,-1,-1
234,8,119.70,534.01,77.68,208.70,-1,-1,-1,-1
234,20,1134.51,423.54,109.41,316.97,-1,-1,-1,-1
234,25,1758.60,411.86,76.23,216.45,-1,-1,-1,-1
234,29,1516.17,427.32,105.65,272.53,-1,-1,-1,-1
234,30,873.01,276.32,165.94,567.07,-1,-1,-1,-1
234,31,1506.34,535.22,71.61,171.40,-1,-1,-1,-1
234,35,697.39,306.12,196.87,524.59,-1,-1,-1,-1
234,37,1249.02,359.48,127.17,389.60,-1,-1,-1,-1
234,38,1708.61,421.22,78.10,226.10,-1,-1,-1,-1
234,44,475.73,308.73,256.46,644.49,-1,-1,-1,-1
234,55,1194.49,435.70,64.75,216.41,-1,-1,-1,-1
235,6,405.45,320.45,151.82,583.78,-1,-1,-1,-1
235,8,116.68,533.25,80.59,209.56,-1,-1,-1,-1
235,20,1142.24,421.52,110.53,317.85,-1,-1,-1,-1
235,25,1762.94,410.88,76.37,217.12,-1,-1,-1,-1
235,29,1519.06,426.24,103.65,272.92,-1,-1,-1,-1
235,30,888.30,275.90,156.53,566.07,-1,-1,-1,-1
235,31,1508.92,534.83,82.78,172.18,-1,-1,-1,-1
235,35,709.33,307.40,216.33,524.04,-1,-1,-1,-1
235,37,1253.97,359.19,133.84,386.80,-1,-1,-1,-1
235,38,1713.12,423.50,83.88,223.77,-1,-1,-1,-1
235,44,482.50,314.12,265.72,636.94,-1,-1,-1,-1
235,55,1199.73,436.09,64.55,219.37,-1,-1,-1,-1
236,6,409.63,325.08,165.60,578.69,-1,-1,-1,-1
236,8,116.57,532.64,80.63,209.94,-1,-1,-1,-1
236,20,1149.89,421.00,112.17,317.96,-1,-1,-1,-1
236,25,1767.64,408.46,77.01,219.20,-1,-1,-1,-1
236,29,1521.78,425.71,94.43,270.82,-1,-1,-1,-1
236,30,905.21,277.41,168.16,563.48,-1,-1,-1,-1
236,31,1510.28,536.36,95.89,171.45,-1,-1,-1,-1
236,35,717.61,312.43,221.71,518.71,-1,-1,-1,-1
236,37,1262.22,359.61,144.72,385.06,-1,-1,-1,-1
236,38,1714.76,425.46,92.62,221.42,-1,-1,-1,-1
236,44,494.21,318.54,270.50,628.48,-1,-1,-1,-1
236,55,1203.80,434.35,62.81,224.17,-1,-1,-1,-1
237,6,411.96,327.22,182.35,574.18,-1,-1,-1,-1
237,8,116.49,532.87,80.77,209.24,-1,-1,-1,-1
237,20,1155.86,421.32,111.92,317.49,-1,-1,-1,-1
237,25,1771.46,407.44,77.75,219.64,-1,-1,-1,-1
237,29,1525.86,425.32,96.22,271.10,-1,-1,-1,-1
237,30,917.44,279.76,186.36,560.81,-1,-1,-1,-1
237,31,1510.52,537.22,102.58,170.78,-1,-1,-1,-1
237,35,721.33,314.66,224.52,514.55,-1,-1,-1,-1
237,37,1267.58,359.97,152.46,384.53,-1,-1,-1,-1
237,38,1714.84,425.95,97.37,220.59,-1,-1,-1,-1
237,44,509.98,321.06,267.96,622.67,-1,-1,-1,-1
237,55,1208.34,432.75,62.24,226.35,-1,-1,-1,-1
237,59,1691.44,471.35,40.58,113.51,-1,-1,-1,-1
237,60,891.11,374.20,56.36,358.70,-1,-1,-1,-1
238,6,413.36,329.73,208.46,568.82,-1,-1,-1,-1
238,8,117.50,532.80,79.83,209.16,-1,-1,-1,-1
238,20,1161.80,422.03,110.80,316.92,-1,-1,-1,-1
238,25,1774.29,407.02,78.03,222.81,-1,-1,-1,-1
238,29,1528.86,425.11,94.94,269.27,-1,-1,-1,-1
238,30,927.17,279.30,204.83,561.35,-1,-1,-1,-1
238,31,1511.15,537.01,103.63,170.93,-1,-1,-1,-1
238,35,722.65,316.41,225.38,510.69,-1,-1,-1,-1
238,37,1273.66,360.02,157.09,384.26,-1,-1,-1,-1
238,38,1718.99,425.82,95.62,220.93,-1,-1,-1,-1
238,44,533.35,318.79,255.26,613.96,-1,-1,-1,-1
238,55,1213.85,433.58,61.28,224.01,-1,-1,-1,-1
238,59,1691.18,471.11,41.28,113.54,-1,-1,-1,-1
238,60,895.34,374.60,55.46,360.19,-1,-1,-1,-1
239,6,421.48,331.73,225.01,566.23,-1,-1,-1,-1
239,8,118.85,533.83,79.30,208.00,-1,-1,-1,-1
239,20,1169.27,424.38,110.40,314.19,-1,-1,-1,-1
239,25,1780.00,407.27,75.17,214.29,-1,-1,-1,-1
239,29,1531.38,424.66,94.23,259.84,-1,-1,-1,-1
239,30,935.54,281.75,224.23,557.70,-1,-1,-1,-1
239,31,1515.31,537.63,101.12,170.18,-1,-1,-1,-1
239,35,726.31,317.54,222.90,508.49,-1,-1,-1,-1
239,37,1279.49,362.26,160.17,382.24,-1,-1,-1,-1
239,38,1728.78,424.76,88.10,220.34,-1,-1,-1,-1
239,44,572.05,317.50,229.50,598.32,-1,-1,-1,-1
239,55,1219.49,434.48,61.33,220.15,-1,-1,-1,-1
239,59,1692.10,470.89,41.62,113.62,-1,-1,-1,-1
239,60,903.12,374.46,57.19,364.79,-1,-1,-1,-1
240,6,436.57,331.42,218.54,565.11,-1,-1,-1,-1
240,8,119.24,533.24,80.35,208.56,-1,-1,-1,-1
240,20,1176.23,426.83,110.28,311.18,-1,-1,-1,-1
240,25,1784.01,407.82,74.76,207.80,-1,-1,-1,-1
240,29,1533.89,424.35,93.78,212.69,-1,-1,-1,-1
240,30,934.71,283.41,236.06,555.07,-1,-1,-1,-1
240,31,1520.35,537.79,96.70,170.00,-1,-1,-1,-1
240,35,732.33,315.97,219.45,509.46,-1,-1,-1,-1
240,37,1283.71,363.38,161.94,381.48,-1,-1,-1,-1
240,38,1737.75,424.57,82.39,218.43,-1,-1,-1,-1
240,44,599.08,316.01,213.68,589.52,-1,-1,-1,-1
240,59,1692.43,471.21,41.68,113.51,-1,-1,-1,-1
240,60,909.72,377.06,57.24,369.30,-1,-1,-1,-1
240,64,14.70,505.21,95.43,244.56,-1,-1,-1,-1
241,6,464.81,334.02,196.68,553.08,-1,-1,-1,-1
241,8,119.01,532.37,79.58,209.50,-1,-1,-1,-1
241,20,1184.88,429.53,108.01,307.48,-1,-1,-1,-1
241,25,1789.26,409.89,71.69,199.43,-1,-1,-1,-1
241,29,1535.69,423.42,90.88,216.41,-1,-1,-1,-1
241,30,936.87,290.59,234.50,546.35,-1,-1,-1,-1
241,31,1533.22,538.90,87.14,167.93,-1,-1,-1,-1
241,35,754.37,314.24,200.29,507.54,-1,-1,-1,-1
241,37,1289.50,365.72,161.40,378.14,-1,-1,-1,-1
241,38,1742.58,424.39,82.66,215.09,-1,-1,-1,-1
241,44,621.48,315.35,205.07,584.68,-1,-1,-1,-1
241,59,1692.10,471.15,42.58,113.68,-1,-1,-1,-1
241,60,914.39,377.29,62.58,372.75,-1,-1,-1,-1
241,64,16.83,503.37,93.78,246.34,-1,-1,-1,-1
241,65,917.70,366.28,93.27,391.47,-1,-1,-1,-1
242,6,494.31,334.11,173.35,542.13,-1,-1,-1,-1
242,8,118.48,533.02,79.58,209.03,-1,-1,-1,-1
242,20,1190.86,429.88,106.66,305.82,-1,-1,-1,-1
242,25,1792.62,412.74,71.27,199.88,-1,-1,-1,-1
242,29,1536.95,422.75,84.38,223.73,-1,-1,-1,-1
242,30,937.76,294.28,235.55,541.09,-1,-1,-1,-1
242,31,1545.70,538.38,79.86,168.20,-1,-1,-1,-1
242,35,781.59,315.19,176.09,497.85,-1,-1,-1,-1
242,37,1294.55,367.58,167.35,375.59,-1,-1,-1,-1
242,38,1748.34,422.17,81.11,217.45,-1,-1,-1,-1
242,44,637.14,317.15,200.56,583.13,-1,-1,-1,-1
242,59,1692.22,471.18,42.24,113.72,-1,-1,-1,-1
242,60,922.50,381.41,68.66,368.34,-1,-1,-1,-1
242,64,16.52,501.75,95.22,247.80,-1,-1,-1,-1
242,65,923.13,374.73,110.32,382.52,-1,-1,-1,-1
243,6,523.83,331.13,155.17,539.15,-1,-1,-1,-1
243,8,118.19,531.73,79.10,210.64,-1,-1,-1,-1
243,20,1197.62,429.92,105.00,305.43,-1,-1,-1,-1
243,25,1795.42,414.57,70.62,193.49,-1,-1,-1,-1
243,29,1538.57,422.51,77.58,197.74,-1,-1,-1,-1
243,30,941.79,289.04,232.88,544.91,-1,-1,-1,-1
243,31,1555.96,537.18,74.44,169.75,-1,-1,-1,-1
243,35,801.32,314.26,158.02,494.42,-1,-1,-1,-1
243,37,1299.14,368.03,167.24,374.48,-1,-1,-1,-1
243,38,1753.73,420.73,79.55,219.14,-1,-1,-1,-1
243,44,647.00,322.14,212.88,574.87,-1,-1,-1,-1
243,59,1692.05,471.19,42.53,113.83,-1,-1,-1,-1
243,60,928.27,382.92,76.26,367.07,-1,-1,-1,-1
243,64,17.04,502.28,94.26,247.48,-1,-1,-1,-1
243,65,931.74,381.67,124.50,373.94,-1,-1,-1,-1
243,66,1794.80,414.41,70.18,104.99,-1,-1,-1,-1
244,6,561.64,330.14,129.28,535.02,-1,-1,-1,-1
244,8,120.19,531.94,77.00,210.16,-1,-1,-1,-1
244,20,1200.49,428.75,106.19,300.96,-1,-1,-1,-1
244,25,1799.55,415.32,69.86,194.94,-1,-1,-1,-1
244,29,1539.93,422.18,77.42,194.33,-1,-1,-1,-1
244,30,957.33,291.87,218.59,538.00,-1,-1,-1,-1
244,31,1563.36,537.77,72.64,170.84,-1,-1,-1,-1
244,35,818.35,310.08,146.51,499.80,-1,-1,-1,-1
244,37,1304.08,368.46,166.22,372.45,-1,-1,-1,-1
244,38,1759.66,419.67,79.61,220.27,-1,-1,-1,-1
244,44,650.21,323.43,256.14,572.41,-1,-1,-1,-1
244,59,1691.84,471.58,41.99,113.64,-1,-1,-1,-1
244,60,935.81,385.70,93.06,374.47,-1,-1,-1,-1
244,64,15.78,502.08,95.96,247.31,-1,-1,-1,-1
244,65,940.34,388.62,138.68,365.35,-1,-1,-1,-1
244,66,1798.96,414.96,69.61,104.43,-1,-1,-1,-1
245,6,582.68,329.51,121.12,533.90,-1,-1,-1,-1
245,8,120.66,531.51,76.45,210.10,-1,-1,-1,-1
245,20,1202.16,426.73,108.46,299.11,-1,-1,-1,-1
245,25,1801.77,415.79,69.50,204.80,-1,-1,-1,-1
245,29,1538.99,422.35,82.96,246.99,-1,-1,-1,-1
245,30,976.32,292.91,200.19,532.27,-1,-1,-1,-1
245,31,1569.44,538.95,71.27,169.37,-1,-1,-1,-1
245,35,832.54,311.51,141.59,498.04,-1,-1,-1,-1
245,37,1306.06,368.59,169.14,366.21,-1,-1,-1,-1
245,38,1764.01,421.24,85.74,218.81,-1,-1,-1,-1
245,44,652.54,326.57,282.81,567.93,-1,-1,-1,-1
245,59,1692.10,471.48,42.31,113.77,-1,-1,-1,-1
245,60,939.69,385.42,103.82,380.37,-1,-1,-1,-1
245,64,15.13,501.79,96.61,247.44,-1,-1,-1,-1
245,65,941.70,388.52,155.80,365.24,-1,-1,-1,-1
245,66,1801.26,415.41,68.59,102.72,-1,-1,-1,-1
246,6,603.44,330.24,115.00,538.91,-1,-1,-1,-1
246,8,121.79,532.55,76.83,209.93,-1,-1,-1,-1
246,20,1205.57,423.95,109.84,301.05,-1,-1,-1,-1
246,25,1804.37,415.05,69.08,215.73,-1,-1,-1,-1
246,29,1539.17,422.33,80.83,265.62,-1,-1,-1,-1
246,30,1001.15,292.35,181.17,528.59,-1,-1,-1,-1
246,31,1575.51,539.58,76.95,168.54,-1,-1,-1,-1
246,35,851.68,312.09,125.59,491.38,-1,-1,-1,-1
246,37,1315.04,368.43,160.14,361.67,-1,-1,-1,-1
246,38,1767.12,422.34,83.99,218.49,-1,-1,-1,-1
246,44,655.80,329.66,296.45,562.04,-1,-1,-1,-1
246,59,1692.05,471.24,42.34,113.73,-1,-1,-1,-1
246,60,941.00,384.76,112.24,375.05,-1,-1,-1,-1
246,64,15.86,501.75,95.58,248.04,-1,-1,-1,-1
246,65,949.97,387.00,148.82,368.29,-1,-1,-1,-1
246,66,1803.08,414.87,68.63,106.31,-1,-1,-1,-1
247,6,618.11,331.75,113.54,538.10,-1,-1,-1,-1
247,8,122.01,536.53,76.19,206.07,-1,-1,-1,-1
247,20,1217.88,422.97,103.02,302.77,-1,-1,-1,-1
247,25,1806.35,413.96,71.02,221.22,-1,-1,-1,-1
247,29,1539.79,422.43,79.79,274.88,-1,-1,-1,-1
247,30,1021.51,292.44,175.58,524.18,-1,-1,-1,-1
247,31,1580.10,540.31,82.02,168.54,-1,-1,-1,-1
247,35,863.12,312.88,122.12,487.37,-1,-1,-1,-1
247,37,1321.23,368.19,149.39,360.84,-1,-1,-1,-1
247,38,1770.90,423.27,79.90,217.72,-1,-1,-1,-1
247,44,660.31,330.84,300.51,560.33,-1,-1,-1,-1
247,59,1691.77,471.38,42.05,113.44,-1,-1,-1,-1
247,60,953.46,386.48,109.28,363.48,-1,-1,-1,-1
247,64,15.75,502.09,95.01,247.97,-1,-1,-1,-1
247,65,958.23,385.49,141.84,371.34,-1,-1,-1,-1
247,66,1804.66,412.34,67.99,109.88,-1,-1,-1,-1
248,6,628.87,335.19,132.99,531.61,-1,-1,-1,-1
248,8,121.89,532.54,78.12,211.39,-1,-1,-1,-1
248,20,1222.50,424.15,106.08,300.77,-1,-1,-1,-1
248,25,1808.16,412.58,70.00,222.72,-1,-1,-1,-1
248,29,1540.21,422.33,79.80,280.63,-1,-1,-1,-1
248,30,1034.76,292.59,181.45,524.42,-1,-1,-1,-1
248,31,1586.53,540.80,80.23,170.00,-1,-1,-1,-1
248,35,871.95,315.58,128.08,485.77,-1,-1,-1,-1
248,37,1325.84,367.71,138.42,360.37,-1,-1,-1,-1
248,38,1775.09,423.91,76.06,217.10,-1,-1,-1,-1
248,44,670.15,330.54,295.14,556.66,-1,-1,-1,-1
248,59,1691.55,471.26,42.77,113.59,-1,-1,-1,-1
248,60,963.96,385.81,106.00,359.19,-1,-1,-1,-1
248,64,14.93,501.97,95.79,248.24,-1,-1,-1,-1
248,65,966.50,383.98,134.86,374.38,-1,-1,-1,-1
248,66,1805.55,411.84,70.70,134.72,-1,-1,-1,-1
249,6,636.00,340.32,199.24,528.28,-1,-1,-1,-1
249,8,122.03,534.07,76.54,209.78,-1,-1,-1,-1
249,20,1221.47,426.86,123.35,297.87,-1,-1,-1,-1
249,25,1811.41,410.46,67.64,224.31,-1,-1,-1,-1
249,29,1540.41,422.53,80.80,282.51,-1,-1,-1,-1
249,30,1046.69,293.24,193.50,523.47,-1,-1,-1,-1
249,31,1592.80,539.33,76.73,172.52,-1,-1,-1,-1
249,35,883.64,318.61,143.29,481.54,-1,-1,-1,-1
249,37,1330.44,367.21,125.69,360.80,-1,-1,-1,-1
249,38,1779.51,424.23,73.85,217.62,-1,-1,-1,-1
249,44,693.86,329.80,273.41,553.36,-1,-1,-1,-1
249,59,1691.83,471.43,42.81,113.38,-1,-1,-1,-1
249,60,977.00,382.25,103.99,368.73,-1,-1,-1,-1
249,64,16.85,502.31,94.66,246.93,-1,-1,-1,-1
249,65,974.76,382.47,127.88,377.43,-1,-1,-1,-1
249,66,1789.54,418.22,94.39,189.28,-1,-1,-1,-1
250,6,639.01,343.59,223.70,521.54,-1,-1,-1,-1
250,8,122.17,538.11,75.65,205.78,-1,-1,-1,-1
250,20,1232.01,429.68,124.18,295.23,-1,-1,-1,-1
250,25,1813.72,408.59,66.09,224.29,-1,-1,-1,-1
250,29,1540.02,422.28,80.35,282.33,-1,-1,-1,-1
250,30,1055.60,294.83,201.67,521.49,-1,-1,-1,-1
250,31,1598.93,538.07,71.69,174.53,-1,-1,-1,-1
250,35,896.38,321.59,149.80,480.18,-1,-1,-1,-1
250,37,1334.78,367.47,119.12,360.78,-1,-1,-1,-1
250,38,1782.89,424.99,64.20,217.35,-1,-1,-1,-1
250,44,718.88,330.73,249.55,547.82,-1,-1,-1,-1
250,59,1691.41,471.63,43.09,113.14,-1,-1,-1,-1
250,60,983.84,382.95,91.14,365.36,-1,-1,-1,-1
250,64,13.39,501.65,98.38,247.60,-1,-1,-1,-1
250,65,983.03,380.96,120.90,380.48,-1,-1,-1,-1
250,66,1784.13,419.95,104.57,212.11,-1,-1,-1,-1
251,6,640.43,346.10,223.42,513.60,-1,-1,-1,-1
251,8,122.55,536.18,76.36,207.34,-1,-1,-1,-1
251,20,1238.53,430.31,123.16,293.81,-1,-1,-1,-1
251,25,1817.85,408.69,63.60,224.63,-1,-1,-1,-1
251,29,1539.91,422.55,81.34,282.45,-1,-1,-1,-1
251,30,1066.60,298.25,209.56,516.81,-1,-1,-1,-1
251,31,1608.71,534.29,63.75,178.49,-1,-1,-1,-1
251,35,910.06,327.56,147.44,469.82,-1,-1,-1,-1
251,37,1339.04,368.83,125.14,360.04,-1,-1,-1,-1
251,38,1786.14,425.05,60.08,214.29,-1,-1,-1,-1
251,44,756.95,325.88,221.41,549.87,-1,-1,-1,-1
251,59,1691.82,471.50,42.90,113.21,-1,-1,-1,-1
251,60,992.15,383.17,83.72,362.40,-1,-1,-1,-1
251,64,10.17,501.35,101.91,247.79,-1,-1,-1,-1
251,65,992.22,378.88,108.95,389.44,-1,-1,-1,-1
251,66,1782.74,420.15,106.53,222.60,-1,-1,-1,-1
252,6,643.29,343.74,218.46,514.70,-1,-1,-1,-1
252,8,122.70,534.78,76.42,208.19,-1,-1,-1,-1
252,20,1249.82,432.73,116.67,290.92,-1,-1,-1,-1
252,25,1822.13,410.37,61.41,219.51,-1,-1,-1,-1
252,29,1539.85,422.69,82.07,282.03,-1,-1,-1,-1
252,30,1074.88,301.31,214.84,512.24,-1,-1,-1,-1
252,31,1615.80,532.70,61.01,180.52,-1,-1,-1,-1
252,35,921.77,328.68,138.50,463.10,-1,-1,-1,-1
252,37,1343.85,370.09,128.98,358.83,-1,-1,-1,-1
252,44,795.36,324.09,194.16,551.00,-1,-1,-1,-1
252,59,1691.97,471.46,42.69,113.25,-1,-1,-1,-1
252,60,1000.99,383.13,77.86,359.57,-1,-1,-1,-1
252,64,8.65,501.65,102.82,247.94,-1,-1,-1,-1
252,65,1001.87,382.03,105.15,379.92,-1,-1,-1,-1
252,66,1783.36,423.12,108.73,223.09,-1,-1,-1,-1
253,6,649.34,342.35,223.12,512.45,-1,-1,-1,-1
253,8,122.58,534.55,75.99,208.30,-1,-1,-1,-1
253,20,1255.64,433.83,113.91,289.09,-1,-1,-1,-1
253,25,1826.38,412.52,62.99,220.31,-1,-1,-1,-1
253,29,1539.74,422.62,82.74,281.63,-1,-1,-1,-1
253,30,1082.45,304.64,217.44,509.10,-1,-1,-1,-1
253,31,1621.83,531.76,60.08,181.71,-1,-1,-1,-1
253,35,928.34,328.86,124.64,457.67,-1,-1,-1,-1
253,37,1349.07,371.38,129.80,357.04,-1,-1,-1,-1
253,44,820.60,324.11,183.37,551.08,-1,-1,-1,-1
253,59,1691.86,471.59,43.22,113.23,-1,-1,-1,-1
253,60,1008.01,382.60,78.91,380.28,-1,-1,-1,-1
253,64,8.80,502.29,102.72,247.65,-1,-1,-1,-1
253,65,1038.36,384.97,82.48,373.62,-1,-1,-1,-1
253,66,1786.08,422.99,107.11,223.46,-1,-1,-1,-1
253,68,1233.90,431.13,57.02,232.90,-1,-1,-1,-1
254,6,668.12,342.80,213.82,504.49,-1,-1,-1,-1
254,8,122.66,534.30,75.90,208.76,-1,-1,-1,-1
254,20,1262.13,417.64,111.17,304.27,-1,-1,-1,-1
254,25,1830.17,415.10,60.53,217.03,-1,-1,-1,-1
254,29,1539.65,422.41,82.94,280.81,-1,-1,-1,-1
254,30,1092.33,307.27,216.67,506.62,-1,-1,-1,-1
254,31,1627.44,531.20,69.01,183.69,-1,-1,-1,-1
254,35,938.41,329.52,121.94,481.21,-1,-1,-1,-1
254,37,1355.37,373.30,129.87,354.07,-1,-1,-1,-1
254,44,841.88,326.65,179.43,548.04,-1,-1,-1,-1
254,59,1691.64,471.59,43.77,113.17,-1,-1,-1,-1
254,60,1016.32,383.72,81.24,375.82,-1,-1,-1,-1
254,64,19.26,506.33,92.57,243.10,-1,-1,-1,-1
254,65,1050.37,391.10,81.25,365.52,-1,-1,-1,-1
254,66,1793.71,419.65,99.56,225.51,-1,-1,-1,-1
254,68,1234.11,430.73,63.43,234.38,-1,-1,-1,-1
255,6,687.86,339.87,197.07,502.82,-1,-1,-1,-1
255,8,123.05,534.57,77.29,208.54,-1,-1,-1,-1
255,20,1266.96,383.26,106.48,336.82,-1,-1,-1,-1
255,25,1832.83,416.84,56.72,214.07,-1,-1,-1,-1
255,29,1539.51,422.22,82.94,280.59,-1,-1,-1,-1
255,30,1099.94,307.81,213.10,504.13,-1,-1,-1,-1
255,31,1631.93,529.39,78.04,184.88,-1,-1,-1,-1
255,35,950.24,329.65,108.66,479.99,-1,-1,-1,-1
255,37,1360.16,374.53,125.71,352.10,-1,-1,-1,-1
255,44,858.05,327.07,176.88,548.26,-1,-1,-1,-1
255,59,1691.52,471.63,43.63,113.21,-1,-1,-1,-1
255,60,1022.24,384.16,81.82,373.52,-1,-1,-1,-1
255,64,29.89,505.86,82.30,242.90,-1,-1,-1,-1
255,65,1062.38,397.22,80.02,357.41,-1,-1,-1,-1
255,66,1799.84,420.08,93.67,223.45,-1,-1,-1,-1
255,68,1232.65,423.17,69.90,242.11,-1,-1,-1,-1
255,70,246.24,516.09,46.89,62.50,-1,-1,-1,-1
256,6,717.91,338.11,169.66,499.43,-1,-1,-1,-1
256,8,123.94,536.34,75.89,207.41,-1,-1,-1,-1
256,20,1277.88,406.79,95.30,309.33,-1,-1,-1,-1
256,25,1835.75,416.76,57.46,211.16,-1,-1,-1,-1
256,29,1539.71,422.28,82.64,279.98,-1,-1,-1,-1
256,30,1097.55,308.05,218.42,502.83,-1,-1,-1,-1
256,31,1634.79,529.78,89.33,185.29,-1,-1,-1,-1
256,35,965.69,327.60,98.70,457.90,-1,-1,-1,-1
256,37,1366.83,374.22,120.50,351.04,-1,-1,-1,-1
256,44,872.20,327.80,188.21,546.88,-1,-1,-1,-1
256,59,1691.59,471.50,43.43,113.07,-1,-1,-1,-1
256,60,1030.68,385.84,81.82,370.88,-1,-1,-1,-1
256,64,28.31,505.34,83.93,243.38,-1,-1,-1,-1
256,65,1074.40,403.35,78.79,349.31,-1,-1,-1,-1
256,66,1807.82,419.97,86.42,222.64,-1,-1,-1,-1
256,68,1235.08,427.61,71.40,234.70,-1,-1,-1,-1
256,70,246.48,516.00,46.99,62.56,-1,-1,-1,-1
257,6,745.60,338.77,147.42,496.22,-1,-1,-1,-1
257,8,124.61,535.39,74.66,208.26,-1,-1,-1,-1
257,20,1285.75,417.14,89.52,297.16,-1,-1,-1,-1
257,25,1838.68,416.68,58.20,208.24,-1,-1,-1,-1
257,29,1539.80,421.90,82.36,280.26,-1,-1,-1,-1
257,30,1112.31,307.13,205.63,502.16,-1,-1,-1,-1
257,31,1637.68,530.39,92.68,185.31,-1,-1,-1,-1
257,35,978.13,327.24,95.32,435.23,-1,-1,-1,-1
257,37,1372.08,374.77,115.37,349.31,-1,-1,-1,-1
257,44,878.45,329.36,202.08,544.84,-1,-1,-1,-1
257,59,1692.05,471.49,42.03,113.04,-1,-1,-1,-1
257,60,1036.80,389.70,82.31,364.90,-1,-1,-1,-1
257,64,26.73,504.81,85.56,243.87,-1,-1,-1,-1
257,65,1086.41,409.48,77.56,341.21,-1,-1,-1,-1
257,66,1816.74,419.20,81.33,222.89,-1,-1,-1,-1
257,68,1234.93,427.84,72.36,235.10,-1,-1,-1,-1
257,70,246.50,516.03,47.02,62.01,-1,-1,-1,-1
258,6,767.05,339.19,137.58,494.29,-1,-1,-1,-1
258,8,124.80,537.06,73.36,206.19,-1,-1,-1,-1
258,20,1291.07,422.50,86.36,287.64,-1,-1,-1,-1
258,25,1841.61,416.59,58.95,205.33,-1,-1,-1,-1
258,29,1540.16,421.56,82.03,280.45,-1,-1,-1,-1
258,30,1122.33,307.01,196.70,500.42,-1,-1,-1,-1
258,31,1639.68,530.57,94.34,185.74,-1,-1,-1,-1
258,35,979.67,326.84,102.96,256.78,-1,-1,-1,-1
258,37,1376.89,374.93,110.42,346.57,-1,-1,-1,-1
258,44,882.82,331.49,212.72,541.93,-1,-1,-1,-1
258,59,1692.25,471.66,40.85,112.71,-1,-1,-1,-1
258,60,1039.25,391.25,87.37,359.89,-1,-1,-1,-1
258,64,25.15,504.29,87.19,244.36,-1,-1,-1,-1
258,65,1098.43,415.60,76.33,333.11,-1,-1,-1,-1
258,66,1816.75,419.04,83.20,222.90,-1,-1,-1,-1
258,68,1238.52,424.50,72.72,242.12,-1,-1,-1,-1
258,70,246.17,515.88,47.43,62.88,-1,-1,-1,-1
259,6,784.74,340.10,138.25,493.78,-1,-1,-1,-1
259,8,124.45,539.33,73.11,203.59,-1,-1,-1,-1
259,20,1294.56,425.17,88.04,285.60,-1,-1,-1,-1
259,25,1844.54,416.51,59.69,202.42,-1,-1,-1,-1
259,29,1540.49,421.05,81.71,280.94,-1,-1,-1,-1
259,30,1133.10,305.58,185.66,495.15,-1,-1,-1,-1
259,31,1646.51,530.90,88.72,185.88,-1,-1,-1,-1
259,35,995.82,325.48,85.72,181.67,-1,-1,-1,-1
259,37,1383.30,374.16,111.98,342.92,-1,-1,-1,-1
259,44,890.01,333.50,217.60,538.76,-1,-1,-1,-1
259,59,1692.93,471.39,41.39,113.47,-1,-1,-1,-1
259,60,1044.14,393.01,94.25,351.88,-1,-1,-1,-1
259,64,23.57,503.76,88.82,244.84,-1,-1,-1,-1
259,65,1110.44,421.73,75.10,325.01,-1,-1,-1,-1
259,66,1818.44,417.53,82.96,223.77,-1,-1,-1,-1
259,68,1246.10,435.73,68.15,234.76,-1,-1,-1,-1
259,70,246.23,515.63,47.39,62.72,-1,-1,-1,-1
260,6,797.17,341.38,140.68,492.73,-1,-1,-1,-1
260,8,123.87,542.44,73.54,200.38,-1,-1,-1,-1
260,20,1299.28,426.60,87.93,284.40,-1,-1,-1,-1
260,25,1847.46,416.43,60.43,199.51,-1,-1,-1,-1
260,29,1541.09,420.54,81.03,281.59,-1,-1,-1,-1
260,30,1139.80,304.65,178.65,490.45,-1,-1,-1,-1
260,31,1655.45,531.01,82.67,185.87,-1,-1,-1,-1
260,35,1004.47,325.85,82.72,166.97,-1,-1,-1,-1
260,37,1389.44,373.91,115.95,341.20,-1,-1,-1,-1
260,44,899.82,335.72,216.07,534.00,-1,-1,-1,-1
260,59,1693.47,471.16,41.37,113.94,-1,-1,-1,-1
260,60,1050.95,393.53,92.70,371.40,-1,-1,-1,-1
260,64,21.99,503.24,90.45,245.33,-1,-1,-1,-1
260,65,1122.45,427.86,73.87,316.91,-1,-1,-1,-1
260,66,1820.94,420.72,83.58,219.70,-1,-1,-1,-1
260,68,1253.89,450.22,59.96,222.60,-1,-1,-1,-1
260,70,246.24,515.58,47.19,62.93,-1,-1,-1,-1
261,6,808.46,343.44,143.79,491.34,-1,-1,-1,-1
261,8,123.43,537.89,73.90,205.12,-1,-1,-1,-1
261,20,1303.56,428.87,87.43,283.48,-1,-1,-1,-1
261,25,1850.39,416.34,61.17,196.59,-1,-1,-1,-1
261,29,1541.86,420.18,79.70,282.16,-1,-1,-1,-1
261,30,1145.94,304.29,173.24,488.66,-1,-1,-1,-1
261,31,1667.04,529.76,76.30,187.46,-1,-1,-1,-1
261,35,1017.87,328.24,75.60,163.88,-1,-1,-1,-1
261,37,1393.03,373.90,124.19,340.07,-1,-1,-1,-1
261,44,916.47,330.72,209.81,535.11,-1,-1,-1,-1
261,59,1693.54,471.20,43.04,108.67,-1,-1,-1,-1
261,60,1057.35,395.41,91.97,373.32,-1,-1,-1,-1
261,64,20.41,502.71,92.08,245.81,-1,-1,-1,-1
261,65,1130.87,438.16,71.24,305.98,-1,-1,-1,-1
261,66,1822.88,423.90,87.38,215.67,-1,-1,-1,-1
261,70,246.35,515.45,47.22,62.96,-1,-1,-1,-1
262,6,820.75,345.42,152.40,489.39,-1,-1,-1,-1
262,8,123.24,536.48,74.09,206.25,-1,-1,-1,-1
262,20,1310.94,430.60,84.67,281.01,-1,-1,-1,-1
262,25,1853.32,416.26,61.91,193.68,-1,-1,-1,-1
262,29,1542.65,419.99,79.65,282.11,-1,-1,-1,-1
262,30,1153.43,305.62,165.07,485.67,-1,-1,-1,-1
262,31,1677.19,528.74,73.54,188.96,-1,-1,-1,-1
262,37,1400.79,375.17,127.47,338.34,-1,-1,-1,-1
262,44,942.28,330.31,187.41,523.61,-1,-1,-1,-1
262,59,1692.70,471.28,42.54,76.07,-1,-1,-1,-1
262,60,1065.00,394.92,99.32,377.29,-1,-1,-1,-1
262,64,18.82,502.19,93.71,246.30,-1,-1,-1,-1
262,65,1134.41,441.61,77.16,301.23,-1,-1,-1,-1
262,66,1831.11,425.06,83.10,214.02,-1,-1,-1,-1
262,70,246.43,515.23,47.42,63.36,-1,-1,-1,-1
263,6,824.30,348.98,166.18,484.43,-1,-1,-1,-1
263,8,122.42,534.68,74.87,207.77,-1,-1,-1,-1
263,20,1315.03,431.02,84.92,280.10,-1,-1,-1,-1
263,25,1856.25,416.18,62.65,190.77,-1,-1,-1,-1
263,29,1543.52,419.90,80.94,282.08,-1,-1,-1,-1
263,30,1159.59,306.37,163.82,483.92,-1,-1,-1,-1
263,31,1683.44,528.25,72.16,190.72,-1,-1,-1,-1
263,37,1405.26,375.08,130.09,339.15,-1,-1,-1,-1
263,44,961.40,331.45,183.56,516.88,-1,-1,-1,-1
263,59,1694.10,471.29,38.15,60.93,-1,-1,-1,-1
263,60,1071.28,391.97,110.00,380.93,-1,-1,-1,-1
263,64,17.24,501.66,95.34,246.78,-1,-1,-1,-1
263,65,1142.47,437.68,74.46,305.19,-1,-1,-1,-1
263,66,1830.95,424.50,81.04,214.13,-1,-1,-1,-1
263,70,246.27,515.15,47.39,63.04,-1,-1,-1,-1
264,6,828.30,350.50,182.77,481.26,-1,-1,-1,-1
264,8,121.62,533.11,75.78,209.02,-1,-1,-1,-1
264,20,1318.59,432.44,85.77,278.50,-1,-1,-1,-1
264,25,1857.07,418.78,62.93,198.52,-1,-1,-1,-1
264,29,1544.07,420.45,82.56,281.02,-1,-1,-1,-1
264,30,1168.65,310.54,171.02,478.84,-1,-1,-1,-1
264,31,1689.49,528.10,70.40,191.02,-1,-1,-1,-1
264,37,1409.54,375.69,131.19,338.85,-1,-1,-1,-1
264,44,978.76,334.21,178.18,511.87,-1,-1,-1,-1
264,59,1693.72,471.11,39.08,60.79,-1,-1,-1,-1
264,60,1084.07,393.74,117.48,375.97,-1,-1,-1,-1
264,64,21.72,501.89,90.41,246.25,-1,-1,-1,-1
264,65,1150.70,447.79,66.56,292.08,-1,-1,-1,-1
264,66,1830.80,425.01,86.20,213.11,-1,-1,-1,-1
264,70,246.29,515.18,47.28,63.53,-1,-1,-1,-1
265,6,832.42,351.75,188.57,479.35,-1,-1,-1,-1
265,8,121.63,532.61,75.90,209.45,-1,-1,-1,-1
265,20,1322.03,433.04,85.23,275.63,-1,-1,-1,-1
265,25,1857.03,416.69,62.97,132.36,-1,-1,-1,-1
265,29,1544.34,420.50,83.77,280.95,-1,-1,-1,-1
265,30,1175.95,313.68,178.02,474.50,-1,-1,-1,-1
265,31,1694.70,528.78,70.70,191.27,-1,-1,-1,-1
265,37,1412.53,376.65,131.19,336.24,-1,-1,-1,-1
265,44,993.12,333.02,173.76,511.75,-1,-1,-1,-1
265,59,1693.17,471.39,40.07,66.25,-1,-1,-1,-1
265,60,1093.04,392.24,115.94,379.93,-1,-1,-1,-1
265,64,20.40,502.36,92.37,246.60,-1,-1,-1,-1
265,65,1145.67,424.88,95.33,337.95,-1,-1,-1,-1
265,66,1831.25,426.18,87.31,211.31,-1,-1,-1,-1
265,70,246.25,515.21,47.27,63.81,-1,-1,-1,-1
266,6,839.64,353.18,186.35,477.75,-1,-1,-1,-1
266,8,121.74,532.65,75.71,209.10,-1,-1,-1,-1
266,20,1324.87,432.82,87.11,271.47,-1,-1,-1,-1
266,25,1860.72,416.30,59.24,96.84,-1,-1,-1,-1
266,29,1546.16,420.57,82.51,281.09,-1,-1,-1,-1
266,30,1183.03,314.24,180.62,473.33,-1,-1,-1,-1
266,31,1699.13,528.45,69.25,193.81,-1,-1,-1,-1
266,37,1415.90,377.94,130.91,335.28,-1,-1,-1,-1
266,44,1005.15,333.41,172.38,510.20,-1,-1,-1,-1
266,59,1692.27,471.46,40.62,82.94,-1,-1,-1,-1
266,60,1103.31,390.94,107.94,378.44,-1,-1,-1,-1
266,64,15.50,501.95,96.39,246.47,-1,-1,-1,-1
266,65,1152.90,440.31,109.75,330.51,-1,-1,-1,-1
266,66,1833.42,425.30,86.17,211.61,-1,-1,-1,-1
266,70,246.24,515.04,47.10,64.01,-1,-1,-1,-1
267,6,858.77,354.58,171.11,471.35,-1,-1,-1,-1
267,8,121.46,532.40,75.99,209.38,-1,-1,-1,-1
267,20,1331.20,432.29,83.30,270.57,-1,-1,-1,-1
267,25,1866.63,417.63,52.19,78.03,-1,-1,-1,-1
267,29,1547.08,420.93,79.98,281.41,-1,-1,-1,-1
267,30,1192.40,316.51,176.12,471.65,-1,-1,-1,-1
267,31,1703.85,529.79,69.69,193.01,-1,-1,-1,-1
267,37,1419.41,379.89,131.54,332.61,-1,-1,-1,-1
267,44,1018.94,334.11,193.04,509.57,-1,-1,-1,-1
267,59,1690.89,471.63,41.83,101.43,-1,-1,-1,-1
267,64,27.38,502.16,86.49,246.75,-1,-1,-1,-1
267,65,1158.54,438.34,83.76,318.16,-1,-1,-1,-1
267,66,1835.97,425.13,83.50,209.97,-1,-1,-1,-1
267,70,246.19,514.92,47.18,64.02,-1,-1,-1,-1
268,6,878.06,354.40,159.65,464.23,-1,-1,-1,-1
268,8,121.17,532.38,76.29,209.26,-1,-1,-1,-1
268,20,1335.63,431.11,80.58,271.14,-1,-1,-1,-1
268,25,1870.12,418.44,48.88,71.87,-1,-1,-1,-1
268,29,1548.20,421.21,78.05,281.41,-1,-1,-1,-1
268,30,1200.02,318.58,168.09,467.78,-1,-1,-1,-1
268,31,1710.47,530.58,67.37,192.18,-1,-1,-1,-1
268,37,1423.80,382.28,128.69,329.74,-1,-1,-1,-1
268,44,1029.37,336.07,210.90,507.74,-1,-1,-1,-1
268,59,1690.21,471.44,41.79,110.34,-1,-1,-1,-1
268,64,35.35,502.02,78.77,247.01,-1,-1,-1,-1
268,65,1168.57,412.65,72.76,336.43,-1,-1,-1,-1
268,66,1835.86,423.86,84.14,209.47,-1,-1,-1,-1
268,70,245.97,514.98,47.73,63.87,-1,-1,-1,-1
269,6,901.18,353.94,146.58,459.14,-1,-1,-1,-1
269,8,121.32,532.35,76.19,209.24,-1,-1,-1,-1
269,20,1344.60,430.07,76.39,271.13,-1,-1,-1,-1
269,25,1874.87,420.25,44.10,63.10,-1,-1,-1,-1
269,29,1550.58,421.87,75.03,281.07,-1,-1,-1,-1
269,30,1208.08,320.43,161.54,458.11,-1,-1,-1,-1
269,31,1714.99,529.44,68.46,193.25,-1,-1,-1,-1
269,37,1428.35,383.99,124.78,326.77,-1,-1,-1,-1
269,44,1035.71,339.38,227.38,502.71,-1,-1,-1,-1
269,59,1690.16,471.37,42.49,114.01,-1,-1,-1,-1
269,64,20.97,502.63,92.20,246.55,-1,-1,-1,-1
269,65,1175.72,405.65,69.09,345.32,-1,-1,-1,-1
269,66,1837.57,422.38,82.43,208.66,-1,-1,-1,-1
269,70,246.08,514.83,47.14,63.17,-1,-1,-1,-1
270,6,914.08,352.73,136.33,457.61,-1,-1,-1,-1
270,8,121.72,532.72,75.91,208.75,-1,-1,-1,-1
270,20,1349.99,430.01,76.89,271.18,-1,-1,-1,-1
270,25,1875.52,419.44,43.51,60.31,-1,-1,-1,-1
270,29,1553.63,422.42,71.82,280.77,-1,-1,-1,-1
270,30,1217.11,320.25,153.79,457.11,-1,-1,-1,-1
270,31,1716.51,528.33,68.96,194.94,-1,-1,-1,-1
270,37,1430.66,384.82,123.08,324.98,-1,-1,-1,-1
270,44,1040.20,336.45,232.68,504.18,-1,-1,-1,-1
270,59,1689.86,471.56,42.18,115.19,-1,-1,-1,-1
270,64,22.18,502.05,91.27,247.24,-1,-1,-1,-1
270,65,1182.62,399.70,77.90,365.86,-1,-1,-1,-1
270,66,1838.40,422.87,81.60,208.06,-1,-1,-1,-1
270,70,246.13,514.79,47.19,62.65,-1,-1,-1,-1
271,6,921.79,351.85,130.47,457.45,-1,-1,-1,-1
271,8,121.34,532.65,76.27,208.92,-1,-1,-1,-1
271,20,1355.80,430.36,80.08,270.78,-1,-1,-1,-1
271,25,1876.16,418.62,42.92,57.52,-1,-1,-1,-1
271,29,1555.75,422.95,70.65,280.31,-1,-1,-1,-1
271,30,1224.36,319.43,150.89,456.96,-1,-1,-1,-1
271,31,1718.59,525.84,72.86,197.76,-1,-1,-1,-1
271,37,1432.93,385.95,120.79,325.69,-1,-1,-1,-1
271,44,1044.79,336.66,231.65,502.70,-1,-1,-1,-1
271,59,1689.91,471.44,42.36,115.86,-1,-1,-1,-1
271,64,16.88,501.71,95.91,247.23,-1,-1,-1,-1
271,65,1193.29,400.90,68.00,333.68,-1,-1,-1,-1
271,66,1840.35,422.61,79.65,206.92,-1,-1,-1,-1
271,70,246.19,514.70,47.28,63.06,-1,-1,-1,-1
272,6,930.14,351.95,134.18,456.12,-1,-1,-1,-1
272,8,121.22,532.06,76.21,210.09,-1,-1,-1,-1
272,20,1365.38,431.77,85.28,268.93,-1,-1,-1,-1
272,25,1876.81,417.80,42.34,54.73,-1,-1,-1,-1
272,29,1557.57,423.74,70.97,279.49,-1,-1,-1,-1
272,30,1232.15,319.74,156.16,453.10,-1,-1,-1,-1
272,31,1722.83,524.48,83.53,199.66,-1,-1,-1,-1
272,37,1437.25,386.97,113.46,320.24,-1,-1,-1,-1
272,44,1055.90,336.63,224.87,501.28,-1,-1,-1,-1
272,59,1690.16,471.73,42.53,115.55,-1,-1,-1,-1
272,64,18.74,501.73,93.39,247.07,-1,-1,-1,-1
272,65,1199.84,398.93,64.92,357.93,-1,-1,-1,-1
272,66,1838.64,421.94,81.36,208.07,-1,-1,-1,-1
272,70,246.27,514.74,47.33,62.34,-1,-1,-1,-1
273,6,937.64,353.53,141.39,454.34,-1,-1,-1,-1
273,8,121.38,533.09,76.12,209.53,-1,-1,-1,-1
273,20,1369.00,432.63,90.28,267.88,-1,-1,-1,-1
273,25,1877.45,416.98,41.75,51.94,-1,-1,-1,-1
273,29,1558.87,424.26,73.42,277.41,-1,-1,-1,-1
273,30,1237.19,319.89,161.69,450.55,-1,-1,-1,-1
273,31,1726.20,526.00,89.25,199.72,-1,-1,-1,-1
273,37,1439.86,387.83,107.40,315.53,-1,-1,-1,-1
273,44,1071.45,337.04,210.46,499.36,-1,-1,-1,-1
273,59,1689.93,471.36,43.21,115.94,-1,-1,-1,-1
273,64,20.86,502.27,91.57,246.47,-1,-1,-1,-1
273,65,1211.05,398.28,58.38,353.94,-1,-1,-1,-1
273,66,1840.32,422.52,79.68,207.98,-1,-1,-1,-1
273,70,245.92,514.49,47.47,61.55,-1,-1,-1,-1
274,6,945.10,355.69,157.78,454.20,-1,-1,-1,-1
274,8,121.33,533.69,75.98,208.77,-1,-1,-1,-1
274,20,1370.38,431.98,97.08,268.66,-1,-1,-1,-1
274,25,1878.10,416.17,41.17,49.15,-1,-1,-1,-1
274,29,1560.37,425.93,75.87,275.55,-1,-1,-1,-1
274,30,1246.51,319.22,165.78,448.74,-1,-1,-1,-1
274,31,1728.42,529.13,90.62,196.78,-1,-1,-1,-1
274,37,1443.36,387.77,97.31,312.22,-1,-1,-1,-1
274,44,1096.43,337.35,185.80,491.86,-1,-1,-1,-1
274,59,1689.66,471.28,44.68,115.75,-1,-1,-1,-1
274,64,20.35,502.39,91.89,246.53,-1,-1,-1,-1
274,66,1845.85,422.49,74.15,207.99,-1,-1,-1,-1
274,70,245.63,514.33,47.91,61.39,-1,-1,-1,-1
275,6,954.99,357.69,169.35,451.71,-1,-1,-1,-1
275,8,121.53,533.95,75.67,208.90,-1,-1,-1,-1
275,20,1371.85,435.65,97.80,262.91,-1,-1,-1,-1
275,25,1878.75,415.35,40.58,46.36,-1,-1,-1,-1
275,29,1561.58,426.87,81.24,274.91,-1,-1,-1,-1
275,30,1253.14,319.85,169.57,448.19,-1,-1,-1,-1
275,31,1732.01,531.04,88.04,194.76,-1,-1,-1,-1
275,37,1448.30,388.15,91.45,312.38,-1,-1,-1,-1
275,44,1118.80,337.31,168.62,487.51,-1,-1,-1,-1
275,59,1689.53,471.17,45.41,115.89,-1,-1,-1,-1
275,64,18.93,502.67,93.01,246.14,-1,-1,-1,-1
275,66,1849.56,423.53,70.44,206.90,-1,-1,-1,-1
275,70,245.47,514.38,47.64,60.79,-1,-1,-1,-1
275,71,1108.37,335.34,62.52,383.46,-1,-1,-1,-1
276,6,969.28,361.70,179.05,446.27,-1,-1,-1,-1
276,8,121.72,535.35,75.41,207.39,-1,-1,-1,-1
276,20,1373.11,437.98,96.64,259.97,-1,-1,-1,-1
276,25,1879.07,415.15,40.59,45.41,-1,-1,-1,-1
276,29,1563.91,428.28,88.54,272.50,-1,-1,-1,-1
276,30,1258.60,320.00,176.02,449.64,-1,-1,-1,-1
276,31,1735.13,531.37,85.28,194.65,-1,-1,-1,-1
276,37,1451.14,387.67,90.83,313.01,-1,-1,-1,-1
276,44,1134.79,336.37,162.72,487.54,-1,-1,-1,-1
276,59,1689.82,471.64,45.01,115.34,-1,-1,-1,-1
276,64,21.43,502.43,89.90,246.57,-1,-1,-1,-1
276,66,1850.97,425.50,69.03,204.90,-1,-1,-1,-1
276,70,245.58,514.45,47.65,59.88,-1,-1,-1,-1
276,71,1113.47,335.89,64.46,378.32,-1,-1,-1,-1
277,6,977.80,361.48,181.45,443.77,-1,-1,-1,-1
277,8,122.88,540.48,74.31,202.40,-1,-1,-1,-1
277,20,1374.78,436.32,95.35,260.69,-1,-1,-1,-1
277,25,1880.83,415.84,38.77,42.88,-1,-1,-1,-1
277,29,1566.35,430.94,99.80,269.15,-1,-1,-1,-1
277,30,1268.45,322.70,173.15,446.47,-1,-1,-1,-1
277,31,1740.46,530.86,80.31,196.94,-1,-1,-1,-1
277,37,1455.22,387.53,92.90,312.68,-1,-1,-1,-1
277,44,1145.15,334.88,166.58,489.90,-1,-1,-1,-1
277,59,1689.86,471.82,44.01,115.09,-1,-1,-1,-1
277,64,19.88,501.63,91.54,247.56,-1,-1,-1,-1
277,66,1856.37,425.50,63.47,204.64,-1,-1,-1,-1
277,70,245.80,514.37,47.51,58.19,-1,-1,-1,-1
277,71,1121.70,337.25,70.80,414.22,-1,-1,-1,-1
278,6,983.15,362.81,178.22,441.00,-1,-1,-1,-1
278,8,123.66,540.13,73.73,203.08,-1,-1,-1,-1
278,20,1380.57,436.08,89.92,259.41,-1,-1,-1,-1
278,25,1883.04,416.32,36.83,42.34,-1,-1,-1,-1
278,29,1568.95,433.45,105.71,267.08,-1,-1,-1,-1
278,30,1275.27,324.18,173.80,445.94,-1,-1,-1,-1
278,31,1741.96,530.37,78.81,198.72,-1,-1,-1,-1
278,37,1459.21,388.02,96.33,312.89,-1,-1,-1,-1
278,44,1150.02,335.87,173.76,489.14,-1,-1,-1,-1
278,59,1689.95,471.98,43.57,114.83,-1,-1,-1,-1
278,64,18.73,501.50,92.69,247.70,-1,-1,-1,-1
278,66,1860.72,426.42,59.28,203.79,-1,-1,-1,-1
278,70,245.81,514.19,47.42,56.94,-1,-1,-1,-1
278,71,1129.89,339.79,73.43,427.07,-1,-1,-1,-1
279,6,990.25,363.02,173.11,439.64,-1,-1,-1,-1
279,8,123.64,539.84,73.72,203.59,-1,-1,-1,-1
279,20,1392.90,435.82,79.77,257.53,-1,-1,-1,-1
279,25,1886.37,418.56,33.55,38.96,-1,-1,-1,-1
279,29,1572.84,436.59,106.37,265.06,-1,-1,-1,-1
279,30,1284.05,327.31,169.76,440.42,-1,-1,-1,-1
279,31,1741.14,529.51,79.54,200.96,-1,-1,-1,-1
279,37,1464.54,389.76,101.87,311.11,-1,-1,-1,-1
279,44,1160.46,336.65,178.48,487.64,-1,-1,-1,-1
279,59,1689.26,471.74,44.89,115.19,-1,-1,-1,-1
279,64,17.39,502.34,94.39,247.26,-1,-1,-1,-1
279,66,1863.54,426.45,56.34,203.13,-1,-1,-1,-1
279,70,245.83,514.17,47.07,55.45,-1,-1,-1,-1
279,71,1138.85,342.74,74.39,433.01,-1,-1,-1,-1
280,6,997.14,363.63,165.73,435.65,-1,-1,-1,-1
280,8,123.51,539.36,74.21,204.43,-1,-1,-1,-1
280,20,1401.43,435.16,72.75,258.03,-1,-1,-1,-1
280,29,1574.10,440.97,107.11,261.04,-1,-1,-1,-1
280,30,1293.82,329.96,164.69,435.88,-1,-1,-1,-1
280,31,1738.67,529.05,81.77,201.67,-1,-1,-1,-1
280,37,1468.63,391.15,105.36,309.85,-1,-1,-1,-1
280,44,1170.87,338.22,179.43,484.71,-1,-1,-1,-1
280,59,1688.92,471.71,45.18,115.13,-1,-1,-1,-1
280,64,16.81,503.39,94.97,246.32,-1,-1,-1,-1
280,66,1863.97,426.10,55.72,202.47,-1,-1,-1,-1
280,70,245.77,514.43,47.19,56.22,-1,-1,-1,-1
280,71,1145.15,344.77,75.40,434.48,-1,-1,-1,-1
281,6,1005.02,362.74,157.99,430.03,-1,-1,-1,-1
281,8,123.49,536.63,74.25,207.31,-1,-1,-1,-1
281,20,1408.10,434.51,67.89,259.05,-1,-1,-1,-1
281,29,1576.45,445.42,105.42,256.56,-1,-1,-1,-1
281,30,1302.29,333.02,158.06,428.37,-1,-1,-1,-1
281,31,1735.23,528.36,82.04,202.25,-1,-1,-1,-1
281,37,1472.01,392.05,107.38,308.91,-1,-1,-1,-1
281,44,1167.19,341.06,193.49,480.86,-1,-1,-1,-1
281,59,1688.86,471.94,45.35,114.38,-1,-1,-1,-1
281,64,16.37,503.59,95.82,245.27,-1,-1,-1,-1
281,66,1865.54,425.82,54.34,201.52,-1,-1,-1,-1
281,70,246.03,514.46,46.73,54.72,-1,-1,-1,-1
281,71,1150.67,345.95,73.39,431.93,-1,-1,-1,-1
282,6,1020.08,361.16,143.65,426.61,-1,-1,-1,-1
282,8,123.36,534.71,74.32,209.12,-1,-1,-1,-1
282,20,1415.79,434.32,65.44,258.22,-1,-1,-1,-1
282,29,1579.24,451.82,101.98,251.13,-1,-1,-1,-1
282,30,1308.64,334.06,153.64,427.35,-1,-1,-1,-1
282,31,1730.95,528.18,78.05,202.06,-1,-1,-1,-1
282,37,1476.31,392.97,105.98,307.62,-1,-1,-1,-1
282,44,1190.68,345.08,183.59,475.66,-1,-1,-1,-1
282,59,1688.74,471.74,44.68,114.61,-1,-1,-1,-1
282,64,16.65,502.62,95.81,246.42,-1,-1,-1,-1
282,66,1868.54,424.71,51.46,198.05,-1,-1,-1,-1
282,70,245.97,514.53,47.17,54.11,-1,-1,-1,-1
282,71,1157.85,349.27,81.74,419.72,-1,-1,-1,-1
283,6,1030.41,360.10,141.13,425.61,-1,-1,-1,-1
283,8,123.49,535.35,73.83,208.22,-1,-1,-1,-1
283,20,1419.77,434.20,65.83,257.69,-1,-1,-1,-1
283,29,1580.66,457.70,101.07,245.36,-1,-1,-1,-1
283,30,1311.62,333.82,152.61,422.46,-1,-1,-1,-1
283,31,1727.25,526.74,80.08,203.93,-1,-1,-1,-1
283,37,1479.46,393.01,105.18,307.07,-1,-1,-1,-1
283,44,1204.80,347.44,178.52,472.97,-1,-1,-1,-1
283,59,1689.00,472.18,43.55,114.49,-1,-1,-1,-1
283,64,16.85,502.07,96.05,246.21,-1,-1,-1,-1
283,66,1871.56,424.13,48.44,195.14,-1,-1,-1,-1
283,70,245.95,514.57,46.87,52.34,-1,-1,-1,-1
283,71,1160.61,349.45,89.97,417.25,-1,-1,-1,-1
284,6,1041.61,359.53,146.92,425.14,-1,-1,-1,-1
284,8,123.48,533.56,73.46,209.97,-1,-1,-1,-1
284,20,1427.45,432.58,63.98,258.77,-1,-1,-1,-1
284,29,1580.94,463.30,103.21,238.33,-1,-1,-1,-1
284,30,1317.64,333.69,150.38,422.13,-1,-1,-1,-1
284,31,1720.96,525.42,88.01,205.28,-1,-1,-1,-1
284,37,1482.96,392.67,102.29,307.31,-1,-1,-1,-1
284,44,1218.37,345.06,174.30,474.53,-1,-1,-1,-1
284,59,1689.35,472.17,42.77,113.80,-1,-1,-1,-1
284,64,18.02,501.66,94.32,246.61,-1,-1,-1,-1
284,66,1874.30,423.76,45.70,192.49,-1,-1,-1,-1
284,70,245.90,514.54,46.92,52.72,-1,-1,-1,-1
284,71,1165.57,349.12,96.35,420.44,-1,-1,-1,-1
285,6,1050.24,358.99,154.65,425.81,-1,-1,-1,-1
285,8,123.35,531.75,73.62,211.60,-1,-1,-1,-1
285,20,1429.66,435.62,65.95,257.93,-1,-1,-1,-1
285,29,1583.03,468.12,103.83,233.32,-1,-1,-1,-1
285,30,1326.48,333.23,143.79,423.25,-1,-1,-1,-1
285,31,1713.26,524.62,98.47,206.49,-1,-1,-1,-1
285,37,1486.46,392.66,103.35,306.08,-1,-1,-1,-1
285,44,1232.08,345.61,167.83,469.65,-1,-1,-1,-1
285,59,1689.49,472.42,43.02,113.46,-1,-1,-1,-1
285,64,17.78,501.31,94.47,246.30,-1,-1,-1,-1
285,66,1874.35,423.19,45.65,195.04,-1,-1,-1,-1
285,70,245.87,514.52,47.19,53.49,-1,-1,-1,-1
285,71,1171.15,348.57,98.79,420.78,-1,-1,-1,-1
286,6,1056.74,359.51,159.91,426.54,-1,-1,-1,-1
286,8,123.38,531.55,73.59,211.46,-1,-1,-1,-1
286,20,1433.04,437.93,66.55,253.57,-1,-1,-1,-1
286,29,1584.55,473.18,105.25,228.41,-1,-1,-1,-1
286,30,1332.66,332.48,141.18,420.90,-1,-1,-1,-1
286,31,1708.06,524.71,107.15,206.30,-1,-1,-1,-1
286,37,1489.96,392.41,102.69,304.22,-1,-1,-1,-1
286,44,1242.37,346.91,165.06,460.89,-1,-1,-1,-1
286,59,1689.27,472.82,42.80,113.04,-1,-1,-1,-1
286,64,18.31,501.34,93.83,246.88,-1,-1,-1,-1
286,66,1875.09,422.85,44.91,195.94,-1,-1,-1,-1
286,70,245.90,514.43,47.34,54.73,-1,-1,-1,-1
286,71,1178.67,347.58,101.43,414.22,-1,-1,-1,-1
287,6,1063.09,361.56,167.47,423.06,-1,-1,-1,-1
287,8,123.35,534.45,73.36,209.35,-1,-1,-1,-1
287,20,1435.52,440.48,68.06,250.94,-1,-1,-1,-1
287,29,1586.30,478.55,106.28,222.57,-1,-1,-1,-1
287,30,1340.27,332.24,134.83,419.45,-1,-1,-1,-1
287,31,1702.33,525.42,113.86,205.06,-1,-1,-1,-1
287,37,1496.11,391.03,97.08,301.93,-1,-1,-1,-1
287,44,1253.07,347.15,164.61,451.91,-1,-1,-1,-1
287,59,1688.94,472.50,42.83,113.54,-1,-1,-1,-1
287,64,16.62,500.83,95.98,247.62,-1,-1,-1,-1
287,66,1875.64,422.68,44.36,195.65,-1,-1,-1,-1
287,70,245.92,514.43,47.36,52.32,-1,-1,-1,-1
287,71,1184.07,346.50,105.44,407.69,-1,-1,-1,-1
288,6,1068.56,363.67,174.78,420.75,-1,-1,-1,-1
288,8,123.70,535.87,72.95,207.38,-1,-1,-1,-1
288,20,1438.94,441.47,66.96,248.70,-1,-1,-1,-1
288,29,1587.17,483.24,109.04,217.53,-1,-1,-1,-1
288,30,1347.22,332.18,130.11,420.41,-1,-1,-1,-1
288,31,1700.03,525.42,116.63,205.04,-1,-1,-1,-1
288,37,1503.92,389.63,95.90,301.70,-1,-1,-1,-1
288,44,1261.42,346.68,164.51,450.69,-1,-1,-1,-1
288,59,1689.07,472.59,43.47,113.13,-1,-1,-1,-1
288,64,12.40,500.55,99.89,248.07,-1,-1,-1,-1
288,66,1878.46,422.94,41.54,191.30,-1,-1,-1,-1
288,70,245.79,514.26,47.48,55.48,-1,-1,-1,-1
288,71,1188.92,346.68,106.65,402.96,-1,-1,-1,-1
289,6,1075.79,367.40,174.74,415.96,-1,-1,-1,-1
289,8,124.24,536.36,72.05,206.15,-1,-1,-1,-1
289,20,1445.76,441.93,63.57,244.11,-1,-1,-1,-1
289,29,1589.01,490.90,95.18,208.35,-1,-1,-1,-1
289,30,1356.47,332.63,124.89,418.66,-1,-1,-1,-1
289,31,1699.24,524.81,115.66,205.53,-1,-1,-1,-1
289,37,1513.24,389.13,97.55,301.04,-1,-1,-1,-1
289,44,1270.71,343.61,164.68,455.01,-1,-1,-1,-1
289,59,1688.94,472.50,44.26,113.15,-1,-1,-1,-1
289,64,28.82,500.82,83.62,247.59,-1,-1,-1,-1
289,66,1879.94,423.18,40.06,185.81,-1,-1,-1,-1
289,70,246.00,514.30,47.89,55.66,-1,-1,-1,-1
289,71,1194.70,346.81,106.97,406.03,-1,-1,-1,-1
290,6,1081.01,369.03,174.68,413.79,-1,-1,-1,-1
290,8,124.52,535.79,71.82,206.42,-1,-1,-1,-1
290,20,1451.84,440.21,60.35,243.30,-1,-1,-1,-1
290,29,1589.61,496.37,89.00,202.01,-1,-1,-1,-1
290,30,1363.24,333.45,119.27,414.05,-1,-1,-1,-1
290,31,1698.98,524.83,112.55,205.38,-1,-1,-1,-1
290,37,1519.60,389.20,100.01,300.43,-1,-1,-1,-1
290,44,1279.29,342.73,163.93,456.49,-1,-1,-1,-1
290,59,1688.92,472.54,44.34,113.19,-1,-1,-1,-1
290,64,38.18,501.32,74.20,247.29,-1,-1,-1,-1
290,66,1883.20,425.16,36.80,182.15,-1,-1,-1,-1
290,70,245.97,514.29,47.89,56.37,-1,-1,-1,-1
290,71,1199.73,347.20,105.17,405.91,-1,-1,-1,-1
291,6,1085.73,369.86,174.10,412.67,-1,-1,-1,-1
291,8,124.90,534.98,71.48,207.08,-1,-1,-1,-1
291,20,1456.70,439.91,58.68,242.06,-1,-1,-1,-1
291,29,1591.24,500.58,84.66,196.74,-1,-1,-1,-1
291,30,1369.64,334.87,115.08,408.98,-1,-1,-1,-1
291,31,1697.98,525.23,109.95,205.55,-1,-1,-1,-1
291,37,1524.49,389.77,101.96,300.03,-1,-1,-1,-1
291,44,1284.72,343.91,169.87,454.76,-1,-1,-1,-1
291,59,1688.72,472.53,44.85,113.30,-1,-1,-1,-1
291,64,42.69,500.92,69.41,247.92,-1,-1,-1,-1
291,66,1882.63,426.23,37.37,179.24,-1,-1,-1,-1
291,70,246.15,514.34,47.80,55.14,-1,-1,-1,-1
291,71,1202.01,347.62,101.58,404.58,-1,-1,-1,-1
292,6,1093.57,370.26,170.98,411.53,-1,-1,-1,-1
292,8,124.93,534.47,71.30,207.89,-1,-1,-1,-1
292,20,1460.65,438.87,58.85,243.04,-1,-1,-1,-1
292,29,1591.71,505.63,86.27,193.82,-1,-1,-1,-1
292,30,1380.57,337.17,111.96,398.55,-1,-1,-1,-1
292,31,1695.48,525.16,107.27,206.31,-1,-1,-1,-1
292,37,1529.47,390.00,108.29,301.23,-1,-1,-1,-1
292,44,1291.69,348.28,181.84,450.93,-1,-1,-1,-1
292,59,1688.38,472.42,45.19,113.81,-1,-1,-1,-1
292,64,44.73,501.64,67.34,247.01,-1,-1,-1,-1
292,66,1884.37,427.67,35.63,164.63,-1,-1,-1,-1
292,70,246.19,514.43,47.22,53.22,-1,-1,-1,-1
292,71,1208.58,348.87,106.88,402.50,-1,-1,-1,-1
293,6,1098.75,371.31,164.63,409.19,-1,-1,-1,-1
293,8,124.89,535.51,71.31,207.01,-1,-1,-1,-1
293,20,1464.93,437.59,59.68,243.29,-1,-1,-1,-1
293,29,1594.47,509.56,84.84,190.84,-1,-1,-1,-1
293,30,1386.21,340.76,111.65,390.60,-1,-1,-1,-1
293,31,1694.04,524.22,106.50,207.42,-1,-1,-1,-1
293,37,1534.21,389.83,113.01,302.28,-1,-1,-1,-1
293,44,1300.42,351.63,187.65,446.42,-1,-1,-1,-1
293,59,1688.39,472.13,45.42,113.96,-1,-1,-1,-1
293,64,44.13,502.15,67.86,246.75,-1,-1,-1,-1
293,66,1885.67,428.54,34.27,154.03,-1,-1,-1,-1
293,70,246.13,514.56,47.48,53.16,-1,-1,-1,-1
293,71,1213.34,350.41,113.39,399.27,-1,-1,-1,-1
294,6,1104.07,373.11,156.03,402.60,-1,-1,-1,-1
294,8,124.39,534.27,71.79,208.50,-1,-1,-1,-1
294,20,1472.10,438.98,56.38,242.96,-1,-1,-1,-1
294,29,1595.23,515.85,85.29,184.99,-1,-1,-1,-1
294,30,1393.61,344.40,106.07,386.35,-1,-1,-1,-1
294,31,1691.73,524.68,107.69,207.39,-1,-1,-1,-1
294,37,1541.10,390.80,129.84,302.29,-1,-1,-1,-1
294,44,1307.30,355.09,186.83,441.48,-1,-1,-1,-1
294,59,1687.82,471.87,45.32,113.13,-1,-1,-1,-1
294,64,39.78,501.61,73.02,247.56,-1,-1,-1,-1
294,66,1885.77,428.76,34.08,150.17,-1,-1,-1,-1
294,70,246.25,514.78,47.20,52.14,-1,-1,-1,-1
294,71,1218.62,352.84,115.12,395.26,-1,-1,-1,-1
294,73,885.12,524.12,29.86,93.35,-1,-1,-1,-1
295,6,1107.78,372.57,149.52,395.91,-1,-1,-1,-1
295,8,124.10,532.11,72.20,210.29,-1,-1,-1,-1
295,20,1479.42,446.95,60.56,233.19,-1,-1,-1,-1
295,29,1593.13,518.79,88.05,182.30,-1,-1,-1,-1
295,30,1400.39,346.75,99.47,379.58,-1,-1,-1,-1
295,31,1689.35,525.36,110.53,206.67,-1,-1,-1,-1
295,37,1544.75,391.41,137.06,300.03,-1,-1,-1,-1
295,44,1313.55,356.63,183.05,439.80,-1,-1,-1,-1
295,59,1687.58,472.16,45.91,112.74,-1,-1,-1,-1
295,64,38.16,502.26,74.41,246.83,-1,-1,-1,-1
295,66,1885.96,428.71,33.90,152.11,-1,-1,-1,-1
295,70,246.40,514.84,47.00,51.06,-1,-1,-1,-1
295,71,1221.57,353.65,118.69,393.66,-1,-1,-1,-1
295,73,885.64,523.96,29.26,94.66,-1,-1,-1,-1
296,6,1111.56,372.18,140.87,393.57,-1,-1,-1,-1
296,8,124.06,524.04,72.51,218.30,-1,-1,-1,-1
296,20,1479.52,443.07,62.60,237.81,-1,-1,-1,-1
296,29,1592.78,519.93,88.71,181.33,-1,-1,-1,-1
296,30,1406.03,347.44,96.62,383.70,-1,-1,-1,-1
296,31,1687.90,525.52,111.52,206.31,-1,-1,-1,-1
296,37,1547.65,392.50,141.20,298.17,-1,-1,-1,-1
296,44,1322.25,357.85,176.39,436.48,-1,-1,-1,-1
296,59,1686.91,472.24,46.66,111.82,-1,-1,-1,-1
296,64,39.63,501.66,73.16,247.42,-1,-1,-1,-1
296,66,1886.18,428.43,33.71,155.99,-1,-1,-1,-1
296,70,246.15,514.88,46.71,50.62,-1,-1,-1,-1
296,71,1224.86,354.49,122.12,393.08,-1,-1,-1,-1
296,73,886.57,523.96,28.92,94.76,-1,-1,-1,-1
297,6,1114.88,370.72,129.40,395.31,-1,-1,-1,-1
297,8,123.84,525.02,73.11,217.27,-1,-1,-1,-1
297,20,1481.14,447.49,72.84,232.53,-1,-1,-1,-1
297,29,1593.98,520.05,88.09,181.36,-1,-1,-1,-1
297,30,1415.78,348.03,97.60,350.78,-1,-1,-1,-1
297,31,1686.62,526.14,109.79,205.41,-1,-1,-1,-1
297,37,1552.05,393.58,141.30,297.90,-1,-1,-1,-1
297,44,1336.34,356.10,168.19,434.99,-1,-1,-1,-1
297,59,1686.89,472.50,46.05,110.67,-1,-1,-1,-1
297,64,39.39,501.47,73.79,247.82,-1,-1,-1,-1
297,66,1886.39,428.12,33.54,160.73,-1,-1,-1,-1
297,70,246.11,515.00,46.85,51.65,-1,-1,-1,-1
297,71,1229.72,356.58,126.46,390.30,-1,-1,-1,-1
298,6,1119.07,369.99,121.48,395.99,-1,-1,-1,-1
298,8,123.57,522.43,73.65,219.36,-1,-1,-1,-1
298,20,1484.32,454.73,73.51,224.53,-1,-1,-1,-1
298,29,1594.52,521.31,87.06,180.02,-1,-1,-1,-1
298,30,1423.76,347.82,96.67,277.55,-1,-1,-1,-1
298,31,1686.32,526.67,106.36,204.57,-1,-1,-1,-1
298,37,1557.28,393.93,138.87,295.79,-1,-1,-1,-1
298,44,1349.36,355.19,162.52,430.42,-1,-1,-1,-1
298,59,1686.91,472.62,46.50,110.40,-1,-1,-1,-1
298,64,37.69,501.38,75.33,247.86,-1,-1,-1,-1
298,66,1887.67,427.72,32.32,164.74,-1,-1,-1,-1
298,70,246.23,514.99,46.89,51.96,-1,-1,-1,-1
298,71,1234.04,356.55,127.63,390.58,-1,-1,-1,-1
299,6,1123.80,370.57,126.53,394.59,-1,-1,-1,-1
299,8,123.48,526.64,73.32,215.26,-1,-1,-1,-1
299,20,1487.68,455.27,72.24,222.31,-1,-1,-1,-1
299,29,1593.75,522.43,88.00,178.89,-1,-1,-1,-1
299,30,1435.16,348.74,93.69,313.08,-1,-1,-1,-1
299,31,1686.16,527.33,101.07,203.55,-1,-1,-1,-1
299,37,1562.84,394.32,134.75,262.04,-1,-1,-1,-1
299,44,1359.05,352.65,162.18,429.29,-1,-1,-1,-1
299,59,1686.23,472.64,45.94,110.56,-1,-1,-1,-1
299,64,27.08,501.35,84.57,247.21,-1,-1,-1,-1
299,66,1888.23,427.78,31.75,166.70,-1,-1,-1,-1
299,70,246.31,515.12,46.87,53.24,-1,-1,-1,-1
299,71,1241.18,355.99,133.74,389.98,-1,-1,-1,-1
300,6,1127.86,371.11,132.52,393.27,-1,-1,-1,-1
300,8,123.42,528.67,73.02,213.29,-1,-1,-1,-1
300,20,1489.64,455.42,71.35,220.81,-1,-1,-1,-1
300,29,1594.18,523.19,87.69,178.23,-1,-1,-1,-1
300,31,1686.95,527.99,94.93,202.74,-1,-1,-1,-1
300,37,1569.92,394.58,125.95,219.33,-1,-1,-1,-1
300,44,1364.91,350.85,163.89,429.54,-1,-1,-1,-1
300,59,1686.48,472.55,45.82,111.44,-1,-1,-1,-1
300,64,21.32,501.10,90.13,247.57,-1,-1,-1,-1
300,66,1888.48,427.98,31.49,167.63,-1,-1,-1,-1
300,70,246.63,515.30,46.60,52.32,-1,-1,-1,-1
300,71,1249.20,354.58,133.76,389.35,-1,-1,-1,-1
301,6,1132.27,371.75,140.01,392.47,-1,-1,-1,-1
301,8,123.06,529.27,73.18,212.99,-1,-1,-1,-1
301,20,1492.73,453.09,69.58,222.40,-1,-1,-1,-1
301,29,1594.62,522.92,87.07,178.44,-1,-1,-1,-1
301,31,1688.60,528.96,92.21,201.49,-1,-1,-1,-1
301,37,1571.43,393.37,120.41,254.41,-1,-1,-1,-1
301,44,1368.30,350.29,168.03,429.71,-1,-1,-1,-1
301,59,1686.69,472.58,46.15,112.84,-1,-1,-1,-1
301,64,19.23,500.35,91.64,247.96,-1,-1,-1,-1
301,66,1888.62,428.51,31.31,165.13,-1,-1,-1,-1
301,70,246.43,515.45,46.92,52.97,-1,-1,-1,-1
301,71,1256.17,354.60,130.52,387.97,-1,-1,-1,-1
302,6,1137.97,372.93,143.93,391.43,-1,-1,-1,-1
302,8,122.73,527.72,73.75,214.69,-1,-1,-1,-1
302,20,1495.08,454.53,69.97,220.14,-1,-1,-1,-1
302,29,1594.89,521.59,85.90,179.25,-1,-1,-1,-1
302,31,1692.48,530.42,89.15,198.99,-1,-1,-1,-1
302,37,1576.38,391.72,107.01,285.88,-1,-1,-1,-1
302,44,1370.95,350.19,174.35,428.75,-1,-1,-1,-1
302,59,1686.78,472.26,46.26,113.15,-1,-1,-1,-1
302,64,22.67,500.92,89.59,247.13,-1,-1,-1,-1
302,66,1888.27,429.41,31.59,153.47,-1,-1,-1,-1
302,70,246.20,515.39,47.17,52.75,-1,-1,-1,-1
302,71,1265.92,352.52,122.13,383.74,-1,-1,-1,-1
302,75,1232.69,421.42,55.60,263.30,-1,-1,-1,-1
303,6,1142.24,373.36,144.88,391.00,-1,-1,-1,-1
303,8,123.16,528.84,73.41,213.84,-1,-1,-1,-1
303,20,1495.02,443.32,74.68,233.96,-1,-1,-1,-1
303,29,1594.35,519.34,86.26,181.40,-1,-1,-1,-1
303,31,1696.51,531.36,87.19,197.71,-1,-1,-1,-1
303,37,1580.69,391.67,100.13,298.00,-1,-1,-1,-1
303,44,1372.65,350.75,177.09,427.38,-1,-1,-1,-1
303,59,1686.71,472.12,47.19,113.17,-1,-1,-1,-1
303,64,22.59,500.50,89.75,247.76,-1,-1,-1,-1
303,66,1888.45,430.47,31.33,148.50,-1,-1,-1,-1
303,70,245.88,515.63,47.47,52.59,-1,-1,-1,-1
303,71,1272.95,351.47,115.55,381.40,-1,-1,-1,-1
303,75,1234.88,419.76,55.19,267.87,-1,-1,-1,-1
304,6,1149.38,374.82,139.92,389.08,-1,-1,-1,-1
304,8,123.91,529.88,73.33,212.92,-1,-1,-1,-1
304,20,1503.22,439.13,72.12,241.92,-1,-1,-1,-1
304,29,1593.98,517.50,86.65,182.86,-1,-1,-1,-1
304,31,1701.19,530.81,85.89,196.84,-1,-1,-1,-1
304,37,1584.15,392.44,89.50,275.43,-1,-1,-1,-1
304,44,1377.00,352.45,179.16,426.44,-1,-1,-1,-1
304,59,1687.33,471.65,45.94,113.31,-1,-1,-1,-1
304,64,18.42,500.49,95.54,248.00,-1,-1,-1,-1
304,66,1888.29,432.18,31.43,145.63,-1,-1,-1,-1
304,70,246.03,515.88,47.41,52.11,-1,-1,-1,-1
304,71,1278.36,351.71,110.05,380.91,-1,-1,-1,-1
304,75,1233.99,417.44,57.25,271.73,-1,-1,-1,-1
305,6,1154.21,375.65,134.13,387.76,-1,-1,-1,-1
305,8,123.96,529.69,73.71,213.03,-1,-1,-1,-1
305,20,1510.07,436.49,68.20,242.27,-1,-1,-1,-1
305,29,1593.10,513.41,88.10,186.49,-1,-1,-1,-1
305,31,1703.93,530.43,84.79,196.38,-1,-1,-1,-1
305,37,1588.51,392.93,93.52,291.82,-1,-1,-1,-1
305,44,1380.95,354.38,181.28,425.73,-1,-1,-1,-1
305,59,1687.78,471.81,44.57,111.80,-1,-1,-1,-1
305,64,16.24,501.02,97.57,247.83,-1,-1,-1,-1
305,66,1888.28,433.61,31.42,143.91,-1,-1,-1,-1
305,70,246.21,516.05,47.41,52.50,-1,-1,-1,-1
305,71,1283.06,351.37,106.07,381.38,-1,-1,-1,-1
305,75,1235.51,415.02,56.35,274.20,-1,-1,-1,-1
306,6,1161.32,377.08,127.26,385.15,-1,-1,-1,-1
306,8,124.01,532.95,73.10,209.69,-1,-1,-1,-1
306,20,1516.00,437.10,65.06,242.10,-1,-1,-1,-1
306,29,1591.37,509.21,90.21,190.52,-1,-1,-1,-1
306,31,1705.07,529.61,84.56,196.85,-1,-1,-1,-1
306,37,1593.19,394.17,94.89,278.45,-1,-1,-1,-1
306,44,1383.61,356.89,182.94,423.21,-1,-1,-1,-1
306,59,1687.63,471.92,44.69,112.11,-1,-1,-1,-1
306,64,17.98,501.31,95.80,247.23,-1,-1,-1,-1
306,66,1889.49,434.74,30.25,142.95,-1,-1,-1,-1
306,70,246.28,516.18,47.52,53.22,-1,-1,-1,-1
306,71,1288.05,352.09,102.22,380.92,-1,-1,-1,-1
306,75,1239.39,415.86,53.27,272.94,-1,-1,-1,-1
307,6,1167.72,377.75,121.41,383.58,-1,-1,-1,-1
307,8,123.99,536.11,72.99,206.70,-1,-1,-1,-1
307,20,1520.23,437.05,64.10,240.60,-1,-1,-1,-1
307,29,1589.61,503.33,94.03,196.34,-1,-1,-1,-1
307,31,1704.96,528.69,85.60,197.41,-1,-1,-1,-1
307,37,1598.85,394.96,98.60,273.51,-1,-1,-1,-1
307,44,1388.76,360.64,180.43,418.18,-1,-1,-1,-1
307,59,1687.60,471.87,44.47,114.71,-1,-1,-1,-1
307,64,30.76,501.82,82.17,246.70,-1,-1,-1,-1
307,66,1889.33,435.56,30.40,142.68,-1,-1,-1,-1
307,70,246.05,516.19,48.03,56.47,-1,-1,-1,-1
307,71,1291.71,353.16,100.42,379.39,-1,-1,-1,-1
308,6,1172.02,377.47,117.87,382.83,-1,-1,-1,-1
308,8,123.63,536.52,73.12,206.47,-1,-1,-1,-1
308,20,1523.74,437.68,62.53,238.84,-1,-1,-1,-1
308,29,1588.78,499.46,103.42,200.65,-1,-1,-1,-1
308,31,1704.87,527.78,86.20,198.61,-1,-1,-1,-1
308,37,1606.39,395.76,94.49,251.86,-1,-1,-1,-1
308,44,1394.24,361.81,179.02,415.82,-1,-1,-1,-1
308,59,1687.61,472.06,44.84,114.50,-1,-1,-1,-1
308,64,34.59,501.80,77.67,246.79,-1,-1,-1,-1
308,66,1888.99,435.61,30.72,142.95,-1,-1,-1,-1
308,70,245.94,516.35,48.39,56.92,-1,-1,-1,-1
308,71,1293.60,354.10,99.55,378.76,-1,-1,-1,-1
309,6,1177.59,376.70,119.87,380.14,-1,-1,-1,-1
309,8,122.65,535.95,73.97,206.83,-1,-1,-1,-1
309,20,1528.59,440.06,59.24,234.11,-1,-1,-1,-1
309,29,1587.59,494.90,104.75,205.36,-1,-1,-1,-1
309,31,1702.14,527.08,88.68,200.43,-1,-1,-1,-1
309,37,1613.32,396.78,87.91,248.80,-1,-1,-1,-1
309,44,1401.20,362.62,176.32,412.37,-1,-1,-1,-1
309,59,1690.31,472.32,42.21,113.45,-1,-1,-1,-1
309,64,36.76,503.34,75.57,245.22,-1,-1,-1,-1
309,66,1888.48,435.54,31.29,150.81,-1,-1,-1,-1
309,70,245.72,516.54,48.66,58.23,-1,-1,-1,-1
309,71,1297.74,355.29,98.42,377.24,-1,-1,-1,-1
309,76,1359.42,402.67,73.35,312.39,-1,-1,-1,-1
310,6,1183.17,376.81,124.94,377.27,-1,-1,-1,-1
310,8,122.89,539.07,73.82,203.87,-1,-1,-1,-1
310,20,1535.39,442.64,59.29,229.00,-1,-1,-1,-1
310,29,1586.54,490.28,104.22,210.28,-1,-1,-1,-1
310,31,1700.06,526.49,90.23,201.13,-1,-1,-1,-1
310,37,1618.51,397.11,83.61,243.56,-1,-1,-1,-1
310,44,1406.84,362.56,173.83,406.47,-1,-1,-1,-1
310,59,1694.30,472.12,36.88,115.01,-1,-1,-1,-1
310,64,37.49,503.03,75.01,245.53,-1,-1,-1,-1
310,66,1889.13,434.97,30.68,155.05,-1,-1,-1,-1
310,70,245.57,516.69,48.85,58.52,-1,-1,-1,-1
310,71,1302.01,356.36,96.32,375.02,-1,-1,-1,-1
310,76,1364.49,401.25,68.83,297.37,-1,-1,-1,-1
311,6,1186.68,377.45,131.12,375.46,-1,-1,-1,-1
311,8,122.79,538.63,73.83,203.84,-1,-1,-1,-1
311,20,1541.10,445.06,58.07,225.02,-1,-1,-1,-1
311,29,1586.08,485.44,106.95,215.32,-1,-1,-1,-1
311,31,1699.94,526.21,89.54,201.59,-1,-1,-1,-1
311,37,1622.65,398.05,82.63,249.75,-1,-1,-1,-1
311,44,1412.86,362.59,170.85,402.22,-1,-1,-1,-1
311,59,1697.42,471.03,33.12,111.11,-1,-1,-1,-1
311,64,20.25,503.03,92.11,245.37,-1,-1,-1,-1
311,66,1889.65,435.11,30.18,157.22,-1,-1,-1,-1
311,70,245.41,516.71,48.99,58.84,-1,-1,-1,-1
311,71,1303.78,358.18,96.96,373.09,-1,-1,-1,-1
311,76,1371.88,400.17,63.00,288.81,-1,-1,-1,-1
312,6,1192.28,378.40,137.09,374.08,-1,-1,-1,-1
312,8,122.74,539.33,73.87,203.26,-1,-1,-1,-1
312,20,1546.67,445.83,55.08,222.43,-1,-1,-1,-1
312,29,1584.40,481.00,108.99,220.26,-1,-1,-1,-1
312,31,1702.85,525.88,85.23,201.10,-1,-1,-1,-1
312,37,1629.34,397.96,86.67,254.42,-1,-1,-1,-1
312,44,1417.81,363.27,168.78,400.72,-1,-1,-1,-1
312,64,12.40,503.20,99.66,244.41,-1,-1,-1,-1
312,66,1889.72,434.65,30.23,170.55,-1,-1,-1,-1
312,70,245.64,516.75,48.74,58.86,-1,-1,-1,-1
312,71,1303.90,360.31,101.66,371.11,-1,-1,-1,-1
312,76,1379.48,397.01,60.77,293.63,-1,-1,-1,-1
313,6,1197.36,379.08,141.14,373.99,-1,-1,-1,-1
313,8,123.12,541.13,73.59,201.23,-1,-1,-1,-1
313,20,1550.08,445.58,53.87,221.19,-1,-1,-1,-1
313,29,1582.24,477.74,111.02,223.40,-1,-1,-1,-1
313,31,1703.90,525.94,82.40,200.95,-1,-1,-1,-1
313,37,1633.33,396.05,92.06,263.18,-1,-1,-1,-1
313,44,1422.25,363.45,165.14,400.27,-1,-1,-1,-1
313,64,15.91,505.26,96.27,242.84,-1,-1,-1,-1
313,66,1890.10,433.98,29.84,177.10,-1,-1,-1,-1
313,70,245.70,516.64,48.72,59.99,-1,-1,-1,-1
313,71,1305.21,363.21,103.33,367.96,-1,-1,-1,-1
313,76,1383.31,398.65,57.06,292.76,-1,-1,-1,-1
314,6,1201.44,379.09,144.72,374.02,-1,-1,-1,-1
314,8,123.82,533.65,76.63,209.55,-1,-1,-1,-1
314,20,1553.49,443.96,52.94,221.14,-1,-1,-1,-1
314,29,1581.05,472.36,112.23,228.97,-1,-1,-1,-1
314,31,1703.41,526.82,81.10,199.75,-1,-1,-1,-1
314,37,1639.82,395.07,99.76,267.16,-1,-1,-1,-1
314,44,1427.64,363.20,163.50,400.29,-1,-1,-1,-1
314,64,11.79,501.91,100.01,246.01,-1,-1,-1,-1
314,66,1889.81,433.37,30.10,179.55,-1,-1,-1,-1
314,70,246.30,516.84,48.08,59.21,-1,-1,-1,-1
314,71,1308.62,364.89,101.23,365.26,-1,-1,-1,-1
314,76,1388.50,401.42,54.75,288.49,-1,-1,-1,-1
315,6,1205.74,380.86,146.47,372.71,-1,-1,-1,-1
315,8,124.47,534.05,76.57,209.55,-1,-1,-1,-1
315,20,1556.20,442.71,53.87,215.61,-1,-1,-1,-1
315,29,1581.15,468.17,111.20,233.17,-1,-1,-1,-1
315,31,1703.25,527.26,79.46,199.45,-1,-1,-1,-1
315,37,1644.41,394.73,115.91,274.75,-1,-1,-1,-1
315,44,1432.51,364.07,160.98,398.48,-1,-1,-1,-1
315,64,11.84,500.76,100.48,247.19,-1,-1,-1,-1
315,66,1889.47,433.17,30.42,181.07,-1,-1,-1,-1
315,70,246.22,516.92,48.07,59.21,-1,-1,-1,-1
315,71,1310.76,365.29,100.72,363.89,-1,-1,-1,-1
315,76,1393.74,405.15,61.68,283.39,-1,-1,-1,-1
316,6,1210.18,382.35,146.94,371.28,-1,-1,-1,-1
316,8,123.66,534.28,77.40,208.74,-1,-1,-1,-1
316,20,1557.61,442.94,53.99,219.40,-1,-1,-1,-1
316,29,1580.71,466.74,110.93,234.82,-1,-1,-1,-1
316,31,1702.24,527.08,79.25,199.66,-1,-1,-1,-1
316,37,1648.45,394.90,124.83,277.25,-1,-1,-1,-1
316,44,1437.63,364.97,157.74,397.81,-1,-1,-1,-1
316,64,19.82,500.52,92.89,247.61,-1,-1,-1,-1
316,66,1888.84,433.04,31.01,181.19,-1,-1,-1,-1
316,70,246.25,517.08,48.04,59.36,-1,-1,-1,-1
316,71,1311.22,365.62,102.39,362.52,-1,-1,-1,-1
316,76,1396.31,406.87,58.40,280.31,-1,-1,-1,-1
317,6,1215.42,383.25,147.06,367.51,-1,-1,-1,-1
317,8,123.52,534.35,78.09,208.75,-1,-1,-1,-1
317,20,1560.62,442.80,51.70,218.55,-1,-1,-1,-1
317,29,1580.02,461.40,110.25,239.61,-1,-1,-1,-1
317,31,1702.01,525.86,78.53,200.77,-1,-1,-1,-1
317,37,1654.09,394.52,130.03,278.93,-1,-1,-1,-1
317,44,1441.25,367.13,154.26,395.24,-1,-1,-1,-1
317,64,18.75,501.45,94.42,246.00,-1,-1,-1,-1
317,66,1887.90,433.66,31.91,179.57,-1,-1,-1,-1
317,70,246.56,517.04,47.89,56.96,-1,-1,-1,-1
317,71,1310.10,364.33,106.12,364.51,-1,-1,-1,-1
317,76,1399.59,409.70,70.07,277.06,-1,-1,-1,-1
318,6,1221.84,386.08,142.78,364.75,-1,-1,-1,-1
318,8,124.27,538.95,75.62,204.02,-1,-1,-1,-1
318,20,1563.07,443.34,50.44,219.16,-1,-1,-1,-1
318,29,1579.29,457.69,109.81,243.50,-1,-1,-1,-1
318,31,1701.34,525.50,78.71,201.47,-1,-1,-1,-1
318,37,1658.16,395.71,130.96,275.81,-1,-1,-1,-1
318,44,1443.18,369.39,153.14,391.15,-1,-1,-1,-1
318,64,17.81,500.79,94.78,247.43,-1,-1,-1,-1
318,66,1889.07,434.63,30.75,179.05,-1,-1,-1,-1
318,70,246.02,516.93,48.50,57.97,-1,-1,-1,-1
318,71,1307.11,363.56,110.43,361.11,-1,-1,-1,-1
318,76,1400.03,410.88,77.79,277.33,-1,-1,-1,-1
318,77,1181.17,407.97,83.08,290.77,-1,-1,-1,-1
319,6,1227.94,385.09,138.77,366.64,-1,-1,-1,-1
319,8,123.86,539.00,74.14,203.70,-1,-1,-1,-1
319,20,1567.68,444.35,46.55,215.67,-1,-1,-1,-1
319,29,1578.24,454.77,109.19,246.47,-1,-1,-1,-1
319,31,1698.67,526.38,80.21,200.88,-1,-1,-1,-1
319,37,1661.67,397.32,132.55,276.33,-1,-1,-1,-1
319,44,1446.89,371.79,154.24,387.97,-1,-1,-1,-1
319,64,17.66,501.41,95.13,246.68,-1,-1,-1,-1
319,66,1887.82,435.29,31.96,178.52,-1,-1,-1,-1
319,70,246.17,516.86,48.43,57.84,-1,-1,-1,-1
319,71,1309.26,363.16,109.71,359.59,-1,-1,-1,-1
319,76,1402.28,406.06,80.87,282.22,-1,-1,-1,-1
319,77,1182.59,405.41,83.65,303.47,-1,-1,-1,-1
320,6,1233.01,385.65,134.90,365.49,-1,-1,-1,-1
320,8,123.46,539.57,74.05,203.10,-1,-1,-1,-1
320,20,1572.31,446.09,44.74,208.63,-1,-1,-1,-1
320,29,1578.34,451.20,107.63,250.23,-1,-1,-1,-1
320,31,1696.42,527.35,81.77,199.94,-1,-1,-1,-1
320,37,1665.29,399.33,128.47,272.69,-1,-1,-1,-1
320,44,1449.65,372.80,155.35,386.16,-1,-1,-1,-1
320,64,18.49,501.09,94.34,247.13,-1,-1,-1,-1
320,66,1886.51,436.43,33.21,175.57,-1,-1,-1,-1
320,70,246.63,516.91,48.03,57.53,-1,-1,-1,-1
320,71,1312.38,363.03,108.27,358.14,-1,-1,-1,-1
320,76,1404.87,408.04,80.37,277.67,-1,-1,-1,-1
320,77,1182.47,403.96,86.82,308.07,-1,-1,-1,-1
320,78,1427.70,367.58,70.44,323.56,-1,-1,-1,-1
321,6,1237.53,387.04,131.80,363.70,-1,-1,-1,-1
321,8,122.81,537.39,74.37,205.28,-1,-1,-1,-1
321,29,1579.53,447.45,105.02,254.21,-1,-1,-1,-1
321,31,1693.63,527.47,83.54,199.97,-1,-1,-1,-1
321,37,1668.48,400.92,124.16,271.01,-1,-1,-1,-1
321,44,1451.35,373.11,156.57,385.32,-1,-1,-1,-1
321,64,18.25,504.28,94.99,244.17,-1,-1,-1,-1
321,66,1885.58,437.49,34.10,175.33,-1,-1,-1,-1
321,70,246.96,517.00,47.67,57.16,-1,-1,-1,-1
321,71,1317.19,363.61,105.97,358.26,-1,-1,-1,-1
321,76,1406.64,410.24,80.58,274.25,-1,-1,-1,-1
321,77,1181.33,403.41,91.29,312.81,-1,-1,-1,-1
321,78,1429.30,369.46,70.21,326.99,-1,-1,-1,-1
321,79,1666.66,400.87,122.97,178.81,-1,-1,-1,-1
322,6,1244.20,388.30,125.77,360.92,-1,-1,-1,-1
322,8,122.95,535.33,74.11,207.15,-1,-1,-1,-1
322,29,1581.29,445.90,102.68,255.94,-1,-1,-1,-1
322,31,1689.51,528.01,86.53,199.42,-1,-1,-1,-1
322,44,1453.93,373.35,156.61,383.40,-1,-1,-1,-1
322,64,18.39,502.32,95.81,245.84,-1,-1,-1,-1
322,66,1887.42,438.04,32.31,173.10,-1,-1,-1,-1
322,70,246.88,517.19,47.84,59.80,-1,-1,-1,-1
322,71,1325.27,365.58,104.13,355.53,-1,-1,-1,-1
322,76,1411.16,408.78,67.25,274.63,-1,-1,-1,-1
322,77,1177.71,403.22,94.81,316.55,-1,-1,-1,-1
322,78,1434.67,370.19,73.02,317.41,-1,-1,-1,-1
322,79,1670.46,400.24,117.72,175.67,-1,-1,-1,-1
323,6,1247.59,385.90,122.17,361.64,-1,-1,-1,-1
323,8,122.83,535.45,73.81,207.45,-1,-1,-1,-1
323,29,1581.87,443.47,101.32,258.09,-1,-1,-1,-1
323,31,1686.80,528.38,88.02,199.28,-1,-1,-1,-1
323,44,1454.76,373.21,156.91,380.05,-1,-1,-1,-1
323,64,18.05,503.24,95.71,245.45,-1,-1,-1,-1
323,66,1888.27,438.35,31.49,172.59,-1,-1,-1,-1
323,70,247.23,517.27,47.43,60.48,-1,-1,-1,-1
323,71,1330.43,367.77,106.56,351.12,-1,-1,-1,-1
323,76,1414.26,407.75,58.76,275.25,-1,-1,-1,-1
323,77,1176.97,403.27,96.05,316.76,-1,-1,-1,-1
323,78,1437.92,373.54,71.36,318.41,-1,-1,-1,-1
323,79,1674.04,399.78,115.63,175.83,-1,-1,-1,-1
324,6,1254.60,385.09,113.67,354.29,-1,-1,-1,-1
324,8,123.43,534.57,73.09,208.05,-1,-1,-1,-1
324,29,1580.93,438.13,101.77,263.95,-1,-1,-1,-1
324,31,1682.68,529.17,91.81,198.72,-1,-1,-1,-1
324,44,1454.82,372.13,157.50,377.36,-1,-1,-1,-1
324,64,19.23,505.62,94.14,242.72,-1,-1,-1,-1
324,66,1889.24,438.35,30.53,173.25,-1,-1,-1,-1
324,70,247.42,517.20,47.38,60.93,-1,-1,-1,-1
324,71,1335.01,369.97,110.98,348.46,-1,-1,-1,-1
324,76,1414.25,406.91,56.56,275.52,-1,-1,-1,-1
324,77,1172.91,404.59,100.32,317.16,-1,-1,-1,-1
324,78,1440.71,373.39,69.12,312.39,-1,-1,-1,-1
324,79,1676.28,400.37,119.45,192.73,-1,-1,-1,-1
325,6,1258.13,380.43,109.86,353.85,-1,-1,-1,-1
325,8,123.93,533.86,72.90,208.45,-1,-1,-1,-1
325,29,1582.13,434.89,98.48,266.41,-1,-1,-1,-1
325,31,1678.53,528.98,97.69,198.74,-1,-1,-1,-1
325,44,1453.47,371.84,158.73,376.21,-1,-1,-1,-1
325,64,18.72,521.35,94.46,227.31,-1,-1,-1,-1
325,66,1889.14,437.92,30.62,173.54,-1,-1,-1,-1
325,70,247.45,517.14,47.34,60.82,-1,-1,-1,-1
325,71,1338.43,371.63,114.20,346.46,-1,-1,-1,-1
325,76,1416.61,404.89,54.95,272.92,-1,-1,-1,-1
325,77,1172.02,406.05,101.38,317.35,-1,-1,-1,-1
325,78,1442.43,373.17,68.01,312.72,-1,-1,-1,-1
325,79,1678.89,399.72,120.00,201.33,-1,-1,-1,-1
326,6,1262.52,381.46,106.93,350.07,-1,-1,-1,-1
326,8,124.74,535.50,72.70,206.74,-1,-1,-1,-1
326,29,1580.99,430.24,98.91,270.83,-1,-1,-1,-1
326,31,1674.21,528.51,104.92,199.18,-1,-1,-1,-1
326,44,1451.92,372.24,159.56,375.65,-1,-1,-1,-1
326,64,18.27,508.57,95.18,239.65,-1,-1,-1,-1
326,66,1888.78,437.26,30.96,173.59,-1,-1,-1,-1
326,70,247.32,517.27,47.42,59.75,-1,-1,-1,-1
326,71,1342.48,373.03,114.06,344.10,-1,-1,-1,-1
326,76,1420.33,403.88,56.92,278.01,-1,-1,-1,-1
326,77,1170.93,406.41,102.60,318.99,-1,-1,-1,-1
326,78,1443.33,377.79,67.72,308.98,-1,-1,-1,-1
326,79,1682.40,399.48,117.70,211.77,-1,-1,-1,-1
327,6,1265.69,383.63,105.37,348.38,-1,-1,-1,-1
327,8,124.59,534.80,72.99,207.84,-1,-1,-1,-1
327,29,1581.71,424.90,97.90,276.26,-1,-1,-1,-1
327,31,1670.06,528.79,110.99,198.64,-1,-1,-1,-1
327,44,1450.23,373.47,160.85,374.62,-1,-1,-1,-1
327,64,27.58,503.44,86.37,244.84,-1,-1,-1,-1
327,66,1889.94,436.99,29.82,172.95,-1,-1,-1,-1
327,70,247.00,517.09,47.49,60.97,-1,-1,-1,-1
327,71,1347.59,375.17,110.04,341.51,-1,-1,-1,-1
327,76,1423.10,404.30,57.38,274.08,-1,-1,-1,-1
327,77,1168.67,404.40,105.39,321.56,-1,-1,-1,-1
327,78,1444.74,381.03,68.20,303.89,-1,-1,-1,-1
327,79,1685.34,399.18,116.93,242.02,-1,-1,-1,-1
328,6,1268.07,384.49,105.42,348.40,-1,-1,-1,-1
328,8,124.68,532.03,73.04,210.52,-1,-1,-1,-1
328,29,1582.70,420.82,96.32,280.70,-1,-1,-1,-1
328,31,1669.06,528.05,111.79,199.12,-1,-1,-1,-1
328,44,1449.46,374.48,161.87,373.74,-1,-1,-1,-1
328,64,26.96,502.11,87.61,245.70,-1,-1,-1,-1
328,66,1890.02,436.49,29.74,172.53,-1,-1,-1,-1
328,70,246.87,516.70,47.49,59.44,-1,-1,-1,-1
328,71,1351.39,375.82,105.20,341.22,-1,-1,-1,-1
328,76,1426.71,403.13,55.32,274.59,-1,-1,-1,-1
328,77,1166.85,403.20,108.65,322.80,-1,-1,-1,-1
328,78,1444.82,375.58,71.39,309.99,-1,-1,-1,-1
328,79,1688.27,399.59,113.22,256.97,-1,-1,-1,-1
329,6,1272.52,386.52,109.52,346.94,-1,-1,-1,-1
329,8,124.85,530.88,73.04,211.78,-1,-1,-1,-1
329,29,1586.04,416.08,93.19,286.05,-1,-1,-1,-1
329,31,1666.80,528.59,110.55,198.91,-1,-1,-1,-1
329,44,1449.67,377.28,158.86,370.85,-1,-1,-1,-1
329,64,26.84,501.51,87.52,246.20,-1,-1,-1,-1
329,66,1890.80,437.64,28.98,171.26,-1,-1,-1,-1
329,70,247.36,516.95,46.92,56.80,-1,-1,-1,-1
329,71,1354.72,377.21,99.50,338.21,-1,-1,-1,-1
329,76,1438.84,402.99,55.99,278.31,-1,-1,-1,-1
329,77,1164.12,401.69,113.55,323.49,-1,-1,-1,-1
329,78,1444.31,373.03,74.43,312.89,-1,-1,-1,-1
329,79,1693.30,400.59,106.27,262.07,-1,-1,-1,-1
330,6,1275.10,388.53,115.59,346.31,-1,-1,-1,-1
330,8,125.14,531.34,72.76,211.21,-1,-1,-1,-1
330,29,1592.75,412.77,86.79,288.83,-1,-1,-1,-1
330,31,1670.19,528.53,103.28,198.92,-1,-1,-1,-1
330,44,1450.34,378.12,155.38,369.09,-1,-1,-1,-1
330,64,25.72,500.88,88.36,246.89,-1,-1,-1,-1
330,66,1891.42,438.56,28.38,170.10,-1,-1,-1,-1
330,70,247.17,516.90,46.97,58.70,-1,-1,-1,-1
330,71,1355.13,377.44,96.30,337.63,-1,-1,-1,-1
330,76,1444.18,396.67,56.75,285.96,-1,-1,-1,-1
330,77,1159.60,400.51,119.30,324.19,-1,-1,-1,-1
330,78,1445.84,373.22,74.82,320.74,-1,-1,-1,-1
330,79,1697.09,402.06,108.23,261.88,-1,-1,-1,-1
331,6,1277.97,390.00,121.23,345.02,-1,-1,-1,-1
331,8,125.37,531.31,72.31,211.16,-1,-1,-1,-1
331,29,1603.71,411.34,76.00,290.07,-1,-1,-1,-1
331,31,1673.95,528.49,96.10,199.03,-1,-1,-1,-1
331,44,1452.49,379.13,151.63,367.38,-1,-1,-1,-1
331,64,22.42,500.70,91.15,246.63,-1,-1,-1,-1
331,66,1891.75,440.00,28.05,169.35,-1,-1,-1,-1
331,70,247.37,516.94,46.93,59.34,-1,-1,-1,-1
331,71,1355.04,377.75,96.00,336.16,-1,-1,-1,-1
331,76,1446.58,392.06,57.46,290.42,-1,-1,-1,-1
331,77,1157.20,398.50,123.30,325.32,-1,-1,-1,-1
331,78,1445.66,373.59,76.34,321.24,-1,-1,-1,-1
331,79,1698.36,403.11,109.84,260.41,-1,-1,-1,-1
332,6,1282.54,390.50,126.19,344.42,-1,-1,-1,-1
332,8,124.94,531.38,72.51,211.41,-1,-1,-1,-1
332,29,1607.86,411.34,74.54,290.17,-1,-1,-1,-1
332,31,1679.14,529.12,85.75,199.94,-1,-1,-1,-1
332,44,1452.61,376.93,149.51,368.43,-1,-1,-1,-1
332,64,17.34,500.71,96.24,246.26,-1,-1,-1,-1
332,66,1892.30,444.40,27.48,163.82,-1,-1,-1,-1
332,70,246.77,517.19,47.49,59.62,-1,-1,-1,-1
332,71,1359.10,377.62,93.97,336.81,-1,-1,-1,-1
332,76,1447.67,401.25,56.38,280.68,-1,-1,-1,-1
332,77,1155.65,396.66,124.13,327.49,-1,-1,-1,-1
332,79,1702.18,404.80,107.73,258.21,-1,-1,-1,-1
333,6,1285.61,390.54,129.68,344.09,-1,-1,-1,-1
333,8,125.30,526.34,72.14,216.22,-1,-1,-1,-1
333,29,1612.02,410.88,73.94,290.29,-1,-1,-1,-1
333,31,1681.54,529.12,80.95,200.62,-1,-1,-1,-1
333,44,1452.71,376.61,148.12,367.60,-1,-1,-1,-1
333,64,16.51,500.30,96.86,247.04,-1,-1,-1,-1
333,66,1892.91,446.11,26.89,161.87,-1,-1,-1,-1
333,70,246.55,517.13,47.57,60.94,-1,-1,-1,-1
333,71,1363.23,377.77,91.83,336.33,-1,-1,-1,-1
333,76,1452.63,399.95,58.39,282.76,-1,-1,-1,-1
333,77,1154.17,395.37,125.17,329.36,-1,-1,-1,-1
333,79,1706.44,406.40,103.78,255.68,-1,-1,-1,-1
334,6,1291.69,391.74,128.95,342.52,-1,-1,-1,-1
334,8,126.12,528.65,71.52,214.41,-1,-1,-1,-1
334,29,1615.65,410.34,72.99,288.43,-1,-1,-1,-1
334,31,1684.11,527.77,76.97,201.95,-1,-1,-1,-1
334,44,1452.40,377.38,147.00,365.50,-1,-1,-1,-1
334,64,26.75,500.31,86.40,246.98,-1,-1,-1,-1
334,66,1895.29,448.59,24.58,160.42,-1,-1,-1,-1
334,70,246.95,517.04,47.44,61.20,-1,-1,-1,-1
334,71,1369.02,377.15,87.85,336.57,-1,-1,-1,-1
334,76,1457.59,398.66,60.41,284.84,-1,-1,-1,-1
334,77,1153.63,394.89,125.01,332.14,-1,-1,-1,-1
334,79,1713.02,406.88,96.97,255.73,-1,-1,-1,-1
335,6,1295.95,392.89,126.88,341.23,-1,-1,-1,-1
335,8,125.44,526.53,71.76,217.23,-1,-1,-1,-1
335,29,1618.69,410.01,77.49,288.69,-1,-1,-1,-1
335,31,1687.19,526.32,73.38,203.39,-1,-1,-1,-1
335,44,1451.59,378.33,144.85,361.59,-1,-1,-1,-1
335,64,38.80,501.25,73.94,246.57,-1,-1,-1,-1
335,70,247.11,516.94,47.30,59.12,-1,-1,-1,-1
335,71,1373.47,377.02,84.80,337.28,-1,-1,-1,-1
335,76,1462.55,397.36,62.42,286.92,-1,-1,-1,-1
335,77,1153.17,395.03,125.20,334.10,-1,-1,-1,-1
335,79,1718.85,406.49,91.12,256.59,-1,-1,-1,-1
335,80,1572.20,419.39,60.26,264.59,-1,-1,-1,-1
336,6,1299.82,393.63,121.86,339.94,-1,-1,-1,-1
336,8,125.68,519.33,71.51,224.76,-1,-1,-1,-1
336,29,1621.30,410.03,79.02,288.78,-1,-1,-1,-1
336,31,1689.13,528.64,71.64,200.82,-1,-1,-1,-1
336,44,1449.28,379.31,145.58,358.97,-1,-1,-1,-1
336,64,42.69,501.85,69.74,245.96,-1,-1,-1,-1
336,70,246.91,516.86,47.43,59.97,-1,-1,-1,-1
336,71,1377.52,377.08,83.24,335.73,-1,-1,-1,-1
336,76,1467.51,396.07,64.43,288.99,-1,-1,-1,-1
336,77,1150.39,395.38,128.28,334.82,-1,-1,-1,-1
336,79,1720.38,406.32,89.70,253.10,-1,-1,-1,-1
336,80,1575.59,417.91,59.48,266.21,-1,-1,-1,-1
337,6,1305.22,392.62,117.85,340.28,-1,-1,-1,-1
337,8,125.59,517.71,72.33,226.88,-1,-1,-1,-1
337,29,1624.70,411.71,75.74,287.35,-1,-1,-1,-1
337,31,1686.96,528.94,74.13,200.42,-1,-1,-1,-1
337,44,1448.81,380.61,144.36,353.69,-1,-1,-1,-1
337,64,44.10,501.17,68.09,246.47,-1,-1,-1,-1
337,70,246.93,516.84,47.30,60.54,-1,-1,-1,-1
337,71,1382.78,377.29,78.32,334.72,-1,-1,-1,-1
337,76,1472.47,394.78,66.45,291.07,-1,-1,-1,-1
337,77,1148.80,397.06,130.51,334.35,-1,-1,-1,-1
337,79,1723.18,406.11,96.63,254.15,-1,-1,-1,-1
337,80,1579.42,416.61,61.63,269.32,-1,-1,-1,-1
338,6,1311.55,392.79,113.70,339.18,-1,-1,-1,-1
338,8,121.16,504.83,78.03,240.30,-1,-1,-1,-1
338,29,1626.17,411.54,77.00,290.58,-1,-1,-1,-1
338,31,1686.05,526.25,76.76,203.24,-1,-1,-1,-1
338,44,1446.33,380.52,146.30,351.91,-1,-1,-1,-1
338,64,43.86,501.52,68.15,246.38,-1,-1,-1,-1
338,70,246.90,516.79,47.29,59.29,-1,-1,-1,-1
338,71,1388.90,378.86,71.84,328.21,-1,-1,-1,-1
338,76,1477.43,393.48,68.46,293.15,-1,-1,-1,-1
338,77,1146.35,396.89,133.68,337.36,-1,-1,-1,-1
338,79,1727.11,405.93,102.62,254.23,-1,-1,-1,-1
338,80,1580.39,417.05,62.50,263.24,-1,-1,-1,-1
339,6,1315.79,391.32,116.26,337.20,-1,-1,-1,-1
339,8,123.02,525.78,76.77,219.23,-1,-1,-1,-1
339,29,1627.37,412.54,79.17,289.27,-1,-1,-1,-1
339,31,1685.43,525.13,79.70,204.59,-1,-1,-1,-1
339,44,1444.51,380.51,148.25,351.49,-1,-1,-1,-1
339,64,48.41,501.78,63.77,246.29,-1,-1,-1,-1
339,70,246.28,516.86,47.73,59.62,-1,-1,-1,-1
339,71,1393.77,380.85,66.18,328.06,-1,-1,-1,-1
339,76,1482.39,392.19,70.47,295.23,-1,-1,-1,-1
339,77,1144.97,396.21,136.41,339.41,-1,-1,-1,-1
339,79,1731.32,404.07,110.92,257.39,-1,-1,-1,-1
339,80,1582.59,416.44,65.88,260.51,-1,-1,-1,-1
340,6,1319.47,390.50,120.37,335.02,-1,-1,-1,-1
340,8,124.77,530.03,77.39,215.43,-1,-1,-1,-1
340,29,1635.96,411.35,73.52,280.02,-1,-1,-1,-1
340,31,1684.70,524.67,80.29,205.25,-1,-1,-1,-1
340,44,1443.59,382.20,148.78,349.19,-1,-1,-1,-1
340,64,50.49,501.58,62.04,246.78,-1,-1,-1,-1
340,70,246.25,516.77,48.05,60.54,-1,-1,-1,-1
340,71,1395.95,382.52,63.60,324.56,-1,-1,-1,-1
340,76,1487.35,390.89,72.49,297.30,-1,-1,-1,-1
340,77,1143.92,395.40,137.97,340.37,-1,-1,-1,-1
340,79,1735.49,403.18,109.86,257.51,-1,-1,-1,-1
340,80,1586.56,415.81,68.09,274.89,-1,-1,-1,-1
341,6,1323.74,390.24,121.54,333.75,-1,-1,-1,-1
341,8,125.57,535.13,75.04,210.35,-1,-1,-1,-1
341,29,1641.50,411.40,80.02,281.72,-1,-1,-1,-1
341,31,1685.66,525.40,77.16,204.43,-1,-1,-1,-1
341,44,1443.99,384.44,148.49,347.00,-1,-1,-1,-1
341,64,51.53,501.97,60.88,246.67,-1,-1,-1,-1
341,70,246.39,517.16,48.10,60.43,-1,-1,-1,-1
341,71,1397.89,384.70,61.17,317.22,-1,-1,-1,-1
341,76,1492.31,389.60,74.50,299.38,-1,-1,-1,-1
341,77,1145.78,393.73,136.57,342.79,-1,-1,-1,-1
341,79,1736.39,403.05,110.44,256.34,-1,-1,-1,-1
341,80,1589.92,417.40,67.54,278.84,-1,-1,-1,-1
342,6,1329.42,389.69,121.79,333.61,-1,-1,-1,-1
342,8,126.18,534.94,73.65,210.47,-1,-1,-1,-1
342,29,1634.12,412.78,95.76,286.82,-1,-1,-1,-1
342,31,1683.51,523.73,77.92,206.07,-1,-1,-1,-1
342,44,1444.88,389.16,148.35,342.47,-1,-1,-1,-1
342,64,50.11,502.21,62.12,246.15,-1,-1,-1,-1
342,70,246.27,517.09,48.21,58.80,-1,-1,-1,-1
342,71,1402.51,387.19,57.85,316.43,-1,-1,-1,-1
342,76,1497.26,388.31,76.51,301.46,-1,-1,-1,-1
342,77,1148.19,391.83,133.97,344.69,-1,-1,-1,-1
342,79,1739.82,404.30,112.44,254.45,-1,-1,-1,-1
342,80,1593.99,420.64,69.09,270.04,-1,-1,-1,-1
342,81,1505.28,378.70,71.37,91.14,-1,-1,-1,-1
343,6,1333.55,389.93,122.00,333.29,-1,-1,-1,-1
343,8,125.74,534.39,73.90,210.59,-1,-1,-1,-1
343,29,1632.39,412.43,96.43,288.66,-1,-1,-1,-1
343,31,1682.97,525.10,77.23,204.51,-1,-1,-1,-1
343,44,1446.23,392.43,147.77,339.06,-1,-1,-1,-1
343,64,48.52,501.16,63.13,246.61,-1,-1,-1,-1
343,70,246.54,516.89,47.87,58.85,-1,-1,-1,-1
343,71,1405.36,388.51,56.30,315.33,-1,-1,-1,-1
343,76,1502.22,387.01,78.53,303.54,-1,-1,-1,-1
343,77,1150.18,389.05,131.69,347.07,-1,-1,-1,-1
343,79,1742.17,405.30,113.59,252.59,-1,-1,-1,-1
343,80,1595.73,422.71,70.74,260.26,-1,-1,-1,-1
343,81,1507.20,378.93,70.48,92.98,-1,-1,-1,-1
344,6,1337.82,390.75,121.73,331.93,-1,-1,-1,-1
344,8,125.58,523.93,74.15,221.15,-1,-1,-1,-1
344,29,1632.13,410.18,99.14,291.95,-1,-1,-1,-1
344,31,1684.68,524.19,75.31,205.58,-1,-1,-1,-1
344,44,1448.77,395.23,146.61,336.32,-1,-1,-1,-1
344,64,46.14,500.94,65.29,246.50,-1,-1,-1,-1
344,70,246.25,516.80,48.17,59.74,-1,-1,-1,-1
344,71,1406.39,387.81,57.33,317.86,-1,-1,-1,-1
344,76,1507.18,385.72,80.54,305.61,-1,-1,-1,-1
344,77,1153.36,386.67,128.05,349.38,-1,-1,-1,-1
344,79,1744.61,406.52,112.54,250.87,-1,-1,-1,-1
344,80,1597.01,424.21,74.75,255.03,-1,-1,-1,-1
344,81,1508.56,378.82,69.89,93.78,-1,-1,-1,-1
345,6,1342.30,391.68,118.64,331.72,-1,-1,-1,-1
345,8,125.60,523.57,74.09,221.28,-1,-1,-1,-1
345,29,1651.44,408.85,89.93,264.98,-1,-1,-1,-1
345,31,1683.42,523.62,77.07,206.51,-1,-1,-1,-1
345,44,1451.82,397.86,145.57,333.34,-1,-1,-1,-1
345,64,45.21,500.67,66.12,246.87,-1,-1,-1,-1
345,70,246.23,516.86,47.97,59.68,-1,-1,-1,-1
345,71,1407.22,388.10,57.64,312.38,-1,-1,-1,-1
345,76,1512.14,384.42,82.55,307.69,-1,-1,-1,-1
345,77,1151.46,383.77,128.40,352.98,-1,-1,-1,-1
345,79,1749.17,408.30,107.64,248.23,-1,-1,-1,-1
345,80,1597.78,426.42,83.57,253.98,-1,-1,-1,-1
345,81,1511.85,378.99,67.63,91.70,-1,-1,-1,-1
346,6,1346.13,390.22,117.32,333.74,-1,-1,-1,-1
346,8,125.01,519.29,74.64,225.32,-1,-1,-1,-1
346,29,1665.29,407.30,82.94,278.82,-1,-1,-1,-1
346,31,1673.35,523.65,87.22,206.72,-1,-1,-1,-1
346,44,1454.75,398.63,144.18,332.15,-1,-1,-1,-1
346,64,39.94,500.08,71.41,247.68,-1,-1,-1,-1
346,70,246.01,516.77,47.82,60.58,-1,-1,-1,-1
346,71,1408.04,388.38,57.96,306.89,-1,-1,-1,-1
346,76,1517.10,383.13,84.57,309.77,-1,-1,-1,-1
346,77,1153.13,382.75,125.63,356.11,-1,-1,-1,-1
346,79,1754.38,409.52,101.93,247.55,-1,-1,-1,-1
346,80,1598.74,426.06,88.43,256.09,-1,-1,-1,-1
346,81,1516.54,380.39,64.06,88.41,-1,-1,-1,-1
347,6,1351.71,388.77,115.69,334.60,-1,-1,-1,-1
347,8,125.38,518.76,74.33,225.61,-1,-1,-1,-1
347,29,1677.49,404.87,91.69,293.29,-1,-1,-1,-1
347,31,1673.28,525.47,87.12,204.80,-1,-1,-1,-1
347,44,1457.86,398.93,143.32,330.84,-1,-1,-1,-1
347,64,32.78,500.45,78.61,247.78,-1,-1,-1,-1
347,70,246.17,516.59,47.59,59.74,-1,-1,-1,-1
347,71,1408.87,388.66,58.27,301.41,-1,-1,-1,-1
347,76,1522.11,382.80,84.79,304.07,-1,-1,-1,-1
347,77,1154.34,383.20,122.69,357.22,-1,-1,-1,-1
347,79,1758.03,410.48,98.07,244.59,-1,-1,-1,-1
347,80,1601.16,424.92,89.77,253.32,-1,-1,-1,-1
347,81,1520.79,382.83,61.37,86.04,-1,-1,-1,-1
348,6,1356.19,386.54,115.32,336.96,-1,-1,-1,-1
348,8,125.81,522.22,73.91,222.32,-1,-1,-1,-1
348,29,1682.90,403.27,93.06,298.94,-1,-1,-1,-1
348,31,1677.97,526.72,82.52,203.74,-1,-1,-1,-1
348,44,1460.67,398.44,142.17,328.79,-1,-1,-1,-1
348,64,23.94,500.44,87.73,247.04,-1,-1,-1,-1
348,70,246.08,516.56,47.53,61.24,-1,-1,-1,-1
348,71,1409.70,388.94,58.59,295.92,-1,-1,-1,-1
348,76,1526.79,384.33,83.42,300.50,-1,-1,-1,-1
348,77,1151.36,384.70,124.15,358.09,-1,-1,-1,-1
348,79,1760.86,410.79,96.56,245.11,-1,-1,-1,-1
348,80,1603.53,423.95,91.82,252.25,-1,-1,-1,-1
348,81,1524.94,384.18,60.56,89.86,-1,-1,-1,-1
349,6,1361.15,386.07,114.58,335.97,-1,-1,-1,-1
349,8,126.24,521.03,73.13,223.25,-1,-1,-1,-1
349,29,1686.19,401.51,92.95,302.39,-1,-1,-1,-1
349,31,1678.83,528.48,81.66,202.22,-1,-1,-1,-1
349,44,1463.25,397.31,142.03,325.53,-1,-1,-1,-1
349,64,13.34,500.31,98.02,248.93,-1,-1,-1,-1
349,70,246.03,516.57,47.71,60.40,-1,-1,-1,-1
349,71,1410.52,389.23,58.90,290.44,-1,-1,-1,-1
349,76,1530.62,386.07,82.12,300.41,-1,-1,-1,-1
349,77,1149.39,385.96,124.29,358.63,-1,-1,-1,-1
349,79,1764.18,410.34,93.67,242.27,-1,-1,-1,-1
349,80,1606.15,423.50,92.11,249.25,-1,-1,-1,-1
349,81,1529.25,385.86,59.61,85.44,-1,-1,-1,-1
350,6,1367.45,387.75,111.54,333.01,-1,-1,-1,-1
350,8,126.80,531.84,72.32,212.37,-1,-1,-1,-1
350,29,1689.94,400.65,90.73,302.84,-1,-1,-1,-1
350,31,1677.92,530.26,83.09,200.77,-1,-1,-1,-1
350,44,1464.98,395.86,145.02,324.04,-1,-1,-1,-1
350,64,10.30,500.35,100.89,249.65,-1,-1,-1,-1
350,70,246.15,516.68,47.70,59.90,-1,-1,-1,-1
350,71,1411.35,389.51,59.21,284.95,-1,-1,-1,-1
350,76,1538.95,387.30,79.21,298.02,-1,-1,-1,-1
350,77,1146.64,386.22,124.46,361.62,-1,-1,-1,-1
350,79,1767.81,409.54,91.37,241.25,-1,-1,-1,-1
350,80,1610.81,422.55,91.89,247.78,-1,-1,-1,-1
350,81,1534.87,387.71,59.86,95.74,-1,-1,-1,-1
351,6,1372.60,391.94,108.69,327.73,-1,-1,-1,-1
351,8,126.86,531.74,71.93,212.44,-1,-1,-1,-1
351,29,1694.10,399.76,88.88,305.74,-1,-1,-1,-1
351,31,1676.35,531.33,85.06,199.60,-1,-1,-1,-1
351,44,1467.29,395.52,145.99,323.12,-1,-1,-1,-1
351,64,5.77,499.93,105.99,249.74,-1,-1,-1,-1
351,70,246.13,516.56,47.86,60.42,-1,-1,-1,-1
351,71,1412.18,389.79,59.53,279.47,-1,-1,-1,-1
351,76,1543.14,387.84,79.48,299.44,-1,-1,-1,-1
351,77,1144.00,385.69,124.19,364.95,-1,-1,-1,-1
351,79,1770.00,409.10,89.40,239.63,-1,-1,-1,-1
351,80,1614.99,422.15,91.27,251.21,-1,-1,-1,-1
352,6,1378.83,394.91,105.99,321.65,-1,-1,-1,-1
352,8,126.17,525.69,71.99,219.11,-1,-1,-1,-1
352,29,1699.53,399.22,92.53,310.14,-1,-1,-1,-1
352,31,1675.90,531.51,85.70,198.81,-1,-1,-1,-1
352,44,1471.63,395.97,142.54,322.06,-1,-1,-1,-1
352,64,11.31,500.44,100.95,248.49,-1,-1,-1,-1
352,70,245.80,516.58,48.21,61.82,-1,-1,-1,-1
352,71,1413.00,390.07,59.84,273.99,-1,-1,-1,-1
352,76,1548.50,387.58,79.83,302.86,-1,-1,-1,-1
352,77,1140.07,384.38,124.71,368.15,-1,-1,-1,-1
352,79,1771.35,408.21,88.10,240.66,-1,-1,-1,-1
352,80,1622.33,422.05,89.72,249.01,-1,-1,-1,-1
353,6,1384.19,398.20,105.11,313.49,-1,-1,-1,-1
353,8,125.81,523.01,72.18,221.46,-1,-1,-1,-1
353,29,1703.01,399.38,101.11,312.09,-1,-1,-1,-1
353,31,1675.31,531.79,86.61,198.29,-1,-1,-1,-1
353,44,1475.08,396.60,137.24,321.19,-1,-1,-1,-1
353,64,8.83,499.94,103.31,249.07,-1,-1,-1,-1
353,70,246.01,516.42,48.18,62.35,-1,-1,-1,-1
353,71,1413.83,390.36,60.16,268.50,-1,-1,-1,-1
353,76,1551.74,386.64,79.46,303.49,-1,-1,-1,-1
353,77,1134.38,382.43,127.16,371.01,-1,-1,-1,-1
353,79,1773.46,408.17,85.97,241.01,-1,-1,-1,-1
353,80,1624.56,423.54,93.00,250.61,-1,-1,-1,-1
354,6,1387.36,403.74,105.66,304.64,-1,-1,-1,-1
354,8,124.82,520.89,72.51,223.46,-1,-1,-1,-1
354,29,1706.98,399.16,108.95,313.58,-1,-1,-1,-1
354,31,1675.35,532.01,85.57,197.99,-1,-1,-1,-1
354,44,1477.48,397.98,135.84,319.27,-1,-1,-1,-1
354,64,7.41,499.95,104.56,248.87,-1,-1,-1,-1
354,70,246.33,516.42,47.95,61.60,-1,-1,-1,-1
354,71,1414.66,390.64,60.47,263.02,-1,-1,-1,-1
354,76,1554.79,385.66,79.66,300.35,-1,-1,-1,-1
354,77,1129.33,380.92,129.92,372.76,-1,-1,-1,-1
354,79,1776.45,408.78,84.45,239.79,-1,-1,-1,-1
354,80,1625.26,423.71,96.57,252.33,-1,-1,-1,-1
355,6,1391.41,405.21,105.69,305.55,-1,-1,-1,-1
355,8,124.32,522.21,71.89,222.02,-1,-1,-1,-1
355,29,1711.61,399.31,113.78,315.04,-1,-1,-1,-1
355,31,1675.76,531.45,84.94,198.76,-1,-1,-1,-1
355,44,1480.86,399.81,137.17,317.51,-1,-1,-1,-1
355,64,7.91,499.80,103.48,249.19,-1,-1,-1,-1
355,70,246.26,516.57,47.90,61.28,-1,-1,-1,-1
355,71,1415.48,390.92,60.79,257.53,-1,-1,-1,-1
355,76,1557.66,384.95,82.40,297.04,-1,-1,-1,-1
355,77,1125.46,377.83,131.58,375.80,-1,-1,-1,-1
355,79,1779.72,410.02,83.81,238.39,-1,-1,-1,-1
355,80,1629.22,426.41,98.08,250.63,-1,-1,-1,-1
356,6,1393.36,406.56,103.13,302.27,-1,-1,-1,-1
356,8,124.41,523.17,70.93,221.19,-1,-1,-1,-1
356,29,1714.94,399.69,113.62,316.50,-1,-1,-1,-1
356,31,1676.33,532.10,85.17,197.80,-1,-1,-1,-1
356,44,1484.29,401.59,135.76,315.63,-1,-1,-1,-1
356,64,9.12,499.56,102.31,249.97,-1,-1,-1,-1
356,70,246.22,516.49,47.97,59.94,-1,-1,-1,-1
356,71,1416.31,391.20,61.10,252.05,-1,-1,-1,-1
356,76,1560.64,385.28,85.61,292.56,-1,-1,-1,-1
356,77,1120.69,375.89,134.72,377.52,-1,-1,-1,-1
356,79,1785.49,411.07,79.91,235.61,-1,-1,-1,-1
356,80,1633.52,428.24,97.62,244.27,-1,-1,-1,-1
357,6,1398.02,406.92,100.32,302.18,-1,-1,-1,-1
357,8,124.31,523.96,70.46,220.58,-1,-1,-1,-1
357,29,1719.57,399.35,110.55,318.07,-1,-1,-1,-1
357,31,1682.82,532.76,82.09,199.00,-1,-1,-1,-1
357,44,1490.74,404.17,131.25,312.35,-1,-1,-1,-1
357,64,9.01,499.88,102.66,249.22,-1,-1,-1,-1
357,70,246.38,516.51,47.84,59.82,-1,-1,-1,-1
357,71,1417.14,391.49,61.42,246.56,-1,-1,-1,-1
357,76,1564.77,385.15,89.58,296.24,-1,-1,-1,-1
357,77,1113.94,374.83,140.14,378.10,-1,-1,-1,-1
357,79,1791.94,411.19,75.32,233.64,-1,-1,-1,-1
357,80,1638.25,429.78,97.26,244.25,-1,-1,-1,-1
358,6,1402.93,406.94,98.37,302.64,-1,-1,-1,-1
358,8,123.78,524.75,70.26,219.69,-1,-1,-1,-1
358,29,1722.71,399.37,107.17,318.78,-1,-1,-1,-1
358,31,1686.83,533.80,81.63,200.51,-1,-1,-1,-1
358,44,1495.36,405.47,128.84,310.58,-1,-1,-1,-1
358,64,8.42,499.92,103.41,249.36,-1,-1,-1,-1
358,70,246.28,516.77,47.86,60.09,-1,-1,-1,-1
358,71,1417.96,391.77,61.73,241.08,-1,-1,-1,-1
358,76,1568.09,386.00,91.24,294.42,-1,-1,-1,-1
358,77,1110.37,373.95,142.72,380.69,-1,-1,-1,-1
358,79,1794.80,411.24,73.20,233.97,-1,-1,-1,-1
358,80,1643.57,430.97,94.73,239.54,-1,-1,-1,-1
359,6,1406.32,407.59,101.19,301.82,-1,-1,-1,-1
359,8,123.87,525.17,69.54,219.53,-1,-1,-1,-1
359,29,1725.34,398.05,104.26,319.67,-1,-1,-1,-1
359,31,1691.20,534.26,79.72,200.59,-1,-1,-1,-1
359,44,1497.74,405.50,127.05,309.89,-1,-1,-1,-1
359,64,8.18,499.92,103.74,249.38,-1,-1,-1,-1
359,70,246.24,516.61,47.93,59.84,-1,-1,-1,-1
359,71,1418.79,392.05,62.05,235.60,-1,-1,-1,-1
359,76,1571.57,386.57,93.91,288.53,-1,-1,-1,-1
359,77,1107.21,373.46,145.23,383.29,-1,-1,-1,-1
359,79,1798.00,411.81,70.49,233.10,-1,-1,-1,-1
359,80,1647.10,431.16,93.66,238.50,-1,-1,-1,-1
360,6,1410.87,408.19,109.33,300.01,-1,-1,-1,-1
360,8,123.48,524.98,69.19,219.34,-1,-1,-1,-1
360,29,1728.96,395.76,100.27,322.34,-1,-1,-1,-1
360,31,1696.59,533.53,78.03,201.12,-1,-1,-1,-1
360,44,1502.40,406.15,124.94,307.22,-1,-1,-1,-1
360,64,7.39,500.08,105.45,249.36,-1,-1,-1,-1
360,70,246.03,516.56,48.20,59.66,-1,-1,-1,-1
360,71,1419.62,392.33,62.36,230.11,-1,-1,-1,-1
360,76,1574.74,387.64,96.03,284.80,-1,-1,-1,-1
360,77,1105.87,373.59,146.03,385.05,-1,-1,-1,-1
360,79,1803.70,413.87,65.90,230.37,-1,-1,-1,-1
360,80,1651.03,432.38,93.95,237.35,-1,-1,-1,-1
361,6,1417.00,409.13,111.45,297.89,-1,-1,-1,-1
361,8,122.79,524.99,69.28,219.43,-1,-1,-1,-1
361,29,1731.59,394.00,97.10,324.27,-1,-1,-1,-1
361,31,1702.10,531.64,77.79,203.64,-1,-1,-1,-1
361,44,1506.11,404.93,124.64,302.97,-1,-1,-1,-1
361,64,8.99,499.37,103.80,249.58,-1,-1,-1,-1
361,70,245.89,516.64,48.53,59.54,-1,-1,-1,-1
361,71,1420.44,392.62,62.67,224.63,-1,-1,-1,-1
361,76,1579.64,390.13,94.73,278.85,-1,-1,-1,-1
361,77,1108.42,373.75,143.59,387.42,-1,-1,-1,-1
361,79,1809.57,416.06,63.31,227.82,-1,-1,-1,-1
361,80,1655.47,431.89,91.97,234.66,-1,-1,-1,-1
361,83,0.00,574.54,165.36,406.14,-1,-1,-1,-1
362,6,1422.83,412.43,110.93,293.69,-1,-1,-1,-1
362,8,122.02,525.81,69.71,218.33,-1,-1,-1,-1
362,29,1735.25,392.87,95.40,324.22,-1,-1,-1,-1
362,31,1709.38,529.85,77.43,206.33,-1,-1,-1,-1
362,44,1511.87,404.67,123.44,301.78,-1,-1,-1,-1
362,64,5.99,426.15,96.01,313.76,-1,-1,-1,-1
362,70,246.06,516.53,48.18,58.54,-1,-1,-1,-1
362,71,1421.27,392.90,62.99,219.14,-1,-1,-1,-1
362,76,1583.05,391.62,97.64,278.16,-1,-1,-1,-1
362,77,1103.08,374.24,149.20,389.89,-1,-1,-1,-1
362,79,1817.71,415.97,60.48,227.74,-1,-1,-1,-1
362,80,1658.47,429.49,92.26,236.02,-1,-1,-1,-1
362,83,0.00,495.74,174.54,484.75,-1,-1,-1,-1
363,6,1426.59,412.17,110.55,293.67,-1,-1,-1,-1
363,8,122.35,525.58,71.32,218.64,-1,-1,-1,-1
363,29,1740.30,391.72,94.49,321.33,-1,-1,-1,-1
363,31,1721.61,527.21,69.79,208.94,-1,-1,-1,-1
363,44,1516.81,404.57,122.37,302.07,-1,-1,-1,-1
363,64,3.00,352.92,88.22,377.94,-1,-1,-1,-1
363,70,245.65,516.37,48.85,58.64,-1,-1,-1,-1
363,71,1422.10,393.18,63.30,213.66,-1,-1,-1,-1
363,76,1585.92,392.09,99.21,280.43,-1,-1,-1,-1
363,77,1100.45,374.65,152.34,392.51,-1,-1,-1,-1
363,79,1821.82,412.85,63.49,233.14,-1,-1,-1,-1
363,80,1661.74,428.11,90.78,234.94,-1,-1,-1,-1
363,83,0.00,355.18,183.78,625.42,-1,-1,-1,-1
364,6,1430.75,411.13,106.13,293.41,-1,-1,-1,-1
364,8,122.72,524.62,71.49,220.37,-1,-1,-1,-1
364,29,1744.10,391.24,101.11,322.81,-1,-1,-1,-1
364,31,1726.94,524.50,67.99,211.58,-1,-1,-1,-1
364,44,1521.56,403.25,121.76,303.10,-1,-1,-1,-1
364,64,0.00,279.70,80.43,442.12,-1,-1,-1,-1
364,70,245.52,516.23,49.22,59.99,-1,-1,-1,-1
364,71,1422.92,393.46,63.62,208.17,-1,-1,-1,-1
364,76,1589.57,392.96,99.32,278.51,-1,-1,-1,-1
364,77,1098.92,374.72,154.63,394.80,-1,-1,-1,-1
364,79,1824.00,411.05,68.59,229.83,-1,-1,-1,-1
364,80,1665.80,427.00,89.70,236.72,-1,-1,-1,-1
364,83,0.00,294.82,185.24,685.54,-1,-1,-1,-1
365,6,1434.23,411.17,104.13,292.50,-1,-1,-1,-1
365,8,121.66,524.84,69.80,216.28,-1,-1,-1,-1
365,29,1748.00,390.78,111.12,325.02,-1,-1,-1,-1
365,31,1729.54,522.75,77.98,213.57,-1,-1,-1,-1
365,44,1529.03,404.90,119.30,300.44,-1,-1,-1,-1
365,64,0.00,246.59,93.79,615.05,-1,-1,-1,-1
365,70,245.79,516.36,48.60,59.94,-1,-1,-1,-1
365,71,1423.75,393.75,63.93,202.69,-1,-1,-1,-1
365,76,1594.33,392.07,96.61,274.56,-1,-1,-1,-1
365,77,1099.17,373.73,154.75,396.11,-1,-1,-1,-1
365,79,1825.04,407.92,76.93,225.43,-1,-1,-1,-1
365,80,1669.32,426.81,89.86,235.24,-1,-1,-1,-1
365,83,0.00,230.67,188.76,751.12,-1,-1,-1,-1
366,6,1437.41,410.06,103.64,291.09,-1,-1,-1,-1
366,8,122.17,527.80,67.59,175.14,-1,-1,-1,-1
366,29,1750.69,389.43,119.77,328.03,-1,-1,-1,-1
366,31,1731.39,522.21,90.34,213.86,-1,-1,-1,-1
366,44,1534.62,405.51,117.20,298.84,-1,-1,-1,-1
366,64,0.00,230.73,113.17,702.42,-1,-1,-1,-1
366,70,246.02,516.65,48.10,58.29,-1,-1,-1,-1
366,71,1425.34,393.56,63.78,199.62,-1,-1,-1,-1
366,76,1598.30,391.22,92.68,274.84,-1,-1,-1,-1
366,77,1107.04,372.06,147.52,397.70,-1,-1,-1,-1
366,79,1826.70,407.76,79.88,215.87,-1,-1,-1,-1
366,80,1672.58,426.71,91.15,234.31,-1,-1,-1,-1
366,83,0.00,200.91,186.97,782.29,-1,-1,-1,-1
366,85,924.96,519.06,33.19,112.03,-1,-1,-1,-1
367,6,1445.67,409.75,101.27,290.65,-1,-1,-1,-1
367,8,123.77,527.41,63.10,159.05,-1,-1,-1,-1
367,29,1751.63,388.53,139.42,329.13,-1,-1,-1,-1
367,31,1733.15,522.70,106.64,213.39,-1,-1,-1,-1
367,44,1538.43,407.31,122.84,297.05,-1,-1,-1,-1
367,64,0.00,261.33,113.76,650.23,-1,-1,-1,-1
367,70,246.00,516.58,48.13,59.62,-1,-1,-1,-1
367,71,1426.65,394.54,63.62,196.83,-1,-1,-1,-1
367,76,1602.95,389.81,89.98,270.19,-1,-1,-1,-1
367,77,1105.19,368.22,148.92,401.38,-1,-1,-1,-1
367,79,1832.75,408.64,74.22,182.74,-1,-1,-1,-1
367,80,1674.44,427.16,96.20,233.80,-1,-1,-1,-1
367,83,0.00,201.53,173.76,782.80,-1,-1,-1,-1
367,85,923.83,519.38,33.31,111.78,-1,-1,-1,-1
368,6,1452.12,409.39,100.64,290.76,-1,-1,-1,-1
368,8,123.59,527.89,63.77,162.96,-1,-1,-1,-1
368,29,1757.65,388.11,147.49,330.29,-1,-1,-1,-1
368,31,1734.17,522.65,115.09,213.95,-1,-1,-1,-1
368,44,1543.92,408.97,125.66,295.48,-1,-1,-1,-1
368,64,0.00,291.92,114.34,598.05,-1,-1,-1,-1
368,70,246.28,516.53,47.65,60.17,-1,-1,-1,-1
368,71,1427.61,394.61,65.56,239.88,-1,-1,-1,-1
368,76,1607.30,387.77,87.38,270.63,-1,-1,-1,-1
368,77,1101.34,364.89,151.89,404.66,-1,-1,-1,-1
368,79,1836.52,411.01,68.31,170.24,-1,-1,-1,-1
368,80,1678.35,428.48,96.97,230.91,-1,-1,-1,-1
368,83,3.60,203.80,181.26,775.98,-1,-1,-1,-1
368,85,923.46,520.82,34.31,109.20,-1,-1,-1,-1
369,6,1456.87,408.92,100.98,290.60,-1,-1,-1,-1
369,8,123.42,528.37,64.43,166.87,-1,-1,-1,-1
369,29,1764.48,387.69,150.23,330.77,-1,-1,-1,-1
369,31,1735.85,524.58,121.15,212.09,-1,-1,-1,-1
369,44,1547.88,409.39,124.90,294.88,-1,-1,-1,-1
369,64,0.00,322.52,114.93,545.86,-1,-1,-1,-1
369,70,246.31,516.56,47.59,60.13,-1,-1,-1,-1
369,71,1430.24,395.74,66.80,277.34,-1,-1,-1,-1
369,76,1612.36,386.26,84.29,269.26,-1,-1,-1,-1
369,77,1098.34,361.86,153.40,407.33,-1,-1,-1,-1
369,79,1839.22,413.36,66.30,160.47,-1,-1,-1,-1
369,80,1680.41,429.33,97.73,229.40,-1,-1,-1,-1
369,83,16.69,208.98,187.95,772.27,-1,-1,-1,-1
369,85,922.69,519.95,35.83,110.77,-1,-1,-1,-1
370,6,1460.41,409.51,104.52,289.53,-1,-1,-1,-1
370,8,123.25,528.85,65.09,170.78,-1,-1,-1,-1
370,29,1764.63,387.40,155.37,333.68,-1,-1,-1,-1
370,31,1742.45,525.95,120.99,211.89,-1,-1,-1,-1
370,44,1552.82,410.56,122.56,293.91,-1,-1,-1,-1
370,64,0.00,353.12,115.51,493.67,-1,-1,-1,-1
370,70,246.62,516.49,47.17,60.26,-1,-1,-1,-1
370,71,1432.50,396.65,68.62,291.51,-1,-1,-1,-1
370,76,1616.93,385.92,81.32,271.61,-1,-1,-1,-1
370,77,1095.47,359.43,153.93,411.80,-1,-1,-1,-1
370,79,1842.65,414.76,62.93,155.48,-1,-1,-1,-1
370,80,1683.96,431.63,99.33,227.72,-1,-1,-1,-1
370,83,28.47,215.42,252.73,762.75,-1,-1,-1,-1
370,85,921.69,520.43,36.77,111.44,-1,-1,-1,-1
371,6,1462.16,410.29,107.90,289.55,-1,-1,-1,-1
371,8,123.07,529.33,65.75,174.69,-1,-1,-1,-1
371,29,1762.50,386.82,157.50,335.98,-1,-1,-1,-1
371,31,1751.80,525.96,114.23,212.70,-1,-1,-1,-1
371,44,1556.64,411.49,121.81,293.24,-1,-1,-1,-1
371,64,0.00,383.71,116.09,441.49,-1,-1,-1,-1
371,70,246.63,516.67,47.48,60.56,-1,-1,-1,-1
371,71,1435.74,398.90,68.66,294.67,-1,-1,-1,-1
371,76,1620.92,386.11,78.59,277.37,-1,-1,-1,-1
371,77,1093.37,357.03,154.64,417.75,-1,-1,-1,-1
371,79,1844.28,416.43,63.02,152.96,-1,-1,-1,-1
371,80,1687.53,432.94,98.13,226.86,-1,-1,-1,-1
371,83,41.66,222.30,304.73,753.17,-1,-1,-1,-1
371,85,919.89,519.68,38.17,112.69,-1,-1,-1,-1
372,6,1463.95,412.40,111.77,284.71,-1,-1,-1,-1
372,8,122.90,529.81,66.42,178.61,-1,-1,-1,-1
372,29,1814.09,396.90,105.91,327.08,-1,-1,-1,-1
372,31,1767.85,525.43,100.16,213.23,-1,-1,-1,-1
372,44,1564.16,411.43,119.08,290.59,-1,-1,-1,-1
372,64,0.00,414.31,116.68,389.30,-1,-1,-1,-1
372,70,246.62,516.64,47.51,60.68,-1,-1,-1,-1
372,71,1441.12,399.67,65.56,294.29,-1,-1,-1,-1
372,76,1626.65,386.29,74.83,281.82,-1,-1,-1,-1
372,77,1087.89,356.09,155.82,421.68,-1,-1,-1,-1
372,80,1690.59,433.02,99.42,227.00,-1,-1,-1,-1
372,83,47.42,230.66,361.51,740.36,-1,-1,-1,-1
372,85,918.34,519.54,37.34,112.22,-1,-1,-1,-1
373,6,1466.11,414.19,114.10,281.27,-1,-1,-1,-1
373,8,122.73,530.28,67.08,182.52,-1,-1,-1,-1
373,29,1827.71,394.65,92.29,330.27,-1,-1,-1,-1
373,31,1783.50,524.59,91.78,213.89,-1,-1,-1,-1
373,44,1573.25,409.28,113.12,290.00,-1,-1,-1,-1
373,64,0.00,444.91,117.26,337.12,-1,-1,-1,-1
373,70,246.61,516.61,47.54,60.81,-1,-1,-1,-1
373,71,1445.86,400.36,64.62,292.31,-1,-1,-1,-1
373,76,1631.37,386.81,73.02,283.91,-1,-1,-1,-1
373,77,1081.78,357.05,157.95,423.06,-1,-1,-1,-1
373,80,1693.45,433.72,99.24,226.43,-1,-1,-1,-1
373,83,51.43,226.22,393.97,742.62,-1,-1,-1,-1
373,85,916.53,517.71,38.16,113.29,-1,-1,-1,-1
374,6,1466.73,415.30,117.41,279.75,-1,-1,-1,-1
374,8,122.56,530.76,67.74,186.43,-1,-1,-1,-1
374,29,1808.84,389.53,111.16,336.82,-1,-1,-1,-1
374,31,1792.22,523.86,93.30,215.68,-1,-1,-1,-1
374,44,1579.87,407.31,108.16,290.81,-1,-1,-1,-1
374,64,0.00,475.51,117.85,284.93,-1,-1,-1,-1
374,70,246.61,516.58,47.57,60.93,-1,-1,-1,-1
374,71,1449.03,400.68,64.98,290.06,-1,-1,-1,-1
374,76,1635.49,388.34,73.22,283.79,-1,-1,-1,-1
374,77,1078.89,358.24,157.77,424.18,-1,-1,-1,-1
374,80,1696.23,433.35,98.09,227.13,-1,-1,-1,-1
374,83,54.45,242.36,410.83,721.89,-1,-1,-1,-1
374,85,915.30,516.98,37.68,114.13,-1,-1,-1,-1
375,6,1474.23,417.66,114.99,277.71,-1,-1,-1,-1
375,8,122.38,531.24,68.41,190.34,-1,-1,-1,-1
375,29,1804.28,386.61,99.34,253.14,-1,-1,-1,-1
375,31,1808.72,525.12,90.58,216.11,-1,-1,-1,-1
375,44,1583.57,406.26,111.56,293.34,-1,-1,-1,-1
375,64,2.74,497.98,109.39,251.42,-1,-1,-1,-1
375,70,246.60,516.56,47.60,61.06,-1,-1,-1,-1
375,71,1452.17,401.06,64.21,287.08,-1,-1,-1,-1
375,76,1641.28,389.93,71.02,279.23,-1,-1,-1,-1
375,77,1079.56,359.65,152.03,425.77,-1,-1,-1,-1
375,80,1699.28,431.88,96.33,226.29,-1,-1,-1,-1
375,83,62.43,253.39,416.15,708.12,-1,-1,-1,-1
375,85,916.58,516.39,34.79,113.86,-1,-1,-1,-1
376,6,1478.79,418.97,115.48,276.96,-1,-1,-1,-1
376,8,122.21,531.72,69.07,194.25,-1,-1,-1,-1
376,29,1806.67,382.84,88.25,233.74,-1,-1,-1,-1
376,31,1814.87,525.73,100.32,215.60,-1,-1,-1,-1
376,44,1587.03,405.49,114.15,294.49,-1,-1,-1,-1
376,64,2.38,502.46,108.90,243.81,-1,-1,-1,-1
376,70,246.59,516.53,47.63,61.18,-1,-1,-1,-1
376,71,1454.57,400.78,62.87,284.81,-1,-1,-1,-1
376,76,1646.25,392.31,66.99,280.99,-1,-1,-1,-1
376,77,1074.57,359.68,152.77,427.98,-1,-1,-1,-1
376,80,1701.46,430.57,94.68,225.34,-1,-1,-1,-1
376,83,79.14,258.12,406.57,700.58,-1,-1,-1,-1
376,85,915.28,516.52,34.25,112.94,-1,-1,-1,-1
376,86,1766.20,446.31,58.01,192.42,-1,-1,-1,-1
377,6,1484.91,419.12,111.72,273.21,-1,-1,-1,-1
377,8,122.04,532.20,69.73,198.17,-1,-1,-1,-1
377,29,1812.74,379.93,97.45,223.89,-1,-1,-1,-1
377,31,1819.06,524.27,100.94,217.79,-1,-1,-1,-1
377,44,1592.11,406.47,117.22,293.72,-1,-1,-1,-1
377,64,1.64,502.49,109.84,243.46,-1,-1,-1,-1
377,70,246.58,516.50,47.66,61.30,-1,-1,-1,-1
377,71,1458.34,399.75,59.32,277.09,-1,-1,-1,-1
377,76,1652.62,394.33,65.64,277.78,-1,-1,-1,-1
377,77,1064.73,357.94,155.51,431.84,-1,-1,-1,-1
377,80,1704.74,430.10,95.18,224.37,-1,-1,-1,-1
377,83,117.26,246.46,369.67,704.83,-1,-1,-1,-1
377,85,914.22,516.72,34.00,113.93,-1,-1,-1,-1
377,86,1771.25,448.71,60.08,190.75,-1,-1,-1,-1
378,6,1488.53,418.17,108.84,271.34,-1,-1,-1,-1
378,8,121.86,532.68,70.40,202.08,-1,-1,-1,-1
378,29,1817.48,378.23,97.60,222.15,-1,-1,-1,-1
378,31,1823.03,525.39,96.97,217.43,-1,-1,-1,-1
378,44,1595.83,407.26,118.05,292.42,-1,-1,-1,-1
378,64,1.17,502.41,110.09,243.29,-1,-1,-1,-1
378,70,246.57,516.47,47.69,61.43,-1,-1,-1,-1
378,71,1460.46,398.71,61.32,279.40,-1,-1,-1,-1
378,76,1657.61,394.53,66.01,276.62,-1,-1,-1,-1
378,77,1059.21,355.73,156.67,435.13,-1,-1,-1,-1
378,80,1707.77,428.81,92.19,224.65,-1,-1,-1,-1
378,83,155.46,252.80,332.10,684.33,-1,-1,-1,-1
378,85,913.47,517.30,33.83,113.53,-1,-1,-1,-1
378,86,1774.54,451.74,61.24,187.60,-1,-1,-1,-1
379,6,1491.42,417.35,105.22,271.73,-1,-1,-1,-1
379,8,121.69,533.16,71.06,205.99,-1,-1,-1,-1
379,29,1822.13,377.56,96.61,226.60,-1,-1,-1,-1
379,31,1827.41,525.54,92.59,217.94,-1,-1,-1,-1
379,44,1598.88,407.50,119.80,291.67,-1,-1,-1,-1
379,64,0.00,438.17,114.51,307.37,-1,-1,-1,-1
379,70,246.56,516.44,47.72,61.55,-1,-1,-1,-1
379,71,1462.86,397.97,62.16,279.65,-1,-1,-1,-1
379,76,1661.93,393.70,67.77,279.39,-1,-1,-1,-1
379,77,1053.24,353.52,158.29,437.86,-1,-1,-1,-1
379,80,1712.23,429.24,90.75,221.87,-1,-1,-1,-1
379,83,194.96,266.48,295.94,656.84,-1,-1,-1,-1
379,85,912.55,517.92,34.11,113.56,-1,-1,-1,-1
379,86,1776.64,454.07,59.17,184.98,-1,-1,-1,-1
380,6,1493.95,416.20,99.43,269.83,-1,-1,-1,-1
380,8,121.52,533.64,71.72,209.90,-1,-1,-1,-1
380,29,1826.54,376.28,93.46,250.20,-1,-1,-1,-1
380,31,1842.94,524.51,77.06,219.74,-1,-1,-1,-1
380,44,1602.96,408.65,119.17,289.23,-1,-1,-1,-1
380,64,0.73,472.17,112.41,273.68,-1,-1,-1,-1
380,70,246.56,516.41,47.74,61.68,-1,-1,-1,-1
380,71,1464.81,398.40,61.10,280.24,-1,-1,-1,-1
380,76,1668.15,393.54,69.75,280.03,-1,-1,-1,-1
380,77,1046.28,348.72,160.07,443.18,-1,-1,-1,-1
380,80,1716.39,429.00,90.18,226.56,-1,-1,-1,-1
380,83,251.70,271.74,238.61,642.82,-1,-1,-1,-1
380,85,911.38,517.90,34.21,113.59,-1,-1,-1,-1
380,86,1781.16,456.06,55.46,181.86,-1,-1,-1,-1
381,6,1495.39,415.62,94.92,269.90,-1,-1,-1,-1
381,8,121.47,527.42,74.34,218.47,-1,-1,-1,-1
381,29,1831.51,376.41,88.49,256.42,-1,-1,-1,-1
381,31,1866.86,525.58,53.14,219.58,-1,-1,-1,-1
381,44,1606.58,410.21,119.22,287.63,-1,-1,-1,-1
381,64,11.72,489.62,100.69,256.93,-1,-1,-1,-1
381,70,246.55,516.38,47.77,61.80,-1,-1,-1,-1
381,71,1468.39,399.26,58.89,278.59,-1,-1,-1,-1
381,76,1671.45,392.99,73.97,277.23,-1,-1,-1,-1
381,77,1044.02,345.09,159.11,446.88,-1,-1,-1,-1
381,80,1722.26,427.91,83.68,225.47,-1,-1,-1,-1
381,83,302.32,274.67,194.44,636.98,-1,-1,-1,-1
381,85,910.27,519.05,34.72,112.13,-1,-1,-1,-1
381,86,1783.24,456.83,57.10,180.26,-1,-1,-1,-1
382,6,1498.01,415.78,91.33,269.29,-1,-1,-1,-1
382,8,121.80,532.20,74.07,214.30,-1,-1,-1,-1
382,29,1837.91,375.51,82.09,257.94,-1,-1,-1,-1
382,31,1874.99,552.99,45.01,192.22,-1,-1,-1,-1
382,44,1611.74,411.41,118.92,285.79,-1,-1,-1,-1
382,64,16.25,496.39,95.97,250.04,-1,-1,-1,-1
382,70,246.54,516.35,47.80,61.93,-1,-1,-1,-1
382,71,1471.21,399.84,60.13,279.62,-1,-1,-1,-1
382,76,1675.00,391.75,79.67,277.98,-1,-1,-1,-1
382,77,1037.93,342.10,162.14,450.61,-1,-1,-1,-1
382,80,1726.54,430.39,80.63,221.19,-1,-1,-1,-1
382,83,341.57,276.82,173.17,633.91,-1,-1,-1,-1
382,85,908.39,519.64,35.96,111.90,-1,-1,-1,-1
382,86,1784.58,456.29,60.83,179.54,-1,-1,-1,-1
383,6,1500.18,416.07,91.10,268.99,-1,-1,-1,-1
383,8,122.59,533.62,76.86,212.96,-1,-1,-1,-1
383,29,1842.75,375.71,77.25,259.36,-1,-1,-1,-1
383,31,1881.52,576.88,38.48,168.64,-1,-1,-1,-1
383,44,1616.18,412.20,117.91,284.68,-1,-1,-1,-1
383,64,14.44,499.64,98.12,248.21,-1,-1,-1,-1
383,70,246.53,516.32,47.83,62.05,-1,-1,-1,-1
383,71,1474.58,400.94,60.72,277.92,-1,-1,-1,-1
383,76,1677.96,390.58,86.14,276.47,-1,-1,-1,-1
383,77,1033.40,340.29,164.16,455.67,-1,-1,-1,-1
383,80,1732.75,431.98,77.72,215.72,-1,-1,-1,-1
383,83,366.75,280.63,172.31,628.38,-1,-1,-1,-1
383,85,907.62,520.40,36.86,111.11,-1,-1,-1,-1
383,86,1785.12,455.14,62.52,178.81,-1,-1,-1,-1
384,6,1502.44,414.17,90.70,269.70,-1,-1,-1,-1
384,8,122.47,531.24,77.16,215.16,-1,-1,-1,-1
384,29,1845.40,375.28,74.60,324.82,-1,-1,-1,-1
384,31,1888.96,603.80,31.04,141.72,-1,-1,-1,-1
384,44,1619.93,411.92,117.72,284.50,-1,-1,-1,-1
384,64,16.38,500.87,96.02,247.47,-1,-1,-1,-1
384,70,246.66,516.44,47.76,62.27,-1,-1,-1,-1
384,71,1480.12,401.85,63.12,280.05,-1,-1,-1,-1
384,76,1680.35,389.74,89.50,276.01,-1,-1,-1,-1
384,77,1028.16,339.36,166.51,459.32,-1,-1,-1,-1
384,80,1738.17,433.45,75.82,212.24,-1,-1,-1,-1
384,83,381.73,286.49,193.39,621.71,-1,-1,-1,-1
384,85,908.12,520.44,36.43,110.84,-1,-1,-1,-1
384,86,1785.74,453.76,64.94,180.01,-1,-1,-1,-1
385,6,1507.20,416.59,92.24,268.37,-1,-1,-1,-1
385,8,121.14,523.32,73.56,222.74,-1,-1,-1,-1
385,29,1850.72,374.72,69.28,344.34,-1,-1,-1,-1
385,44,1623.33,411.45,116.57,280.99,-1,-1,-1,-1
385,64,12.73,501.48,98.74,248.03,-1,-1,-1,-1
385,70,246.43,516.77,48.17,60.44,-1,-1,-1,-1
385,71,1483.68,403.47,61.68,276.65,-1,-1,-1,-1
385,76,1683.99,390.45,91.36,275.25,-1,-1,-1,-1
385,77,1022.67,339.11,168.68,463.10,-1,-1,-1,-1
385,80,1741.25,432.70,75.38,213.72,-1,-1,-1,-1
385,83,387.62,289.53,230.11,616.11,-1,-1,-1,-1
385,85,908.08,521.16,36.52,110.45,-1,-1,-1,-1
385,86,1787.69,451.89,66.50,181.55,-1,-1,-1,-1
386,6,1511.13,419.07,92.57,264.29,-1,-1,-1,-1
386,8,120.11,515.69,71.74,230.22,-1,-1,-1,-1
386,29,1856.48,374.08,63.52,355.07,-1,-1,-1,-1
386,44,1625.56,410.35,116.64,281.97,-1,-1,-1,-1
386,64,14.25,501.21,97.52,248.21,-1,-1,-1,-1
386,70,246.56,516.64,48.39,60.71,-1,-1,-1,-1
386,71,1486.89,404.56,61.76,273.51,-1,-1,-1,-1
386,76,1687.46,391.59,94.69,274.53,-1,-1,-1,-1
386,77,1020.27,339.50,168.45,466.40,-1,-1,-1,-1
386,80,1742.70,433.92,76.90,214.20,-1,-1,-1,-1
386,83,388.90,296.56,253.75,606.65,-1,-1,-1,-1
386,85,908.44,525.05,37.15,106.08,-1,-1,-1,-1
386,86,1789.66,451.12,67.17,182.09,-1,-1,-1,-1
387,6,1514.08,421.25,92.29,262.02,-1,-1,-1,-1
387,8,120.20,520.47,70.54,225.32,-1,-1,-1,-1
387,29,1862.06,372.66,57.94,358.83,-1,-1,-1,-1
387,44,1630.45,409.58,115.12,281.93,-1,-1,-1,-1
387,64,12.59,501.29,100.35,247.55,-1,-1,-1,-1
387,70,247.00,516.47,48.05,59.23,-1,-1,-1,-1
387,71,1491.16,403.78,62.32,273.34,-1,-1,-1,-1
387,76,1692.40,393.23,94.01,273.65,-1,-1,-1,-1
387,77,1016.07,340.25,169.12,469.32,-1,-1,-1,-1
387,80,1745.35,434.31,76.19,211.65,-1,-1,-1,-1
387,83,389.75,301.33,274.12,598.84,-1,-1,-1,-1
387,86,1792.88,451.61,67.85,181.81,-1,-1,-1,-1
388,6,1516.41,422.01,90.02,260.68,-1,-1,-1,-1
388,8,120.16,519.88,70.02,225.69,-1,-1,-1,-1
388,29,1867.67,371.66,52.33,358.57,-1,-1,-1,-1
388,44,1634.66,409.58,114.31,280.55,-1,-1,-1,-1
388,64,13.74,501.08,98.99,247.61,-1,-1,-1,-1
388,70,246.98,516.34,48.09,59.83,-1,-1,-1,-1
388,71,1495.46,404.29,64.23,273.00,-1,-1,-1,-1
388,76,1695.08,395.23,94.26,270.28,-1,-1,-1,-1
388,77,1005.85,340.54,177.73,474.32,-1,-1,-1,-1
388,80,1747.57,434.36,74.57,209.84,-1,-1,-1,-1
388,83,392.06,304.49,287.14,593.73,-1,-1,-1,-1
388,86,1794.78,452.01,67.92,179.50,-1,-1,-1,-1
389,6,1519.39,421.42,86.75,261.55,-1,-1,-1,-1
389,8,120.80,525.51,69.05,219.95,-1,-1,-1,-1
389,29,1872.04,370.47,47.96,358.90,-1,-1,-1,-1
389,44,1638.15,409.53,112.51,279.32,-1,-1,-1,-1
389,64,12.04,500.66,100.65,248.07,-1,-1,-1,-1
389,70,247.10,516.26,48.03,59.40,-1,-1,-1,-1
389,71,1499.60,403.55,64.63,268.02,-1,-1,-1,-1
389,76,1698.17,396.48,89.60,271.45,-1,-1,-1,-1
389,77,997.56,340.34,184.54,479.20,-1,-1,-1,-1
389,80,1749.15,432.37,74.03,214.45,-1,-1,-1,-1
389,83,399.12,305.73,285.42,590.88,-1,-1,-1,-1
389,86,1797.40,453.07,69.47,177.87,-1,-1,-1,-1
389,91,1164.06,458.14,53.23,188.02,-1,-1,-1,-1
390,6,1523.78,421.61,85.03,259.68,-1,-1,-1,-1
390,8,121.01,539.88,69.16,205.18,-1,-1,-1,-1
390,29,1878.52,369.01,41.48,297.63,-1,-1,-1,-1
390,44,1643.71,409.65,113.47,277.47,-1,-1,-1,-1
390,64,11.64,500.48,101.29,247.64,-1,-1,-1,-1
390,70,246.85,516.35,48.01,61.29,-1,-1,-1,-1
390,71,1504.35,404.10,64.48,266.51,-1,-1,-1,-1
390,76,1703.55,397.57,86.35,260.59,-1,-1,-1,-1
390,77,989.01,338.97,191.19,482.26,-1,-1,-1,-1
390,80,1753.08,429.13,74.51,218.58,-1,-1,-1,-1
390,83,421.79,307.32,266.51,584.07,-1,-1,-1,-1
390,86,1802.42,454.97,68.79,175.90,-1,-1,-1,-1
390,91,1164.02,457.22,55.72,188.80,-1,-1,-1,-1
391,6,1527.65,421.35,86.27,258.25,-1,-1,-1,-1
391,8,121.62,543.10,69.14,202.00,-1,-1,-1,-1
391,29,1883.87,368.90,36.13,270.08,-1,-1,-1,-1
391,44,1646.98,410.55,117.69,275.94,-1,-1,-1,-1
391,64,13.33,500.36,99.16,247.20,-1,-1,-1,-1
391,70,246.79,516.58,48.16,61.73,-1,-1,-1,-1
391,71,1510.82,402.90,60.20,265.51,-1,-1,-1,-1
391,76,1707.06,397.91,87.66,256.93,-1,-1,-1,-1
391,77,983.26,336.55,194.66,485.49,-1,-1,-1,-1
391,80,1754.91,426.60,75.10,222.05,-1,-1,-1,-1
391,83,452.37,307.42,238.72,575.34,-1,-1,-1,-1
391,86,1806.13,456.48,67.23,174.27,-1,-1,-1,-1
391,91,1164.73,456.40,58.70,189.84,-1,-1,-1,-1
392,6,1529.21,421.56,93.28,256.41,-1,-1,-1,-1
392,8,121.95,538.68,71.64,207.00,-1,-1,-1,-1
392,29,1889.43,370.45,30.57,258.46,-1,-1,-1,-1
392,44,1651.19,411.91,120.28,273.97,-1,-1,-1,-1
392,64,14.01,500.01,99.11,247.63,-1,-1,-1,-1
392,70,246.84,516.52,48.40,60.89,-1,-1,-1,-1
392,71,1516.76,401.82,58.69,264.83,-1,-1,-1,-1
392,76,1711.74,397.94,90.34,257.59,-1,-1,-1,-1
392,77,981.23,332.41,193.10,490.48,-1,-1,-1,-1
392,80,1760.08,426.47,73.53,217.61,-1,-1,-1,-1
392,83,485.36,304.68,206.01,565.66,-1,-1,-1,-1
392,86,1808.97,456.95,66.47,173.72,-1,-1,-1,-1
392,91,1174.14,455.14,56.53,190.62,-1,-1,-1,-1
393,6,1532.97,420.23,96.48,257.50,-1,-1,-1,-1
393,8,122.25,536.97,71.89,208.44,-1,-1,-1,-1
393,29,1894.72,375.94,25.28,226.56,-1,-1,-1,-1
393,44,1655.63,413.55,118.16,271.41,-1,-1,-1,-1
393,64,8.71,499.72,104.45,248.42,-1,-1,-1,-1
393,70,246.71,516.65,48.36,61.48,-1,-1,-1,-1
393,71,1525.43,399.64,52.70,266.01,-1,-1,-1,-1
393,76,1716.63,397.73,88.60,255.12,-1,-1,-1,-1
393,77,978.42,329.14,190.90,493.21,-1,-1,-1,-1
393,80,1763.88,426.69,72.81,214.66,-1,-1,-1,-1
393,83,519.12,302.95,174.71,558.04,-1,-1,-1,-1
393,86,1811.02,457.39,65.20,173.32,-1,-1,-1,-1
393,91,1179.62,454.91,54.88,190.75,-1,-1,-1,-1
394,6,1536.77,419.11,99.62,257.49,-1,-1,-1,-1
394,8,121.97,535.40,72.35,209.70,-1,-1,-1,-1
394,29,1896.29,394.30,23.71,185.49,-1,-1,-1,-1
394,44,1660.03,414.22,114.88,270.54,-1,-1,-1,-1
394,64,10.59,499.83,102.23,248.31,-1,-1,-1,-1
394,70,246.51,516.61,48.48,61.56,-1,-1,-1,-1
394,71,1529.30,399.87,52.87,266.01,-1,-1,-1,-1
394,76,1720.43,397.25,87.38,252.44,-1,-1,-1,-1
394,77,982.12,326.38,182.63,494.00,-1,-1,-1,-1
394,80,1766.34,424.86,75.21,219.82,-1,-1,-1,-1
394,83,548.52,303.35,153.76,551.29,-1,-1,-1,-1
394,86,1812.40,454.89,64.67,175.87,-1,-1,-1,-1
394,91,1182.99,453.83,55.84,191.55,-1,-1,-1,-1
395,6,1540.92,417.91,103.59,259.08,-1,-1,-1,-1
395,8,121.51,531.13,72.11,213.60,-1,-1,-1,-1
395,29,1894.37,423.26,25.56,139.44,-1,-1,-1,-1
395,44,1666.82,413.08,110.94,271.17,-1,-1,-1,-1
395,64,12.74,499.79,99.93,248.38,-1,-1,-1,-1
395,70,246.69,516.69,47.99,60.97,-1,-1,-1,-1
395,71,1533.17,400.11,53.04,266.01,-1,-1,-1,-1
395,76,1726.33,395.95,84.29,251.82,-1,-1,-1,-1
395,77,974.96,322.85,181.77,499.63,-1,-1,-1,-1
395,80,1770.69,428.05,73.80,217.39,-1,-1,-1,-1
395,83,571.79,304.20,145.67,550.34,-1,-1,-1,-1
395,86,1814.77,453.81,63.99,176.38,-1,-1,-1,-1
395,91,1186.89,453.40,61.60,192.38,-1,-1,-1,-1
396,6,1545.77,418.55,102.98,258.33,-1,-1,-1,-1
396,8,121.45,529.32,71.33,215.34,-1,-1,-1,-1
396,29,1894.44,436.73,25.01,124.26,-1,-1,-1,-1
396,44,1671.37,412.49,107.92,270.81,-1,-1,-1,-1
396,64,13.93,499.77,99.25,248.79,-1,-1,-1,-1
396,70,246.37,516.78,48.17,61.93,-1,-1,-1,-1
396,71,1537.04,400.34,53.21,266.00,-1,-1,-1,-1
396,76,1732.37,394.60,79.90,253.00,-1,-1,-1,-1
396,77,967.01,321.14,183.70,503.14,-1,-1,-1,-1
396,80,1774.23,428.80,74.57,217.09,-1,-1,-1,-1
396,83,585.13,305.36,155.67,547.74,-1,-1,-1,-1
396,86,1816.90,452.66,63.39,177.58,-1,-1,-1,-1
396,91,1189.90,453.61,68.50,192.58,-1,-1,-1,-1
397,6,1550.05,419.40,103.00,257.01,-1,-1,-1,-1
397,8,121.05,528.10,71.19,216.89,-1,-1,-1,-1
397,44,1676.14,411.75,108.87,270.23,-1,-1,-1,-1
397,64,12.84,500.09,99.89,249.38,-1,-1,-1,-1
397,70,246.37,516.66,47.96,60.23,-1,-1,-1,-1
397,71,1540.91,400.57,53.38,266.00,-1,-1,-1,-1
397,76,1736.52,393.05,77.33,258.35,-1,-1,-1,-1
397,77,954.57,321.29,188.69,503.94,-1,-1,-1,-1
397,80,1778.31,428.50,74.57,218.50,-1,-1,-1,-1
397,83,595.88,309.71,186.98,543.83,-1,-1,-1,-1
397,86,1819.46,450.14,63.20,178.89,-1,-1,-1,-1
397,91,1192.28,454.36,75.05,191.83,-1,-1,-1,-1
398,6,1554.19,419.82,102.98,257.12,-1,-1,-1,-1
398,8,121.28,531.12,70.81,213.50,-1,-1,-1,-1
398,44,1679.63,411.79,111.55,269.53,-1,-1,-1,-1
398,64,13.37,500.12,99.80,249.05,-1,-1,-1,-1
398,70,246.41,516.65,48.11,61.15,-1,-1,-1,-1
398,71,1544.78,400.81,53.56,265.99,-1,-1,-1,-1
398,76,1739.46,393.46,75.65,259.82,-1,-1,-1,-1
398,77,935.81,321.86,199.69,507.79,-1,-1,-1,-1
398,80,1780.81,418.75,72.51,228.77,-1,-1,-1,-1
398,83,604.87,314.69,211.50,538.95,-1,-1,-1,-1
398,86,1822.52,450.33,62.13,180.37,-1,-1,-1,-1
398,91,1194.24,454.70,81.40,191.60,-1,-1,-1,-1
399,6,1557.37,421.85,102.93,256.14,-1,-1,-1,-1
399,8,121.59,532.63,70.03,211.96,-1,-1,-1,-1
399,44,1682.69,411.28,113.59,270.37,-1,-1,-1,-1
399,64,15.14,500.21,97.57,248.52,-1,-1,-1,-1
399,70,246.56,516.67,48.11,60.71,-1,-1,-1,-1
399,71,1548.65,401.04,53.73,265.99,-1,-1,-1,-1
399,76,1742.82,394.04,73.66,258.69,-1,-1,-1,-1
399,77,922.99,322.92,204.24,509.26,-1,-1,-1,-1
399,80,1787.89,405.17,68.47,243.91,-1,-1,-1,-1
399,83,610.14,320.54,232.21,532.03,-1,-1,-1,-1
399,86,1824.28,450.84,63.03,180.04,-1,-1,-1,-1
399,91,1194.58,455.61,79.54,190.67,-1,-1,-1,-1
400,6,1561.51,422.76,102.16,255.58,-1,-1,-1,-1
400,8,121.37,532.71,70.25,211.95,-1,-1,-1,-1
400,44,1684.92,410.98,118.32,271.41,-1,-1,-1,-1
400,64,16.04,500.15,96.73,248.90,-1,-1,-1,-1
400,70,246.62,516.66,48.11,58.49,-1,-1,-1,-1
400,71,1552.52,401.27,53.90,265.98,-1,-1,-1,-1
400,76,1748.71,393.76,75.09,263.62,-1,-1,-1,-1
400,77,914.99,323.81,204.17,511.89,-1,-1,-1,-1
400,80,1765.01,398.92,92.27,253.94,-1,-1,-1,-1
400,83,613.81,325.19,243.52,523.59,-1,-1,-1,-1
400,86,1818.91,448.91,70.15,181.84,-1,-1,-1,-1
400,91,1195.00,456.06,80.08,190.04,-1,-1,-1,-1
401,6,1565.40,423.16,100.04,252.96,-1,-1,-1,-1
401,8,121.58,532.83,69.90,211.93,-1,-1,-1,-1
401,44,1686.63,410.69,121.48,271.58,-1,-1,-1,-1
401,64,15.88,500.07,96.64,248.93,-1,-1,-1,-1
401,70,246.54,516.53,48.40,57.83,-1,-1,-1,-1
401,71,1556.39,401.51,54.07,265.98,-1,-1,-1,-1
401,76,1752.60,395.48,66.77,268.55,-1,-1,-1,-1
401,77,908.95,324.17,205.63,515.63,-1,-1,-1,-1
401,80,1756.98,396.69,90.38,259.27,-1,-1,-1,-1
401,83,614.71,327.83,248.64,518.44,-1,-1,-1,-1
401,86,1814.59,447.19,76.08,183.49,-1,-1,-1,-1
401,91,1197.27,454.97,78.77,191.52,-1,-1,-1,-1
402,6,1568.60,422.69,97.86,248.71,-1,-1,-1,-1
402,8,121.32,532.62,70.01,211.94,-1,-1,-1,-1
402,44,1689.79,411.78,123.73,271.09,-1,-1,-1,-1
402,64,16.23,500.53,96.33,248.08,-1,-1,-1,-1
402,70,246.58,516.51,48.37,58.40,-1,-1,-1,-1
402,71,1560.26,401.74,54.24,265.98,-1,-1,-1,-1
402,76,1755.65,396.14,69.16,266.94,-1,-1,-1,-1
402,77,901.55,322.55,208.73,522.29,-1,-1,-1,-1
402,80,1759.40,397.33,96.89,256.43,-1,-1,-1,-1
402,83,621.90,329.91,245.26,515.04,-1,-1,-1,-1
402,86,1822.60,449.66,70.45,179.85,-1,-1,-1,-1
402,91,1201.67,454.27,76.62,191.69,-1,-1,-1,-1
403,6,1572.50,420.88,94.38,247.92,-1,-1,-1,-1
403,8,121.38,532.45,69.55,212.20,-1,-1,-1,-1
403,44,1692.18,413.83,123.81,269.45,-1,-1,-1,-1
403,64,16.21,500.82,96.35,247.72,-1,-1,-1,-1
403,70,246.77,516.60,48.25,59.67,-1,-1,-1,-1
403,71,1564.13,401.97,54.42,265.97,-1,-1,-1,-1
403,76,1758.69,396.80,71.56,265.33,-1,-1,-1,-1
403,77,893.62,319.26,213.18,523.21,-1,-1,-1,-1
403,80,1762.42,398.59,99.59,254.93,-1,-1,-1,-1
403,83,633.20,331.00,234.88,511.30,-1,-1,-1,-1
403,86,1824.94,448.21,68.91,180.35,-1,-1,-1,-1
403,91,1205.69,452.96,73.94,192.71,-1,-1,-1,-1
404,6,1576.68,420.74,90.71,248.72,-1,-1,-1,-1
404,8,121.57,532.40,69.42,212.32,-1,-1,-1,-1
404,44,1693.21,415.27,125.78,266.23,-1,-1,-1,-1
404,64,16.22,500.71,97.23,247.95,-1,-1,-1,-1
404,70,246.63,516.49,48.51,60.42,-1,-1,-1,-1
404,71,1568.00,402.21,54.59,265.97,-1,-1,-1,-1
404,76,1761.74,397.45,73.96,263.72,-1,-1,-1,-1
404,77,883.39,316.28,213.65,529.86,-1,-1,-1,-1
404,80,1762.92,399.19,94.33,257.67,-1,-1,-1,-1
404,83,649.34,330.90,221.18,506.60,-1,-1,-1,-1
404,86,1827.54,448.33,67.38,179.16,-1,-1,-1,-1
404,91,1209.41,452.31,70.41,192.83,-1,-1,-1,-1
405,6,1580.30,420.82,87.16,248.87,-1,-1,-1,-1
405,8,121.11,531.47,69.98,213.40,-1,-1,-1,-1
405,44,1697.25,417.87,124.25,261.67,-1,-1,-1,-1
405,64,15.52,500.79,97.51,247.68,-1,-1,-1,-1
405,70,246.65,516.64,48.41,60.53,-1,-1,-1,-1
405,71,1571.87,402.44,54.76,265.96,-1,-1,-1,-1
405,76,1764.78,398.11,76.36,262.11,-1,-1,-1,-1
405,77,873.40,309.28,206.52,538.71,-1,-1,-1,-1
405,80,1763.48,399.57,94.78,258.76,-1,-1,-1,-1
405,83,675.77,329.71,194.23,496.82,-1,-1,-1,-1
405,86,1830.31,449.64,66.35,176.33,-1,-1,-1,-1
405,91,1217.22,451.97,61.43,192.57,-1,-1,-1,-1
406,6,1584.57,420.95,85.02,248.78,-1,-1,-1,-1
406,8,121.05,531.94,70.47,212.79,-1,-1,-1,-1
406,44,1701.92,419.29,122.92,259.83,-1,-1,-1,-1
406,64,15.37,500.87,97.61,247.66,-1,-1,-1,-1
406,70,245.96,516.31,49.29,60.19,-1,-1,-1,-1
406,71,1575.74,402.67,54.93,265.96,-1,-1,-1,-1
406,76,1767.83,398.77,78.76,260.50,-1,-1,-1,-1
406,77,864.58,306.91,204.58,540.74,-1,-1,-1,-1
406,80,1765.08,399.85,106.97,258.54,-1,-1,-1,-1
406,83,700.29,329.10,169.57,492.35,-1,-1,-1,-1
406,86,1836.24,450.77,61.70,174.50,-1,-1,-1,-1
406,91,1224.06,451.21,55.25,193.06,-1,-1,-1,-1
407,6,1589.66,421.11,92.01,249.09,-1,-1,-1,-1
407,8,121.13,531.62,70.85,213.05,-1,-1,-1,-1
407,44,1707.70,419.44,119.29,259.35,-1,-1,-1,-1
407,64,17.31,500.66,96.01,247.50,-1,-1,-1,-1
407,70,246.19,516.49,48.82,58.85,-1,-1,-1,-1
407,71,1579.61,402.91,55.10,265.95,-1,-1,-1,-1
407,76,1770.88,399.42,81.16,258.89,-1,-1,-1,-1
407,77,860.79,303.21,199.53,546.55,-1,-1,-1,-1
407,83,733.90,327.99,139.04,490.41,-1,-1,-1,-1
407,86,1838.58,449.88,60.89,174.82,-1,-1,-1,-1
407,91,1230.65,450.30,53.27,194.11,-1,-1,-1,-1
408,6,1595.32,420.62,97.25,249.60,-1,-1,-1,-1
408,8,121.16,532.07,69.91,212.45,-1,-1,-1,-1
408,44,1710.70,419.73,117.75,255.80,-1,-1,-1,-1
408,64,18.58,500.84,94.38,247.19,-1,-1,-1,-1
408,70,245.95,516.22,49.23,58.88,-1,-1,-1,-1
408,71,1583.48,403.14,55.27,265.95,-1,-1,-1,-1
408,76,1772.51,398.74,85.13,258.63,-1,-1,-1,-1
408,77,863.27,300.69,190.75,556.45,-1,-1,-1,-1
408,83,758.31,327.74,120.94,490.30,-1,-1,-1,-1
408,86,1842.25,449.45,59.20,174.60,-1,-1,-1,-1
408,91,1235.02,449.81,53.70,194.13,-1,-1,-1,-1
409,6,1597.61,422.60,104.48,246.75,-1,-1,-1,-1
409,8,121.09,532.44,70.32,211.89,-1,-1,-1,-1
409,44,1713.49,420.03,115.88,252.19,-1,-1,-1,-1
409,64,17.55,500.13,95.41,247.84,-1,-1,-1,-1
409,70,246.12,516.44,48.98,58.76,-1,-1,-1,-1
409,71,1587.35,403.38,55.45,265.95,-1,-1,-1,-1
409,76,1774.03,397.66,90.26,258.60,-1,-1,-1,-1
409,77,853.29,299.13,194.38,560.45,-1,-1,-1,-1
409,83,773.75,328.56,113.17,491.04,-1,-1,-1,-1
409,86,1845.69,450.13,58.85,173.40,-1,-1,-1,-1
409,91,1239.10,449.73,54.62,194.35,-1,-1,-1,-1
409,92,1680.97,471.01,49.63,116.05,-1,-1,-1,-1
410,6,1602.90,422.93,104.86,246.13,-1,-1,-1,-1
410,8,121.28,532.25,69.86,212.14,-1,-1,-1,-1
410,44,1716.30,420.57,114.03,250.77,-1,-1,-1,-1
410,64,16.50,499.81,96.77,248.39,-1,-1,-1,-1
410,70,246.32,516.59,48.55,57.99,-1,-1,-1,-1
410,71,1591.22,403.61,55.62,265.94,-1,-1,-1,-1
410,76,1778.53,397.03,94.53,259.36,-1,-1,-1,-1
410,77,856.33,300.19,185.29,564.33,-1,-1,-1,-1
410,83,783.44,340.34,124.68,475.74,-1,-1,-1,-1
410,86,1852.39,451.44,55.35,171.27,-1,-1,-1,-1
410,91,1242.95,450.09,59.07,194.32,-1,-1,-1,-1
410,92,1680.42,470.53,52.42,116.48,-1,-1,-1,-1
411,6,1609.21,424.22,100.37,243.70,-1,-1,-1,-1
411,8,121.26,532.10,70.39,212.21,-1,-1,-1,-1
411,44,1718.83,419.79,112.98,252.46,-1,-1,-1,-1
411,64,14.57,499.81,98.51,248.84,-1,-1,-1,-1
411,70,246.51,516.69,48.44,57.14,-1,-1,-1,-1
411,71,1594.47,404.31,56.14,265.93,-1,-1,-1,-1
411,76,1782.56,396.67,96.52,260.25,-1,-1,-1,-1
411,77,846.87,301.22,189.55,568.50,-1,-1,-1,-1
411,83,784.82,335.68,121.55,479.37,-1,-1,-1,-1
411,86,1858.47,453.74,51.68,168.66,-1,-1,-1,-1
411,91,1244.98,450.37,64.86,194.42,-1,-1,-1,-1
411,92,1681.66,469.61,50.86,116.69,-1,-1,-1,-1
412,6,1613.53,424.03,97.14,244.06,-1,-1,-1,-1
412,8,121.74,532.93,69.80,211.44,-1,-1,-1,-1
412,44,1722.72,419.46,110.56,251.12,-1,-1,-1,-1
412,64,13.75,500.61,99.50,247.77,-1,-1,-1,-1
412,70,246.37,516.67,48.17,58.06,-1,-1,-1,-1
412,71,1598.60,405.70,55.34,262.71,-1,-1,-1,-1
412,76,1787.58,396.23,97.45,261.88,-1,-1,-1,-1
412,77,817.74,301.15,210.62,572.89,-1,-1,-1,-1
412,83,782.39,339.25,118.49,474.86,-1,-1,-1,-1
412,86,1852.93,456.68,62.73,171.70,-1,-1,-1,-1
412,91,1246.30,451.28,77.91,193.30,-1,-1,-1,-1
412,92,1686.91,468.36,47.30,117.25,-1,-1,-1,-1
413,6,1616.59,424.12,94.22,242.80,-1,-1,-1,-1
413,8,121.94,533.39,70.06,211.35,-1,-1,-1,-1
413,44,1726.08,419.53,109.11,251.54,-1,-1,-1,-1
413,64,13.07,500.63,99.47,248.15,-1,-1,-1,-1
413,70,246.48,516.68,48.06,60.44,-1,-1,-1,-1
413,71,1602.83,407.33,54.81,257.21,-1,-1,-1,-1
413,76,1791.03,397.06,102.18,259.12,-1,-1,-1,-1
413,77,796.29,301.60,225.56,579.66,-1,-1,-1,-1
413,83,786.90,342.16,111.19,412.08,-1,-1,-1,-1
413,86,1853.08,460.46,64.28,166.26,-1,-1,-1,-1
413,91,1246.66,452.14,86.63,192.46,-1,-1,-1,-1
413,92,1691.06,466.21,43.26,119.30,-1,-1,-1,-1
414,6,1620.82,423.09,90.61,242.33,-1,-1,-1,-1
414,8,121.71,533.20,70.21,211.56,-1,-1,-1,-1
414,44,1729.29,419.86,108.14,250.19,-1,-1,-1,-1
414,64,11.49,500.12,101.14,248.55,-1,-1,-1,-1
414,70,246.72,516.69,47.81,59.97,-1,-1,-1,-1
414,71,1608.81,409.16,52.16,244.01,-1,-1,-1,-1
414,76,1793.51,399.59,110.07,254.84,-1,-1,-1,-1
414,77,781.79,300.70,233.90,586.72,-1,-1,-1,-1
414,83,806.85,341.05,109.06,418.23,-1,-1,-1,-1
414,86,1857.68,451.94,60.93,172.49,-1,-1,-1,-1
414,91,1246.53,452.65,92.97,191.92,-1,-1,-1,-1
414,93,1011.29,513.92,34.89,127.60,-1,-1,-1,-1
415,6,1626.90,421.62,90.28,242.72,-1,-1,-1,-1
415,8,121.97,534.48,69.08,210.19,-1,-1,-1,-1
415,44,1734.03,419.00,109.02,250.55,-1,-1,-1,-1
415,64,27.22,500.24,85.86,248.47,-1,-1,-1,-1
415,70,246.06,516.76,48.06,61.02,-1,-1,-1,-1
415,71,1614.96,409.44,51.91,245.74,-1,-1,-1,-1
415,76,1797.23,401.75,107.07,254.51,-1,-1,-1,-1
415,77,765.26,297.67,242.74,593.99,-1,-1,-1,-1
415,83,826.80,339.95,106.93,424.39,-1,-1,-1,-1
415,86,1863.42,450.78,56.58,172.31,-1,-1,-1,-1
415,91,1248.07,452.75,95.18,191.90,-1,-1,-1,-1
415,93,1012.70,513.73,34.13,128.36,-1,-1,-1,-1
416,6,1635.08,420.59,90.79,242.61,-1,-1,-1,-1
416,8,122.09,535.30,68.86,209.51,-1,-1,-1,-1
416,44,1737.86,420.51,109.31,248.83,-1,-1,-1,-1
416,64,36.93,502.13,76.19,246.16,-1,-1,-1,-1
416,70,246.16,516.62,47.79,62.16,-1,-1,-1,-1
416,71,1618.99,410.33,50.40,248.35,-1,-1,-1,-1
416,76,1800.89,403.24,102.26,252.80,-1,-1,-1,-1
416,77,756.34,294.34,244.14,597.02,-1,-1,-1,-1
416,83,846.75,338.85,104.79,430.55,-1,-1,-1,-1
416,86,1867.17,451.69,52.83,170.51,-1,-1,-1,-1
416,91,1247.71,452.08,98.17,192.72,-1,-1,-1,-1
416,93,1012.05,513.01,35.68,130.79,-1,-1,-1,-1
417,6,1632.23,420.09,103.45,242.24,-1,-1,-1,-1
417,8,122.91,534.60,75.16,210.54,-1,-1,-1,-1
417,44,1741.53,422.44,107.59,246.48,-1,-1,-1,-1
417,64,42.45,500.50,70.26,248.17,-1,-1,-1,-1
417,70,246.33,516.63,47.77,62.47,-1,-1,-1,-1
417,71,1622.36,408.87,54.40,246.14,-1,-1,-1,-1
417,76,1806.23,403.45,102.31,249.39,-1,-1,-1,-1
417,77,745.87,288.85,245.08,603.40,-1,-1,-1,-1
417,83,866.70,337.74,102.66,436.70,-1,-1,-1,-1
417,86,1869.30,450.26,50.70,172.06,-1,-1,-1,-1
417,91,1250.37,452.16,98.36,192.78,-1,-1,-1,-1
417,93,1007.97,514.14,39.94,149.88,-1,-1,-1,-1
418,6,1630.29,419.50,112.64,242.38,-1,-1,-1,-1
418,8,122.25,534.29,73.11,210.44,-1,-1,-1,-1
418,44,1744.60,422.59,107.22,246.09,-1,-1,-1,-1
418,64,49.15,500.96,64.14,247.44,-1,-1,-1,-1
418,70,246.25,516.60,48.00,61.69,-1,-1,-1,-1
418,71,1626.41,408.19,54.32,209.79,-1,-1,-1,-1
418,76,1810.93,402.95,96.22,248.33,-1,-1,-1,-1
418,77,736.31,282.94,246.02,608.96,-1,-1,-1,-1
418,83,886.65,336.64,100.53,442.86,-1,-1,-1,-1
418,86,1870.26,447.56,49.74,174.11,-1,-1,-1,-1
418,91,1247.82,451.79,101.22,193.31,-1,-1,-1,-1
419,6,1632.94,420.10,116.10,240.73,-1,-1,-1,-1
419,8,121.79,534.70,72.82,209.84,-1,-1,-1,-1
419,44,1747.78,422.40,107.40,247.18,-1,-1,-1,-1
419,64,50.77,500.30,62.45,248.24,-1,-1,-1,-1
419,70,246.17,516.47,48.29,61.06,-1,-1,-1,-1
419,71,1629.29,407.27,53.28,193.19,-1,-1,-1,-1
419,76,1814.60,402.46,94.35,249.31,-1,-1,-1,-1
419,77,729.12,279.43,246.63,613.91,-1,-1,-1,-1
419,83,906.60,335.53,98.39,449.02,-1,-1,-1,-1
419,86,1870.74,447.63,49.26,174.11,-1,-1,-1,-1
419,91,1253.14,451.62,95.89,193.14,-1,-1,-1,-1
420,6,1642.86,422.87,114.58,237.10,-1,-1,-1,-1
420,8,121.60,535.13,70.12,209.28,-1,-1,-1,-1
420,44,1752.10,422.51,107.57,245.22,-1,-1,-1,-1
420,64,19.22,499.96,92.95,248.15,-1,-1,-1,-1
420,70,246.38,516.60,48.39,61.02,-1,-1,-1,-1
420,71,1634.42,405.31,55.43,219.01,-1,-1,-1,-1
420,76,1820.23,403.27,90.43,250.10,-1,-1,-1,-1
420,77,722.90,276.79,235.68,616.29,-1,-1,-1,-1
420,83,915.93,339.58,105.08,444.71,-1,-1,-1,-1
420,86,1876.65,450.62,43.35,170.65,-1,-1,-1,-1
420,91,1266.57,451.12,82.88,193.40,-1,-1,-1,-1
421,6,1654.51,423.65,108.65,237.40,-1,-1,-1,-1
421,8,121.26,536.41,69.70,208.24,-1,-1,-1,-1
421,44,1758.52,420.51,106.09,244.63,-1,-1,-1,-1
421,64,6.87,496.37,104.22,251.57,-1,-1,-1,-1
421,70,246.41,516.47,48.35,62.05,-1,-1,-1,-1
421,71,1637.24,404.43,55.53,238.56,-1,-1,-1,-1
421,76,1824.53,402.67,87.72,247.21,-1,-1,-1,-1
421,77,714.12,275.16,234.62,619.71,-1,-1,-1,-1
421,83,921.75,341.47,108.15,444.09,-1,-1,-1,-1
421,86,1882.21,449.09,37.79,172.47,-1,-1,-1,-1
421,91,1272.75,450.03,77.05,194.49,-1,-1,-1,-1
422,6,1660.65,424.99,105.15,237.42,-1,-1,-1,-1
422,8,120.81,532.37,69.28,212.30,-1,-1,-1,-1
422,44,1762.83,419.71,108.06,244.35,-1,-1,-1,-1
422,64,1.79,476.38,108.89,271.66,-1,-1,-1,-1
422,70,246.41,516.41,48.69,62.32,-1,-1,-1,-1
422,71,1641.12,404.04,55.65,193.71,-1,-1,-1,-1
422,76,1828.97,402.01,85.74,243.68,-1,-1,-1,-1
422,77,698.04,273.17,236.41,624.19,-1,-1,-1,-1
422,83,926.82,344.04,116.36,440.35,-1,-1,-1,-1
422,86,1887.41,446.29,32.59,175.93,-1,-1,-1,-1
422,91,1283.51,447.83,66.49,196.69,-1,-1,-1,-1
423,6,1663.87,426.47,103.88,235.83,-1,-1,-1,-1
423,8,119.42,528.34,69.96,216.16,-1,-1,-1,-1
423,44,1767.93,419.41,107.03,244.19,-1,-1,-1,-1
423,64,2.02,489.11,109.20,258.70,-1,-1,-1,-1
423,70,246.46,516.56,48.28,59.77,-1,-1,-1,-1
423,71,1644.82,403.84,54.02,171.60,-1,-1,-1,-1
423,76,1831.64,400.11,84.28,242.19,-1,-1,-1,-1
423,77,682.48,272.50,243.76,627.17,-1,-1,-1,-1
423,83,926.15,347.21,136.19,437.36,-1,-1,-1,-1
423,86,1890.59,445.13,29.41,178.70,-1,-1,-1,-1
423,91,1291.19,447.62,60.82,196.86,-1,-1,-1,-1
424,6,1669.17,426.76,100.46,236.36,-1,-1,-1,-1
424,8,120.02,528.77,69.33,215.98,-1,-1,-1,-1
424,44,1771.42,418.17,106.83,245.74,-1,-1,-1,-1
424,64,1.44,489.57,109.03,258.19,-1,-1,-1,-1
424,70,246.34,516.62,48.54,61.38,-1,-1,-1,-1
424,71,1648.67,404.87,53.06,167.15,-1,-1,-1,-1
424,76,1834.60,398.94,80.53,247.36,-1,-1,-1,-1
424,77,656.56,273.20,261.56,633.80,-1,-1,-1,-1
424,83,928.79,350.25,154.10,433.55,-1,-1,-1,-1
424,86,1893.24,444.77,26.76,183.12,-1,-1,-1,-1
424,91,1297.41,447.33,58.78,197.25,-1,-1,-1,-1
425,6,1674.37,426.86,97.92,234.13,-1,-1,-1,-1
425,8,120.07,528.06,69.36,216.39,-1,-1,-1,-1
425,44,1775.69,420.61,109.26,243.94,-1,-1,-1,-1
425,64,16.44,494.26,95.13,253.05,-1,-1,-1,-1
425,70,246.43,516.50,48.54,61.22,-1,-1,-1,-1
425,71,1651.73,407.14,53.71,166.17,-1,-1,-1,-1
425,76,1836.92,398.91,80.12,247.93,-1,-1,-1,-1
425,77,643.17,274.31,269.47,640.20,-1,-1,-1,-1
425,83,936.04,354.96,169.09,429.00,-1,-1,-1,-1
425,86,1897.14,443.08,22.86,182.19,-1,-1,-1,-1
425,91,1303.16,447.68,60.86,196.89,-1,-1,-1,-1
426,6,1677.41,426.52,95.41,232.18,-1,-1,-1,-1
426,8,120.54,528.74,68.76,215.13,-1,-1,-1,-1
426,44,1778.92,421.41,108.57,241.99,-1,-1,-1,-1
426,64,18.44,495.76,94.51,251.78,-1,-1,-1,-1
426,70,246.45,516.47,48.08,61.14,-1,-1,-1,-1
426,71,1652.14,407.97,57.75,218.25,-1,-1,-1,-1
426,76,1838.56,399.10,77.85,248.65,-1,-1,-1,-1
426,77,636.29,273.38,274.92,647.72,-1,-1,-1,-1
426,83,940.57,358.05,177.36,424.51,-1,-1,-1,-1
426,86,1899.42,442.73,20.58,182.36,-1,-1,-1,-1
426,91,1307.47,448.81,62.31,195.49,-1,-1,-1,-1
427,6,1681.60,424.83,90.34,233.11,-1,-1,-1,-1
427,8,119.61,527.04,70.35,216.86,-1,-1,-1,-1
427,44,1782.10,422.00,108.15,241.59,-1,-1,-1,-1
427,64,7.37,496.24,104.92,251.31,-1,-1,-1,-1
427,70,246.60,516.36,47.89,61.50,-1,-1,-1,-1
427,71,1654.87,409.05,58.75,236.60,-1,-1,-1,-1
427,76,1841.04,399.67,76.03,246.55,-1,-1,-1,-1
427,77,632.28,271.70,275.43,654.64,-1,-1,-1,-1
427,83,942.76,360.76,178.70,420.34,-1,-1,-1,-1
427,86,1901.91,440.44,18.09,191.69,-1,-1,-1,-1
427,91,1310.47,448.60,66.21,195.66,-1,-1,-1,-1
427,96,1761.36,428.64,58.32,203.27,-1,-1,-1,-1
428,6,1684.47,424.72,87.76,232.32,-1,-1,-1,-1
428,8,119.66,526.79,70.35,217.04,-1,-1,-1,-1
428,44,1785.30,422.72,108.99,241.44,-1,-1,-1,-1
428,64,13.33,497.25,98.58,249.72,-1,-1,-1,-1
428,70,246.25,516.45,48.02,60.51,-1,-1,-1,-1
428,71,1659.40,410.49,58.15,242.98,-1,-1,-1,-1
428,76,1844.92,400.76,73.50,243.54,-1,-1,-1,-1
428,77,621.53,269.78,276.42,660.89,-1,-1,-1,-1
428,83,945.91,363.28,177.62,417.12,-1,-1,-1,-1
428,86,1903.58,443.21,16.42,191.01,-1,-1,-1,-1
428,91,1313.79,447.28,73.11,197.52,-1,-1,-1,-1
428,96,1766.60,431.44,53.40,199.53,-1,-1,-1,-1
428,97,911.85,525.36,34.59,84.63,-1,-1,-1,-1
428,98,1162.98,474.71,35.19,165.78,-1,-1,-1,-1
429,6,1688.24,424.12,86.60,232.16,-1,-1,-1,-1
429,8,108.47,481.90,82.52,262.65,-1,-1,-1,-1
429,44,1789.62,424.55,107.45,239.62,-1,-1,-1,-1
429,64,23.13,497.77,88.99,249.51,-1,-1,-1,-1
429,70,246.37,516.41,47.90,61.28,-1,-1,-1,-1
429,71,1662.23,411.21,58.04,246.02,-1,-1,-1,-1
429,76,1847.60,402.82,72.29,239.61,-1,-1,-1,-1
429,77,609.62,266.61,277.43,665.79,-1,-1,-1,-1
429,83,952.62,363.88,172.41,414.46,-1,-1,-1,-1
429,91,1315.76,448.70,76.54,196.29,-1,-1,-1,-1
429,96,1769.19,432.03,52.89,201.20,-1,-1,-1,-1
429,97,914.08,527.93,34.85,82.94,-1,-1,-1,-1
429,98,1164.26,474.64,40.44,165.82,-1,-1,-1,-1
430,6,1691.16,423.60,87.17,232.77,-1,-1,-1,-1
430,8,115.10,509.06,75.83,234.78,-1,-1,-1,-1
430,44,1791.84,425.16,109.06,238.67,-1,-1,-1,-1
430,64,18.29,498.93,93.92,248.05,-1,-1,-1,-1
430,70,246.39,516.31,47.77,60.17,-1,-1,-1,-1
430,71,1665.11,411.04,55.74,247.76,-1,-1,-1,-1
430,76,1850.39,403.89,69.61,236.98,-1,-1,-1,-1
430,77,591.27,260.96,270.31,672.29,-1,-1,-1,-1
430,83,964.72,364.64,160.32,408.02,-1,-1,-1,-1
430,91,1316.69,450.20,82.21,194.89,-1,-1,-1,-1
430,96,1770.71,431.81,53.92,201.84,-1,-1,-1,-1
430,97,915.51,527.21,36.57,83.85,-1,-1,-1,-1
430,98,1165.36,476.54,48.73,164.13,-1,-1,-1,-1
431,6,1693.75,423.68,94.23,233.15,-1,-1,-1,-1
431,8,118.62,523.80,72.04,219.94,-1,-1,-1,-1
431,44,1795.16,425.08,108.35,238.90,-1,-1,-1,-1
431,64,18.17,499.41,94.12,247.66,-1,-1,-1,-1
431,70,246.34,516.18,47.83,60.25,-1,-1,-1,-1
431,71,1668.62,411.63,55.92,237.83,-1,-1,-1,-1
431,76,1854.56,403.64,65.44,238.11,-1,-1,-1,-1
431,77,580.18,255.65,258.00,677.71,-1,-1,-1,-1
431,83,977.59,364.12,148.15,402.38,-1,-1,-1,-1
431,91,1317.30,450.53,86.68,194.75,-1,-1,-1,-1
431,96,1769.09,432.30,58.55,200.24,-1,-1,-1,-1
431,97,916.31,529.10,37.69,82.07,-1,-1,-1,-1
431,98,1166.09,477.15,55.03,163.60,-1,-1,-1,-1
431,100,813.54,515.39,48.55,118.90,-1,-1,-1,-1
432,6,1699.88,425.07,97.00,231.23,-1,-1,-1,-1
432,8,119.73,528.13,70.58,215.52,-1,-1,-1,-1
432,44,1800.62,425.03,105.96,236.60,-1,-1,-1,-1
432,64,18.61,498.60,93.90,248.48,-1,-1,-1,-1
432,70,246.30,516.24,47.53,61.22,-1,-1,-1,-1
432,71,1672.16,411.83,62.08,243.51,-1,-1,-1,-1
432,76,1857.91,404.82,62.09,237.73,-1,-1,-1,-1
432,77,564.63,251.98,259.42,680.10,-1,-1,-1,-1
432,83,993.41,363.06,136.75,399.42,-1,-1,-1,-1
432,91,1317.35,451.00,90.27,194.68,-1,-1,-1,-1
432,96,1770.65,432.52,59.24,199.59,-1,-1,-1,-1
432,97,917.28,529.66,39.18,81.18,-1,-1,-1,-1
432,98,1167.25,476.95,62.57,163.44,-1,-1,-1,-1
432,100,815.24,516.10,46.60,117.26,-1,-1,-1,-1
433,6,1706.65,426.12,96.13,229.90,-1,-1,-1,-1
433,8,121.07,530.37,70.03,213.64,-1,-1,-1,-1
433,44,1805.33,423.72,102.92,235.32,-1,-1,-1,-1
433,64,7.18,467.47,109.25,279.70,-1,-1,-1,-1
433,70,246.24,516.48,47.45,58.84,-1,-1,-1,-1
433,71,1675.37,410.80,58.75,233.37,-1,-1,-1,-1
433,76,1861.03,404.76,58.97,238.29,-1,-1,-1,-1
433,77,548.73,248.39,261.86,692.02,-1,-1,-1,-1
433,83,1015.52,361.63,123.60,398.76,-1,-1,-1,-1
433,91,1322.57,451.19,86.77,194.75,-1,-1,-1,-1
433,96,1772.28,431.69,61.79,198.57,-1,-1,-1,-1
433,97,921.14,528.97,38.75,81.81,-1,-1,-1,-1
433,98,1169.89,477.16,68.50,163.23,-1,-1,-1,-1
433,100,813.89,514.77,47.05,118.73,-1,-1,-1,-1
434,6,1710.80,427.87,95.95,227.66,-1,-1,-1,-1
434,8,122.43,534.65,68.66,209.70,-1,-1,-1,-1
434,44,1809.83,425.72,99.30,232.17,-1,-1,-1,-1
434,64,2.40,460.05,111.96,287.76,-1,-1,-1,-1
434,70,246.23,516.74,47.87,59.44,-1,-1,-1,-1
434,71,1677.38,410.00,57.68,225.12,-1,-1,-1,-1
434,76,1862.92,404.69,57.08,239.68,-1,-1,-1,-1
434,77,534.28,248.13,265.92,699.89,-1,-1,-1,-1
434,83,1031.03,360.93,116.10,398.99,-1,-1,-1,-1
434,91,1326.93,450.69,82.99,195.51,-1,-1,-1,-1
434,96,1774.35,430.57,60.72,196.50,-1,-1,-1,-1
434,97,924.95,527.92,36.58,82.71,-1,-1,-1,-1
434,98,1171.62,477.63,72.48,162.72,-1,-1,-1,-1
434,100,812.78,515.03,47.15,118.85,-1,-1,-1,-1
435,6,1715.31,429.07,92.62,225.31,-1,-1,-1,-1
435,8,121.96,534.43,69.71,209.70,-1,-1,-1,-1
435,44,1814.29,424.54,97.16,233.46,-1,-1,-1,-1
435,64,0.34,457.27,112.34,292.03,-1,-1,-1,-1
435,70,246.24,516.72,47.98,59.13,-1,-1,-1,-1
435,71,1680.33,409.13,67.16,241.04,-1,-1,-1,-1
435,76,1866.11,404.07,53.89,249.04,-1,-1,-1,-1
435,77,515.40,245.26,271.51,712.87,-1,-1,-1,-1
435,83,1044.82,361.81,112.37,397.16,-1,-1,-1,-1
435,91,1330.31,450.44,79.84,195.31,-1,-1,-1,-1
435,96,1779.83,430.07,57.54,197.93,-1,-1,-1,-1
435,97,928.26,528.98,33.72,81.48,-1,-1,-1,-1
435,98,1177.02,476.12,70.33,163.97,-1,-1,-1,-1
435,100,811.63,516.12,46.82,118.04,-1,-1,-1,-1
436,6,1720.46,428.83,87.57,225.09,-1,-1,-1,-1
436,8,121.83,533.67,69.52,210.40,-1,-1,-1,-1
436,44,1818.01,423.84,94.91,234.38,-1,-1,-1,-1
436,64,0.00,453.58,112.72,295.90,-1,-1,-1,-1
436,70,246.21,516.62,48.13,60.45,-1,-1,-1,-1
436,71,1682.92,408.78,70.78,244.94,-1,-1,-1,-1
436,76,1868.95,403.22,51.05,256.32,-1,-1,-1,-1
436,77,499.48,243.76,276.06,719.53,-1,-1,-1,-1
436,83,1054.16,362.57,112.76,396.33,-1,-1,-1,-1
436,91,1337.95,449.91,72.12,195.33,-1,-1,-1,-1
436,96,1784.53,430.07,54.41,196.89,-1,-1,-1,-1
436,97,930.85,530.13,31.95,80.30,-1,-1,-1,-1
436,98,1183.95,475.18,65.27,164.65,-1,-1,-1,-1
436,100,809.60,516.75,47.70,117.54,-1,-1,-1,-1
437,6,1724.64,427.69,82.30,225.98,-1,-1,-1,-1
437,8,122.16,535.93,68.77,208.14,-1,-1,-1,-1
437,44,1820.22,422.96,95.89,235.98,-1,-1,-1,-1
437,64,0.00,462.63,112.33,286.70,-1,-1,-1,-1
437,70,245.99,516.69,48.21,60.94,-1,-1,-1,-1
437,71,1686.05,408.64,69.62,244.69,-1,-1,-1,-1
437,76,1873.02,402.43,46.98,260.35,-1,-1,-1,-1
437,77,481.78,243.46,283.57,730.35,-1,-1,-1,-1
437,83,1060.95,364.65,113.02,393.82,-1,-1,-1,-1
437,91,1344.15,449.23,65.84,195.74,-1,-1,-1,-1
437,96,1788.53,428.86,53.11,198.96,-1,-1,-1,-1
437,97,933.05,529.79,30.18,80.50,-1,-1,-1,-1
437,98,1190.42,474.70,60.19,164.94,-1,-1,-1,-1
437,100,807.91,516.85,48.46,118.08,-1,-1,-1,-1
438,6,1728.90,426.23,77.17,226.15,-1,-1,-1,-1
438,8,122.31,537.69,69.16,206.56,-1,-1,-1,-1
438,44,1822.24,423.41,96.32,235.49,-1,-1,-1,-1
438,64,0.00,338.57,87.88,533.53,-1,-1,-1,-1
438,70,246.04,516.67,48.03,60.87,-1,-1,-1,-1
438,71,1689.88,410.11,66.87,239.68,-1,-1,-1,-1
438,76,1875.92,402.79,44.08,262.79,-1,-1,-1,-1
438,77,459.42,243.83,295.49,740.53,-1,-1,-1,-1
438,83,1066.27,368.13,119.35,388.87,-1,-1,-1,-1
438,91,1354.23,448.88,59.07,195.76,-1,-1,-1,-1
438,96,1792.79,427.77,46.33,200.06,-1,-1,-1,-1
438,97,935.37,533.01,28.08,76.96,-1,-1,-1,-1
438,98,1198.09,472.95,54.28,166.67,-1,-1,-1,-1
438,100,806.27,518.12,48.47,117.55,-1,-1,-1,-1
439,6,1731.84,424.78,76.63,227.59,-1,-1,-1,-1
439,8,122.29,540.46,68.88,203.89,-1,-1,-1,-1
439,44,1823.91,423.69,92.69,235.99,-1,-1,-1,-1
439,64,0.00,296.77,75.90,616.16,-1,-1,-1,-1
439,70,245.85,516.58,48.23,61.71,-1,-1,-1,-1
439,71,1694.77,411.40,64.66,238.85,-1,-1,-1,-1
439,76,1878.40,404.40,41.60,263.15,-1,-1,-1,-1
439,77,442.09,241.37,301.70,750.12,-1,-1,-1,-1
439,83,1068.33,370.33,124.33,386.08,-1,-1,-1,-1
439,91,1359.83,448.97,59.49,195.56,-1,-1,-1,-1
439,96,1797.41,428.71,41.15,198.44,-1,-1,-1,-1
439,97,936.70,535.20,27.93,74.76,-1,-1,-1,-1
439,98,1201.33,471.27,50.93,168.70,-1,-1,-1,-1
439,100,801.91,518.60,51.66,117.48,-1,-1,-1,-1
439,101,1860.69,414.76,59.31,233.92,-1,-1,-1,-1
439,102,2.52,570.32,59.62,366.85,-1,-1,-1,-1
440,6,1735.17,424.16,78.74,227.82,-1,-1,-1,-1
440,8,122.23,544.27,68.85,200.41,-1,-1,-1,-1
440,44,1827.33,425.70,77.39,233.42,-1,-1,-1,-1
440,64,0.00,274.19,88.96,655.96,-1,-1,-1,-1
440,70,246.30,516.57,47.74,59.12,-1,-1,-1,-1
440,71,1698.84,413.56,62.76,236.63,-1,-1,-1,-1
440,76,1883.18,393.34,36.82,278.56,-1,-1,-1,-1
440,77,423.47,236.66,308.20,759.27,-1,-1,-1,-1
440,83,1072.67,372.41,133.21,383.52,-1,-1,-1,-1
440,91,1364.23,448.82,58.94,196.14,-1,-1,-1,-1
440,96,1802.02,430.23,39.62,198.35,-1,-1,-1,-1
440,97,938.93,535.26,26.21,74.40,-1,-1,-1,-1
440,98,1208.63,470.86,45.81,168.27,-1,-1,-1,-1
440,100,803.75,518.61,48.20,120.50,-1,-1,-1,-1
440,101,1861.60,395.28,58.40,270.98,-1,-1,-1,-1
441,6,1738.41,423.79,81.90,228.34,-1,-1,-1,-1
441,8,122.92,541.69,72.58,202.88,-1,-1,-1,-1
441,44,1830.54,425.73,66.69,232.28,-1,-1,-1,-1
441,64,0.00,265.14,104.22,677.65,-1,-1,-1,-1
441,70,246.55,516.43,47.48,58.29,-1,-1,-1,-1
441,71,1700.93,414.73,62.66,234.70,-1,-1,-1,-1
441,76,1881.12,388.46,38.88,285.75,-1,-1,-1,-1
441,77,407.06,234.16,308.44,762.60,-1,-1,-1,-1
441,83,1075.14,373.74,137.74,382.03,-1,-1,-1,-1
441,91,1368.80,448.75,62.66,196.73,-1,-1,-1,-1
441,96,1805.10,431.63,38.43,196.66,-1,-1,-1,-1
441,97,940.44,536.46,22.22,72.87,-1,-1,-1,-1
441,98,1212.36,470.47,47.08,167.18,-1,-1,-1,-1
441,100,808.45,518.81,41.70,127.87,-1,-1,-1,-1
441,101,1862.13,396.04,57.87,278.82,-1,-1,-1,-1
442,6,1741.55,424.73,84.10,227.29,-1,-1,-1,-1
442,8,123.12,537.35,73.98,207.39,-1,-1,-1,-1
442,44,1832.95,428.78,57.66,228.30,-1,-1,-1,-1
442,64,0.00,259.09,169.00,680.70,-1,-1,-1,-1
442,70,246.52,516.33,47.55,57.87,-1,-1,-1,-1
442,71,1703.39,414.71,60.30,234.09,-1,-1,-1,-1
442,76,1880.12,387.35,39.88,286.14,-1,-1,-1,-1
442,77,391.83,229.85,310.22,767.93,-1,-1,-1,-1
442,83,1077.71,374.22,138.60,381.11,-1,-1,-1,-1
442,91,1371.83,449.18,70.31,197.00,-1,-1,-1,-1
442,96,1806.92,432.91,38.42,195.22,-1,-1,-1,-1
442,97,942.01,537.29,19.92,71.76,-1,-1,-1,-1
442,98,1212.74,469.82,50.80,168.40,-1,-1,-1,-1
442,101,1867.52,387.64,52.48,289.02,-1,-1,-1,-1
443,6,1745.84,425.82,84.69,225.44,-1,-1,-1,-1
443,8,122.10,532.86,74.07,211.66,-1,-1,-1,-1
443,44,1835.60,429.69,49.70,227.85,-1,-1,-1,-1
443,64,0.00,265.24,225.85,664.66,-1,-1,-1,-1
443,70,246.37,516.24,47.30,59.27,-1,-1,-1,-1
443,71,1708.19,409.73,61.73,239.26,-1,-1,-1,-1
443,76,1879.13,386.24,40.87,286.53,-1,-1,-1,-1
443,77,376.02,221.50,306.89,778.23,-1,-1,-1,-1
443,83,1093.18,374.02,127.04,374.95,-1,-1,-1,-1
443,91,1374.21,449.93,79.35,196.56,-1,-1,-1,-1
443,96,1811.05,434.44,37.41,198.74,-1,-1,-1,-1
443,97,942.18,538.67,20.71,70.35,-1,-1,-1,-1
443,98,1216.58,469.92,58.28,168.96,-1,-1,-1,-1
443,101,1862.81,385.36,57.19,292.36,-1,-1,-1,-1
444,6,1750.45,426.74,83.43,224.55,-1,-1,-1,-1
444,8,122.31,530.34,72.82,213.90,-1,-1,-1,-1
444,64,0.00,269.05,254.86,655.40,-1,-1,-1,-1
444,70,246.38,516.22,47.27,59.44,-1,-1,-1,-1
444,71,1710.97,408.72,59.99,240.36,-1,-1,-1,-1
444,76,1878.14,385.12,41.86,286.92,-1,-1,-1,-1
444,77,362.66,214.67,304.59,786.01,-1,-1,-1,-1
444,83,1103.91,373.27,120.32,372.82,-1,-1,-1,-1
444,91,1375.32,450.55,86.68,196.13,-1,-1,-1,-1
444,96,1812.24,434.87,48.62,195.26,-1,-1,-1,-1
444,97,942.48,537.79,20.76,70.97,-1,-1,-1,-1
444,98,1222.32,470.44,64.41,168.81,-1,-1,-1,-1
444,101,1850.60,384.11,69.14,294.78,-1,-1,-1,-1
445,6,1755.00,428.45,83.01,221.69,-1,-1,-1,-1
445,8,119.91,500.49,74.62,242.25,-1,-1,-1,-1
445,64,0.00,269.87,272.43,658.20,-1,-1,-1,-1
445,70,246.40,516.47,46.73,58.58,-1,-1,-1,-1
445,71,1715.57,411.03,57.42,235.86,-1,-1,-1,-1
445,76,1877.14,384.01,42.86,287.31,-1,-1,-1,-1
445,77,344.93,208.15,305.00,790.85,-1,-1,-1,-1
445,83,1123.93,370.09,109.96,371.34,-1,-1,-1,-1
445,91,1375.73,451.33,91.26,195.44,-1,-1,-1,-1
445,96,1811.08,434.51,44.82,193.48,-1,-1,-1,-1
445,98,1224.30,471.75,75.14,166.76,-1,-1,-1,-1
445,101,1841.86,380.63,77.58,298.54,-1,-1,-1,-1
445,104,1681.15,473.06,48.14,112.88,-1,-1,-1,-1
446,6,1758.92,429.64,81.11,219.17,-1,-1,-1,-1
446,64,0.00,273.19,282.36,656.51,-1,-1,-1,-1
446,70,246.22,516.41,46.07,56.98,-1,-1,-1,-1
446,71,1718.86,412.43,58.44,233.00,-1,-1,-1,-1
446,76,1876.15,382.90,43.85,287.70,-1,-1,-1,-1
446,77,328.19,204.34,308.10,797.50,-1,-1,-1,-1
446,83,1135.55,369.02,106.50,370.75,-1,-1,-1,-1
446,91,1376.07,451.44,93.81,195.34,-1,-1,-1,-1
446,96,1817.52,434.66,36.66,198.37,-1,-1,-1,-1
446,98,1232.00,472.41,71.23,166.64,-1,-1,-1,-1
446,101,1833.74,379.21,85.54,298.47,-1,-1,-1,-1
446,104,1680.51,473.34,48.64,112.08,-1,-1,-1,-1
447,6,1761.86,430.64,77.58,218.91,-1,-1,-1,-1
447,64,0.00,274.58,288.60,650.74,-1,-1,-1,-1
447,70,245.91,516.49,45.95,56.52,-1,-1,-1,-1
447,71,1721.02,412.56,61.49,231.79,-1,-1,-1,-1
447,76,1875.16,381.78,44.84,288.08,-1,-1,-1,-1
447,77,314.69,202.12,310.32,808.77,-1,-1,-1,-1
447,83,1144.60,368.60,104.39,370.71,-1,-1,-1,-1
447,91,1376.11,452.08,95.36,194.84,-1,-1,-1,-1
447,96,1819.79,434.84,36.67,196.97,-1,-1,-1,-1
447,98,1235.06,472.38,69.40,167.09,-1,-1,-1,-1
447,101,1818.11,378.65,100.75,298.45,-1,-1,-1,-1
447,104,1680.54,472.87,50.79,112.94,-1,-1,-1,-1
448,6,1766.09,430.51,71.64,222.55,-1,-1,-1,-1
448,64,0.00,277.18,292.30,648.05,-1,-1,-1,-1
448,70,245.59,516.40,46.89,58.33,-1,-1,-1,-1
448,71,1723.88,413.27,64.30,230.28,-1,-1,-1,-1
448,76,1874.16,380.67,45.84,288.47,-1,-1,-1,-1
448,77,287.30,199.79,329.15,818.65,-1,-1,-1,-1
448,83,1154.87,370.34,105.38,367.91,-1,-1,-1,-1
448,91,1376.69,452.02,96.35,194.89,-1,-1,-1,-1
448,96,1822.05,435.01,36.68,195.57,-1,-1,-1,-1
448,98,1239.47,471.40,61.63,163.23,-1,-1,-1,-1
448,101,1794.48,382.57,123.91,294.43,-1,-1,-1,-1
448,104,1680.37,472.46,51.73,113.24,-1,-1,-1,-1
449,6,1769.02,430.27,65.43,225.26,-1,-1,-1,-1
449,64,0.00,272.55,291.85,659.91,-1,-1,-1,-1
449,71,1725.94,412.37,64.91,230.06,-1,-1,-1,-1
449,76,1871.29,381.13,48.68,287.48,-1,-1,-1,-1
449,77,258.93,203.08,348.42,815.62,-1,-1,-1,-1
449,83,1161.93,371.83,105.79,366.51,-1,-1,-1,-1
449,91,1378.25,451.82,95.88,195.18,-1,-1,-1,-1
449,96,1824.32,435.18,36.70,194.17,-1,-1,-1,-1
449,98,1243.42,470.37,58.57,175.28,-1,-1,-1,-1
449,101,1777.11,387.54,140.67,290.37,-1,-1,-1,-1
449,104,1680.17,472.11,51.49,113.37,-1,-1,-1,-1
450,6,1772.69,430.37,52.21,216.40,-1,-1,-1,-1
450,64,0.59,270.80,291.03,665.32,-1,-1,-1,-1
450,71,1727.61,412.77,72.15,230.16,-1,-1,-1,-1
450,76,1865.12,382.41,54.41,276.79,-1,-1,-1,-1
450,77,228.98,207.96,373.13,813.55,-1,-1,-1,-1
450,83,1162.88,373.88,128.93,364.23,-1,-1,-1,-1
450,91,1383.55,452.22,91.45,195.22,-1,-1,-1,-1
450,96,1826.58,435.35,36.71,192.77,-1,-1,-1,-1
450,98,1246.61,469.48,60.39,189.26,-1,-1,-1,-1
450,101,1767.06,394.69,150.14,281.44,-1,-1,-1,-1
450,104,1679.84,472.16,51.23,113.15,-1,-1,-1,-1
451,6,1774.97,425.96,54.18,223.56,-1,-1,-1,-1
451,64,0.00,274.33,285.97,652.65,-1,-1,-1,-1
451,71,1728.26,412.22,72.34,230.73,-1,-1,-1,-1
451,76,1854.17,383.43,64.78,273.94,-1,-1,-1,-1
451,77,210.37,208.71,388.35,816.18,-1,-1,-1,-1
451,83,1166.80,377.35,146.16,360.85,-1,-1,-1,-1
451,91,1390.33,451.13,85.25,195.74,-1,-1,-1,-1
451,96,1828.85,435.53,36.72,191.36,-1,-1,-1,-1
451,98,1246.47,467.91,64.85,197.02,-1,-1,-1,-1
451,101,1762.10,396.94,153.98,278.53,-1,-1,-1,-1
451,104,1679.96,471.98,50.80,113.43,-1,-1,-1,-1
452,6,1777.26,421.56,56.15,230.71,-1,-1,-1,-1
452,64,4.60,276.07,272.08,642.29,-1,-1,-1,-1
452,71,1727.96,412.37,71.42,230.46,-1,-1,-1,-1
452,76,1849.59,383.93,69.37,271.31,-1,-1,-1,-1
452,77,198.66,204.43,396.28,830.41,-1,-1,-1,-1
452,83,1170.83,379.40,157.13,358.19,-1,-1,-1,-1
452,91,1404.55,451.04,69.85,196.68,-1,-1,-1,-1
452,96,1831.11,435.70,36.73,189.96,-1,-1,-1,-1
452,101,1759.47,396.67,154.98,279.07,-1,-1,-1,-1
452,104,1679.87,471.74,49.86,113.63,-1,-1,-1,-1
453,6,1779.54,417.15,58.12,237.87,-1,-1,-1,-1
453,64,36.49,277.46,232.80,635.89,-1,-1,-1,-1
453,71,1727.74,411.92,68.44,210.53,-1,-1,-1,-1
453,76,1841.00,386.24,77.65,267.02,-1,-1,-1,-1
453,77,180.70,200.62,401.27,840.61,-1,-1,-1,-1
453,83,1173.02,382.38,161.85,354.23,-1,-1,-1,-1
453,91,1413.38,451.39,64.35,196.58,-1,-1,-1,-1
453,96,1833.38,435.87,36.74,188.56,-1,-1,-1,-1
453,101,1759.05,396.02,143.75,280.41,-1,-1,-1,-1
453,104,1679.74,471.93,49.74,113.77,-1,-1,-1,-1
454,6,1781.83,412.74,60.08,245.03,-1,-1,-1,-1
454,64,58.83,271.37,204.71,639.87,-1,-1,-1,-1
454,71,1728.04,414.25,64.02,197.39,-1,-1,-1,-1
454,76,1835.21,387.29,83.38,266.76,-1,-1,-1,-1
454,77,147.43,188.90,418.06,859.43,-1,-1,-1,-1
454,83,1173.92,384.43,164.99,351.71,-1,-1,-1,-1
454,91,1419.68,451.53,60.33,196.74,-1,-1,-1,-1
454,96,1835.64,436.05,36.75,187.16,-1,-1,-1,-1
454,101,1757.02,396.14,128.88,280.11,-1,-1,-1,-1
454,104,1679.81,471.80,50.04,113.92,-1,-1,-1,-1
455,6,1784.11,408.34,62.05,252.19,-1,-1,-1,-1
455,64,89.56,274.72,183.01,682.77,-1,-1,-1,-1
455,71,1728.44,415.47,53.62,190.96,-1,-1,-1,-1
455,76,1826.20,388.94,92.30,272.21,-1,-1,-1,-1
455,77,114.73,174.17,410.09,880.68,-1,-1,-1,-1
455,83,1180.44,384.91,159.77,350.10,-1,-1,-1,-1
455,91,1424.57,450.04,60.10,197.60,-1,-1,-1,-1
455,96,1837.90,436.22,36.77,185.76,-1,-1,-1,-1
455,101,1747.08,397.70,119.62,277.24,-1,-1,-1,-1
455,104,1679.95,471.84,48.83,114.08,-1,-1,-1,-1
455,106,1886.74,425.75,32.36,186.07,-1,-1,-1,-1
456,6,1786.40,403.93,64.02,259.34,-1,-1,-1,-1
456,64,102.44,278.11,196.20,681.32,-1,-1,-1,-1
456,71,1725.81,414.50,57.23,197.82,-1,-1,-1,-1
456,76,1817.78,392.19,100.75,276.03,-1,-1,-1,-1
456,77,92.70,170.34,372.28,888.63,-1,-1,-1,-1
456,83,1190.39,385.03,149.71,348.08,-1,-1,-1,-1
456,91,1428.60,448.89,64.31,199.35,-1,-1,-1,-1
456,96,1840.17,436.39,36.78,184.36,-1,-1,-1,-1
456,101,1736.58,397.62,112.33,276.82,-1,-1,-1,-1
456,104,1679.84,471.94,49.51,114.30,-1,-1,-1,-1
456,106,1881.25,427.25,37.69,190.39,-1,-1,-1,-1
457,6,1788.69,399.53,65.99,266.50,-1,-1,-1,-1
457,64,115.31,281.50,209.39,679.86,-1,-1,-1,-1
457,71,1723.17,413.53,60.83,204.68,-1,-1,-1,-1
457,76,1809.19,393.37,109.28,277.94,-1,-1,-1,-1
457,77,71.77,162.73,359.83,892.61,-1,-1,-1,-1
457,83,1201.28,383.74,140.77,345.45,-1,-1,-1,-1
457,91,1432.13,449.23,67.72,197.51,-1,-1,-1,-1
457,96,1842.43,436.56,36.79,182.96,-1,-1,-1,-1
457,101,1732.75,398.64,99.60,275.86,-1,-1,-1,-1
457,104,1679.84,471.95,51.13,114.39,-1,-1,-1,-1
457,106,1873.74,427.43,44.92,201.92,-1,-1,-1,-1
458,6,1790.97,395.12,67.95,273.66,-1,-1,-1,-1
458,64,128.19,284.89,222.58,678.40,-1,-1,-1,-1
458,71,1720.53,412.56,64.43,211.54,-1,-1,-1,-1
458,76,1801.04,392.80,112.72,279.26,-1,-1,-1,-1
458,77,38.82,155.65,366.33,905.59,-1,-1,-1,-1
458,83,1219.90,381.19,129.23,345.02,-1,-1,-1,-1
458,91,1435.68,450.07,73.77,196.09,-1,-1,-1,-1
458,96,1844.70,436.74,36.80,181.56,-1,-1,-1,-1
458,101,1726.87,398.59,91.74,276.18,-1,-1,-1,-1
458,104,1679.97,471.92,51.39,114.56,-1,-1,-1,-1
458,106,1872.20,427.60,46.81,212.81,-1,-1,-1,-1
459,6,1793.26,390.72,69.92,280.81,-1,-1,-1,-1
459,64,141.07,288.28,235.78,676.95,-1,-1,-1,-1
459,71,1717.90,411.59,68.03,218.40,-1,-1,-1,-1
459,76,1797.57,392.68,105.88,278.19,-1,-1,-1,-1
459,77,6.55,151.24,382.00,914.85,-1,-1,-1,-1
459,83,1236.19,378.15,120.02,347.39,-1,-1,-1,-1
459,91,1437.40,450.03,80.97,195.86,-1,-1,-1,-1
459,96,1846.96,436.91,36.81,180.16,-1,-1,-1,-1
459,101,1717.85,398.69,92.31,276.12,-1,-1,-1,-1
459,104,1679.71,471.83,49.32,114.71,-1,-1,-1,-1
459,106,1872.92,427.15,46.36,217.17,-1,-1,-1,-1
460,6,1788.34,390.55,86.64,281.86,-1,-1,-1,-1
460,64,153.94,291.66,248.97,675.49,-1,-1,-1,-1
460,71,1715.26,410.62,71.63,225.26,-1,-1,-1,-1
460,76,1794.67,395.87,100.41,274.99,-1,-1,-1,-1
460,77,0.00,146.97,417.34,920.57,-1,-1,-1,-1
460,83,1246.75,377.10,116.95,347.85,-1,-1,-1,-1
460,91,1437.79,450.46,86.37,195.51,-1,-1,-1,-1
460,96,1840.30,434.47,44.24,192.60,-1,-1,-1,-1
460,101,1698.10,399.36,106.37,274.96,-1,-1,-1,-1
460,104,1679.77,471.75,42.88,114.53,-1,-1,-1,-1
460,106,1875.64,426.94,43.85,217.88,-1,-1,-1,-1
461,6,1780.18,386.35,85.38,285.62,-1,-1,-1,-1
461,64,166.82,295.05,262.16,674.04,-1,-1,-1,-1
461,71,1712.63,409.65,75.24,232.12,-1,-1,-1,-1
461,76,1791.77,399.07,94.94,271.79,-1,-1,-1,-1
461,77,15.91,145.02,363.13,916.85,-1,-1,-1,-1
461,83,1252.54,375.48,117.91,348.41,-1,-1,-1,-1
461,91,1437.84,450.47,88.82,196.11,-1,-1,-1,-1
461,96,1835.15,433.08,50.54,202.05,-1,-1,-1,-1
461,101,1679.25,400.57,122.40,272.53,-1,-1,-1,-1
461,104,1679.38,471.97,39.54,116.17,-1,-1,-1,-1
461,106,1878.28,427.07,41.38,217.27,-1,-1,-1,-1
462,6,1771.37,387.02,82.06,285.22,-1,-1,-1,-1
462,64,179.69,298.44,275.35,672.58,-1,-1,-1,-1
462,71,1709.99,408.68,78.84,238.97,-1,-1,-1,-1
462,76,1788.87,402.27,89.47,268.59,-1,-1,-1,-1
462,77,13.01,141.70,326.82,919.86,-1,-1,-1,-1
462,83,1259.10,375.15,116.82,348.73,-1,-1,-1,-1
462,91,1437.80,451.04,93.33,196.02,-1,-1,-1,-1
462,96,1831.79,431.28,54.12,207.61,-1,-1,-1,-1
462,101,1662.43,402.10,137.62,270.83,-1,-1,-1,-1
462,104,1679.41,473.12,35.93,113.53,-1,-1,-1,-1
462,106,1881.11,427.17,38.68,216.97,-1,-1,-1,-1
463,6,1763.93,389.75,83.16,281.22,-1,-1,-1,-1
463,64,214.33,301.40,259.37,603.79,-1,-1,-1,-1
463,71,1707.36,407.71,82.44,245.83,-1,-1,-1,-1
463,76,1785.97,405.46,84.00,265.39,-1,-1,-1,-1
463,77,0.00,144.67,305.66,919.68,-1,-1,-1,-1
463,83,1266.50,380.30,116.83,343.10,-1,-1,-1,-1
463,91,1443.88,451.51,88.39,195.15,-1,-1,-1,-1
463,96,1826.31,430.15,61.33,210.55,-1,-1,-1,-1
463,101,1649.37,404.14,153.06,269.64,-1,-1,-1,-1
463,104,1679.53,473.05,36.50,113.54,-1,-1,-1,-1
463,106,1884.97,430.77,34.92,212.10,-1,-1,-1,-1
464,6,1759.13,390.16,85.26,280.26,-1,-1,-1,-1
464,64,211.52,302.46,269.63,586.60,-1,-1,-1,-1
464,71,1704.72,406.74,86.04,252.69,-1,-1,-1,-1
464,76,1783.07,408.66,78.53,262.19,-1,-1,-1,-1
464,77,0.00,144.32,282.02,919.86,-1,-1,-1,-1
464,83,1273.44,382.47,119.06,340.60,-1,-1,-1,-1
464,91,1454.39,451.54,78.20,194.40,-1,-1,-1,-1
464,96,1822.99,428.83,66.64,211.38,-1,-1,-1,-1
464,101,1643.29,408.04,156.76,265.38,-1,-1,-1,-1
464,104,1679.66,472.98,37.06,113.56,-1,-1,-1,-1
464,106,1887.74,434.83,32.22,207.71,-1,-1,-1,-1
465,6,1729.13,394.38,112.26,275.90,-1,-1,-1,-1
465,64,203.05,302.24,282.01,590.20,-1,-1,-1,-1
465,71,1702.09,405.77,89.64,259.55,-1,-1,-1,-1
465,76,1780.17,411.86,73.06,258.99,-1,-1,-1,-1
465,77,0.00,132.92,253.57,936.38,-1,-1,-1,-1
465,83,1283.21,384.39,121.24,338.36,-1,-1,-1,-1
465,91,1461.26,451.87,71.61,193.46,-1,-1,-1,-1
465,96,1819.97,428.06,72.54,212.13,-1,-1,-1,-1
465,101,1640.80,410.35,156.74,262.67,-1,-1,-1,-1
465,104,1679.78,472.91,37.62,113.57,-1,-1,-1,-1
465,106,1891.97,440.21,28.03,202.08,-1,-1,-1,-1
466,6,1710.09,405.15,130.33,263.91,-1,-1,-1,-1
466,64,214.23,301.60,273.19,590.72,-1,-1,-1,-1
466,71,1699.45,404.80,93.24,266.41,-1,-1,-1,-1
466,76,1777.27,415.05,67.59,255.79,-1,-1,-1,-1
466,77,0.00,121.19,245.33,950.68,-1,-1,-1,-1
466,83,1289.79,387.19,123.99,334.89,-1,-1,-1,-1
466,91,1467.68,451.29,65.42,193.49,-1,-1,-1,-1
466,96,1820.50,428.20,76.89,212.34,-1,-1,-1,-1
466,101,1639.29,411.06,153.56,262.55,-1,-1,-1,-1
466,104,1679.90,472.84,38.19,113.59,-1,-1,-1,-1
466,106,1895.42,447.94,24.58,186.95,-1,-1,-1,-1
467,6,1738.13,408.92,102.85,262.15,-1,-1,-1,-1
467,64,232.92,301.55,255.31,589.12,-1,-1,-1,-1
467,71,1693.73,403.30,130.54,269.79,-1,-1,-1,-1
467,76,1778.77,416.58,61.98,224.23,-1,-1,-1,-1
467,77,0.00,111.24,211.46,961.69,-1,-1,-1,-1
467,83,1295.07,389.22,125.19,332.46,-1,-1,-1,-1
467,91,1474.59,450.06,62.06,194.99,-1,-1,-1,-1
467,96,1821.20,428.72,80.10,210.90,-1,-1,-1,-1
467,101,1638.85,410.72,146.18,262.53,-1,-1,-1,-1
467,104,1680.03,472.77,38.75,113.60,-1,-1,-1,-1
467,106,1897.33,455.95,22.64,169.33,-1,-1,-1,-1
468,64,265.86,301.81,222.22,578.58,-1,-1,-1,-1
468,71,1701.03,402.52,135.11,271.60,-1,-1,-1,-1
468,76,1778.83,418.71,61.97,213.24,-1,-1,-1,-1
468,77,0.00,104.00,183.30,964.72,-1,-1,-1,-1
468,83,1302.06,390.02,121.83,331.38,-1,-1,-1,-1
468,91,1479.58,448.98,62.81,196.27,-1,-1,-1,-1
468,96,1824.02,430.05,80.41,209.93,-1,-1,-1,-1
468,101,1638.30,410.50,130.19,262.87,-1,-1,-1,-1
468,104,1680.15,472.70,39.31,113.62,-1,-1,-1,-1
468,106,1896.77,458.39,22.82,160.46,-1,-1,-1,-1
469,8,115.69,472.47,74.53,270.34,-1,-1,-1,-1
469,64,289.92,302.02,199.82,572.39,-1,-1,-1,-1
469,71,1711.03,402.01,128.79,272.08,-1,-1,-1,-1
469,76,1776.09,421.29,66.11,207.79,-1,-1,-1,-1
469,77,0.00,104.86,160.46,960.16,-1,-1,-1,-1
469,83,1311.18,389.47,113.37,329.95,-1,-1,-1,-1
469,91,1483.18,450.97,65.21,194.52,-1,-1,-1,-1
469,96,1826.66,431.37,80.07,209.51,-1,-1,-1,-1
469,101,1636.22,410.06,116.05,263.11,-1,-1,-1,-1
469,104,1680.28,472.63,39.88,113.63,-1,-1,-1,-1
469,106,1900.32,459.68,19.58,145.70,-1,-1,-1,-1
469,107,1161.66,470.32,28.08,173.31,-1,-1,-1,-1
470,8,110.50,473.61,80.24,270.26,-1,-1,-1,-1
470,64,307.72,300.65,190.53,570.76,-1,-1,-1,-1
470,71,1704.73,402.20,134.13,270.77,-1,-1,-1,-1
470,76,1776.56,422.72,71.46,207.71,-1,-1,-1,-1
470,77,0.00,121.91,131.24,945.09,-1,-1,-1,-1
470,83,1321.25,388.50,104.17,324.74,-1,-1,-1,-1
470,91,1487.94,450.90,71.07,194.19,-1,-1,-1,-1
470,96,1828.13,432.60,78.57,208.01,-1,-1,-1,-1
470,101,1628.71,408.62,104.05,263.73,-1,-1,-1,-1
470,104,1680.40,472.56,40.44,113.65,-1,-1,-1,-1
470,106,1892.32,460.03,26.50,152.58,-1,-1,-1,-1
470,107,1162.04,467.89,31.22,175.40,-1,-1,-1,-1
471,8,112.10,472.29,78.34,272.26,-1,-1,-1,-1
471,64,319.99,299.38,189.78,571.94,-1,-1,-1,-1
471,71,1694.44,401.96,138.33,270.00,-1,-1,-1,-1
471,76,1777.32,421.57,72.45,208.91,-1,-1,-1,-1
471,77,0.00,134.93,108.04,927.20,-1,-1,-1,-1
471,83,1327.85,386.70,102.21,322.68,-1,-1,-1,-1
471,91,1493.63,449.57,76.62,195.21,-1,-1,-1,-1
471,96,1829.61,434.39,76.97,204.80,-1,-1,-1,-1
471,101,1623.86,408.66,87.60,264.31,-1,-1,-1,-1
471,104,1680.53,472.49,41.01,113.66,-1,-1,-1,-1
471,106,1889.39,460.04,28.43,154.44,-1,-1,-1,-1
471,107,1163.38,465.57,34.30,177.62,-1,-1,-1,-1
471,108,940.71,537.96,21.26,67.64,-1,-1,-1,-1
472,8,115.26,473.01,75.38,272.50,-1,-1,-1,-1
472,64,328.54,299.02,191.31,571.87,-1,-1,-1,-1
472,71,1689.41,402.38,133.28,269.05,-1,-1,-1,-1
472,76,1780.20,420.16,70.43,210.43,-1,-1,-1,-1
472,77,0.00,219.55,87.99,847.47,-1,-1,-1,-1
472,83,1333.84,384.50,102.12,324.30,-1,-1,-1,-1
472,91,1495.14,450.46,84.98,194.76,-1,-1,-1,-1
472,96,1831.46,435.43,76.42,203.25,-1,-1,-1,-1
472,101,1617.09,408.93,81.36,264.79,-1,-1,-1,-1
472,104,1680.65,472.42,41.57,113.68,-1,-1,-1,-1
472,106,1889.93,458.30,28.03,157.24,-1,-1,-1,-1
472,107,1164.23,463.54,37.27,178.92,-1,-1,-1,-1
472,108,939.55,539.10,22.74,65.55,-1,-1,-1,-1
473,8,115.30,472.69,75.55,272.74,-1,-1,-1,-1
473,64,340.60,300.68,204.17,568.70,-1,-1,-1,-1
473,71,1684.07,401.86,122.36,268.31,-1,-1,-1,-1
473,76,1781.36,419.08,70.87,213.59,-1,-1,-1,-1
473,77,0.00,303.69,65.29,767.51,-1,-1,-1,-1
473,83,1342.30,382.96,99.01,326.13,-1,-1,-1,-1
473,91,1496.57,450.76,96.71,194.31,-1,-1,-1,-1
473,96,1834.74,436.51,74.53,202.32,-1,-1,-1,-1
473,101,1608.27,410.36,80.93,262.95,-1,-1,-1,-1
473,104,1680.78,472.35,42.13,113.69,-1,-1,-1,-1
473,106,1894.35,452.27,24.54,162.22,-1,-1,-1,-1
473,107,1165.01,463.02,43.80,179.89,-1,-1,-1,-1
473,108,937.53,539.27,24.68,66.06,-1,-1,-1,-1
473,109,51.32,501.50,59.17,247.02,-1,-1,-1,-1
474,8,115.15,467.01,75.40,278.04,-1,-1,-1,-1
474,64,351.53,301.78,220.29,567.54,-1,-1,-1,-1
474,71,1679.07,400.66,112.17,268.24,-1,-1,-1,-1
474,76,1784.52,418.91,68.38,214.30,-1,-1,-1,-1
474,83,1345.81,382.05,101.87,327.07,-1,-1,-1,-1
474,91,1497.46,451.33,103.23,194.03,-1,-1,-1,-1
474,96,1836.90,437.38,74.79,199.72,-1,-1,-1,-1
474,101,1593.46,412.87,91.84,259.75,-1,-1,-1,-1
474,104,1680.90,472.28,42.70,113.71,-1,-1,-1,-1
474,106,1887.83,445.04,30.98,153.16,-1,-1,-1,-1
474,107,1165.85,463.38,52.45,180.20,-1,-1,-1,-1
474,108,934.83,539.23,26.84,66.46,-1,-1,-1,-1
474,109,53.44,500.53,57.21,247.95,-1,-1,-1,-1
475,8,109.43,463.82,80.63,281.34,-1,-1,-1,-1
475,64,363.68,302.86,240.55,566.68,-1,-1,-1,-1
475,71,1669.82,400.83,103.11,267.97,-1,-1,-1,-1
475,76,1787.12,418.22,66.09,213.95,-1,-1,-1,-1
475,83,1356.28,383.71,110.13,325.01,-1,-1,-1,-1
475,91,1498.37,451.00,96.36,195.41,-1,-1,-1,-1
475,96,1839.58,436.97,74.45,198.34,-1,-1,-1,-1
475,101,1573.19,415.90,110.50,256.58,-1,-1,-1,-1
475,104,1681.03,472.21,43.26,113.72,-1,-1,-1,-1
475,106,1880.77,440.54,36.74,131.91,-1,-1,-1,-1
475,107,1168.33,464.24,63.00,178.67,-1,-1,-1,-1
475,108,933.72,539.50,26.76,66.10,-1,-1,-1,-1
475,109,52.59,496.91,57.68,251.58,-1,-1,-1,-1
476,8,106.28,458.91,85.06,286.81,-1,-1,-1,-1
476,64,373.32,304.36,253.46,565.69,-1,-1,-1,-1
476,71,1657.32,400.74,98.15,268.59,-1,-1,-1,-1
476,76,1790.11,418.26,63.56,213.86,-1,-1,-1,-1
476,83,1362.45,386.26,121.86,322.18,-1,-1,-1,-1
476,91,1499.27,450.63,93.09,196.10,-1,-1,-1,-1
476,96,1840.68,436.64,75.44,198.16,-1,-1,-1,-1
476,101,1561.41,418.78,121.12,253.25,-1,-1,-1,-1
476,104,1681.15,472.14,43.82,113.74,-1,-1,-1,-1
476,106,1879.25,438.47,38.44,119.71,-1,-1,-1,-1
476,107,1170.00,464.53,69.82,178.58,-1,-1,-1,-1
476,108,932.17,539.77,25.46,65.95,-1,-1,-1,-1
476,109,46.04,497.16,63.60,251.24,-1,-1,-1,-1
477,8,114.66,471.24,76.44,273.89,-1,-1,-1,-1
477,64,381.94,307.76,257.45,563.30,-1,-1,-1,-1
477,71,1649.46,401.52,90.44,268.90,-1,-1,-1,-1
477,76,1793.16,418.32,61.33,213.74,-1,-1,-1,-1
477,83,1367.33,388.23,130.66,319.93,-1,-1,-1,-1
477,91,1499.67,450.94,91.87,196.33,-1,-1,-1,-1
477,96,1840.73,436.33,76.27,198.01,-1,-1,-1,-1
477,101,1554.80,420.76,127.93,251.46,-1,-1,-1,-1
477,104,1681.27,472.07,44.39,113.75,-1,-1,-1,-1
477,106,1881.03,436.73,37.13,101.93,-1,-1,-1,-1
477,107,1170.56,464.04,73.65,178.76,-1,-1,-1,-1
477,108,929.69,540.24,24.10,66.63,-1,-1,-1,-1
477,109,20.79,498.29,86.68,249.70,-1,-1,-1,-1
478,8,118.65,498.90,71.63,245.71,-1,-1,-1,-1
478,64,392.85,311.63,253.66,560.34,-1,-1,-1,-1
478,71,1643.65,403.55,90.17,267.07,-1,-1,-1,-1
478,76,1794.69,418.35,61.21,213.69,-1,-1,-1,-1
478,83,1371.94,391.17,134.91,316.34,-1,-1,-1,-1
478,91,1503.63,450.42,82.98,195.19,-1,-1,-1,-1
478,96,1841.95,435.63,76.38,198.29,-1,-1,-1,-1
478,101,1550.64,422.26,130.83,250.17,-1,-1,-1,-1
478,104,1681.40,472.01,44.95,113.77,-1,-1,-1,-1
478,106,1880.53,435.38,38.55,138.54,-1,-1,-1,-1
478,107,1170.95,464.16,76.86,178.74,-1,-1,-1,-1
478,108,928.11,540.63,22.57,65.80,-1,-1,-1,-1
478,109,21.35,498.25,87.11,249.79,-1,-1,-1,-1
479,8,120.98,518.17,69.50,226.54,-1,-1,-1,-1
479,64,400.30,313.88,248.69,557.49,-1,-1,-1,-1
479,71,1637.17,404.98,94.39,265.33,-1,-1,-1,-1
479,76,1795.25,418.85,61.42,213.42,-1,-1,-1,-1
479,83,1378.37,392.34,132.27,314.36,-1,-1,-1,-1
479,91,1507.78,450.60,76.11,194.09,-1,-1,-1,-1
479,96,1844.72,435.27,74.49,198.91,-1,-1,-1,-1
479,101,1549.37,422.16,129.16,249.57,-1,-1,-1,-1
479,104,1681.52,471.94,45.51,113.78,-1,-1,-1,-1
479,106,1880.03,434.03,39.97,175.15,-1,-1,-1,-1
479,107,1172.79,463.68,76.61,178.95,-1,-1,-1,-1
479,108,926.83,540.52,19.80,65.34,-1,-1,-1,-1
479,109,17.52,499.04,91.50,248.83,-1,-1,-1,-1
480,8,121.88,520.32,69.91,224.61,-1,-1,-1,-1
480,64,404.18,316.23,245.64,550.28,-1,-1,-1,-1
480,71,1626.02,408.05,104.42,263.43,-1,-1,-1,-1
480,76,1797.33,419.92,61.07,213.08,-1,-1,-1,-1
480,83,1383.66,393.00,129.66,313.67,-1,-1,-1,-1
480,91,1516.99,449.37,64.82,191.40,-1,-1,-1,-1
480,96,1843.57,435.56,76.16,198.74,-1,-1,-1,-1
480,101,1549.73,420.80,115.96,251.66,-1,-1,-1,-1
480,104,1681.65,471.87,46.08,113.80,-1,-1,-1,-1
480,106,1882.70,432.86,37.30,189.89,-1,-1,-1,-1
480,107,1180.24,461.65,71.23,180.69,-1,-1,-1,-1
480,108,923.93,539.32,18.57,66.47,-1,-1,-1,-1
480,109,17.39,499.89,91.54,248.57,-1,-1,-1,-1
481,8,120.35,500.65,74.76,243.96,-1,-1,-1,-1
481,64,405.96,316.54,244.34,547.82,-1,-1,-1,-1
481,71,1618.34,410.14,111.06,260.79,-1,-1,-1,-1
481,76,1797.87,421.18,62.63,212.56,-1,-1,-1,-1
481,83,1389.97,393.50,123.66,312.86,-1,-1,-1,-1
481,91,1526.91,448.67,48.04,190.11,-1,-1,-1,-1
481,96,1844.36,435.68,75.32,198.20,-1,-1,-1,-1
481,101,1547.47,419.82,103.48,252.10,-1,-1,-1,-1
481,104,1681.77,471.80,46.64,113.81,-1,-1,-1,-1
481,106,1884.60,432.99,35.40,197.69,-1,-1,-1,-1
481,107,1187.98,460.57,65.92,182.15,-1,-1,-1,-1
481,108,923.09,538.24,18.02,67.89,-1,-1,-1,-1
481,109,8.73,499.67,100.53,249.12,-1,-1,-1,-1
482,8,121.02,508.92,74.32,236.22,-1,-1,-1,-1
482,64,408.73,316.35,241.56,545.65,-1,-1,-1,-1
482,71,1611.29,411.22,117.81,258.62,-1,-1,-1,-1
482,76,1798.74,422.00,63.59,211.98,-1,-1,-1,-1
482,83,1395.90,393.42,117.79,312.77,-1,-1,-1,-1
482,96,1846.37,436.08,73.54,197.41,-1,-1,-1,-1
482,101,1543.74,419.55,95.58,251.98,-1,-1,-1,-1
482,104,1681.90,471.73,47.20,113.83,-1,-1,-1,-1
482,106,1886.76,433.90,33.24,198.63,-1,-1,-1,-1
482,107,1197.23,460.38,60.77,182.37,-1,-1,-1,-1
482,108,920.78,538.50,19.79,67.94,-1,-1,-1,-1
482,109,0.00,515.55,117.53,399.91,-1,-1,-1,-1
483,8,115.47,498.28,77.16,246.73,-1,-1,-1,-1
483,64,416.91,315.73,232.52,543.02,-1,-1,-1,-1
483,71,1602.43,413.02,124.29,256.11,-1,-1,-1,-1
483,76,1799.65,422.97,63.20,210.22,-1,-1,-1,-1
483,83,1405.34,392.69,109.04,308.49,-1,-1,-1,-1
483,96,1847.25,437.52,72.74,195.69,-1,-1,-1,-1
483,101,1541.05,418.53,79.99,252.72,-1,-1,-1,-1
483,104,1681.47,471.51,48.20,114.45,-1,-1,-1,-1
483,106,1888.47,435.61,31.53,197.73,-1,-1,-1,-1
483,107,1204.41,460.03,60.10,182.26,-1,-1,-1,-1
483,108,917.20,539.64,23.01,66.57,-1,-1,-1,-1
483,109,0.00,357.74,124.52,610.52,-1,-1,-1,-1
484,8,119.92,511.45,79.81,233.82,-1,-1,-1,-1
484,64,427.30,315.19,221.15,540.26,-1,-1,-1,-1
484,71,1593.82,414.21,129.56,255.05,-1,-1,-1,-1
484,76,1801.99,423.82,62.26,208.18,-1,-1,-1,-1
484,83,1414.50,392.03,105.99,306.12,-1,-1,-1,-1
484,96,1848.86,438.63,71.14,194.87,-1,-1,-1,-1
484,101,1535.38,418.01,73.09,253.24,-1,-1,-1,-1
484,104,1680.01,472.05,48.72,113.93,-1,-1,-1,-1
484,107,1210.10,459.03,59.69,183.22,-1,-1,-1,-1
484,108,915.31,540.24,24.85,65.98,-1,-1,-1,-1
484,109,0.00,271.58,182.22,713.39,-1,-1,-1,-1
485,8,119.98,512.72,78.77,232.53,-1,-1,-1,-1
485,64,445.25,314.82,203.89,533.57,-1,-1,-1,-1
485,71,1589.28,414.88,122.35,254.12,-1,-1,-1,-1
485,76,1799.91,424.62,65.37,206.68,-1,-1,-1,-1
485,83,1424.99,390.37,102.91,306.57,-1,-1,-1,-1
485,96,1850.58,437.96,69.42,195.31,-1,-1,-1,-1
485,101,1526.97,418.53,72.13,252.89,-1,-1,-1,-1
485,104,1679.93,472.70,49.39,113.61,-1,-1,-1,-1
485,107,1216.01,459.06,60.02,182.97,-1,-1,-1,-1
485,109,0.00,235.60,219.40,757.15,-1,-1,-1,-1
486,8,120.03,513.99,77.73,231.23,-1,-1,-1,-1
486,64,460.75,314.45,192.14,528.39,-1,-1,-1,-1
486,71,1586.46,416.24,112.89,251.64,-1,-1,-1,-1
486,76,1800.81,425.55,66.36,206.36,-1,-1,-1,-1
486,83,1433.55,389.54,98.03,306.40,-1,-1,-1,-1
486,96,1852.60,437.55,67.40,195.32,-1,-1,-1,-1
486,101,1509.09,419.30,82.91,251.98,-1,-1,-1,-1
486,104,1679.88,472.95,49.61,113.16,-1,-1,-1,-1
486,107,1217.73,459.52,67.81,183.32,-1,-1,-1,-1
486,109,0.00,220.05,237.85,774.75,-1,-1,-1,-1
487,8,120.09,515.27,76.68,229.94,-1,-1,-1,-1
487,64,474.44,314.55,183.01,525.74,-1,-1,-1,-1
487,71,1582.26,414.42,103.72,252.93,-1,-1,-1,-1
487,76,1802.65,425.23,66.14,205.89,-1,-1,-1,-1
487,83,1436.74,388.97,98.32,307.60,-1,-1,-1,-1
487,96,1854.10,437.43,65.90,194.60,-1,-1,-1,-1
487,101,1499.02,421.80,89.16,250.06,-1,-1,-1,-1
487,104,1679.96,472.80,49.57,113.31,-1,-1,-1,-1
487,107,1219.80,458.91,78.21,184.46,-1,-1,-1,-1
487,109,0.00,218.77,241.66,778.79,-1,-1,-1,-1
488,8,120.15,516.54,75.64,228.65,-1,-1,-1,-1
488,64,486.44,314.08,177.95,525.47,-1,-1,-1,-1
488,71,1575.20,413.08,92.28,253.82,-1,-1,-1,-1
488,76,1805.04,424.61,64.87,204.14,-1,-1,-1,-1
488,83,1441.48,389.27,95.94,307.82,-1,-1,-1,-1
488,96,1857.45,436.47,62.55,193.40,-1,-1,-1,-1
488,101,1498.60,425.34,87.73,246.78,-1,-1,-1,-1
488,104,1679.96,472.39,48.91,113.73,-1,-1,-1,-1
488,107,1224.19,459.14,86.98,183.69,-1,-1,-1,-1
488,109,0.00,219.86,245.73,777.85,-1,-1,-1,-1
489,8,120.20,517.81,74.59,227.36,-1,-1,-1,-1
489,64,495.01,314.42,174.83,524.20,-1,-1,-1,-1
489,71,1568.52,412.62,81.21,254.27,-1,-1,-1,-1
489,76,1807.30,424.12,64.27,203.13,-1,-1,-1,-1
489,83,1443.64,390.62,102.41,305.99,-1,-1,-1,-1
489,96,1858.51,435.38,61.49,193.55,-1,-1,-1,-1
489,101,1504.50,428.91,83.15,242.46,-1,-1,-1,-1
489,104,1680.09,472.02,48.11,114.06,-1,-1,-1,-1
489,107,1226.00,460.21,90.62,183.00,-1,-1,-1,-1
489,109,0.00,219.34,249.07,775.64,-1,-1,-1,-1
490,8,120.26,519.08,73.55,226.07,-1,-1,-1,-1
490,64,504.44,315.90,173.82,522.99,-1,-1,-1,-1
490,71,1560.30,414.14,78.43,253.18,-1,-1,-1,-1
490,76,1809.16,423.32,63.84,203.58,-1,-1,-1,-1
490,83,1448.29,392.70,101.64,303.82,-1,-1,-1,-1
490,96,1859.33,434.83,60.67,194.47,-1,-1,-1,-1
490,101,1512.29,442.28,76.01,229.07,-1,-1,-1,-1
490,104,1679.83,472.33,49.71,114.18,-1,-1,-1,-1
490,107,1229.99,460.83,90.73,182.33,-1,-1,-1,-1
490,109,0.00,212.99,257.19,785.33,-1,-1,-1,-1
491,8,120.32,520.36,72.51,224.77,-1,-1,-1,-1
491,64,511.52,316.22,175.22,521.47,-1,-1,-1,-1
491,71,1553.89,415.43,79.80,251.19,-1,-1,-1,-1
491,76,1810.73,423.03,63.96,203.35,-1,-1,-1,-1
491,83,1451.11,394.15,103.58,302.20,-1,-1,-1,-1
491,96,1861.20,433.99,58.80,195.09,-1,-1,-1,-1
491,101,1518.31,445.09,68.91,226.31,-1,-1,-1,-1
491,104,1679.64,472.42,49.90,114.05,-1,-1,-1,-1
491,107,1233.52,460.02,89.15,182.26,-1,-1,-1,-1
491,109,18.51,211.87,248.02,782.26,-1,-1,-1,-1
492,8,120.37,521.63,71.46,223.48,-1,-1,-1,-1
492,64,518.62,317.21,173.15,519.59,-1,-1,-1,-1
492,71,1538.49,415.68,88.14,250.28,-1,-1,-1,-1
492,76,1812.01,423.30,66.02,203.52,-1,-1,-1,-1
492,83,1452.54,396.97,106.74,298.77,-1,-1,-1,-1
492,96,1863.46,433.49,56.54,195.15,-1,-1,-1,-1
492,101,1523.12,424.26,65.90,246.86,-1,-1,-1,-1
492,104,1679.47,472.39,49.59,114.00,-1,-1,-1,-1
492,107,1237.86,459.23,85.88,182.52,-1,-1,-1,-1
492,109,66.50,210.43,222.14,778.99,-1,-1,-1,-1
493,8,120.43,522.90,70.42,222.19,-1,-1,-1,-1
493,64,528.41,319.70,170.44,518.75,-1,-1,-1,-1
493,71,1534.92,418.36,92.88,245.71,-1,-1,-1,-1
493,76,1813.47,423.77,70.40,202.91,-1,-1,-1,-1
493,83,1456.72,399.01,111.16,294.80,-1,-1,-1,-1
493,96,1866.09,433.76,53.91,194.69,-1,-1,-1,-1
493,101,1511.79,424.66,93.54,243.85,-1,-1,-1,-1
493,104,1679.25,472.17,50.89,113.90,-1,-1,-1,-1
493,107,1242.99,456.97,82.01,184.15,-1,-1,-1,-1
493,109,105.07,212.87,216.08,772.80,-1,-1,-1,-1
493,112,1593.27,450.88,54.96,205.67,-1,-1,-1,-1
494,8,120.49,524.18,69.37,220.90,-1,-1,-1,-1
494,64,536.24,322.65,172.61,515.97,-1,-1,-1,-1
494,71,1531.01,419.67,97.63,245.42,-1,-1,-1,-1
494,76,1815.48,424.60,72.04,201.79,-1,-1,-1,-1
494,83,1463.03,399.82,108.59,293.85,-1,-1,-1,-1
494,96,1866.66,434.62,53.34,193.82,-1,-1,-1,-1
494,101,1500.45,425.07,121.18,240.83,-1,-1,-1,-1
494,104,1679.50,472.31,51.74,113.75,-1,-1,-1,-1
494,107,1254.08,456.05,73.28,184.45,-1,-1,-1,-1
494,109,122.75,216.88,237.53,762.23,-1,-1,-1,-1
494,112,1593.95,450.76,55.86,198.47,-1,-1,-1,-1
495,8,120.54,525.45,68.33,219.61,-1,-1,-1,-1
495,64,545.04,326.19,179.75,512.15,-1,-1,-1,-1
495,71,1526.00,434.48,104.88,231.40,-1,-1,-1,-1
495,76,1816.78,425.27,73.30,200.65,-1,-1,-1,-1
495,83,1458.24,399.81,116.14,290.09,-1,-1,-1,-1
495,96,1867.80,435.21,52.20,192.35,-1,-1,-1,-1
495,101,1488.53,420.01,140.23,246.14,-1,-1,-1,-1
495,104,1679.76,472.45,51.27,113.63,-1,-1,-1,-1
495,107,1266.14,454.23,66.44,187.12,-1,-1,-1,-1
495,109,130.93,226.44,302.76,751.42,-1,-1,-1,-1
495,112,1595.63,448.75,54.89,192.70,-1,-1,-1,-1
495,113,911.70,521.51,45.22,112.22,-1,-1,-1,-1
496,8,120.85,528.70,72.81,216.50,-1,-1,-1,-1
496,64,552.22,329.02,182.60,508.97,-1,-1,-1,-1
496,71,1539.50,445.73,90.51,222.23,-1,-1,-1,-1
496,76,1819.51,425.56,68.19,199.97,-1,-1,-1,-1
496,83,1477.01,397.38,98.66,289.64,-1,-1,-1,-1
496,96,1868.28,436.58,51.72,191.09,-1,-1,-1,-1
496,101,1510.26,424.16,120.58,242.88,-1,-1,-1,-1
496,104,1679.70,472.55,50.99,113.69,-1,-1,-1,-1
496,107,1276.22,453.64,61.17,187.95,-1,-1,-1,-1
496,109,136.37,233.50,352.62,741.77,-1,-1,-1,-1
496,112,1598.71,447.41,52.74,193.10,-1,-1,-1,-1
496,113,913.39,530.28,45.06,104.31,-1,-1,-1,-1
496,114,19.13,499.30,94.13,249.25,-1,-1,-1,-1
497,8,121.45,533.53,72.08,211.10,-1,-1,-1,-1
497,64,559.81,330.85,181.55,506.18,-1,-1,-1,-1
497,76,1821.99,426.07,65.85,199.52,-1,-1,-1,-1
497,83,1486.40,394.22,90.43,291.03,-1,-1,-1,-1
497,96,1868.85,437.73,51.15,190.26,-1,-1,-1,-1
497,101,1495.54,405.70,136.34,272.98,-1,-1,-1,-1
497,104,1679.37,472.15,50.54,114.13,-1,-1,-1,-1
497,107,1284.72,453.97,56.86,187.60,-1,-1,-1,-1
497,109,131.11,227.97,396.75,748.84,-1,-1,-1,-1
497,112,1600.24,446.90,53.95,193.35,-1,-1,-1,-1
497,113,917.66,531.22,42.57,102.24,-1,-1,-1,-1
497,114,20.93,498.89,93.07,250.09,-1,-1,-1,-1
497,115,1438.62,429.95,77.81,241.56,-1,-1,-1,-1
498,8,121.70,537.03,70.40,207.64,-1,-1,-1,-1
498,64,567.36,332.86,181.58,502.84,-1,-1,-1,-1
498,76,1823.82,426.97,65.03,198.73,-1,-1,-1,-1
498,83,1491.80,394.16,93.04,292.34,-1,-1,-1,-1
498,96,1870.12,437.41,49.88,190.07,-1,-1,-1,-1
498,101,1491.50,409.91,112.02,264.25,-1,-1,-1,-1
498,104,1679.27,472.91,50.04,113.52,-1,-1,-1,-1
498,107,1290.96,453.98,55.40,187.60,-1,-1,-1,-1
498,109,134.41,246.57,412.71,727.33,-1,-1,-1,-1
498,112,1603.34,446.11,54.63,194.51,-1,-1,-1,-1
498,114,37.08,499.25,81.96,249.69,-1,-1,-1,-1
498,115,1434.06,430.90,70.06,238.28,-1,-1,-1,-1
499,8,122.80,539.15,68.99,205.59,-1,-1,-1,-1
499,64,574.32,333.54,178.54,501.60,-1,-1,-1,-1
499,76,1825.53,427.79,63.13,197.52,-1,-1,-1,-1
499,83,1496.28,393.95,91.93,294.20,-1,-1,-1,-1
499,96,1872.38,437.56,47.62,189.38,-1,-1,-1,-1
499,101,1487.46,414.11,87.70,255.51,-1,-1,-1,-1
499,104,1679.53,473.13,49.43,113.26,-1,-1,-1,-1
499,107,1295.42,454.25,61.14,187.95,-1,-1,-1,-1
499,109,145.33,249.45,411.57,722.08,-1,-1,-1,-1
499,112,1606.32,445.67,54.77,195.67,-1,-1,-1,-1
499,114,48.84,499.69,70.14,249.12,-1,-1,-1,-1
499,115,1427.57,433.08,68.15,235.27,-1,-1,-1,-1
500,8,123.73,539.45,70.03,205.51,-1,-1,-1,-1
500,64,584.64,334.22,172.21,498.85,-1,-1,-1,-1
500,76,1826.23,427.35,62.82,197.61,-1,-1,-1,-1
500,83,1503.19,394.48,92.76,294.01,-1,-1,-1,-1
500,96,1874.44,437.90,45.56,187.41,-1,-1,-1,-1
500,101,1483.41,418.32,63.38,246.78,-1,-1,-1,-1
500,104,1679.40,472.91,49.90,114.00,-1,-1,-1,-1
500,107,1298.14,454.32,72.80,188.18,-1,-1,-1,-1
500,109,154.19,250.60,408.45,716.36,-1,-1,-1,-1
500,112,1610.53,447.78,60.22,192.68,-1,-1,-1,-1
500,114,17.11,499.25,96.10,248.60,-1,-1,-1,-1
500,115,1413.27,433.67,76.17,235.20,-1,-1,-1,-1
501,8,123.78,538.83,73.08,206.48,-1,-1,-1,-1
501,64,595.75,334.92,165.74,495.56,-1,-1,-1,-1
501,76,1829.57,427.23,60.30,197.85,-1,-1,-1,-1
501,83,1508.69,394.30,98.35,294.33,-1,-1,-1,-1
501,96,1875.73,437.23,44.27,188.13,-1,-1,-1,-1
501,101,1481.20,422.59,53.02,239.82,-1,-1,-1,-1
501,104,1678.97,473.10,51.15,114.12,-1,-1,-1,-1
501,107,1299.50,455.02,80.07,186.96,-1,-1,-1,-1
501,109,175.34,261.05,389.14,697.57,-1,-1,-1,-1
501,112,1611.61,448.43,67.18,192.26,-1,-1,-1,-1
501,114,5.59,499.65,107.41,247.73,-1,-1,-1,-1
501,115,1401.10,434.99,88.03,234.06,-1,-1,-1,-1
502,8,122.62,538.96,71.66,206.64,-1,-1,-1,-1
502,64,604.73,334.88,162.42,489.04,-1,-1,-1,-1
502,76,1831.82,427.34,58.76,197.47,-1,-1,-1,-1
502,83,1515.41,395.53,104.80,293.07,-1,-1,-1,-1
502,96,1876.47,436.41,43.53,188.65,-1,-1,-1,-1
502,101,1476.89,422.60,54.17,238.37,-1,-1,-1,-1
502,104,1678.46,472.63,51.91,114.25,-1,-1,-1,-1
502,107,1299.71,456.07,86.54,186.44,-1,-1,-1,-1
502,109,222.51,263.77,343.08,682.33,-1,-1,-1,-1
502,112,1613.55,447.32,72.69,193.29,-1,-1,-1,-1
502,114,1.48,500.09,113.03,248.06,-1,-1,-1,-1
502,115,1393.35,437.04,94.71,232.33,-1,-1,-1,-1
503,8,122.47,538.51,71.49,207.24,-1,-1,-1,-1
503,64,612.12,334.18,162.94,483.30,-1,-1,-1,-1
503,76,1833.00,426.58,58.45,197.16,-1,-1,-1,-1
503,83,1519.82,397.55,113.12,290.21,-1,-1,-1,-1
503,96,1877.23,436.08,42.77,188.88,-1,-1,-1,-1
503,101,1468.27,422.81,59.82,240.07,-1,-1,-1,-1
503,104,1678.33,472.48,52.36,114.36,-1,-1,-1,-1
503,107,1301.33,456.23,88.89,187.08,-1,-1,-1,-1
503,109,274.99,256.47,291.30,676.24,-1,-1,-1,-1
503,112,1614.11,442.32,78.85,198.09,-1,-1,-1,-1
503,114,2.06,499.80,111.41,248.63,-1,-1,-1,-1
503,115,1388.54,440.44,98.63,228.70,-1,-1,-1,-1
504,8,122.81,538.61,75.55,207.51,-1,-1,-1,-1
504,64,616.94,333.39,162.31,480.46,-1,-1,-1,-1
504,76,1833.65,425.89,58.15,197.19,-1,-1,-1,-1
504,83,1522.79,399.65,116.00,287.41,-1,-1,-1,-1
504,96,1877.39,436.50,42.61,187.80,-1,-1,-1,-1
504,101,1457.24,423.42,69.45,240.54,-1,-1,-1,-1
504,104,1678.85,472.86,51.72,113.87,-1,-1,-1,-1
504,107,1303.80,456.46,88.73,187.50,-1,-1,-1,-1
504,109,317.03,253.69,248.83,672.98,-1,-1,-1,-1
504,112,1615.79,448.67,79.07,191.51,-1,-1,-1,-1
504,114,0.00,444.57,114.98,304.49,-1,-1,-1,-1
504,115,1386.75,441.71,99.84,227.81,-1,-1,-1,-1
505,8,122.16,537.00,72.50,208.66,-1,-1,-1,-1
505,64,625.16,332.39,158.48,480.63,-1,-1,-1,-1
505,76,1834.24,425.40,58.16,196.70,-1,-1,-1,-1
505,83,1528.26,401.82,112.97,283.52,-1,-1,-1,-1
505,96,1877.51,436.90,42.49,186.89,-1,-1,-1,-1
505,101,1449.60,425.74,76.55,239.23,-1,-1,-1,-1
505,104,1679.03,472.73,52.35,113.61,-1,-1,-1,-1
505,107,1310.25,455.28,84.59,188.79,-1,-1,-1,-1
505,109,382.23,251.15,208.58,671.52,-1,-1,-1,-1
505,112,1617.42,440.91,78.37,199.38,-1,-1,-1,-1
505,114,7.94,475.34,106.45,273.51,-1,-1,-1,-1
505,115,1383.27,439.12,97.28,230.16,-1,-1,-1,-1
506,8,122.31,536.07,72.25,209.27,-1,-1,-1,-1
506,64,630.84,332.63,156.80,480.46,-1,-1,-1,-1
506,76,1834.58,425.20,58.87,196.42,-1,-1,-1,-1
506,83,1532.06,402.23,109.37,282.34,-1,-1,-1,-1
506,96,1878.02,438.08,41.98,186.22,-1,-1,-1,-1
506,101,1442.18,427.00,82.96,238.72,-1,-1,-1,-1
506,104,1679.28,472.69,52.57,113.30,-1,-1,-1,-1
506,107,1317.69,454.90,77.68,189.43,-1,-1,-1,-1
506,109,430.43,252.21,188.84,669.31,-1,-1,-1,-1
506,112,1619.10,441.84,77.30,198.72,-1,-1,-1,-1
506,114,13.44,490.35,101.17,258.37,-1,-1,-1,-1
506,115,1380.22,437.97,91.33,230.32,-1,-1,-1,-1
507,8,122.17,535.39,70.84,209.95,-1,-1,-1,-1
507,64,636.47,333.43,157.62,479.13,-1,-1,-1,-1
507,76,1834.71,425.33,60.19,196.81,-1,-1,-1,-1
507,83,1535.41,403.38,106.07,280.79,-1,-1,-1,-1
507,96,1879.19,439.17,40.81,184.94,-1,-1,-1,-1
507,101,1436.39,428.05,88.32,238.27,-1,-1,-1,-1
507,104,1679.56,472.30,52.57,113.50,-1,-1,-1,-1
507,107,1326.04,455.34,69.33,188.75,-1,-1,-1,-1
507,109,450.86,254.26,194.14,666.63,-1,-1,-1,-1
507,112,1615.22,437.00,80.58,204.00,-1,-1,-1,-1
507,114,16.97,496.12,98.26,253.12,-1,-1,-1,-1
507,115,1379.45,438.88,81.42,228.05,-1,-1,-1,-1
508,8,121.94,533.37,70.54,212.04,-1,-1,-1,-1
508,64,644.59,334.41,169.18,478.10,-1,-1,-1,-1
508,76,1835.00,426.01,61.70,196.97,-1,-1,-1,-1
508,83,1542.84,406.24,99.00,275.75,-1,-1,-1,-1
508,96,1883.57,440.09,36.43,184.29,-1,-1,-1,-1
508,101,1426.21,430.90,98.32,235.31,-1,-1,-1,-1
508,104,1681.01,472.13,50.90,113.65,-1,-1,-1,-1
508,107,1338.38,453.81,56.30,191.70,-1,-1,-1,-1
508,109,457.85,258.61,219.46,661.82,-1,-1,-1,-1
508,112,1619.76,440.24,75.51,200.14,-1,-1,-1,-1
508,114,18.26,500.44,98.38,248.85,-1,-1,-1,-1
508,115,1373.52,437.19,73.14,228.82,-1,-1,-1,-1
509,8,122.07,532.50,69.85,213.19,-1,-1,-1,-1
509,64,651.28,335.81,180.24,474.87,-1,-1,-1,-1
509,76,1830.53,426.85,67.71,196.44,-1,-1,-1,-1
509,83,1547.84,404.03,93.88,274.83,-1,-1,-1,-1
509,96,1885.06,441.79,34.94,179.79,-1,-1,-1,-1
509,101,1416.87,432.71,107.19,233.51,-1,-1,-1,-1
509,104,1682.87,471.50,47.49,114.16,-1,-1,-1,-1
509,107,1345.53,451.22,50.34,194.80,-1,-1,-1,-1
509,109,460.58,262.85,249.30,657.97,-1,-1,-1,-1
509,112,1621.24,443.49,74.08,196.32,-1,-1,-1,-1
509,114,17.93,499.51,99.29,250.65,-1,-1,-1,-1
509,115,1366.77,436.79,66.91,227.94,-1,-1,-1,-1
510,8,108.10,464.31,83.82,281.49,-1,-1,-1,-1
510,64,661.27,337.07,189.62,472.62,-1,-1,-1,-1
510,76,1829.77,428.48,72.60,194.87,-1,-1,-1,-1
510,83,1554.47,402.87,87.80,275.79,-1,-1,-1,-1
510,96,1894.65,442.23,25.35,182.10,-1,-1,-1,-1
510,101,1412.82,433.12,107.88,232.45,-1,-1,-1,-1
510,104,1686.27,468.94,45.73,116.39,-1,-1,-1,-1
510,107,1353.17,451.82,49.94,194.56,-1,-1,-1,-1
510,109,459.63,272.63,285.19,647.61,-1,-1,-1,-1
510,112,1625.32,444.77,72.93,194.61,-1,-1,-1,-1
510,114,17.58,499.76,100.41,249.93,-1,-1,-1,-1
510,115,1359.77,436.15,66.24,227.34,-1,-1,-1,-1
511,8,114.69,500.87,76.54,244.63,-1,-1,-1,-1
511,64,674.48,338.87,188.76,469.86,-1,-1,-1,-1
511,76,1830.20,429.81,75.85,193.25,-1,-1,-1,-1
511,83,1557.61,401.73,84.95,275.60,-1,-1,-1,-1
511,96,1898.97,436.81,21.03,171.05,-1,-1,-1,-1
511,101,1411.50,433.26,102.88,232.74,-1,-1,-1,-1
511,104,1688.97,467.42,41.93,117.93,-1,-1,-1,-1
511,107,1360.82,452.41,49.54,194.31,-1,-1,-1,-1
511,109,459.20,276.95,305.64,643.20,-1,-1,-1,-1
511,112,1631.87,446.29,70.49,192.78,-1,-1,-1,-1
511,114,32.78,499.67,83.43,251.12,-1,-1,-1,-1
511,115,1355.28,436.06,64.75,228.20,-1,-1,-1,-1
512,8,118.71,520.12,72.15,225.33,-1,-1,-1,-1
512,64,685.81,340.67,184.88,465.03,-1,-1,-1,-1
512,76,1830.66,430.47,73.96,192.20,-1,-1,-1,-1
512,83,1561.33,401.33,83.27,275.64,-1,-1,-1,-1
512,96,1899.56,432.73,20.44,162.22,-1,-1,-1,-1
512,101,1410.16,433.39,96.38,232.37,-1,-1,-1,-1
512,104,1690.13,468.96,37.58,116.73,-1,-1,-1,-1
512,107,1368.46,453.01,49.13,194.06,-1,-1,-1,-1
512,109,462.52,279.21,313.39,640.91,-1,-1,-1,-1
512,112,1636.16,448.11,71.05,191.25,-1,-1,-1,-1
512,114,38.97,500.59,76.08,249.61,-1,-1,-1,-1
512,115,1348.18,436.65,70.60,227.10,-1,-1,-1,-1
513,8,119.74,521.46,70.37,224.00,-1,-1,-1,-1
513,64,699.20,342.26,174.58,461.53,-1,-1,-1,-1
513,76,1832.62,431.04,67.18,192.04,-1,-1,-1,-1
513,83,1551.66,401.03,94.84,275.59,-1,-1,-1,-1
513,101,1405.14,433.04,89.55,229.59,-1,-1,-1,-1
513,106,1886.25,386.32,33.65,288.07,-1,-1,-1,-1
513,107,1376.10,453.60,48.73,193.82,-1,-1,-1,-1
513,109,476.65,276.11,309.64,639.89,-1,-1,-1,-1
513,112,1641.24,449.53,71.93,189.89,-1,-1,-1,-1
513,114,42.98,500.34,71.80,249.13,-1,-1,-1,-1
513,115,1332.75,438.60,80.48,225.45,-1,-1,-1,-1
514,8,119.44,524.50,70.32,220.97,-1,-1,-1,-1
514,64,712.17,343.44,162.15,458.43,-1,-1,-1,-1
514,76,1834.81,431.19,60.68,191.83,-1,-1,-1,-1
514,83,1555.74,402.02,92.92,275.35,-1,-1,-1,-1
514,101,1401.78,433.04,80.75,228.35,-1,-1,-1,-1
514,106,1885.65,383.95,34.21,290.57,-1,-1,-1,-1
514,107,1383.74,454.19,48.33,193.57,-1,-1,-1,-1
514,109,502.24,279.93,291.03,629.08,-1,-1,-1,-1
514,112,1647.35,472.03,69.70,166.66,-1,-1,-1,-1
514,114,41.45,500.31,73.32,250.73,-1,-1,-1,-1
514,115,1321.56,440.50,90.50,222.86,-1,-1,-1,-1
515,8,121.68,526.64,68.95,218.94,-1,-1,-1,-1
515,64,721.22,344.21,153.34,456.16,-1,-1,-1,-1
515,76,1833.52,431.26,61.52,191.36,-1,-1,-1,-1
515,83,1564.23,402.99,87.54,272.80,-1,-1,-1,-1
515,101,1393.26,432.43,77.60,229.70,-1,-1,-1,-1
515,106,1884.41,379.51,35.40,295.29,-1,-1,-1,-1
515,107,1391.39,454.79,47.93,193.32,-1,-1,-1,-1
515,109,537.82,280.43,265.92,615.89,-1,-1,-1,-1
515,112,1650.30,457.97,71.00,180.34,-1,-1,-1,-1
515,114,47.14,505.29,68.39,245.96,-1,-1,-1,-1
515,115,1312.70,443.60,99.03,216.62,-1,-1,-1,-1
515,116,0.68,551.45,54.81,111.51,-1,-1,-1,-1
516,8,121.93,526.49,68.81,219.43,-1,-1,-1,-1
516,64,728.13,345.40,146.03,452.17,-1,-1,-1,-1
516,76,1835.56,430.72,60.10,190.57,-1,-1,-1,-1
516,83,1572.08,405.69,86.55,270.51,-1,-1,-1,-1
516,101,1389.69,432.24,77.62,225.79,-1,-1,-1,-1
516,106,1877.61,376.17,41.96,300.08,-1,-1,-1,-1
516,107,1399.03,455.38,47.53,193.08,-1,-1,-1,-1
516,109,580.76,281.89,233.33,603.22,-1,-1,-1,-1
516,112,1654.74,452.54,69.59,185.63,-1,-1,-1,-1
516,114,28.03,502.21,89.56,247.81,-1,-1,-1,-1
516,115,1306.80,445.61,106.14,215.97,-1,-1,-1,-1
516,116,0.00,553.95,39.25,108.54,-1,-1,-1,-1
517,8,122.21,527.69,68.61,218.53,-1,-1,-1,-1
517,64,746.52,345.39,128.17,451.02,-1,-1,-1,-1
517,76,1843.73,430.07,51.61,189.66,-1,-1,-1,-1
517,83,1577.68,407.30,85.63,269.71,-1,-1,-1,-1
517,101,1386.68,432.19,79.78,225.69,-1,-1,-1,-1
517,106,1870.64,375.30,48.76,300.91,-1,-1,-1,-1
517,107,1406.67,455.98,47.12,192.83,-1,-1,-1,-1
517,109,620.15,281.21,198.87,598.00,-1,-1,-1,-1
517,112,1657.22,450.27,68.48,187.81,-1,-1,-1,-1
517,114,21.72,501.49,102.89,247.76,-1,-1,-1,-1
517,115,1302.96,447.60,107.11,214.82,-1,-1,-1,-1
517,116,0.00,560.64,30.25,97.00,-1,-1,-1,-1
518,8,122.50,526.94,68.88,219.20,-1,-1,-1,-1
518,64,761.15,346.29,121.65,447.20,-1,-1,-1,-1
518,76,1845.70,429.26,53.52,190.26,-1,-1,-1,-1
518,83,1581.72,409.17,88.69,268.17,-1,-1,-1,-1
518,101,1378.10,433.51,85.90,227.57,-1,-1,-1,-1
518,106,1863.52,375.16,55.72,301.28,-1,-1,-1,-1
518,107,1414.32,456.57,46.72,192.58,-1,-1,-1,-1
518,109,657.69,280.94,171.80,594.91,-1,-1,-1,-1
518,112,1658.66,451.91,68.89,185.80,-1,-1,-1,-1
518,114,23.62,527.91,105.82,220.65,-1,-1,-1,-1
518,115,1301.80,449.10,104.96,211.06,-1,-1,-1,-1
518,116,0.00,562.34,25.15,94.78,-1,-1,-1,-1
519,8,122.61,525.85,70.61,220.29,-1,-1,-1,-1
519,64,772.30,346.19,116.27,446.60,-1,-1,-1,-1
519,76,1847.04,423.46,55.88,196.09,-1,-1,-1,-1
519,83,1586.29,410.42,88.18,266.61,-1,-1,-1,-1
519,101,1375.07,434.66,76.67,227.96,-1,-1,-1,-1
519,106,1853.97,375.71,65.02,302.17,-1,-1,-1,-1
519,107,1421.96,457.17,46.32,192.34,-1,-1,-1,-1
519,109,678.72,280.02,158.50,594.58,-1,-1,-1,-1
519,112,1659.89,450.95,64.60,185.58,-1,-1,-1,-1
519,114,37.86,510.34,86.41,240.99,-1,-1,-1,-1
519,115,1300.62,446.52,97.55,212.26,-1,-1,-1,-1
519,116,0.00,566.86,21.02,87.09,-1,-1,-1,-1
520,8,122.87,530.03,69.14,216.16,-1,-1,-1,-1
520,64,779.95,346.72,115.11,442.77,-1,-1,-1,-1
520,76,1864.17,393.30,52.43,264.60,-1,-1,-1,-1
520,83,1589.07,410.83,87.03,265.60,-1,-1,-1,-1
520,101,1359.24,435.16,87.89,228.32,-1,-1,-1,-1
520,106,1846.62,376.58,72.19,302.09,-1,-1,-1,-1
520,107,1425.02,457.02,48.16,190.99,-1,-1,-1,-1
520,109,693.02,282.92,163.94,589.58,-1,-1,-1,-1
520,112,1662.08,450.10,63.43,186.53,-1,-1,-1,-1
520,114,22.08,505.65,101.01,243.87,-1,-1,-1,-1
520,115,1300.84,439.97,90.40,217.98,-1,-1,-1,-1
520,116,0.00,569.31,18.13,79.28,-1,-1,-1,-1
521,8,122.44,528.21,73.15,217.96,-1,-1,-1,-1
521,64,765.52,345.81,142.69,474.22,-1,-1,-1,-1
521,83,1593.51,410.14,84.66,262.45,-1,-1,-1,-1
521,101,1361.89,437.88,84.00,224.43,-1,-1,-1,-1
521,106,1839.03,377.66,79.65,301.96,-1,-1,-1,-1
521,107,1425.25,455.60,53.43,191.69,-1,-1,-1,-1
521,109,700.89,284.01,200.78,589.73,-1,-1,-1,-1
521,112,1662.25,451.46,67.24,185.83,-1,-1,-1,-1
521,113,971.92,521.32,36.44,96.81,-1,-1,-1,-1
521,114,27.15,502.20,90.82,247.80,-1,-1,-1,-1
521,115,1299.87,441.48,78.96,216.52,-1,-1,-1,-1
521,116,0.00,581.68,12.67,69.95,-1,-1,-1,-1
522,8,122.77,527.81,72.30,218.32,-1,-1,-1,-1
522,64,770.98,345.75,161.51,497.59,-1,-1,-1,-1
522,83,1597.05,407.70,83.10,262.35,-1,-1,-1,-1
522,101,1360.50,441.34,84.36,220.43,-1,-1,-1,-1
522,106,1831.02,378.97,87.51,302.01,-1,-1,-1,-1
522,107,1428.73,455.31,58.42,191.04,-1,-1,-1,-1
522,109,703.25,288.79,230.86,584.04,-1,-1,-1,-1
522,112,1664.16,451.97,67.78,185.08,-1,-1,-1,-1
522,113,969.05,521.01,39.62,96.88,-1,-1,-1,-1
522,114,20.86,500.43,96.65,249.71,-1,-1,-1,-1
522,115,1298.09,440.26,72.37,217.05,-1,-1,-1,-1
522,116,0.00,588.98,9.63,64.85,-1,-1,-1,-1
523,8,123.03,530.04,76.27,216.32,-1,-1,-1,-1
523,64,784.72,340.54,171.90,504.04,-1,-1,-1,-1
523,83,1600.91,406.95,83.06,262.01,-1,-1,-1,-1
523,101,1353.92,443.41,88.75,217.82,-1,-1,-1,-1
523,106,1825.03,379.44,93.42,303.67,-1,-1,-1,-1
523,107,1434.63,455.45,61.41,192.73,-1,-1,-1,-1
523,109,703.34,297.68,257.67,574.86,-1,-1,-1,-1
523,112,1667.25,450.41,67.70,187.98,-1,-1,-1,-1
523,113,966.18,520.70,42.81,96.94,-1,-1,-1,-1
523,114,29.50,499.60,86.79,251.20,-1,-1,-1,-1
523,115,1293.57,439.36,63.70,217.70,-1,-1,-1,-1
524,8,123.43,534.23,80.60,211.85,-1,-1,-1,-1
524,83,1605.02,406.62,81.68,262.38,-1,-1,-1,-1
524,101,1347.79,440.88,91.80,219.17,-1,-1,-1,-1
524,106,1823.86,379.19,94.65,304.13,-1,-1,-1,-1
524,107,1438.57,454.69,67.46,193.84,-1,-1,-1,-1
524,109,700.76,302.78,271.01,568.05,-1,-1,-1,-1
524,112,1670.89,448.67,66.03,189.74,-1,-1,-1,-1
524,113,963.31,520.40,46.00,97.01,-1,-1,-1,-1
524,114,43.21,499.45,73.92,250.59,-1,-1,-1,-1
524,115,1289.93,439.85,58.66,216.57,-1,-1,-1,-1
525,8,123.82,534.42,81.65,211.91,-1,-1,-1,-1
525,83,1608.49,404.62,81.37,262.53,-1,-1,-1,-1
525,101,1340.45,440.42,95.82,219.68,-1,-1,-1,-1
525,106,1825.23,378.68,93.43,304.67,-1,-1,-1,-1
525,107,1441.36,456.18,79.34,192.94,-1,-1,-1,-1
525,109,701.72,305.61,275.25,563.76,-1,-1,-1,-1
525,112,1671.84,448.37,65.77,189.82,-1,-1,-1,-1
525,113,959.57,520.15,48.43,97.58,-1,-1,-1,-1
525,114,48.61,499.57,68.53,250.32,-1,-1,-1,-1
525,115,1286.29,442.25,56.08,214.13,-1,-1,-1,-1
