1,1,1339.68,418.46,166.13,372.95,-1,-1,-1,-1
1,2,583.75,442.80,88.46,264.72,-1,-1,-1,-1
1,3,1449.90,429.95,150.44,334.12,-1,-1,-1,-1
1,4,437.81,442.20,116.82,280.90,-1,-1,-1,-1
1,5,731.32,472.50,33.47,96.99,-1,-1,-1,-1
1,6,1015.61,429.63,42.72,98.85,-1,-1,-1,-1
1,7,1256.41,447.18,36.43,99.89,-1,-1,-1,-1
1,8,937.10,434.47,37.20,81.27,-1,-1,-1,-1
1,9,545.58,452.77,36.94,106.36,-1,-1,-1,-1
1,10,914.81,484.89,95.40,99.75,-1,-1,-1,-1
1,11,648.87,458.52,51.64,186.78,-1,-1,-1,-1
1,12,689.10,487.05,40.83,109.94,-1,-1,-1,-1
1,13,975.69,455.83,29.43,59.52,-1,-1,-1,-1
2,1,1342.47,418.89,166.12,372.28,-1,-1,-1,-1
2,2,583.77,443.05,89.07,264.06,-1,-1,-1,-1
2,3,1453.38,430.60,147.13,335.96,-1,-1,-1,-1
2,4,438.37,441.91,119.03,281.65,-1,-1,-1,-1
2,5,731.99,472.98,33.83,96.22,-1,-1,-1,-1
2,6,1015.63,430.65,42.71,98.00,-1,-1,-1,-1
2,7,1256.49,446.95,36.05,100.64,-1,-1,-1,-1
2,8,936.89,434.64,37.20,80.90,-1,-1,-1,-1
2,9,546.78,456.98,36.05,100.97,-1,-1,-1,-1
2,10,915.85,484.40,94.89,99.74,-1,-1,-1,-1
2,11,649.40,458.72,52.77,186.94,-1,-1,-1,-1
2,12,690.79,487.66,39.14,105.79,-1,-1,-1,-1
2,13,975.42,447.88,30.57,60.35,-1,-1,-1,-1
3,1,1344.57,418.68,172.43,377.60,-1,-1,-1,-1
3,2,583.44,443.05,90.03,264.58,-1,-1,-1,-1
3,3,1462.96,430.79,143.48,336.62,-1,-1,-1,-1
3,4,437.13,442.36,120.49,281.49,-1,-1,-1,-1
3,5,732.30,470.54,34.65,98.44,-1,-1,-1,-1
3,6,1015.90,430.29,42.01,98.20,-1,-1,-1,-1
3,7,1256.47,446.48,35.81,100.46,-1,-1,-1,-1
3,8,936.89,434.48,38.09,81.51,-1,-1,-1,-1
3,9,546.56,453.97,36.23,104.62,-1,-1,-1,-1
3,10,914.33,482.40,96.56,102.16,-1,-1,-1,-1
3,11,645.97,459.07,56.65,186.67,-1,-1,-1,-1
3,12,690.29,487.40,39.57,104.54,-1,-1,-1,-1
3,13,976.30,450.07,30.21,60.62,-1,-1,-1,-1
3,14,1098.49,439.22,40.93,126.45,-1,-1,-1,-1
4,1,1348.31,419.42,175.52,380.26,-1,-1,-1,-1
4,2,583.48,443.58,90.27,264.23,-1,-1,-1,-1
4,3,1471.64,429.43,138.80,338.67,-1,-1,-1,-1
4,4,437.47,442.90,123.71,280.85,-1,-1,-1,-1
4,5,732.56,470.78,34.80,98.49,-1,-1,-1,-1
4,6,1013.53,430.84,44.45,97.26,-1,-1,-1,-1
4,7,1256.64,446.50,35.57,100.32,-1,-1,-1,-1
4,8,936.78,434.62,38.87,81.51,-1,-1,-1,-1
4,9,546.01,452.02,36.32,105.40,-1,-1,-1,-1
4,10,914.83,483.05,96.04,101.44,-1,-1,-1,-1
4,11,645.11,457.69,60.89,187.23,-1,-1,-1,-1
4,12,690.43,487.69,38.88,102.33,-1,-1,-1,-1
4,13,977.99,455.90,28.11,53.49,-1,-1,-1,-1
4,14,1099.65,440.18,39.31,115.93,-1,-1,-1,-1
5,1,1352.49,417.54,177.46,383.38,-1,-1,-1,-1
5,2,583.17,443.98,90.27,264.11,-1,-1,-1,-1
5,3,1480.16,428.60,140.02,340.12,-1,-1,-1,-1
5,4,437.35,443.22,125.05,280.47,-1,-1,-1,-1
5,5,732.68,470.92,34.88,98.85,-1,-1,-1,-1
5,6,1013.38,431.07,44.89,97.11,-1,-1,-1,-1
5,7,1256.90,446.55,35.82,99.98,-1,-1,-1,-1
5,8,936.61,434.80,38.68,81.42,-1,-1,-1,-1
5,9,546.29,452.75,35.83,105.02,-1,-1,-1,-1
5,10,913.95,481.58,96.99,103.48,-1,-1,-1,-1
5,11,644.32,457.30,62.24,187.44,-1,-1,-1,-1
5,12,693.62,489.68,35.93,100.14,-1,-1,-1,-1
5,13,979.46,457.53,27.55,52.01,-1,-1,-1,-1
5,14,1100.38,440.74,38.36,111.00,-1,-1,-1,-1
6,1,1359.70,416.83,172.11,384.66,-1,-1,-1,-1
6,2,582.91,443.86,91.09,264.20,-1,-1,-1,-1
6,3,1489.55,427.90,136.17,341.86,-1,-1,-1,-1
6,4,437.50,441.87,126.42,282.25,-1,-1,-1,-1
6,5,732.91,470.41,34.63,99.11,-1,-1,-1,-1
6,6,1013.26,431.01,44.51,97.78,-1,-1,-1,-1
6,7,1256.78,447.04,35.71,99.43,-1,-1,-1,-1
6,8,936.16,434.84,39.14,81.82,-1,-1,-1,-1
6,9,546.94,451.63,35.62,105.81,-1,-1,-1,-1
6,10,913.53,483.02,97.18,102.17,-1,-1,-1,-1
6,11,644.70,456.96,63.35,187.65,-1,-1,-1,-1
6,12,696.40,490.02,34.37,103.60,-1,-1,-1,-1
6,13,980.38,456.83,27.43,53.01,-1,-1,-1,-1
6,14,1100.66,441.20,38.05,109.23,-1,-1,-1,-1
7,1,1371.40,415.55,162.82,386.37,-1,-1,-1,-1
7,2,582.71,443.85,91.64,264.28,-1,-1,-1,-1
7,3,1495.12,426.11,134.67,343.18,-1,-1,-1,-1
7,4,437.98,441.03,126.36,283.65,-1,-1,-1,-1
7,5,732.56,470.08,34.96,100.06,-1,-1,-1,-1
7,6,1013.19,430.53,44.51,98.16,-1,-1,-1,-1
7,7,1256.84,446.83,34.48,99.83,-1,-1,-1,-1
7,8,935.95,434.87,38.82,82.26,-1,-1,-1,-1
7,9,547.25,451.05,35.39,105.90,-1,-1,-1,-1
7,10,913.34,483.43,97.52,101.84,-1,-1,-1,-1
7,11,645.96,457.90,62.51,187.84,-1,-1,-1,-1
7,12,694.05,487.24,36.15,109.74,-1,-1,-1,-1
7,13,982.42,454.94,26.05,56.20,-1,-1,-1,-1
7,14,1099.65,440.70,39.16,113.93,-1,-1,-1,-1
7,16,1367.52,433.22,45.26,127.08,-1,-1,-1,-1
8,1,1384.52,414.19,149.72,388.60,-1,-1,-1,-1
8,2,582.12,443.47,92.95,264.46,-1,-1,-1,-1
8,3,1494.87,425.30,136.20,343.69,-1,-1,-1,-1
8,4,438.20,440.77,130.58,284.37,-1,-1,-1,-1
8,5,732.26,470.48,35.40,100.65,-1,-1,-1,-1
8,6,1014.01,430.38,42.63,98.14,-1,-1,-1,-1
8,7,1256.41,447.24,33.10,99.68,-1,-1,-1,-1
8,8,935.41,434.77,38.82,82.10,-1,-1,-1,-1
8,9,547.34,450.37,35.41,106.70,-1,-1,-1,-1
8,10,913.45,490.64,96.99,95.15,-1,-1,-1,-1
8,11,647.78,456.09,60.55,191.68,-1,-1,-1,-1
8,12,694.23,487.04,35.93,110.85,-1,-1,-1,-1
8,13,983.39,454.42,25.20,57.64,-1,-1,-1,-1
8,14,1100.32,440.28,38.22,110.57,-1,-1,-1,-1
8,16,1373.67,432.76,43.50,128.12,-1,-1,-1,-1
9,1,1399.33,411.75,139.33,391.97,-1,-1,-1,-1
9,2,582.27,442.72,92.34,265.33,-1,-1,-1,-1
9,3,1497.20,423.16,142.29,344.80,-1,-1,-1,-1
9,4,438.28,440.66,131.54,284.38,-1,-1,-1,-1
9,5,732.32,469.71,35.14,102.21,-1,-1,-1,-1
9,6,1014.92,430.92,41.82,97.55,-1,-1,-1,-1
9,7,1256.03,447.44,32.57,99.16,-1,-1,-1,-1
9,8,934.95,434.78,37.97,82.07,-1,-1,-1,-1
9,9,547.41,452.04,35.32,105.11,-1,-1,-1,-1
9,10,917.43,470.66,95.28,113.87,-1,-1,-1,-1
9,11,647.17,456.87,61.53,191.46,-1,-1,-1,-1
9,12,695.06,483.44,35.14,114.67,-1,-1,-1,-1
9,13,983.83,454.24,25.80,58.41,-1,-1,-1,-1
9,14,1098.80,440.04,39.79,121.97,-1,-1,-1,-1
9,16,1374.25,435.85,47.41,125.46,-1,-1,-1,-1
10,1,1416.08,409.01,125.03,395.01,-1,-1,-1,-1
10,2,582.60,442.55,92.10,265.21,-1,-1,-1,-1
10,3,1514.30,421.77,140.47,348.77,-1,-1,-1,-1
10,4,438.43,441.00,132.82,284.09,-1,-1,-1,-1
10,5,732.10,469.09,35.33,103.23,-1,-1,-1,-1
10,6,1014.26,431.69,42.67,96.58,-1,-1,-1,-1
10,7,1255.88,447.53,32.93,99.29,-1,-1,-1,-1
10,8,934.78,434.63,37.59,82.21,-1,-1,-1,-1
10,9,547.35,451.06,35.21,107.00,-1,-1,-1,-1
10,10,917.10,471.80,95.35,112.73,-1,-1,-1,-1
10,11,649.09,457.04,58.60,190.90,-1,-1,-1,-1
10,12,694.94,486.16,35.56,112.65,-1,-1,-1,-1
10,13,984.20,454.96,26.65,57.83,-1,-1,-1,-1
10,14,1098.92,439.80,39.46,115.50,-1,-1,-1,-1
10,16,1377.43,436.74,48.99,124.54,-1,-1,-1,-1
11,1,1428.24,408.07,119.76,394.99,-1,-1,-1,-1
11,2,582.88,442.44,91.62,265.04,-1,-1,-1,-1
11,3,1528.22,422.81,113.31,346.45,-1,-1,-1,-1
11,4,438.86,441.67,131.52,283.72,-1,-1,-1,-1
11,5,732.10,468.91,35.02,104.19,-1,-1,-1,-1
11,6,1014.05,432.83,42.56,96.43,-1,-1,-1,-1
11,7,1255.91,447.50,33.04,99.33,-1,-1,-1,-1
11,8,934.67,434.63,36.81,82.16,-1,-1,-1,-1
11,9,547.19,450.78,35.11,107.35,-1,-1,-1,-1
11,10,916.77,472.94,95.43,111.58,-1,-1,-1,-1
11,11,651.54,457.37,56.41,191.47,-1,-1,-1,-1
11,12,695.10,483.26,35.49,115.88,-1,-1,-1,-1
11,13,984.12,455.05,26.62,57.64,-1,-1,-1,-1
11,14,1098.58,439.74,39.86,120.58,-1,-1,-1,-1
11,16,1378.91,434.75,49.93,125.08,-1,-1,-1,-1
12,1,1438.04,411.53,117.38,391.30,-1,-1,-1,-1
12,2,583.10,442.22,91.85,265.58,-1,-1,-1,-1
12,3,1535.99,423.90,109.45,350.41,-1,-1,-1,-1
12,4,439.12,442.05,130.38,283.56,-1,-1,-1,-1
12,5,732.01,468.40,34.75,105.48,-1,-1,-1,-1
12,6,1016.19,433.82,40.11,95.12,-1,-1,-1,-1
12,7,1255.87,447.45,33.93,99.01,-1,-1,-1,-1
12,8,934.55,434.77,36.60,82.30,-1,-1,-1,-1
12,9,548.43,454.82,33.41,103.60,-1,-1,-1,-1
12,10,916.43,474.08,95.50,110.43,-1,-1,-1,-1
12,11,654.29,457.33,55.21,194.16,-1,-1,-1,-1
12,12,695.29,483.96,35.34,115.37,-1,-1,-1,-1
12,13,984.58,454.34,27.52,58.47,-1,-1,-1,-1
12,14,1099.12,440.91,39.24,118.26,-1,-1,-1,-1
12,16,1380.42,433.01,49.59,125.78,-1,-1,-1,-1
13,1,1448.68,409.76,116.70,391.48,-1,-1,-1,-1
13,2,583.30,441.89,91.73,265.69,-1,-1,-1,-1
13,3,1538.60,422.30,112.26,357.47,-1,-1,-1,-1
13,4,440.01,442.97,128.51,282.96,-1,-1,-1,-1
13,5,731.23,469.08,34.89,105.43,-1,-1,-1,-1
13,6,1018.52,434.14,37.52,93.96,-1,-1,-1,-1
13,7,1255.77,447.39,34.50,98.87,-1,-1,-1,-1
13,8,933.75,434.98,37.59,82.48,-1,-1,-1,-1
13,9,548.94,452.60,33.47,105.24,-1,-1,-1,-1
13,10,916.10,475.23,95.58,109.28,-1,-1,-1,-1
13,11,656.73,459.40,53.48,192.99,-1,-1,-1,-1
13,12,694.90,477.53,35.86,122.00,-1,-1,-1,-1
13,13,984.83,454.06,28.11,59.43,-1,-1,-1,-1
13,14,1099.42,440.56,38.84,116.78,-1,-1,-1,-1
13,16,1382.85,430.61,47.82,128.13,-1,-1,-1,-1
14,1,1455.01,413.60,123.21,388.88,-1,-1,-1,-1
14,2,583.19,441.98,92.30,265.16,-1,-1,-1,-1
14,3,1549.15,422.53,121.82,362.79,-1,-1,-1,-1
14,4,440.70,443.56,127.13,283.74,-1,-1,-1,-1
14,5,730.94,463.60,34.79,111.85,-1,-1,-1,-1
14,6,1019.90,434.04,36.47,93.64,-1,-1,-1,-1
14,7,1255.73,447.38,34.57,99.03,-1,-1,-1,-1
14,8,934.31,434.92,36.79,83.06,-1,-1,-1,-1
14,9,550.09,455.89,32.70,102.34,-1,-1,-1,-1
14,10,915.77,476.37,95.65,108.14,-1,-1,-1,-1
14,11,658.58,458.98,50.92,192.42,-1,-1,-1,-1
14,12,691.78,475.37,38.89,124.70,-1,-1,-1,-1
14,13,984.67,454.79,28.03,59.07,-1,-1,-1,-1
14,14,1097.49,440.49,41.10,140.96,-1,-1,-1,-1
14,16,1388.56,430.51,47.69,128.47,-1,-1,-1,-1
15,1,1457.35,425.32,139.45,378.44,-1,-1,-1,-1
15,2,583.20,441.73,91.89,265.63,-1,-1,-1,-1
15,3,1552.55,424.13,145.55,364.49,-1,-1,-1,-1
15,4,441.33,443.46,126.46,285.70,-1,-1,-1,-1
15,5,730.58,461.83,35.10,113.52,-1,-1,-1,-1
15,6,1019.50,435.09,37.16,93.07,-1,-1,-1,-1
15,7,1255.88,447.52,34.01,98.90,-1,-1,-1,-1
15,8,934.20,435.08,36.37,82.87,-1,-1,-1,-1
15,9,550.21,457.08,32.97,101.33,-1,-1,-1,-1
15,10,915.43,477.51,95.73,106.99,-1,-1,-1,-1
15,11,658.98,460.19,51.52,192.26,-1,-1,-1,-1
15,12,691.30,475.60,39.07,127.19,-1,-1,-1,-1
15,13,985.44,455.56,28.76,60.24,-1,-1,-1,-1
15,14,1096.80,442.96,41.17,147.05,-1,-1,-1,-1
15,16,1393.67,430.66,47.03,128.31,-1,-1,-1,-1
16,1,1458.75,418.80,164.61,387.49,-1,-1,-1,-1
16,2,583.55,441.98,91.46,265.78,-1,-1,-1,-1
16,3,1553.19,424.54,168.79,368.48,-1,-1,-1,-1
16,4,441.44,444.04,125.78,286.96,-1,-1,-1,-1
16,5,729.13,468.72,36.18,105.44,-1,-1,-1,-1
16,6,1018.15,435.03,38.65,93.11,-1,-1,-1,-1
16,7,1256.15,447.46,33.01,99.09,-1,-1,-1,-1
16,8,934.35,435.36,35.75,82.49,-1,-1,-1,-1
16,9,550.14,457.02,32.74,100.89,-1,-1,-1,-1
16,10,915.10,478.65,95.81,105.84,-1,-1,-1,-1
16,11,660.70,459.90,49.87,192.35,-1,-1,-1,-1
16,12,690.81,475.83,39.25,129.67,-1,-1,-1,-1
16,13,985.59,455.33,30.98,62.25,-1,-1,-1,-1
16,14,1098.74,444.17,39.77,121.78,-1,-1,-1,-1
16,16,1400.05,432.64,42.27,126.16,-1,-1,-1,-1
17,1,1459.06,415.98,188.67,392.15,-1,-1,-1,-1
17,2,583.58,442.00,90.96,265.33,-1,-1,-1,-1
17,3,1552.69,424.79,186.03,370.99,-1,-1,-1,-1
17,4,442.64,445.41,123.19,287.69,-1,-1,-1,-1
17,5,728.29,474.16,35.78,100.38,-1,-1,-1,-1
17,6,1016.63,435.37,39.93,93.93,-1,-1,-1,-1
17,7,1255.30,447.14,32.98,99.05,-1,-1,-1,-1
17,8,934.39,435.51,34.79,82.19,-1,-1,-1,-1
17,9,546.77,451.68,37.73,106.74,-1,-1,-1,-1
17,10,914.77,479.79,95.88,104.69,-1,-1,-1,-1
17,11,661.10,459.74,46.95,192.59,-1,-1,-1,-1
17,12,690.33,476.07,39.43,132.15,-1,-1,-1,-1
17,13,985.74,455.32,31.22,60.76,-1,-1,-1,-1
17,14,1100.38,445.57,37.85,109.89,-1,-1,-1,-1
17,16,1405.38,430.99,38.04,127.79,-1,-1,-1,-1
18,1,1459.73,427.01,216.68,384.98,-1,-1,-1,-1
18,2,583.49,442.00,90.39,265.09,-1,-1,-1,-1
18,3,1553.22,426.82,195.26,372.00,-1,-1,-1,-1
18,4,444.13,444.96,124.44,288.71,-1,-1,-1,-1
18,5,727.40,475.99,36.11,89.13,-1,-1,-1,-1
18,6,1015.90,435.33,40.39,93.58,-1,-1,-1,-1
18,7,1255.21,446.99,32.78,99.12,-1,-1,-1,-1
18,8,934.24,435.66,34.46,82.22,-1,-1,-1,-1
18,9,547.31,453.80,35.61,103.30,-1,-1,-1,-1
18,10,914.43,480.93,95.96,103.54,-1,-1,-1,-1
18,11,661.05,459.12,46.03,193.77,-1,-1,-1,-1
18,12,689.85,476.30,39.60,134.63,-1,-1,-1,-1
18,13,985.69,454.87,33.07,62.34,-1,-1,-1,-1
18,14,1100.12,446.47,37.86,105.81,-1,-1,-1,-1
18,16,1409.59,431.78,35.62,126.55,-1,-1,-1,-1
19,1,1461.57,418.63,231.94,393.89,-1,-1,-1,-1
19,2,584.16,441.79,91.44,265.74,-1,-1,-1,-1
19,3,1552.78,429.06,199.07,370.15,-1,-1,-1,-1
19,4,446.74,445.28,123.63,288.92,-1,-1,-1,-1
19,5,726.63,472.10,38.10,90.82,-1,-1,-1,-1
19,6,1017.50,434.94,38.24,92.88,-1,-1,-1,-1
19,7,1254.97,446.72,32.43,99.13,-1,-1,-1,-1
19,8,933.92,435.63,34.51,82.82,-1,-1,-1,-1
19,9,546.03,453.49,36.15,103.59,-1,-1,-1,-1
19,10,914.10,482.07,96.03,102.40,-1,-1,-1,-1
19,11,661.50,460.27,47.28,192.76,-1,-1,-1,-1
19,12,689.37,476.53,39.78,137.11,-1,-1,-1,-1
19,13,993.65,453.80,28.92,66.01,-1,-1,-1,-1
19,14,1100.27,445.72,37.66,105.72,-1,-1,-1,-1
19,16,1413.18,429.19,33.72,129.18,-1,-1,-1,-1
20,1,1462.49,416.01,243.25,402.65,-1,-1,-1,-1
20,2,584.43,442.09,94.95,266.82,-1,-1,-1,-1
20,3,1556.67,431.51,199.96,370.67,-1,-1,-1,-1
20,4,450.00,443.80,123.75,290.49,-1,-1,-1,-1
20,5,725.40,463.48,40.09,96.42,-1,-1,-1,-1
20,6,1018.42,434.90,38.01,92.86,-1,-1,-1,-1
20,7,1253.68,446.76,33.26,99.03,-1,-1,-1,-1
20,8,933.46,435.63,34.65,82.18,-1,-1,-1,-1
20,9,546.59,455.62,34.31,102.09,-1,-1,-1,-1
20,10,913.77,483.21,96.11,101.25,-1,-1,-1,-1
20,11,663.11,459.43,50.03,184.43,-1,-1,-1,-1
20,12,688.89,476.77,39.96,139.59,-1,-1,-1,-1
20,13,998.30,453.44,24.66,67.73,-1,-1,-1,-1
20,14,1100.25,443.50,37.66,107.69,-1,-1,-1,-1
20,16,1417.38,446.68,33.25,110.98,-1,-1,-1,-1
21,1,1463.03,415.43,250.87,408.40,-1,-1,-1,-1
21,2,584.74,442.31,98.45,267.25,-1,-1,-1,-1
21,3,1590.26,429.56,172.49,373.19,-1,-1,-1,-1
21,4,452.86,442.49,121.92,291.99,-1,-1,-1,-1
21,5,724.26,460.50,42.38,96.46,-1,-1,-1,-1
21,6,1018.94,435.16,37.24,92.98,-1,-1,-1,-1
21,7,1253.14,446.57,34.16,99.34,-1,-1,-1,-1
21,8,933.46,435.67,34.18,81.78,-1,-1,-1,-1
21,10,913.43,484.35,96.18,100.10,-1,-1,-1,-1
21,11,663.75,459.09,54.30,186.55,-1,-1,-1,-1
21,12,688.41,477.00,40.14,142.07,-1,-1,-1,-1
21,13,1000.21,453.13,22.91,66.89,-1,-1,-1,-1
21,14,1100.22,442.39,37.52,108.65,-1,-1,-1,-1
21,16,1419.77,456.04,35.81,101.55,-1,-1,-1,-1
22,1,1465.72,414.22,250.03,411.58,-1,-1,-1,-1
22,2,585.09,442.45,100.88,267.36,-1,-1,-1,-1
22,3,1617.06,427.74,157.34,373.91,-1,-1,-1,-1
22,4,455.62,442.31,119.30,292.04,-1,-1,-1,-1
22,5,723.93,458.49,43.55,98.41,-1,-1,-1,-1
22,6,1019.26,434.78,36.76,93.54,-1,-1,-1,-1
22,7,1252.15,446.39,34.88,99.59,-1,-1,-1,-1
22,8,932.83,435.30,33.99,82.41,-1,-1,-1,-1
22,10,913.10,485.49,96.26,98.95,-1,-1,-1,-1
22,11,663.51,457.56,58.33,192.54,-1,-1,-1,-1
22,12,687.93,477.23,40.32,144.55,-1,-1,-1,-1
22,13,1001.75,452.79,21.97,68.90,-1,-1,-1,-1
22,14,1102.24,444.78,35.29,104.15,-1,-1,-1,-1
22,16,1420.10,447.80,42.64,109.75,-1,-1,-1,-1
23,1,1469.48,412.01,249.38,414.12,-1,-1,-1,-1
23,2,585.34,442.35,102.58,267.39,-1,-1,-1,-1
23,3,1636.72,426.61,141.10,374.31,-1,-1,-1,-1
23,4,456.90,443.16,119.81,291.47,-1,-1,-1,-1
23,5,723.29,458.68,45.70,99.39,-1,-1,-1,-1
23,6,1019.32,434.65,36.20,93.72,-1,-1,-1,-1
23,7,1251.59,446.03,35.02,99.91,-1,-1,-1,-1
23,8,932.65,435.30,33.76,82.75,-1,-1,-1,-1
23,10,912.76,486.63,96.33,97.80,-1,-1,-1,-1
23,11,663.03,457.59,59.28,191.29,-1,-1,-1,-1
23,12,687.45,477.47,40.50,147.03,-1,-1,-1,-1
23,13,1002.25,452.85,21.71,70.04,-1,-1,-1,-1
23,14,1100.13,440.01,37.59,112.03,-1,-1,-1,-1
23,16,1419.55,441.25,52.59,116.84,-1,-1,-1,-1
24,1,1478.14,411.05,241.11,415.80,-1,-1,-1,-1
24,2,585.54,442.23,103.41,267.63,-1,-1,-1,-1
24,3,1649.43,425.20,136.40,373.79,-1,-1,-1,-1
24,4,461.77,442.73,116.29,291.86,-1,-1,-1,-1
24,5,721.15,461.27,48.92,97.33,-1,-1,-1,-1
24,6,1019.39,434.52,36.49,93.87,-1,-1,-1,-1
24,7,1251.40,445.45,34.77,100.50,-1,-1,-1,-1
24,8,932.43,435.39,33.63,82.75,-1,-1,-1,-1
24,10,912.43,487.78,96.41,96.66,-1,-1,-1,-1
24,11,662.40,457.66,59.97,192.19,-1,-1,-1,-1
24,12,686.97,477.70,40.68,149.52,-1,-1,-1,-1
24,13,1002.24,452.97,21.88,70.58,-1,-1,-1,-1
24,14,1099.70,438.57,38.06,111.46,-1,-1,-1,-1
24,16,1419.21,436.28,59.88,121.77,-1,-1,-1,-1
24,21,690.96,452.62,28.99,55.56,-1,-1,-1,-1
25,1,1484.41,409.18,234.00,417.27,-1,-1,-1,-1
25,2,586.08,442.54,102.92,267.83,-1,-1,-1,-1
25,3,1659.54,423.19,137.57,375.56,-1,-1,-1,-1
25,4,462.71,443.09,117.63,291.93,-1,-1,-1,-1
25,5,720.54,459.84,50.56,100.58,-1,-1,-1,-1
25,6,1019.38,434.55,35.84,93.81,-1,-1,-1,-1
25,7,1250.24,445.29,35.78,100.59,-1,-1,-1,-1
25,8,932.15,435.01,33.62,82.87,-1,-1,-1,-1
25,10,912.10,488.92,96.49,95.51,-1,-1,-1,-1
25,11,661.70,456.68,60.57,194.11,-1,-1,-1,-1
25,12,686.49,477.93,40.86,152.00,-1,-1,-1,-1
25,13,1002.69,453.15,21.25,67.80,-1,-1,-1,-1
25,14,1099.98,437.69,37.57,111.30,-1,-1,-1,-1
25,16,1419.01,433.95,60.93,123.65,-1,-1,-1,-1
25,21,691.95,453.15,27.82,55.70,-1,-1,-1,-1
26,1,1496.60,407.62,223.55,419.41,-1,-1,-1,-1
26,2,586.67,442.72,101.45,267.92,-1,-1,-1,-1
26,3,1669.61,421.05,144.78,377.91,-1,-1,-1,-1
26,4,466.12,443.70,115.67,291.52,-1,-1,-1,-1
26,5,721.22,458.79,50.97,101.77,-1,-1,-1,-1
26,6,1019.79,436.02,35.32,92.53,-1,-1,-1,-1
26,7,1249.69,445.18,36.01,100.39,-1,-1,-1,-1
26,8,931.95,435.19,33.39,82.23,-1,-1,-1,-1
26,10,912.72,487.23,96.75,97.90,-1,-1,-1,-1
26,11,661.50,456.22,66.61,196.44,-1,-1,-1,-1
26,12,686.01,478.17,41.04,154.48,-1,-1,-1,-1
26,13,1002.73,453.71,20.96,64.98,-1,-1,-1,-1
26,14,1100.09,437.77,37.59,110.48,-1,-1,-1,-1
26,16,1419.24,433.20,67.26,124.68,-1,-1,-1,-1
26,21,693.22,451.11,29.15,63.02,-1,-1,-1,-1
27,1,1509.62,406.16,211.78,422.54,-1,-1,-1,-1
27,2,587.01,442.65,100.53,269.83,-1,-1,-1,-1
27,3,1676.13,418.01,156.24,382.06,-1,-1,-1,-1
27,4,470.55,443.07,111.68,291.95,-1,-1,-1,-1
27,5,721.18,458.38,49.06,102.38,-1,-1,-1,-1
27,6,1020.36,437.20,34.49,91.50,-1,-1,-1,-1
27,7,1249.25,445.15,36.13,100.14,-1,-1,-1,-1
27,8,932.14,435.23,32.99,81.62,-1,-1,-1,-1
27,10,913.03,487.10,97.41,98.08,-1,-1,-1,-1
27,11,661.22,456.61,68.02,196.91,-1,-1,-1,-1
27,12,685.53,478.40,41.21,156.96,-1,-1,-1,-1
27,13,1002.74,453.90,20.56,65.90,-1,-1,-1,-1
27,14,1099.74,437.57,37.87,111.60,-1,-1,-1,-1
27,16,1420.19,432.31,68.14,125.59,-1,-1,-1,-1
27,21,694.70,449.67,28.69,63.65,-1,-1,-1,-1
28,1,1527.91,404.44,193.43,425.57,-1,-1,-1,-1
28,2,586.98,442.71,99.49,271.01,-1,-1,-1,-1
28,3,1681.79,415.00,148.61,385.23,-1,-1,-1,-1
28,4,474.03,442.17,109.03,293.47,-1,-1,-1,-1
28,5,721.61,458.78,50.11,104.91,-1,-1,-1,-1
28,6,1020.19,440.05,33.26,88.61,-1,-1,-1,-1
28,7,1249.07,445.77,36.56,99.72,-1,-1,-1,-1
28,8,932.23,434.90,32.99,82.37,-1,-1,-1,-1
28,10,921.29,486.35,90.09,98.17,-1,-1,-1,-1
28,11,661.18,456.04,67.44,196.10,-1,-1,-1,-1
28,12,685.05,478.63,41.39,159.44,-1,-1,-1,-1
28,13,1003.19,454.49,20.01,64.45,-1,-1,-1,-1
28,14,1099.66,438.29,37.98,111.99,-1,-1,-1,-1
28,16,1421.79,431.57,68.16,126.49,-1,-1,-1,-1
28,21,695.89,447.82,30.00,64.45,-1,-1,-1,-1
29,1,1549.04,399.98,172.30,429.96,-1,-1,-1,-1
29,2,591.46,442.19,95.52,271.60,-1,-1,-1,-1
29,3,1681.75,413.59,160.51,389.19,-1,-1,-1,-1
29,4,475.42,442.45,109.26,293.04,-1,-1,-1,-1
29,5,721.79,458.53,46.37,107.94,-1,-1,-1,-1
29,6,1019.74,443.13,32.36,85.87,-1,-1,-1,-1
29,7,1248.82,445.50,36.42,99.66,-1,-1,-1,-1
29,8,932.40,435.08,32.79,81.80,-1,-1,-1,-1
29,10,917.04,485.60,94.69,99.46,-1,-1,-1,-1
29,11,662.19,456.08,65.00,196.59,-1,-1,-1,-1
29,12,684.57,478.87,41.57,161.92,-1,-1,-1,-1
29,13,1003.67,453.84,19.08,60.81,-1,-1,-1,-1
29,14,1100.02,440.32,37.42,108.92,-1,-1,-1,-1
29,16,1425.26,431.42,65.00,127.71,-1,-1,-1,-1
29,21,695.43,446.60,32.71,72.06,-1,-1,-1,-1
29,23,1555.69,453.59,29.77,100.49,-1,-1,-1,-1
30,1,1572.06,397.31,156.93,433.40,-1,-1,-1,-1
30,2,596.01,443.18,91.73,269.47,-1,-1,-1,-1
30,3,1683.86,413.97,179.48,388.42,-1,-1,-1,-1
30,4,475.50,442.18,110.91,293.85,-1,-1,-1,-1
30,5,723.84,458.69,42.80,110.27,-1,-1,-1,-1
30,6,1017.60,442.99,33.62,86.10,-1,-1,-1,-1
30,7,1249.04,445.42,35.36,99.27,-1,-1,-1,-1
30,8,932.21,435.01,32.89,82.02,-1,-1,-1,-1
30,10,925.54,485.67,86.27,98.06,-1,-1,-1,-1
30,11,662.05,456.78,60.53,196.33,-1,-1,-1,-1
30,12,684.08,479.10,41.75,164.40,-1,-1,-1,-1
30,13,1003.93,453.23,17.84,56.29,-1,-1,-1,-1
30,14,1098.69,439.52,39.04,119.41,-1,-1,-1,-1
30,16,1430.45,431.31,59.33,126.89,-1,-1,-1,-1
30,21,696.05,446.91,31.92,68.30,-1,-1,-1,-1
30,23,1555.41,445.27,31.79,108.49,-1,-1,-1,-1
31,1,1591.54,395.95,149.83,437.46,-1,-1,-1,-1
31,2,598.59,443.28,90.09,269.20,-1,-1,-1,-1
31,3,1687.08,416.46,203.92,390.86,-1,-1,-1,-1
31,4,477.54,441.99,110.46,295.11,-1,-1,-1,-1
31,5,723.40,459.20,42.35,112.65,-1,-1,-1,-1
31,6,1015.45,442.86,34.88,86.32,-1,-1,-1,-1
31,7,1249.18,446.03,35.97,98.72,-1,-1,-1,-1
31,8,931.91,434.28,33.48,83.28,-1,-1,-1,-1
31,10,925.33,486.37,87.01,97.57,-1,-1,-1,-1
31,11,668.08,462.66,56.03,190.21,-1,-1,-1,-1
31,12,683.60,479.33,41.93,166.88,-1,-1,-1,-1
31,13,1004.02,452.98,17.44,55.20,-1,-1,-1,-1
31,14,1097.82,441.88,39.85,111.53,-1,-1,-1,-1
31,16,1436.80,430.84,53.76,126.42,-1,-1,-1,-1
31,21,697.20,449.68,30.76,62.65,-1,-1,-1,-1
31,23,1555.91,444.50,31.56,109.10,-1,-1,-1,-1
31,24,577.69,448.70,32.86,139.88,-1,-1,-1,-1
32,1,1604.19,396.03,160.34,439.59,-1,-1,-1,-1
32,2,599.85,442.93,89.76,269.19,-1,-1,-1,-1
32,3,1700.14,414.87,211.17,394.58,-1,-1,-1,-1
32,4,477.61,441.65,111.69,297.37,-1,-1,-1,-1
32,5,723.05,459.67,41.04,114.28,-1,-1,-1,-1
32,6,1013.30,442.72,36.14,86.55,-1,-1,-1,-1
32,7,1249.68,445.72,35.91,98.65,-1,-1,-1,-1
32,8,931.71,434.07,33.69,83.89,-1,-1,-1,-1
32,10,924.70,486.22,86.92,97.33,-1,-1,-1,-1
32,11,674.32,465.51,50.71,186.31,-1,-1,-1,-1
32,12,683.12,479.57,42.11,169.36,-1,-1,-1,-1
32,13,1004.15,452.90,17.13,52.60,-1,-1,-1,-1
32,14,1094.87,441.55,43.19,140.81,-1,-1,-1,-1
32,16,1441.85,431.20,48.58,125.05,-1,-1,-1,-1
32,21,697.74,451.79,30.45,58.10,-1,-1,-1,-1
32,23,1556.33,445.13,30.78,108.24,-1,-1,-1,-1
32,24,578.20,447.10,33.21,140.12,-1,-1,-1,-1
33,1,1610.25,396.16,166.76,443.16,-1,-1,-1,-1
33,2,602.48,442.45,88.18,269.71,-1,-1,-1,-1
33,3,1712.28,406.76,207.72,404.90,-1,-1,-1,-1
33,4,477.04,442.15,113.17,298.66,-1,-1,-1,-1
33,5,720.29,459.63,42.67,114.77,-1,-1,-1,-1
33,6,1012.41,443.48,37.00,85.09,-1,-1,-1,-1
33,7,1250.00,445.65,35.46,99.32,-1,-1,-1,-1
33,8,931.71,433.99,33.61,84.29,-1,-1,-1,-1
33,10,921.28,485.68,90.00,97.67,-1,-1,-1,-1
33,11,672.13,459.79,54.29,193.53,-1,-1,-1,-1
33,12,682.64,479.80,42.29,171.84,-1,-1,-1,-1
33,13,1003.99,452.95,16.91,52.01,-1,-1,-1,-1
33,14,1095.86,440.63,42.40,124.43,-1,-1,-1,-1
33,16,1451.04,430.78,38.88,124.90,-1,-1,-1,-1
33,21,697.55,452.41,31.49,53.63,-1,-1,-1,-1
33,23,1557.58,449.20,28.47,104.01,-1,-1,-1,-1
33,24,577.82,443.02,33.79,144.07,-1,-1,-1,-1
34,1,1616.36,395.95,177.15,444.94,-1,-1,-1,-1
34,2,604.46,441.62,87.03,270.71,-1,-1,-1,-1
34,3,1731.42,411.45,188.58,402.98,-1,-1,-1,-1
34,4,477.73,442.84,112.48,301.26,-1,-1,-1,-1
34,5,719.66,460.19,41.63,115.35,-1,-1,-1,-1
34,6,1007.66,447.20,42.03,80.38,-1,-1,-1,-1
34,7,1250.24,445.55,35.84,99.51,-1,-1,-1,-1
34,8,931.78,434.84,33.41,83.58,-1,-1,-1,-1
34,10,925.99,485.87,85.72,97.19,-1,-1,-1,-1
34,11,670.31,458.06,57.00,195.95,-1,-1,-1,-1
34,12,682.16,480.03,42.47,174.33,-1,-1,-1,-1
34,13,1003.74,453.22,16.85,52.01,-1,-1,-1,-1
34,14,1095.98,438.45,41.95,125.34,-1,-1,-1,-1
34,16,1456.38,430.89,34.94,125.37,-1,-1,-1,-1
34,21,698.13,452.63,31.45,52.67,-1,-1,-1,-1
34,23,1557.84,446.79,27.04,105.80,-1,-1,-1,-1
34,24,577.61,441.54,35.78,146.28,-1,-1,-1,-1
35,1,1623.17,396.48,193.30,460.22,-1,-1,-1,-1
35,2,605.58,441.19,87.27,271.44,-1,-1,-1,-1
35,3,1729.30,417.89,190.70,399.57,-1,-1,-1,-1
35,4,478.19,443.28,111.75,303.05,-1,-1,-1,-1
35,5,718.58,461.59,41.05,114.16,-1,-1,-1,-1
35,6,1006.17,446.84,43.79,78.53,-1,-1,-1,-1
35,7,1249.79,445.70,36.29,99.43,-1,-1,-1,-1
35,8,931.91,435.42,33.26,83.13,-1,-1,-1,-1
35,10,922.39,485.83,89.29,97.30,-1,-1,-1,-1
35,11,668.77,456.12,58.76,199.16,-1,-1,-1,-1
35,12,682.38,479.88,42.43,176.63,-1,-1,-1,-1
35,13,1003.06,453.03,16.20,57.49,-1,-1,-1,-1
35,14,1096.18,438.33,41.44,118.58,-1,-1,-1,-1
35,16,1459.11,431.05,33.33,125.47,-1,-1,-1,-1
35,21,699.59,453.01,29.86,50.42,-1,-1,-1,-1
35,24,577.69,441.59,36.94,146.69,-1,-1,-1,-1
36,1,1629.57,397.66,216.50,464.20,-1,-1,-1,-1
36,2,605.75,440.93,87.71,271.85,-1,-1,-1,-1
36,3,1722.96,416.15,197.04,405.01,-1,-1,-1,-1
36,4,478.49,443.20,111.37,306.62,-1,-1,-1,-1
36,5,716.43,476.00,41.37,101.76,-1,-1,-1,-1
36,6,1006.35,448.82,42.08,75.59,-1,-1,-1,-1
36,7,1249.71,445.54,36.72,99.89,-1,-1,-1,-1
36,8,931.98,435.82,33.09,82.76,-1,-1,-1,-1
36,10,916.83,485.52,94.99,98.39,-1,-1,-1,-1
36,11,668.70,457.38,60.08,198.11,-1,-1,-1,-1
36,12,682.70,480.82,44.39,176.24,-1,-1,-1,-1
36,13,1002.99,452.79,15.72,58.36,-1,-1,-1,-1
36,14,1096.35,440.38,40.81,111.15,-1,-1,-1,-1
36,16,1459.29,430.98,35.69,126.12,-1,-1,-1,-1
36,21,703.76,453.02,26.06,50.37,-1,-1,-1,-1
36,24,577.74,446.22,37.58,142.18,-1,-1,-1,-1
37,1,1634.86,399.86,251.41,465.73,-1,-1,-1,-1
37,2,607.36,440.92,86.47,271.70,-1,-1,-1,-1
37,3,1716.68,418.10,203.32,405.00,-1,-1,-1,-1
37,4,478.82,442.98,111.20,302.43,-1,-1,-1,-1
37,5,715.38,483.38,42.67,94.30,-1,-1,-1,-1
37,6,1005.14,448.12,42.33,75.70,-1,-1,-1,-1
37,7,1251.05,445.77,35.01,99.62,-1,-1,-1,-1
37,8,932.48,436.51,32.72,82.18,-1,-1,-1,-1
37,10,914.33,484.89,97.36,99.37,-1,-1,-1,-1
37,11,668.68,457.34,62.65,198.46,-1,-1,-1,-1
37,12,683.47,481.60,47.07,175.93,-1,-1,-1,-1
37,13,1002.91,452.69,15.96,57.43,-1,-1,-1,-1
37,14,1098.26,439.73,39.02,110.67,-1,-1,-1,-1
37,16,1457.07,430.71,39.93,126.89,-1,-1,-1,-1
37,21,706.32,452.67,24.32,48.18,-1,-1,-1,-1
37,24,577.70,447.72,38.22,140.65,-1,-1,-1,-1
38,1,1636.44,400.33,271.91,473.65,-1,-1,-1,-1
38,2,609.74,441.43,84.95,270.91,-1,-1,-1,-1
38,3,1772.09,421.35,147.91,400.70,-1,-1,-1,-1
38,4,478.79,443.32,111.33,298.33,-1,-1,-1,-1
38,5,714.27,490.29,43.47,87.69,-1,-1,-1,-1
38,6,1005.22,448.97,41.44,74.87,-1,-1,-1,-1
38,7,1252.93,445.58,32.85,99.62,-1,-1,-1,-1
38,8,933.11,436.96,32.13,81.76,-1,-1,-1,-1
38,10,916.09,484.21,95.76,99.91,-1,-1,-1,-1
38,11,670.49,457.92,63.46,198.62,-1,-1,-1,-1
38,12,684.13,482.23,49.42,175.54,-1,-1,-1,-1
38,13,1003.65,453.00,15.37,52.81,-1,-1,-1,-1
38,14,1099.82,444.09,37.17,104.41,-1,-1,-1,-1
38,16,1455.85,430.46,45.89,126.11,-1,-1,-1,-1
38,21,707.65,451.40,24.24,48.60,-1,-1,-1,-1
38,24,578.39,450.78,37.50,137.36,-1,-1,-1,-1
39,1,1636.62,402.51,256.56,463.45,-1,-1,-1,-1
39,2,610.29,442.07,84.76,270.17,-1,-1,-1,-1
39,3,1801.98,416.76,118.02,404.83,-1,-1,-1,-1
39,4,478.82,442.61,111.71,300.60,-1,-1,-1,-1
39,5,714.80,485.63,43.00,95.60,-1,-1,-1,-1
39,6,1004.89,449.45,42.01,73.58,-1,-1,-1,-1
39,7,1254.83,445.63,32.55,99.57,-1,-1,-1,-1
39,8,932.92,435.96,32.41,82.60,-1,-1,-1,-1
39,10,920.01,484.98,91.22,98.33,-1,-1,-1,-1
39,11,674.43,462.78,61.46,194.93,-1,-1,-1,-1
39,12,685.26,498.05,47.17,159.81,-1,-1,-1,-1
39,13,1003.64,453.06,15.66,58.84,-1,-1,-1,-1
39,14,1093.19,439.39,44.70,141.52,-1,-1,-1,-1
39,16,1456.05,430.30,53.37,125.60,-1,-1,-1,-1
39,21,710.33,450.68,22.53,48.65,-1,-1,-1,-1
39,24,578.03,452.17,38.07,135.90,-1,-1,-1,-1
40,1,1637.03,401.46,273.62,477.16,-1,-1,-1,-1
40,2,612.21,443.97,84.26,268.81,-1,-1,-1,-1
40,3,1818.84,413.80,101.16,407.29,-1,-1,-1,-1
40,4,478.70,443.10,112.07,304.86,-1,-1,-1,-1
40,5,725.89,470.39,35.72,82.04,-1,-1,-1,-1
40,6,1005.17,448.19,42.07,74.98,-1,-1,-1,-1
40,7,1256.02,445.86,32.61,99.47,-1,-1,-1,-1
40,8,933.05,435.63,32.27,82.59,-1,-1,-1,-1
40,10,916.73,485.43,93.93,98.16,-1,-1,-1,-1
40,11,681.54,469.65,55.68,189.85,-1,-1,-1,-1
40,12,681.12,485.67,52.34,173.70,-1,-1,-1,-1
40,13,1004.24,453.24,15.05,59.88,-1,-1,-1,-1
40,14,1091.98,440.43,45.15,150.00,-1,-1,-1,-1
40,16,1457.58,430.55,56.87,125.41,-1,-1,-1,-1
40,21,711.99,451.33,22.51,50.07,-1,-1,-1,-1
40,24,578.41,452.48,38.60,135.47,-1,-1,-1,-1
41,1,1637.94,402.17,279.11,482.71,-1,-1,-1,-1
41,2,613.14,442.57,85.62,270.65,-1,-1,-1,-1
41,3,1832.98,409.80,87.02,412.19,-1,-1,-1,-1
41,4,479.17,443.67,111.53,307.04,-1,-1,-1,-1
41,5,730.82,463.43,33.80,81.95,-1,-1,-1,-1
41,6,1004.61,448.40,43.29,75.81,-1,-1,-1,-1
41,7,1256.62,446.38,32.83,98.78,-1,-1,-1,-1
41,8,932.88,435.24,32.44,82.90,-1,-1,-1,-1
41,10,922.91,485.74,87.80,97.73,-1,-1,-1,-1
41,11,684.45,469.98,54.34,191.34,-1,-1,-1,-1
41,12,676.98,473.29,57.51,187.59,-1,-1,-1,-1
41,13,1003.67,452.84,15.90,65.25,-1,-1,-1,-1
41,14,1091.46,440.09,45.06,153.43,-1,-1,-1,-1
41,16,1458.97,430.80,56.89,124.80,-1,-1,-1,-1
41,21,712.63,450.55,24.70,48.55,-1,-1,-1,-1
41,24,578.69,453.26,39.20,135.38,-1,-1,-1,-1
42,1,1643.16,400.04,276.43,486.75,-1,-1,-1,-1
42,2,613.53,443.57,86.81,268.62,-1,-1,-1,-1
42,3,1842.54,392.46,77.46,431.51,-1,-1,-1,-1
42,4,479.07,444.62,111.82,307.77,-1,-1,-1,-1
42,5,732.87,460.97,33.34,85.02,-1,-1,-1,-1
42,6,1004.42,447.87,41.60,76.43,-1,-1,-1,-1
42,7,1256.76,445.91,32.32,99.36,-1,-1,-1,-1
42,8,933.24,435.69,32.14,82.51,-1,-1,-1,-1
42,10,922.25,486.47,88.15,97.38,-1,-1,-1,-1
42,11,687.13,469.86,52.62,192.35,-1,-1,-1,-1
42,12,672.84,460.91,62.68,201.48,-1,-1,-1,-1
42,13,1003.72,452.97,16.17,64.65,-1,-1,-1,-1
42,14,1091.34,440.22,45.64,155.70,-1,-1,-1,-1
42,16,1460.37,430.82,57.85,124.75,-1,-1,-1,-1
42,21,713.71,450.12,25.86,49.53,-1,-1,-1,-1
42,24,579.14,452.80,38.99,136.29,-1,-1,-1,-1
43,1,1651.92,398.16,268.08,489.60,-1,-1,-1,-1
43,2,615.14,444.68,87.55,266.93,-1,-1,-1,-1
43,3,1852.30,387.87,67.70,436.40,-1,-1,-1,-1
43,4,478.71,444.75,111.62,311.30,-1,-1,-1,-1
43,5,733.64,460.36,32.54,94.06,-1,-1,-1,-1
43,6,1004.51,445.52,42.05,79.16,-1,-1,-1,-1
43,7,1256.78,445.97,31.19,98.98,-1,-1,-1,-1
43,8,933.31,435.79,31.98,82.53,-1,-1,-1,-1
43,10,916.72,485.79,93.73,98.74,-1,-1,-1,-1
43,11,690.49,476.28,49.94,186.51,-1,-1,-1,-1
43,12,673.57,462.21,64.74,200.03,-1,-1,-1,-1
43,13,1003.70,452.72,16.06,67.48,-1,-1,-1,-1
43,14,1095.85,439.91,41.58,127.25,-1,-1,-1,-1
43,16,1463.31,430.84,56.42,124.51,-1,-1,-1,-1
43,21,715.10,449.21,24.93,50.91,-1,-1,-1,-1
43,24,579.43,451.38,38.61,138.00,-1,-1,-1,-1
44,1,1664.30,396.51,255.70,490.85,-1,-1,-1,-1
44,2,617.01,443.98,87.07,267.42,-1,-1,-1,-1
44,3,1865.02,405.73,54.98,410.96,-1,-1,-1,-1
44,4,478.49,444.91,111.83,314.08,-1,-1,-1,-1
44,5,734.96,460.17,31.67,97.15,-1,-1,-1,-1
44,6,1004.50,447.86,44.09,76.22,-1,-1,-1,-1
44,7,1256.83,446.14,31.23,98.88,-1,-1,-1,-1
44,8,933.41,436.04,31.73,82.27,-1,-1,-1,-1
44,10,915.13,485.61,95.21,99.08,-1,-1,-1,-1
44,11,691.15,477.84,52.66,186.39,-1,-1,-1,-1
44,12,678.12,461.15,60.38,202.48,-1,-1,-1,-1
44,13,1003.97,453.46,16.38,65.20,-1,-1,-1,-1
44,14,1098.11,440.06,39.27,114.93,-1,-1,-1,-1
44,16,1466.37,431.04,53.98,124.90,-1,-1,-1,-1
44,21,716.26,449.07,23.70,49.31,-1,-1,-1,-1
44,24,578.83,447.93,39.70,141.54,-1,-1,-1,-1
45,1,1684.93,393.19,235.07,493.73,-1,-1,-1,-1
45,2,617.72,444.33,87.71,266.88,-1,-1,-1,-1
45,3,1872.67,430.58,47.33,394.26,-1,-1,-1,-1
45,4,478.57,444.58,111.62,315.92,-1,-1,-1,-1
45,5,735.20,459.50,31.32,99.79,-1,-1,-1,-1
45,6,1004.89,451.21,45.76,71.07,-1,-1,-1,-1
45,7,1257.30,446.02,32.24,98.95,-1,-1,-1,-1
45,8,933.15,436.12,31.91,82.26,-1,-1,-1,-1
45,10,912.83,485.57,97.53,99.26,-1,-1,-1,-1
45,11,687.87,469.58,57.70,194.22,-1,-1,-1,-1
45,13,1004.38,453.40,16.43,63.20,-1,-1,-1,-1
45,14,1099.24,439.65,37.75,110.51,-1,-1,-1,-1
45,16,1474.91,431.22,46.28,124.22,-1,-1,-1,-1
45,21,715.94,449.22,24.46,47.67,-1,-1,-1,-1
45,24,578.48,445.32,41.36,144.37,-1,-1,-1,-1
46,1,1705.66,391.77,214.34,494.96,-1,-1,-1,-1
46,2,617.77,442.86,89.14,269.95,-1,-1,-1,-1
46,3,1874.56,418.95,45.44,407.60,-1,-1,-1,-1
46,4,476.94,443.74,112.88,318.27,-1,-1,-1,-1
46,5,736.78,459.40,30.46,102.10,-1,-1,-1,-1
46,6,1005.03,446.77,41.97,76.40,-1,-1,-1,-1
46,7,1257.47,445.93,31.78,98.73,-1,-1,-1,-1
46,8,933.10,436.16,32.05,82.10,-1,-1,-1,-1
46,10,912.33,485.80,97.64,99.18,-1,-1,-1,-1
46,11,689.11,465.79,59.48,198.30,-1,-1,-1,-1
46,13,1004.52,452.98,15.70,63.97,-1,-1,-1,-1
46,14,1099.46,439.21,37.38,109.24,-1,-1,-1,-1
46,16,1481.69,431.31,40.22,123.40,-1,-1,-1,-1
46,21,716.91,449.72,24.42,48.32,-1,-1,-1,-1
46,24,578.53,444.78,42.00,144.85,-1,-1,-1,-1
47,1,1726.36,387.82,193.64,499.01,-1,-1,-1,-1
47,2,618.28,441.16,89.73,272.19,-1,-1,-1,-1
47,3,1881.89,441.96,38.11,372.41,-1,-1,-1,-1
47,4,476.71,443.61,112.72,318.91,-1,-1,-1,-1
47,5,737.15,459.50,30.84,103.03,-1,-1,-1,-1
47,6,1005.23,445.31,40.11,79.19,-1,-1,-1,-1
47,7,1257.57,445.72,32.76,99.22,-1,-1,-1,-1
47,8,933.11,436.39,31.95,81.32,-1,-1,-1,-1
47,10,914.44,486.45,96.03,97.63,-1,-1,-1,-1
47,11,693.25,467.35,55.99,196.65,-1,-1,-1,-1
47,13,1004.47,452.94,15.59,63.87,-1,-1,-1,-1
47,14,1099.39,441.25,37.20,105.10,-1,-1,-1,-1
47,16,1487.30,431.56,35.61,122.12,-1,-1,-1,-1
47,21,717.43,448.89,25.38,50.15,-1,-1,-1,-1
47,24,577.73,443.54,46.55,146.72,-1,-1,-1,-1
48,1,1753.26,385.43,166.74,501.17,-1,-1,-1,-1
48,2,619.83,442.69,88.02,269.01,-1,-1,-1,-1
48,4,473.39,442.87,115.82,319.46,-1,-1,-1,-1
48,5,736.66,460.02,32.48,102.97,-1,-1,-1,-1
48,6,1005.10,444.39,41.73,80.89,-1,-1,-1,-1
48,7,1258.28,445.19,34.02,99.70,-1,-1,-1,-1
48,8,933.11,435.56,32.16,82.78,-1,-1,-1,-1
48,10,915.94,486.52,94.44,97.04,-1,-1,-1,-1
48,11,690.63,463.63,58.75,200.45,-1,-1,-1,-1
48,13,1004.23,453.28,15.25,61.65,-1,-1,-1,-1
48,14,1099.14,441.92,37.51,103.62,-1,-1,-1,-1
48,16,1494.14,433.56,31.04,120.20,-1,-1,-1,-1
48,21,717.05,449.39,27.56,48.93,-1,-1,-1,-1
48,24,577.21,442.16,45.79,147.85,-1,-1,-1,-1
49,1,1784.00,384.19,136.00,501.54,-1,-1,-1,-1
49,2,621.12,442.13,88.16,270.40,-1,-1,-1,-1
49,4,473.40,441.07,116.10,321.26,-1,-1,-1,-1
49,5,738.02,460.03,34.24,102.00,-1,-1,-1,-1
49,6,1006.12,445.34,43.50,80.62,-1,-1,-1,-1
49,7,1259.45,445.18,34.74,99.59,-1,-1,-1,-1
49,8,932.99,435.59,32.16,81.83,-1,-1,-1,-1
49,10,918.84,485.94,91.80,97.53,-1,-1,-1,-1
49,11,689.40,458.05,61.80,206.35,-1,-1,-1,-1
49,13,1004.66,453.51,14.44,61.20,-1,-1,-1,-1
49,14,1099.10,441.63,37.51,104.13,-1,-1,-1,-1
49,16,1498.46,434.72,27.73,119.32,-1,-1,-1,-1
49,21,717.81,449.92,27.14,49.09,-1,-1,-1,-1
49,24,577.07,445.87,45.00,144.05,-1,-1,-1,-1
50,1,1801.18,383.49,118.82,505.39,-1,-1,-1,-1
50,2,621.93,442.87,88.75,268.39,-1,-1,-1,-1
50,4,472.94,440.68,116.33,321.73,-1,-1,-1,-1
50,5,740.36,460.24,35.59,99.43,-1,-1,-1,-1
50,6,1006.99,444.10,40.46,81.38,-1,-1,-1,-1
50,7,1259.83,445.52,34.89,99.27,-1,-1,-1,-1
50,8,932.89,435.17,32.57,82.68,-1,-1,-1,-1
50,10,922.75,486.00,88.10,97.31,-1,-1,-1,-1
50,11,689.75,457.02,63.30,207.16,-1,-1,-1,-1
50,13,1004.04,453.51,14.69,60.26,-1,-1,-1,-1
50,14,1099.05,441.35,37.52,104.64,-1,-1,-1,-1
50,16,1501.05,436.17,30.31,117.82,-1,-1,-1,-1
50,21,718.14,448.86,29.31,54.00,-1,-1,-1,-1
50,24,579.19,446.97,43.05,142.88,-1,-1,-1,-1
50,29,1674.55,431.32,108.76,156.83,-1,-1,-1,-1
51,1,1815.06,382.81,104.94,505.30,-1,-1,-1,-1
51,2,622.47,442.43,89.63,269.45,-1,-1,-1,-1
51,4,472.39,440.07,116.73,322.32,-1,-1,-1,-1
51,5,739.63,461.63,36.59,100.24,-1,-1,-1,-1
51,6,1006.90,443.36,40.77,81.79,-1,-1,-1,-1
51,7,1260.24,445.24,35.69,99.33,-1,-1,-1,-1
51,8,933.07,435.23,32.60,82.95,-1,-1,-1,-1
51,10,924.57,486.39,86.89,96.90,-1,-1,-1,-1
51,11,690.93,455.78,62.64,208.20,-1,-1,-1,-1
51,13,1003.93,453.38,15.01,59.01,-1,-1,-1,-1
51,14,1099.01,441.07,37.53,105.15,-1,-1,-1,-1
51,16,1513.40,440.05,33.99,113.14,-1,-1,-1,-1
51,21,719.56,449.33,27.65,54.10,-1,-1,-1,-1
51,24,579.73,444.41,43.01,145.43,-1,-1,-1,-1
51,29,1673.94,431.41,108.31,154.66,-1,-1,-1,-1
52,1,1822.28,382.48,97.72,506.08,-1,-1,-1,-1
52,2,622.54,443.71,90.04,266.98,-1,-1,-1,-1
52,4,472.49,439.47,115.93,322.76,-1,-1,-1,-1
52,5,740.40,462.01,37.29,99.99,-1,-1,-1,-1
52,6,1006.10,443.71,45.21,82.03,-1,-1,-1,-1
52,7,1260.14,445.36,35.63,99.18,-1,-1,-1,-1
52,8,933.06,435.18,32.47,82.90,-1,-1,-1,-1
52,10,926.56,487.36,85.08,95.97,-1,-1,-1,-1
52,11,690.30,454.51,63.59,209.95,-1,-1,-1,-1
52,13,1003.24,453.61,15.05,58.05,-1,-1,-1,-1
52,14,1098.96,440.79,37.53,105.66,-1,-1,-1,-1
52,16,1519.78,443.95,36.28,108.48,-1,-1,-1,-1
52,21,725.39,448.86,22.36,51.79,-1,-1,-1,-1
52,24,579.62,442.23,42.79,147.58,-1,-1,-1,-1
52,29,1674.09,431.22,109.21,155.42,-1,-1,-1,-1
53,1,1824.42,385.91,95.58,501.85,-1,-1,-1,-1
53,2,623.66,444.37,89.66,266.09,-1,-1,-1,-1
53,4,472.29,439.27,115.29,322.69,-1,-1,-1,-1
53,5,741.18,462.40,37.98,99.74,-1,-1,-1,-1
53,6,1004.76,445.96,48.53,80.02,-1,-1,-1,-1
53,7,1260.08,445.38,35.59,99.15,-1,-1,-1,-1
53,8,932.91,435.23,32.09,82.62,-1,-1,-1,-1
53,10,924.89,487.38,86.64,95.38,-1,-1,-1,-1
53,11,690.37,453.78,64.92,211.16,-1,-1,-1,-1
53,13,1002.95,453.52,15.38,57.54,-1,-1,-1,-1
53,14,1098.92,440.51,37.54,106.17,-1,-1,-1,-1
53,16,1508.26,438.50,46.69,114.62,-1,-1,-1,-1
53,21,727.17,448.25,21.34,51.75,-1,-1,-1,-1
53,24,580.31,441.21,41.94,148.68,-1,-1,-1,-1
53,29,1673.79,431.28,108.35,154.43,-1,-1,-1,-1
54,1,1825.43,421.44,94.57,466.49,-1,-1,-1,-1
54,2,624.53,444.87,88.94,266.22,-1,-1,-1,-1
54,4,471.28,439.53,115.91,322.32,-1,-1,-1,-1
54,5,741.95,462.79,38.67,99.50,-1,-1,-1,-1
54,6,1004.82,446.58,48.30,79.81,-1,-1,-1,-1
54,7,1260.30,445.44,36.23,99.11,-1,-1,-1,-1
54,8,932.96,435.29,32.00,82.79,-1,-1,-1,-1
54,10,924.71,487.13,87.16,96.04,-1,-1,-1,-1
54,11,691.91,454.00,64.98,210.72,-1,-1,-1,-1
54,13,1002.67,453.68,15.53,57.52,-1,-1,-1,-1
54,14,1098.87,440.23,37.55,106.68,-1,-1,-1,-1
54,16,1504.28,442.41,55.82,110.70,-1,-1,-1,-1
54,21,728.61,448.20,21.30,49.90,-1,-1,-1,-1
54,24,579.94,441.05,43.01,148.82,-1,-1,-1,-1
54,29,1673.63,431.30,108.97,153.76,-1,-1,-1,-1
55,1,1825.20,435.33,94.80,451.89,-1,-1,-1,-1
55,2,625.03,444.85,88.43,267.27,-1,-1,-1,-1
55,4,471.27,440.04,115.38,321.84,-1,-1,-1,-1
55,5,742.72,463.17,39.37,99.25,-1,-1,-1,-1
55,6,1004.11,445.76,48.56,80.17,-1,-1,-1,-1
55,7,1260.41,445.65,35.80,98.87,-1,-1,-1,-1
55,8,933.07,435.34,32.06,82.86,-1,-1,-1,-1
55,10,927.67,486.74,84.35,96.59,-1,-1,-1,-1
55,11,693.48,454.05,64.83,211.70,-1,-1,-1,-1
55,13,1002.47,453.49,15.72,57.83,-1,-1,-1,-1
55,14,1098.83,439.95,37.55,107.19,-1,-1,-1,-1
55,16,1521.91,444.86,42.93,107.58,-1,-1,-1,-1
55,21,729.18,449.23,21.28,49.75,-1,-1,-1,-1
55,24,579.32,441.51,44.26,148.67,-1,-1,-1,-1
55,29,1673.44,431.29,109.10,154.39,-1,-1,-1,-1
56,1,1825.54,448.29,94.46,439.23,-1,-1,-1,-1
56,2,624.77,444.34,89.15,268.77,-1,-1,-1,-1
56,4,471.66,439.65,115.26,321.80,-1,-1,-1,-1
56,5,743.50,463.56,40.06,99.00,-1,-1,-1,-1
56,6,1004.33,446.80,41.49,78.34,-1,-1,-1,-1
56,7,1260.33,445.67,36.42,98.81,-1,-1,-1,-1
56,8,932.73,435.21,32.39,82.51,-1,-1,-1,-1
56,10,928.78,487.00,83.25,96.41,-1,-1,-1,-1
56,11,693.77,454.48,65.46,212.43,-1,-1,-1,-1
56,13,1002.66,453.57,16.17,58.43,-1,-1,-1,-1
56,14,1098.78,439.67,37.56,107.70,-1,-1,-1,-1
56,16,1530.67,447.96,36.07,103.68,-1,-1,-1,-1
56,21,730.20,448.59,21.24,50.41,-1,-1,-1,-1
56,24,579.96,443.60,44.23,146.50,-1,-1,-1,-1
56,29,1673.33,431.04,110.35,153.74,-1,-1,-1,-1
57,1,1826.39,464.56,93.61,421.68,-1,-1,-1,-1
57,2,624.38,444.29,89.86,270.19,-1,-1,-1,-1
57,4,471.46,439.53,116.47,321.60,-1,-1,-1,-1
57,5,744.27,463.94,40.76,98.76,-1,-1,-1,-1
57,6,1005.51,445.29,36.80,78.51,-1,-1,-1,-1
57,7,1260.05,445.40,36.66,99.08,-1,-1,-1,-1
57,8,932.77,435.24,32.37,82.22,-1,-1,-1,-1
57,10,930.98,488.12,81.39,95.32,-1,-1,-1,-1
57,11,693.37,454.95,66.28,213.57,-1,-1,-1,-1
57,13,1002.53,453.42,15.92,58.47,-1,-1,-1,-1
57,14,1098.74,439.38,37.57,108.21,-1,-1,-1,-1
57,16,1535.04,450.41,32.90,100.33,-1,-1,-1,-1
57,21,731.18,448.83,21.39,49.08,-1,-1,-1,-1
57,24,581.17,442.87,45.06,146.69,-1,-1,-1,-1
57,29,1673.65,431.06,110.24,151.68,-1,-1,-1,-1
58,1,1827.61,477.61,92.39,409.33,-1,-1,-1,-1
58,2,623.92,443.26,90.64,273.75,-1,-1,-1,-1
58,4,472.55,438.25,117.26,322.39,-1,-1,-1,-1
58,5,745.04,464.33,41.45,98.51,-1,-1,-1,-1
58,6,1007.47,446.53,33.19,77.15,-1,-1,-1,-1
58,7,1259.89,445.37,37.13,99.20,-1,-1,-1,-1
58,8,933.12,435.43,32.07,81.92,-1,-1,-1,-1
58,10,929.89,487.83,82.86,95.50,-1,-1,-1,-1
58,11,696.01,455.21,65.03,214.28,-1,-1,-1,-1
58,13,1003.23,453.67,16.70,59.12,-1,-1,-1,-1
58,14,1098.69,439.10,37.57,108.73,-1,-1,-1,-1
58,16,1536.48,452.30,31.76,98.53,-1,-1,-1,-1
58,21,732.39,449.07,21.46,47.68,-1,-1,-1,-1
58,24,581.05,446.90,45.83,142.64,-1,-1,-1,-1
58,29,1674.07,430.89,110.56,153.20,-1,-1,-1,-1
59,1,1830.66,478.33,89.34,408.56,-1,-1,-1,-1
59,2,623.38,442.87,91.73,275.04,-1,-1,-1,-1
59,4,472.93,437.82,123.07,323.51,-1,-1,-1,-1
59,5,745.82,464.71,42.14,98.26,-1,-1,-1,-1
59,6,1007.44,445.97,34.05,77.21,-1,-1,-1,-1
59,7,1260.21,443.03,38.06,101.49,-1,-1,-1,-1
59,8,933.36,435.67,31.79,81.60,-1,-1,-1,-1
59,10,927.88,487.12,84.54,96.07,-1,-1,-1,-1
59,11,697.87,455.27,64.70,214.65,-1,-1,-1,-1
59,13,1003.89,453.44,15.76,57.94,-1,-1,-1,-1
59,14,1098.65,438.82,37.58,109.24,-1,-1,-1,-1
59,16,1539.00,451.30,30.43,100.26,-1,-1,-1,-1
59,21,733.75,449.36,20.55,47.80,-1,-1,-1,-1
59,24,580.09,448.28,46.33,142.12,-1,-1,-1,-1
59,29,1675.37,430.83,109.53,151.62,-1,-1,-1,-1
60,1,1835.75,474.27,84.25,410.05,-1,-1,-1,-1
60,2,623.16,443.28,91.60,274.83,-1,-1,-1,-1
60,4,473.85,438.11,128.29,323.00,-1,-1,-1,-1
60,5,746.59,465.10,42.84,98.01,-1,-1,-1,-1
60,6,1007.17,445.20,33.66,77.71,-1,-1,-1,-1
60,7,1260.91,443.85,36.99,100.61,-1,-1,-1,-1
60,8,933.68,435.49,31.44,81.87,-1,-1,-1,-1
60,10,920.71,486.75,91.12,97.39,-1,-1,-1,-1
60,11,699.34,455.92,64.37,215.45,-1,-1,-1,-1
60,13,1004.09,453.10,15.80,59.61,-1,-1,-1,-1
60,14,1098.60,438.54,37.59,109.75,-1,-1,-1,-1
60,16,1543.22,449.74,28.37,100.70,-1,-1,-1,-1
60,21,734.02,450.72,20.79,46.28,-1,-1,-1,-1
60,24,581.21,453.04,43.39,137.09,-1,-1,-1,-1
60,29,1674.81,430.88,109.80,153.27,-1,-1,-1,-1
61,2,622.62,444.02,92.29,274.83,-1,-1,-1,-1
61,4,474.57,439.16,135.50,322.64,-1,-1,-1,-1
61,5,747.23,465.05,42.14,97.99,-1,-1,-1,-1
61,6,1005.59,444.89,34.39,77.79,-1,-1,-1,-1
61,7,1260.43,444.39,37.31,100.00,-1,-1,-1,-1
61,8,933.07,435.66,31.92,81.80,-1,-1,-1,-1
61,10,917.01,485.33,94.56,98.78,-1,-1,-1,-1
61,11,701.53,455.69,62.17,217.40,-1,-1,-1,-1
61,13,1003.88,453.62,16.37,58.53,-1,-1,-1,-1
61,14,1098.56,438.26,37.59,110.26,-1,-1,-1,-1
61,16,1528.03,435.96,40.89,114.99,-1,-1,-1,-1
61,21,734.35,449.81,21.56,48.93,-1,-1,-1,-1
61,24,580.37,454.10,43.33,135.64,-1,-1,-1,-1
61,29,1675.08,430.46,109.90,153.83,-1,-1,-1,-1
61,34,1034.81,454.08,26.03,75.67,-1,-1,-1,-1
62,2,621.60,444.02,93.27,276.29,-1,-1,-1,-1
62,4,477.39,439.76,139.18,323.37,-1,-1,-1,-1
62,5,747.88,465.01,41.44,97.96,-1,-1,-1,-1
62,6,1005.24,444.53,33.91,78.02,-1,-1,-1,-1
62,7,1259.45,444.46,38.02,99.90,-1,-1,-1,-1
62,8,932.77,436.06,32.16,80.82,-1,-1,-1,-1
62,10,913.48,484.53,98.11,99.70,-1,-1,-1,-1
62,11,701.79,456.26,62.15,217.40,-1,-1,-1,-1
62,14,1098.51,437.98,37.60,110.77,-1,-1,-1,-1
62,16,1525.51,431.31,42.54,119.43,-1,-1,-1,-1
62,21,734.39,450.69,22.85,48.96,-1,-1,-1,-1
62,24,581.29,456.42,41.61,133.27,-1,-1,-1,-1
62,29,1676.13,430.61,107.67,154.42,-1,-1,-1,-1
62,34,1034.76,455.91,27.13,73.45,-1,-1,-1,-1
63,2,620.27,445.12,93.37,277.63,-1,-1,-1,-1
63,4,478.02,440.27,144.93,323.83,-1,-1,-1,-1
63,5,748.52,464.98,38.67,98.83,-1,-1,-1,-1
63,6,1004.17,444.03,35.29,78.60,-1,-1,-1,-1
63,7,1258.78,440.53,39.02,104.07,-1,-1,-1,-1
63,8,932.54,436.16,32.48,81.06,-1,-1,-1,-1
63,10,913.14,484.94,98.24,99.97,-1,-1,-1,-1
63,11,701.25,457.55,61.83,216.49,-1,-1,-1,-1
63,14,1098.47,437.70,37.61,111.28,-1,-1,-1,-1
63,16,1528.28,430.67,37.43,119.88,-1,-1,-1,-1
63,21,734.95,450.47,23.79,49.48,-1,-1,-1,-1
63,23,1553.39,450.75,24.79,85.44,-1,-1,-1,-1
63,24,581.24,454.48,40.20,135.02,-1,-1,-1,-1
63,29,1674.79,430.53,108.64,154.76,-1,-1,-1,-1
63,34,1035.24,456.93,27.59,72.04,-1,-1,-1,-1
64,2,619.41,445.25,93.73,279.24,-1,-1,-1,-1
64,4,479.40,441.23,148.54,323.24,-1,-1,-1,-1
64,5,749.15,465.58,39.05,98.29,-1,-1,-1,-1
64,6,1003.74,444.06,34.86,79.06,-1,-1,-1,-1
64,7,1258.14,439.48,39.31,104.75,-1,-1,-1,-1
64,8,932.31,436.33,32.73,80.84,-1,-1,-1,-1
64,10,916.36,485.51,94.70,98.98,-1,-1,-1,-1
64,11,701.51,458.61,61.66,216.42,-1,-1,-1,-1
64,14,1098.42,437.41,37.61,111.79,-1,-1,-1,-1
64,16,1531.28,428.46,33.16,119.21,-1,-1,-1,-1
64,21,734.69,450.62,25.08,48.97,-1,-1,-1,-1
64,23,1554.91,441.30,23.54,91.83,-1,-1,-1,-1
64,24,580.62,453.60,39.07,135.74,-1,-1,-1,-1
64,29,1675.28,430.49,107.96,153.55,-1,-1,-1,-1
64,34,1035.10,456.60,27.30,73.07,-1,-1,-1,-1
65,2,618.70,445.58,94.04,280.61,-1,-1,-1,-1
65,4,480.56,441.56,151.30,324.26,-1,-1,-1,-1
65,5,749.78,466.19,39.43,97.75,-1,-1,-1,-1
65,6,1002.93,444.11,36.34,79.48,-1,-1,-1,-1
65,7,1257.69,439.98,39.00,103.99,-1,-1,-1,-1
65,8,931.93,436.49,33.03,80.36,-1,-1,-1,-1
65,10,917.46,485.60,93.56,99.16,-1,-1,-1,-1
65,11,701.45,458.13,60.99,217.39,-1,-1,-1,-1
65,14,1098.38,437.13,37.62,112.30,-1,-1,-1,-1
65,16,1535.11,428.39,31.74,121.15,-1,-1,-1,-1
65,21,736.44,450.38,24.31,49.11,-1,-1,-1,-1
65,23,1557.88,442.36,21.36,91.05,-1,-1,-1,-1
65,24,580.89,451.55,35.97,135.46,-1,-1,-1,-1
65,29,1676.76,430.26,106.30,154.05,-1,-1,-1,-1
65,34,1034.12,457.92,28.63,70.45,-1,-1,-1,-1
66,2,618.46,445.15,94.21,280.62,-1,-1,-1,-1
66,4,481.87,441.68,162.05,325.63,-1,-1,-1,-1
66,5,750.41,466.82,39.89,99.50,-1,-1,-1,-1
66,6,1003.03,444.01,36.04,79.59,-1,-1,-1,-1
66,7,1257.47,439.28,39.35,104.66,-1,-1,-1,-1
66,8,931.89,436.56,32.78,80.10,-1,-1,-1,-1
66,10,919.21,486.90,91.73,97.31,-1,-1,-1,-1
66,11,701.36,456.80,61.96,219.09,-1,-1,-1,-1
66,14,1098.47,437.09,37.39,112.69,-1,-1,-1,-1
66,16,1536.56,429.57,31.64,120.86,-1,-1,-1,-1
66,21,738.38,450.39,23.66,49.64,-1,-1,-1,-1
66,23,1560.05,442.74,21.01,94.17,-1,-1,-1,-1
66,24,580.51,450.57,34.55,136.94,-1,-1,-1,-1
66,29,1676.62,430.37,106.01,155.21,-1,-1,-1,-1
66,34,1034.02,456.50,28.50,71.29,-1,-1,-1,-1
67,2,618.13,445.10,95.22,280.97,-1,-1,-1,-1
67,4,483.58,442.09,164.32,326.04,-1,-1,-1,-1
67,5,751.60,467.60,39.71,94.33,-1,-1,-1,-1
67,6,1002.04,443.91,36.81,79.53,-1,-1,-1,-1
67,7,1258.23,442.74,37.62,102.27,-1,-1,-1,-1
67,8,932.20,436.50,32.60,79.93,-1,-1,-1,-1
67,10,920.65,490.51,90.02,93.99,-1,-1,-1,-1
67,11,701.62,456.09,62.74,220.08,-1,-1,-1,-1
67,14,1098.70,437.34,37.38,111.81,-1,-1,-1,-1
67,16,1537.84,431.14,32.95,119.67,-1,-1,-1,-1
67,21,739.51,450.64,23.77,49.32,-1,-1,-1,-1
67,23,1562.07,444.90,20.13,98.11,-1,-1,-1,-1
67,29,1675.69,430.49,107.11,155.62,-1,-1,-1,-1
67,34,1033.75,454.91,29.83,72.69,-1,-1,-1,-1
68,2,616.67,445.59,96.88,280.95,-1,-1,-1,-1
68,4,489.18,443.10,158.20,325.69,-1,-1,-1,-1
68,5,754.46,474.62,38.00,92.47,-1,-1,-1,-1
68,6,1002.09,443.56,37.04,79.89,-1,-1,-1,-1
68,7,1258.53,444.98,37.25,99.44,-1,-1,-1,-1
68,8,932.26,436.48,32.64,80.75,-1,-1,-1,-1
68,10,925.83,486.81,85.05,96.46,-1,-1,-1,-1
68,11,701.56,455.32,65.55,220.63,-1,-1,-1,-1
68,14,1098.93,437.49,37.41,110.80,-1,-1,-1,-1
68,16,1537.04,429.97,38.52,120.66,-1,-1,-1,-1
68,21,740.35,450.64,25.89,48.91,-1,-1,-1,-1
68,23,1555.56,437.84,27.92,110.07,-1,-1,-1,-1
68,29,1675.99,430.90,105.97,151.98,-1,-1,-1,-1
68,34,1034.76,452.88,32.54,75.48,-1,-1,-1,-1
69,2,615.78,444.83,97.34,282.60,-1,-1,-1,-1
69,4,492.42,442.62,153.74,325.93,-1,-1,-1,-1
69,5,755.32,471.98,38.06,94.59,-1,-1,-1,-1
69,6,1001.99,443.25,37.39,80.24,-1,-1,-1,-1
69,7,1258.59,445.79,37.06,98.42,-1,-1,-1,-1
69,8,932.36,436.49,32.49,80.88,-1,-1,-1,-1
69,10,926.81,484.57,84.51,98.40,-1,-1,-1,-1
69,11,701.68,455.71,65.54,220.29,-1,-1,-1,-1
69,14,1098.99,437.69,37.51,109.71,-1,-1,-1,-1
69,16,1541.53,429.12,39.70,121.13,-1,-1,-1,-1
69,21,741.47,450.11,25.79,49.79,-1,-1,-1,-1
69,29,1675.89,431.08,106.31,150.86,-1,-1,-1,-1
69,34,1039.00,453.13,29.31,64.48,-1,-1,-1,-1
69,36,497.47,454.80,32.36,54.57,-1,-1,-1,-1
70,2,615.19,444.67,97.20,283.53,-1,-1,-1,-1
70,4,492.29,443.06,152.96,325.57,-1,-1,-1,-1
70,5,757.27,470.67,36.63,97.09,-1,-1,-1,-1
70,6,1001.80,443.13,37.56,80.33,-1,-1,-1,-1
70,7,1258.44,444.28,36.45,99.63,-1,-1,-1,-1
70,8,932.37,436.47,32.46,80.94,-1,-1,-1,-1
70,10,925.85,486.86,85.18,95.74,-1,-1,-1,-1
70,11,701.54,454.99,66.24,220.86,-1,-1,-1,-1
70,14,1098.93,437.83,37.65,109.29,-1,-1,-1,-1
70,16,1541.55,428.90,41.83,121.09,-1,-1,-1,-1
70,21,743.76,448.97,25.32,50.72,-1,-1,-1,-1
70,29,1675.42,431.04,107.18,150.90,-1,-1,-1,-1
70,34,1040.62,453.61,28.33,58.67,-1,-1,-1,-1
70,36,496.71,454.83,32.23,55.28,-1,-1,-1,-1
71,2,614.53,443.69,97.87,284.20,-1,-1,-1,-1
71,4,497.64,443.70,146.76,324.47,-1,-1,-1,-1
71,5,757.47,469.24,36.87,100.09,-1,-1,-1,-1
71,6,1001.44,442.82,37.66,80.66,-1,-1,-1,-1
71,7,1258.56,446.13,36.19,97.91,-1,-1,-1,-1
71,8,932.54,436.70,32.29,80.30,-1,-1,-1,-1
71,10,920.70,486.83,90.21,96.44,-1,-1,-1,-1
71,11,700.41,454.19,67.90,221.68,-1,-1,-1,-1
71,14,1099.14,437.30,37.40,110.07,-1,-1,-1,-1
71,16,1543.55,427.71,40.51,122.25,-1,-1,-1,-1
71,21,746.70,448.69,23.29,50.77,-1,-1,-1,-1
71,29,1675.81,431.05,106.32,151.20,-1,-1,-1,-1
71,34,1043.65,452.42,26.01,56.36,-1,-1,-1,-1
71,36,496.32,454.94,32.58,59.92,-1,-1,-1,-1
72,2,613.80,443.21,98.00,283.71,-1,-1,-1,-1
72,4,498.97,442.59,144.62,325.37,-1,-1,-1,-1
72,6,1001.45,442.66,36.87,81.02,-1,-1,-1,-1
72,7,1258.64,446.05,36.84,98.07,-1,-1,-1,-1
72,8,932.55,436.72,32.30,79.96,-1,-1,-1,-1
72,10,920.73,488.27,90.33,95.07,-1,-1,-1,-1
72,11,699.87,453.27,68.40,222.59,-1,-1,-1,-1
72,14,1099.23,436.70,37.36,111.20,-1,-1,-1,-1
72,16,1544.99,421.51,40.69,128.44,-1,-1,-1,-1
72,21,749.16,448.28,23.35,52.38,-1,-1,-1,-1
72,29,1675.97,431.06,107.40,152.48,-1,-1,-1,-1
72,34,1044.98,452.19,27.64,55.51,-1,-1,-1,-1
72,36,495.12,454.95,34.19,63.27,-1,-1,-1,-1
73,2,614.58,442.97,96.62,284.49,-1,-1,-1,-1
73,4,504.56,442.12,138.49,325.85,-1,-1,-1,-1
73,6,1001.72,442.57,36.74,81.05,-1,-1,-1,-1
73,7,1258.81,446.59,36.95,97.45,-1,-1,-1,-1
73,8,932.56,436.74,32.28,79.78,-1,-1,-1,-1
73,10,923.82,485.77,86.83,97.83,-1,-1,-1,-1
73,11,700.15,452.43,67.72,223.45,-1,-1,-1,-1
73,14,1099.37,436.87,37.23,111.28,-1,-1,-1,-1
73,16,1546.24,420.12,39.83,129.88,-1,-1,-1,-1
73,21,749.99,448.01,23.48,55.04,-1,-1,-1,-1
73,29,1675.70,431.08,107.61,153.35,-1,-1,-1,-1
73,34,1045.21,452.69,28.23,54.54,-1,-1,-1,-1
73,36,495.32,454.97,34.56,63.84,-1,-1,-1,-1
73,37,471.91,462.43,34.52,111.11,-1,-1,-1,-1
74,2,615.87,442.96,95.23,284.75,-1,-1,-1,-1
74,4,509.26,441.51,133.55,326.68,-1,-1,-1,-1
74,6,1001.67,442.77,36.70,80.61,-1,-1,-1,-1
74,7,1258.73,446.53,37.07,97.55,-1,-1,-1,-1
74,8,932.62,436.22,32.13,81.01,-1,-1,-1,-1
74,10,920.44,483.27,90.06,100.83,-1,-1,-1,-1
74,11,700.85,452.37,69.96,223.43,-1,-1,-1,-1
74,14,1099.33,437.09,37.25,112.28,-1,-1,-1,-1
74,16,1547.17,419.52,39.91,129.97,-1,-1,-1,-1
74,21,750.37,448.39,23.28,54.86,-1,-1,-1,-1
74,29,1675.05,431.01,108.35,152.72,-1,-1,-1,-1
74,34,1045.02,452.76,28.63,52.50,-1,-1,-1,-1
74,36,495.39,454.99,33.94,62.89,-1,-1,-1,-1
74,37,470.77,463.06,34.52,109.59,-1,-1,-1,-1
75,2,617.60,442.73,92.89,285.20,-1,-1,-1,-1
75,4,515.67,440.96,127.40,327.43,-1,-1,-1,-1
75,6,1002.00,443.18,35.70,80.14,-1,-1,-1,-1
75,7,1258.78,446.94,36.84,97.10,-1,-1,-1,-1
75,8,932.51,436.83,32.62,80.22,-1,-1,-1,-1
75,10,924.78,482.94,85.67,100.79,-1,-1,-1,-1
75,11,701.22,452.11,69.27,223.68,-1,-1,-1,-1
75,14,1099.02,438.12,37.54,111.09,-1,-1,-1,-1
75,16,1550.79,419.40,38.19,130.26,-1,-1,-1,-1
75,21,751.16,448.36,23.44,52.42,-1,-1,-1,-1
75,29,1675.33,430.83,107.42,152.94,-1,-1,-1,-1
75,34,1044.62,452.56,30.11,53.41,-1,-1,-1,-1
75,36,495.46,455.02,33.69,61.74,-1,-1,-1,-1
75,37,470.80,461.03,34.66,108.12,-1,-1,-1,-1
75,38,1076.99,484.97,48.04,112.10,-1,-1,-1,-1
76,2,619.20,442.59,91.20,284.88,-1,-1,-1,-1
76,4,520.05,441.33,123.29,327.37,-1,-1,-1,-1
76,6,1002.46,443.99,35.17,79.31,-1,-1,-1,-1
76,7,1258.88,447.20,36.77,96.88,-1,-1,-1,-1
76,8,932.59,436.94,32.58,79.57,-1,-1,-1,-1
76,10,927.65,483.84,82.93,99.58,-1,-1,-1,-1
76,11,702.48,452.63,72.06,222.94,-1,-1,-1,-1
76,14,1098.84,438.70,37.68,110.69,-1,-1,-1,-1
76,16,1554.22,421.32,33.52,128.26,-1,-1,-1,-1
76,21,751.87,448.89,23.31,50.20,-1,-1,-1,-1
76,29,1676.47,430.90,105.54,153.30,-1,-1,-1,-1
76,34,1045.88,452.41,29.32,54.52,-1,-1,-1,-1
76,36,495.40,455.05,33.64,62.72,-1,-1,-1,-1
76,37,469.78,452.87,35.40,118.05,-1,-1,-1,-1
76,38,1077.34,485.39,47.71,111.72,-1,-1,-1,-1
77,2,619.35,442.45,90.89,284.74,-1,-1,-1,-1
77,4,520.89,441.38,122.45,327.48,-1,-1,-1,-1
77,6,1002.10,444.57,34.77,78.55,-1,-1,-1,-1
77,7,1258.90,447.28,36.83,96.81,-1,-1,-1,-1
77,8,932.59,437.00,32.60,79.32,-1,-1,-1,-1
77,10,927.61,489.67,82.73,94.14,-1,-1,-1,-1
77,11,703.28,452.26,77.03,224.01,-1,-1,-1,-1
77,14,1098.77,438.92,37.72,110.58,-1,-1,-1,-1
77,16,1556.70,419.34,28.79,130.28,-1,-1,-1,-1
77,21,752.82,449.42,22.83,48.66,-1,-1,-1,-1
77,29,1677.22,431.02,104.62,153.29,-1,-1,-1,-1
77,34,1047.04,452.18,28.42,57.12,-1,-1,-1,-1
77,36,495.21,455.13,33.43,62.77,-1,-1,-1,-1
77,37,469.18,449.46,34.23,121.26,-1,-1,-1,-1
77,38,1076.40,485.41,48.54,111.56,-1,-1,-1,-1
78,2,622.86,441.98,87.04,285.85,-1,-1,-1,-1
78,4,524.23,441.55,121.71,327.42,-1,-1,-1,-1
78,6,1000.91,444.81,37.02,78.81,-1,-1,-1,-1
78,7,1258.01,445.08,38.48,99.14,-1,-1,-1,-1
78,8,932.59,437.13,32.88,79.99,-1,-1,-1,-1
78,10,926.53,488.91,84.05,94.99,-1,-1,-1,-1
78,11,704.46,451.92,81.23,224.27,-1,-1,-1,-1
78,14,1101.69,444.89,35.10,103.54,-1,-1,-1,-1
78,21,753.79,448.56,23.59,49.49,-1,-1,-1,-1
78,29,1690.88,431.12,93.49,152.59,-1,-1,-1,-1
78,34,1048.51,454.29,27.75,62.07,-1,-1,-1,-1
78,36,494.13,454.94,33.13,68.99,-1,-1,-1,-1
78,37,469.67,456.12,32.72,111.09,-1,-1,-1,-1
78,38,1077.93,461.14,49.37,133.20,-1,-1,-1,-1
79,2,624.15,441.51,86.55,285.78,-1,-1,-1,-1
79,4,537.50,443.28,109.83,326.83,-1,-1,-1,-1
79,6,1000.42,444.75,39.11,79.02,-1,-1,-1,-1
79,7,1257.98,445.24,38.60,99.13,-1,-1,-1,-1
79,8,932.73,437.07,32.65,80.33,-1,-1,-1,-1
79,10,925.45,488.14,85.37,95.84,-1,-1,-1,-1
79,11,705.63,452.43,87.98,224.30,-1,-1,-1,-1
79,14,1096.98,441.75,40.54,136.94,-1,-1,-1,-1
79,21,755.36,447.68,23.56,50.65,-1,-1,-1,-1
79,29,1695.71,431.05,89.36,152.57,-1,-1,-1,-1
79,34,1049.77,456.15,26.58,59.90,-1,-1,-1,-1
79,36,493.96,454.97,32.86,66.83,-1,-1,-1,-1
79,37,468.65,457.90,33.25,108.68,-1,-1,-1,-1
79,38,1079.54,454.12,50.86,141.78,-1,-1,-1,-1
80,2,625.54,441.50,84.41,284.18,-1,-1,-1,-1
80,4,536.98,443.54,112.53,328.12,-1,-1,-1,-1
80,6,1001.36,444.67,38.60,78.53,-1,-1,-1,-1
80,7,1258.48,445.54,38.19,98.98,-1,-1,-1,-1
80,8,932.64,436.86,32.49,80.01,-1,-1,-1,-1
80,10,924.37,487.37,86.69,96.69,-1,-1,-1,-1
80,11,707.00,453.14,92.98,223.81,-1,-1,-1,-1
80,14,1096.13,440.38,41.31,142.97,-1,-1,-1,-1
80,21,757.23,447.71,22.66,49.32,-1,-1,-1,-1
80,29,1698.29,431.21,87.15,151.75,-1,-1,-1,-1
80,34,1051.40,450.52,25.07,61.87,-1,-1,-1,-1
80,36,493.73,454.91,32.88,64.53,-1,-1,-1,-1
80,37,468.88,460.80,32.13,105.21,-1,-1,-1,-1
80,38,1079.72,464.10,54.05,130.91,-1,-1,-1,-1
81,2,626.78,441.67,83.78,285.09,-1,-1,-1,-1
81,4,535.05,442.13,115.87,333.33,-1,-1,-1,-1
81,6,1001.84,444.78,37.33,78.55,-1,-1,-1,-1
81,7,1258.55,444.19,38.37,100.33,-1,-1,-1,-1
81,8,932.65,436.85,32.41,79.98,-1,-1,-1,-1
81,10,923.29,486.61,88.01,97.54,-1,-1,-1,-1
81,11,709.41,454.48,96.38,222.71,-1,-1,-1,-1
81,14,1096.62,439.91,40.64,132.32,-1,-1,-1,-1
81,21,758.01,447.77,23.09,49.23,-1,-1,-1,-1
81,29,1698.95,431.17,86.80,151.84,-1,-1,-1,-1
81,34,1052.58,450.40,24.54,66.41,-1,-1,-1,-1
81,36,493.25,454.87,34.41,78.35,-1,-1,-1,-1
81,37,468.93,462.86,31.15,103.10,-1,-1,-1,-1
81,38,1080.89,446.21,53.72,148.23,-1,-1,-1,-1
82,2,628.07,441.76,81.25,285.94,-1,-1,-1,-1
82,4,529.98,441.32,122.52,337.40,-1,-1,-1,-1
82,6,1002.50,444.96,37.08,78.30,-1,-1,-1,-1
82,7,1259.35,445.02,38.43,99.25,-1,-1,-1,-1
82,8,932.55,436.53,32.76,81.04,-1,-1,-1,-1
82,10,922.21,485.84,89.33,98.39,-1,-1,-1,-1
82,11,711.19,454.59,98.91,222.57,-1,-1,-1,-1
82,14,1097.61,439.78,39.78,118.99,-1,-1,-1,-1
82,21,759.28,448.61,23.36,46.76,-1,-1,-1,-1
82,29,1692.12,431.00,92.81,152.57,-1,-1,-1,-1
82,34,1053.84,444.30,24.62,66.70,-1,-1,-1,-1
82,36,493.21,454.34,34.31,82.45,-1,-1,-1,-1
82,37,468.29,463.00,30.77,100.42,-1,-1,-1,-1
82,38,1081.07,459.19,47.53,129.10,-1,-1,-1,-1
82,40,498.19,442.46,92.85,303.73,-1,-1,-1,-1
83,2,631.23,441.67,79.04,286.35,-1,-1,-1,-1
83,4,538.30,441.24,117.07,337.47,-1,-1,-1,-1
83,6,1002.57,444.99,36.99,78.45,-1,-1,-1,-1
83,7,1260.47,444.58,38.03,99.22,-1,-1,-1,-1
83,8,932.69,436.53,32.86,81.71,-1,-1,-1,-1
83,10,921.13,485.08,90.65,99.24,-1,-1,-1,-1
83,11,713.90,455.77,98.69,222.12,-1,-1,-1,-1
83,14,1099.07,439.31,38.29,112.51,-1,-1,-1,-1
83,21,760.32,449.03,23.24,46.12,-1,-1,-1,-1
83,29,1680.43,430.93,102.20,152.70,-1,-1,-1,-1
83,34,1054.55,442.96,24.17,66.71,-1,-1,-1,-1
83,36,493.44,454.61,32.99,75.43,-1,-1,-1,-1
83,37,467.85,463.71,31.23,98.92,-1,-1,-1,-1
83,38,1081.76,468.42,44.23,119.56,-1,-1,-1,-1
83,40,497.30,443.79,96.01,303.51,-1,-1,-1,-1
84,2,632.90,442.74,78.37,286.62,-1,-1,-1,-1
84,4,539.89,441.16,116.54,340.12,-1,-1,-1,-1
84,6,1002.85,444.83,38.25,78.48,-1,-1,-1,-1
84,7,1260.94,445.71,37.30,98.25,-1,-1,-1,-1
84,8,932.69,436.28,33.06,82.54,-1,-1,-1,-1
84,10,919.04,485.73,92.89,99.09,-1,-1,-1,-1
84,11,716.67,455.36,97.43,223.85,-1,-1,-1,-1
84,14,1099.44,439.20,37.99,110.13,-1,-1,-1,-1
84,21,761.58,449.00,23.57,45.14,-1,-1,-1,-1
84,29,1690.89,430.85,91.80,152.77,-1,-1,-1,-1
84,36,493.74,454.65,33.47,72.58,-1,-1,-1,-1
84,37,467.21,464.87,32.26,98.77,-1,-1,-1,-1
84,38,1082.08,469.42,42.91,113.92,-1,-1,-1,-1
84,40,498.16,444.48,94.88,302.00,-1,-1,-1,-1
85,2,633.57,443.50,77.58,286.54,-1,-1,-1,-1
85,4,541.60,441.32,116.26,342.67,-1,-1,-1,-1
85,6,1003.21,444.97,38.23,78.96,-1,-1,-1,-1
85,7,1261.10,445.70,37.19,98.39,-1,-1,-1,-1
85,8,932.85,436.43,32.86,82.02,-1,-1,-1,-1
85,10,922.36,485.48,89.36,99.25,-1,-1,-1,-1
85,11,719.15,456.89,94.76,223.19,-1,-1,-1,-1
85,14,1100.58,444.75,36.83,104.11,-1,-1,-1,-1
85,21,763.18,449.58,22.75,45.35,-1,-1,-1,-1
85,29,1684.44,430.68,98.45,153.32,-1,-1,-1,-1
85,36,493.77,454.73,34.74,67.83,-1,-1,-1,-1
85,37,467.32,466.91,31.50,93.13,-1,-1,-1,-1
85,38,1081.66,474.75,42.84,104.88,-1,-1,-1,-1
85,40,498.37,445.14,93.65,302.61,-1,-1,-1,-1
86,2,634.19,443.62,79.03,287.38,-1,-1,-1,-1
86,4,542.09,441.32,116.50,340.73,-1,-1,-1,-1
86,6,1003.75,445.50,37.31,78.28,-1,-1,-1,-1
86,7,1261.93,445.83,36.08,98.94,-1,-1,-1,-1
86,8,932.86,436.60,32.85,82.30,-1,-1,-1,-1
86,10,924.84,486.29,85.95,97.34,-1,-1,-1,-1
86,11,721.24,456.50,92.84,224.61,-1,-1,-1,-1
86,14,1100.57,444.38,36.91,104.71,-1,-1,-1,-1
86,29,1684.19,430.82,97.76,152.22,-1,-1,-1,-1
86,36,493.58,454.64,33.09,67.20,-1,-1,-1,-1
86,37,467.08,466.92,30.42,90.28,-1,-1,-1,-1
86,38,1081.07,467.49,45.00,120.57,-1,-1,-1,-1
86,40,501.81,445.63,91.29,304.34,-1,-1,-1,-1
87,2,636.97,443.96,81.64,289.64,-1,-1,-1,-1
87,4,541.87,441.69,118.17,337.32,-1,-1,-1,-1
87,6,1003.98,445.28,37.18,78.39,-1,-1,-1,-1
87,7,1262.43,446.13,35.62,99.20,-1,-1,-1,-1
87,8,932.77,436.39,32.93,82.28,-1,-1,-1,-1
87,10,930.44,491.48,79.80,91.86,-1,-1,-1,-1
87,11,722.35,453.93,91.87,227.05,-1,-1,-1,-1
87,14,1100.56,444.01,36.99,105.31,-1,-1,-1,-1
87,29,1683.74,430.78,99.76,150.29,-1,-1,-1,-1
87,36,493.57,454.47,32.20,67.02,-1,-1,-1,-1
87,37,466.44,464.49,30.80,93.19,-1,-1,-1,-1
87,38,1081.78,467.28,43.31,120.26,-1,-1,-1,-1
87,40,502.82,445.49,89.74,306.58,-1,-1,-1,-1
88,2,636.86,443.76,85.34,289.84,-1,-1,-1,-1
88,4,542.19,441.31,119.58,339.07,-1,-1,-1,-1
88,6,1004.02,445.32,36.79,77.96,-1,-1,-1,-1
88,7,1262.39,445.64,35.23,99.59,-1,-1,-1,-1
88,8,932.82,436.41,33.11,82.21,-1,-1,-1,-1
88,10,925.00,495.99,85.15,87.91,-1,-1,-1,-1
88,11,723.84,453.80,91.46,227.01,-1,-1,-1,-1
88,14,1100.54,443.63,37.06,105.90,-1,-1,-1,-1
88,29,1681.65,430.81,101.31,149.26,-1,-1,-1,-1
88,36,494.36,454.75,30.57,66.36,-1,-1,-1,-1
88,37,465.34,465.17,31.41,93.67,-1,-1,-1,-1
88,38,1083.56,462.49,41.89,120.94,-1,-1,-1,-1
88,40,502.40,447.69,90.14,305.37,-1,-1,-1,-1
89,2,638.54,444.75,87.90,288.98,-1,-1,-1,-1
89,4,540.20,441.70,122.21,341.84,-1,-1,-1,-1
89,6,1004.23,445.14,36.54,78.23,-1,-1,-1,-1
89,7,1262.46,444.84,35.59,100.65,-1,-1,-1,-1
89,8,932.75,436.27,33.20,82.29,-1,-1,-1,-1
89,10,920.49,488.89,90.20,94.91,-1,-1,-1,-1
89,11,724.63,452.24,91.74,228.45,-1,-1,-1,-1
89,14,1100.53,443.26,37.14,106.50,-1,-1,-1,-1
89,29,1691.84,430.85,91.46,149.85,-1,-1,-1,-1
89,36,495.86,454.63,29.21,67.39,-1,-1,-1,-1
89,37,464.23,465.85,32.02,94.16,-1,-1,-1,-1
89,38,1082.16,457.45,44.60,128.52,-1,-1,-1,-1
89,40,507.14,447.33,86.17,304.90,-1,-1,-1,-1
90,2,639.31,444.75,92.35,288.86,-1,-1,-1,-1
90,4,538.57,441.69,125.02,343.26,-1,-1,-1,-1
90,6,1005.07,445.11,35.25,78.40,-1,-1,-1,-1
90,7,1261.40,443.70,37.14,100.51,-1,-1,-1,-1
90,8,932.70,436.24,33.31,81.77,-1,-1,-1,-1
90,10,923.24,487.34,87.74,96.11,-1,-1,-1,-1
90,11,726.46,452.00,89.64,228.61,-1,-1,-1,-1
90,14,1100.52,442.89,37.21,107.10,-1,-1,-1,-1
90,29,1683.39,430.75,99.99,152.02,-1,-1,-1,-1
90,36,496.28,454.77,28.39,66.40,-1,-1,-1,-1
90,37,463.13,466.54,32.63,94.64,-1,-1,-1,-1
90,38,1080.14,455.05,51.31,133.10,-1,-1,-1,-1
90,40,508.76,446.52,83.45,307.07,-1,-1,-1,-1
91,2,640.25,444.27,94.62,288.95,-1,-1,-1,-1
91,4,540.45,441.60,124.53,344.95,-1,-1,-1,-1
91,6,1004.72,445.26,36.33,78.31,-1,-1,-1,-1
91,7,1260.88,444.39,37.18,99.75,-1,-1,-1,-1
91,8,932.92,436.28,33.13,81.61,-1,-1,-1,-1
91,10,929.12,486.55,82.71,97.21,-1,-1,-1,-1
91,11,728.98,450.69,89.24,229.67,-1,-1,-1,-1
91,14,1100.50,442.52,37.29,107.70,-1,-1,-1,-1
91,29,1678.62,430.78,104.86,152.94,-1,-1,-1,-1
91,36,495.77,454.78,28.66,65.42,-1,-1,-1,-1
91,37,462.02,467.22,33.24,95.13,-1,-1,-1,-1
91,38,1083.10,452.73,51.44,133.88,-1,-1,-1,-1
91,40,509.48,446.06,83.52,308.52,-1,-1,-1,-1
92,2,641.08,444.64,95.92,291.15,-1,-1,-1,-1
92,4,541.64,441.54,123.09,341.34,-1,-1,-1,-1
92,6,1004.91,445.70,36.44,77.59,-1,-1,-1,-1
92,7,1260.81,444.12,37.25,100.10,-1,-1,-1,-1
92,8,933.24,436.49,32.50,81.39,-1,-1,-1,-1
92,10,932.89,485.87,79.15,97.19,-1,-1,-1,-1
92,11,732.52,449.98,87.67,230.21,-1,-1,-1,-1
92,14,1100.49,442.15,37.36,108.29,-1,-1,-1,-1
92,29,1676.63,430.77,106.95,153.08,-1,-1,-1,-1
92,36,494.64,454.36,29.53,68.54,-1,-1,-1,-1
92,37,460.91,467.90,33.86,95.61,-1,-1,-1,-1
92,38,1082.67,449.29,54.01,140.47,-1,-1,-1,-1
92,40,508.60,446.20,84.04,309.37,-1,-1,-1,-1
93,2,641.46,444.87,96.49,292.40,-1,-1,-1,-1
93,4,540.53,441.58,123.56,343.47,-1,-1,-1,-1
93,6,1004.20,445.75,37.04,77.62,-1,-1,-1,-1
93,7,1258.70,444.36,39.12,99.81,-1,-1,-1,-1
93,8,933.14,436.59,32.56,81.43,-1,-1,-1,-1
93,10,933.28,485.91,78.42,97.15,-1,-1,-1,-1
93,11,734.19,449.33,87.02,231.11,-1,-1,-1,-1
93,14,1100.48,441.78,37.44,108.89,-1,-1,-1,-1
93,29,1676.89,430.79,106.22,153.42,-1,-1,-1,-1
93,36,493.90,454.36,29.62,67.08,-1,-1,-1,-1
93,37,459.81,468.58,34.47,96.10,-1,-1,-1,-1
93,38,1082.69,451.81,50.26,138.91,-1,-1,-1,-1
93,40,510.35,446.07,82.12,309.71,-1,-1,-1,-1
94,2,641.55,445.11,97.11,293.58,-1,-1,-1,-1
94,4,541.56,441.72,122.46,348.27,-1,-1,-1,-1
94,6,1003.96,446.07,36.88,77.35,-1,-1,-1,-1
94,7,1257.76,444.92,39.72,99.21,-1,-1,-1,-1
94,8,933.63,436.27,32.11,81.99,-1,-1,-1,-1
94,10,931.91,485.55,79.56,97.81,-1,-1,-1,-1
94,11,738.92,449.29,85.20,232.22,-1,-1,-1,-1
94,14,1100.46,441.41,37.52,109.49,-1,-1,-1,-1
94,29,1677.25,430.80,105.95,153.79,-1,-1,-1,-1
94,36,491.74,454.20,30.94,76.03,-1,-1,-1,-1
94,37,458.70,469.27,35.08,96.58,-1,-1,-1,-1
94,38,1081.88,451.80,48.68,138.35,-1,-1,-1,-1
94,40,511.78,445.96,80.92,309.14,-1,-1,-1,-1
95,2,641.87,444.73,96.78,295.93,-1,-1,-1,-1
95,4,543.53,441.90,120.85,352.21,-1,-1,-1,-1
95,6,1004.04,447.00,36.35,76.73,-1,-1,-1,-1
95,7,1255.97,444.07,41.43,99.98,-1,-1,-1,-1
95,8,933.10,436.43,32.61,81.60,-1,-1,-1,-1
95,10,932.27,485.65,79.34,97.77,-1,-1,-1,-1
95,11,743.69,449.79,81.44,231.88,-1,-1,-1,-1
95,14,1100.45,441.04,37.59,110.09,-1,-1,-1,-1
95,29,1686.20,430.82,97.80,153.28,-1,-1,-1,-1
95,36,490.42,454.12,32.12,71.74,-1,-1,-1,-1
95,37,457.60,469.95,35.69,97.06,-1,-1,-1,-1
95,38,1083.74,447.93,48.67,146.17,-1,-1,-1,-1
95,40,510.38,445.88,82.21,308.24,-1,-1,-1,-1
96,2,642.29,444.36,96.77,296.35,-1,-1,-1,-1
96,4,543.66,441.24,121.13,359.64,-1,-1,-1,-1
96,6,1003.71,447.43,35.33,76.12,-1,-1,-1,-1
96,7,1254.40,444.44,42.96,99.72,-1,-1,-1,-1
96,8,933.33,436.20,32.45,81.67,-1,-1,-1,-1
96,10,925.82,485.55,85.71,98.39,-1,-1,-1,-1
96,11,746.95,449.63,79.09,233.63,-1,-1,-1,-1
96,14,1100.44,440.66,37.67,110.69,-1,-1,-1,-1
96,29,1686.09,430.83,98.24,153.14,-1,-1,-1,-1
96,36,490.65,453.84,31.36,75.42,-1,-1,-1,-1
96,37,456.49,470.63,36.30,97.55,-1,-1,-1,-1
96,38,1081.06,445.62,52.40,149.82,-1,-1,-1,-1
96,40,510.51,445.91,81.23,308.16,-1,-1,-1,-1
97,2,643.30,443.82,96.41,296.82,-1,-1,-1,-1
97,4,542.36,440.62,122.52,363.01,-1,-1,-1,-1
97,6,1002.82,447.69,35.89,75.92,-1,-1,-1,-1
97,7,1253.70,444.60,43.47,99.53,-1,-1,-1,-1
97,8,933.06,436.39,32.70,81.71,-1,-1,-1,-1
97,10,927.55,486.58,83.85,97.04,-1,-1,-1,-1
97,11,749.58,449.66,79.13,234.85,-1,-1,-1,-1
97,14,1100.43,440.29,37.74,111.28,-1,-1,-1,-1
97,29,1681.49,431.01,102.18,150.90,-1,-1,-1,-1
97,36,489.42,453.91,32.96,85.48,-1,-1,-1,-1
97,37,455.81,469.92,35.76,98.69,-1,-1,-1,-1
97,38,1079.62,446.21,54.17,150.06,-1,-1,-1,-1
97,40,511.49,446.05,82.22,307.98,-1,-1,-1,-1
98,2,643.91,443.39,96.40,297.15,-1,-1,-1,-1
98,4,541.29,440.14,123.09,364.60,-1,-1,-1,-1
98,6,1002.73,448.00,36.06,75.55,-1,-1,-1,-1
98,7,1252.51,444.49,44.39,99.41,-1,-1,-1,-1
98,8,933.29,436.23,32.59,81.34,-1,-1,-1,-1
98,10,922.04,486.95,89.40,96.84,-1,-1,-1,-1
98,11,750.89,450.07,78.16,235.34,-1,-1,-1,-1
98,14,1100.41,439.92,37.82,111.88,-1,-1,-1,-1
98,29,1680.15,430.93,104.94,151.53,-1,-1,-1,-1
98,36,492.34,453.63,30.42,87.49,-1,-1,-1,-1
98,37,455.53,469.41,35.38,99.19,-1,-1,-1,-1
98,38,1081.14,446.69,53.13,149.61,-1,-1,-1,-1
98,40,510.57,445.32,82.41,308.85,-1,-1,-1,-1
99,2,646.46,442.75,98.13,302.39,-1,-1,-1,-1
99,4,540.31,439.79,125.75,366.54,-1,-1,-1,-1
99,6,1002.44,447.64,36.91,75.40,-1,-1,-1,-1
99,7,1252.27,444.95,44.45,98.85,-1,-1,-1,-1
99,8,933.27,436.63,32.77,80.93,-1,-1,-1,-1
99,10,921.64,485.31,89.61,98.17,-1,-1,-1,-1
99,11,752.73,451.14,76.21,235.40,-1,-1,-1,-1
99,14,1100.40,439.55,37.90,112.48,-1,-1,-1,-1
99,29,1678.19,430.71,106.10,152.75,-1,-1,-1,-1
99,36,488.59,453.56,32.88,98.77,-1,-1,-1,-1
99,37,455.79,469.81,35.72,98.85,-1,-1,-1,-1
99,38,1079.88,460.29,45.20,131.28,-1,-1,-1,-1
99,40,508.80,445.29,83.69,309.15,-1,-1,-1,-1
100,2,647.56,441.61,102.55,301.83,-1,-1,-1,-1
100,4,539.80,439.28,127.35,368.01,-1,-1,-1,-1
100,6,1002.47,447.33,37.32,76.09,-1,-1,-1,-1
100,7,1252.75,445.24,43.45,98.72,-1,-1,-1,-1
100,8,933.50,436.78,32.85,80.76,-1,-1,-1,-1
100,10,920.15,484.32,91.10,98.87,-1,-1,-1,-1
100,11,754.90,451.23,76.01,236.74,-1,-1,-1,-1
100,14,1100.39,439.18,37.97,113.08,-1,-1,-1,-1
100,29,1676.88,430.62,106.18,154.52,-1,-1,-1,-1
100,36,488.17,453.76,32.85,104.52,-1,-1,-1,-1
100,37,455.98,470.34,36.79,98.51,-1,-1,-1,-1
100,38,1078.98,459.65,44.89,129.63,-1,-1,-1,-1
100,40,506.76,444.91,85.29,311.27,-1,-1,-1,-1
101,2,649.12,442.45,101.74,299.06,-1,-1,-1,-1
101,4,540.34,439.11,128.02,368.59,-1,-1,-1,-1
101,6,1002.37,447.47,37.49,75.91,-1,-1,-1,-1
101,7,1252.10,445.17,43.56,98.84,-1,-1,-1,-1
101,8,933.95,436.98,32.81,81.19,-1,-1,-1,-1
101,10,922.14,485.19,89.13,98.53,-1,-1,-1,-1
101,11,756.10,451.87,76.81,237.27,-1,-1,-1,-1
101,14,1100.37,438.81,38.05,113.67,-1,-1,-1,-1
101,29,1675.99,430.70,107.11,155.00,-1,-1,-1,-1
101,36,486.46,453.98,34.06,104.49,-1,-1,-1,-1
101,37,456.08,469.48,35.71,99.12,-1,-1,-1,-1
101,38,1077.77,457.26,44.49,129.67,-1,-1,-1,-1
101,40,504.78,444.93,87.98,311.35,-1,-1,-1,-1
102,2,649.85,441.69,103.55,299.24,-1,-1,-1,-1
102,4,541.55,438.71,127.50,369.08,-1,-1,-1,-1
102,6,1003.48,447.38,35.99,75.95,-1,-1,-1,-1
102,7,1252.47,445.48,41.14,98.66,-1,-1,-1,-1
102,8,934.07,437.15,33.03,81.26,-1,-1,-1,-1
102,10,922.82,484.54,87.08,98.29,-1,-1,-1,-1
102,11,756.94,451.63,78.71,238.01,-1,-1,-1,-1
102,14,1100.82,438.59,37.36,112.83,-1,-1,-1,-1
102,29,1675.87,430.90,106.05,155.60,-1,-1,-1,-1
102,36,484.47,454.12,36.21,103.44,-1,-1,-1,-1
102,37,455.18,466.62,36.57,101.98,-1,-1,-1,-1
102,38,1077.81,455.94,44.21,129.04,-1,-1,-1,-1
102,40,505.03,444.40,88.52,325.05,-1,-1,-1,-1
103,2,650.90,442.23,104.78,298.13,-1,-1,-1,-1
103,4,540.40,438.86,128.35,368.78,-1,-1,-1,-1
103,6,1003.74,446.82,35.64,76.80,-1,-1,-1,-1
103,7,1251.73,445.37,41.32,98.57,-1,-1,-1,-1
103,8,934.00,436.87,32.87,81.33,-1,-1,-1,-1
103,10,920.08,486.79,89.24,96.27,-1,-1,-1,-1
103,11,758.40,452.25,80.28,238.74,-1,-1,-1,-1
103,14,1100.50,440.38,37.71,133.26,-1,-1,-1,-1
103,29,1675.97,430.75,106.07,154.21,-1,-1,-1,-1
103,36,483.15,454.36,38.57,103.61,-1,-1,-1,-1
103,37,450.74,462.64,39.44,105.90,-1,-1,-1,-1
103,38,1077.12,450.91,46.52,137.92,-1,-1,-1,-1
103,40,505.76,443.80,89.26,331.28,-1,-1,-1,-1
104,2,652.55,441.21,102.79,300.40,-1,-1,-1,-1
104,4,540.32,438.03,128.09,369.56,-1,-1,-1,-1
104,6,1003.91,446.62,35.08,77.47,-1,-1,-1,-1
104,7,1250.48,445.90,42.36,98.41,-1,-1,-1,-1
104,8,933.67,436.94,32.86,80.99,-1,-1,-1,-1
104,10,917.60,486.77,91.41,96.84,-1,-1,-1,-1
104,11,759.89,452.23,80.45,241.01,-1,-1,-1,-1
104,14,1100.45,440.84,37.41,141.97,-1,-1,-1,-1
104,29,1686.26,430.73,97.10,153.86,-1,-1,-1,-1
104,36,482.20,454.16,40.29,103.17,-1,-1,-1,-1
104,37,447.19,465.69,41.44,102.92,-1,-1,-1,-1
104,38,1077.52,451.23,49.36,139.98,-1,-1,-1,-1
104,40,503.19,443.93,90.53,323.08,-1,-1,-1,-1
105,2,655.35,442.53,103.39,298.65,-1,-1,-1,-1
105,4,538.90,436.99,130.38,369.95,-1,-1,-1,-1
105,6,1003.70,446.28,34.64,78.10,-1,-1,-1,-1
105,7,1249.81,445.88,38.18,98.08,-1,-1,-1,-1
105,8,933.57,436.94,33.08,80.48,-1,-1,-1,-1
105,10,915.43,485.58,93.04,97.88,-1,-1,-1,-1
105,11,760.75,452.23,81.58,242.07,-1,-1,-1,-1
105,14,1100.30,438.76,37.62,151.18,-1,-1,-1,-1
105,29,1691.71,430.78,92.65,153.68,-1,-1,-1,-1
105,36,480.78,453.18,43.40,105.94,-1,-1,-1,-1
105,37,446.03,464.66,41.28,104.11,-1,-1,-1,-1
105,38,1078.81,450.65,50.50,141.70,-1,-1,-1,-1
105,40,498.56,444.31,94.42,314.15,-1,-1,-1,-1
106,2,659.11,441.18,104.62,300.30,-1,-1,-1,-1
106,4,539.50,435.79,130.89,370.71,-1,-1,-1,-1
106,6,1003.84,445.95,34.72,78.24,-1,-1,-1,-1
106,7,1249.23,445.38,37.14,98.80,-1,-1,-1,-1
106,8,933.92,436.95,32.76,80.25,-1,-1,-1,-1
106,10,917.15,484.90,91.58,97.58,-1,-1,-1,-1
106,11,761.85,452.41,80.73,243.47,-1,-1,-1,-1
106,14,1100.24,438.22,37.58,154.68,-1,-1,-1,-1
106,29,1683.39,430.96,100.45,151.16,-1,-1,-1,-1
106,36,480.33,453.77,42.90,103.63,-1,-1,-1,-1
106,37,443.54,462.71,42.10,105.65,-1,-1,-1,-1
106,38,1077.70,451.60,52.51,140.76,-1,-1,-1,-1
106,40,497.81,446.29,94.17,309.48,-1,-1,-1,-1
107,2,660.68,441.63,104.94,300.69,-1,-1,-1,-1
107,4,536.92,435.13,134.57,371.16,-1,-1,-1,-1
107,6,1004.14,446.35,34.95,77.92,-1,-1,-1,-1
107,7,1245.29,445.90,39.95,98.68,-1,-1,-1,-1
107,8,934.33,436.90,32.88,80.33,-1,-1,-1,-1
107,10,921.04,486.26,88.01,96.82,-1,-1,-1,-1
107,11,762.32,453.39,80.78,244.58,-1,-1,-1,-1
107,14,1100.57,438.35,37.20,155.33,-1,-1,-1,-1
107,29,1678.58,431.19,104.22,153.44,-1,-1,-1,-1
107,36,484.10,453.98,43.62,104.27,-1,-1,-1,-1
107,37,442.32,462.05,43.09,89.58,-1,-1,-1,-1
107,38,1073.87,451.78,47.89,139.62,-1,-1,-1,-1
107,40,499.93,447.61,93.60,306.49,-1,-1,-1,-1
108,2,662.42,440.34,104.25,301.98,-1,-1,-1,-1
108,4,535.10,433.43,140.00,373.26,-1,-1,-1,-1
108,6,1004.47,446.39,35.24,77.69,-1,-1,-1,-1
108,7,1246.40,446.18,38.56,98.38,-1,-1,-1,-1
108,8,934.43,437.00,33.10,80.21,-1,-1,-1,-1
108,10,927.08,487.22,82.49,96.19,-1,-1,-1,-1
108,11,762.46,451.98,80.37,247.41,-1,-1,-1,-1
108,14,1100.71,438.82,37.02,153.38,-1,-1,-1,-1
108,29,1676.64,431.23,105.73,155.17,-1,-1,-1,-1
108,36,487.88,454.18,44.34,104.92,-1,-1,-1,-1
108,37,442.52,462.23,42.79,91.33,-1,-1,-1,-1
108,38,1072.26,451.94,47.28,136.17,-1,-1,-1,-1
108,40,500.54,449.66,95.13,303.38,-1,-1,-1,-1
109,2,663.12,439.45,103.96,303.93,-1,-1,-1,-1
109,4,535.19,433.09,144.32,373.85,-1,-1,-1,-1
109,6,1004.19,446.52,35.88,77.48,-1,-1,-1,-1
109,7,1247.24,446.26,37.58,98.28,-1,-1,-1,-1
109,8,934.71,436.92,32.95,80.24,-1,-1,-1,-1
109,10,927.70,487.49,82.03,95.94,-1,-1,-1,-1
109,11,763.22,451.61,77.65,248.65,-1,-1,-1,-1
109,14,1100.74,438.80,36.98,150.33,-1,-1,-1,-1
109,29,1676.14,431.40,106.38,155.47,-1,-1,-1,-1
109,36,491.65,454.39,45.06,105.56,-1,-1,-1,-1
109,37,442.72,462.42,42.49,93.09,-1,-1,-1,-1
109,38,1074.06,457.03,46.69,134.95,-1,-1,-1,-1
109,40,502.08,450.37,93.39,309.81,-1,-1,-1,-1
110,2,664.23,439.56,103.91,306.89,-1,-1,-1,-1
110,4,535.44,433.77,147.40,372.41,-1,-1,-1,-1
110,6,1003.33,447.25,36.81,76.54,-1,-1,-1,-1
110,7,1248.16,446.30,37.09,98.32,-1,-1,-1,-1
110,8,934.93,437.14,33.35,80.41,-1,-1,-1,-1
110,10,922.98,486.98,86.82,96.96,-1,-1,-1,-1
110,11,764.02,450.70,78.06,248.52,-1,-1,-1,-1
110,14,1100.38,442.33,36.42,150.96,-1,-1,-1,-1
110,29,1675.81,431.27,105.64,155.84,-1,-1,-1,-1
110,36,493.86,454.62,44.67,106.01,-1,-1,-1,-1
110,37,442.92,462.60,42.19,94.84,-1,-1,-1,-1
110,38,1077.07,458.41,48.77,135.53,-1,-1,-1,-1
110,40,506.67,450.97,91.91,309.99,-1,-1,-1,-1
111,2,665.75,439.86,103.21,308.40,-1,-1,-1,-1
111,4,536.55,433.57,149.33,372.45,-1,-1,-1,-1
111,6,1003.23,448.38,36.61,75.12,-1,-1,-1,-1
111,7,1248.03,446.01,37.04,98.54,-1,-1,-1,-1
111,8,935.21,437.12,33.89,81.70,-1,-1,-1,-1
111,10,916.87,488.56,92.79,96.07,-1,-1,-1,-1
111,11,763.57,451.10,78.60,248.64,-1,-1,-1,-1
111,14,1098.62,442.76,37.61,152.67,-1,-1,-1,-1
111,29,1675.40,431.31,106.66,156.63,-1,-1,-1,-1
111,36,494.88,454.69,43.52,105.96,-1,-1,-1,-1
111,37,443.12,462.79,41.89,96.59,-1,-1,-1,-1
111,38,1076.98,461.51,47.90,134.76,-1,-1,-1,-1
111,40,508.01,450.50,93.74,310.73,-1,-1,-1,-1
112,2,667.27,439.63,104.09,308.84,-1,-1,-1,-1
112,4,538.62,433.55,146.76,374.12,-1,-1,-1,-1
112,6,1002.66,448.65,37.33,74.86,-1,-1,-1,-1
112,7,1247.59,445.42,37.33,99.18,-1,-1,-1,-1
112,8,935.28,436.83,34.05,82.11,-1,-1,-1,-1
112,10,916.18,488.61,93.90,96.20,-1,-1,-1,-1
112,11,764.05,450.45,76.81,249.32,-1,-1,-1,-1
112,14,1096.51,442.04,40.27,154.75,-1,-1,-1,-1
112,29,1675.11,431.14,107.74,157.56,-1,-1,-1,-1
112,36,495.14,454.38,42.06,106.76,-1,-1,-1,-1
112,37,443.32,462.97,41.58,98.34,-1,-1,-1,-1
112,38,1078.91,455.59,51.46,141.59,-1,-1,-1,-1
112,40,515.41,446.18,90.76,319.51,-1,-1,-1,-1
113,2,668.38,439.29,103.42,310.47,-1,-1,-1,-1
113,4,539.04,432.82,147.40,376.66,-1,-1,-1,-1
113,6,1001.56,448.95,38.28,74.48,-1,-1,-1,-1
113,7,1243.82,445.39,40.79,99.27,-1,-1,-1,-1
113,8,935.19,436.73,34.99,82.75,-1,-1,-1,-1
113,10,916.78,490.96,93.13,93.93,-1,-1,-1,-1
113,11,765.31,449.43,75.67,248.20,-1,-1,-1,-1
113,14,1096.56,441.94,41.16,150.53,-1,-1,-1,-1
113,29,1675.61,431.08,107.15,156.67,-1,-1,-1,-1
113,36,494.92,454.01,41.79,111.15,-1,-1,-1,-1
113,37,443.52,463.16,41.28,100.09,-1,-1,-1,-1
113,38,1080.86,451.20,52.72,145.40,-1,-1,-1,-1
114,2,669.12,439.06,102.65,313.42,-1,-1,-1,-1
114,4,535.18,434.03,153.82,375.98,-1,-1,-1,-1
114,6,1001.34,449.22,38.84,74.12,-1,-1,-1,-1
114,7,1244.89,444.99,38.77,99.42,-1,-1,-1,-1
114,8,935.65,436.61,35.99,83.71,-1,-1,-1,-1
114,10,929.03,504.37,81.22,81.56,-1,-1,-1,-1
114,11,766.38,449.42,74.98,248.02,-1,-1,-1,-1
114,14,1092.05,439.74,45.49,153.60,-1,-1,-1,-1
114,29,1675.80,430.87,107.40,157.12,-1,-1,-1,-1
114,36,495.61,453.96,40.59,112.45,-1,-1,-1,-1
114,37,443.72,463.34,40.98,101.84,-1,-1,-1,-1
114,38,1080.54,454.04,51.46,140.70,-1,-1,-1,-1
114,43,530.61,454.78,27.26,72.79,-1,-1,-1,-1
115,2,669.37,438.88,102.19,315.60,-1,-1,-1,-1
115,4,537.41,434.02,152.93,376.69,-1,-1,-1,-1
115,6,1002.27,449.51,38.42,73.72,-1,-1,-1,-1
115,7,1244.99,445.09,37.16,98.84,-1,-1,-1,-1
115,8,935.60,436.67,36.28,83.95,-1,-1,-1,-1
115,10,926.48,496.63,84.33,88.29,-1,-1,-1,-1
115,11,766.11,449.91,76.47,248.34,-1,-1,-1,-1
115,14,1089.51,441.71,47.97,152.56,-1,-1,-1,-1
115,29,1675.34,430.61,106.64,157.49,-1,-1,-1,-1
115,36,496.77,454.16,39.40,110.24,-1,-1,-1,-1
115,37,443.92,463.53,40.68,103.59,-1,-1,-1,-1
115,38,1080.90,448.39,53.80,146.68,-1,-1,-1,-1
115,43,531.49,454.62,26.66,72.37,-1,-1,-1,-1
116,2,671.23,439.68,100.34,314.83,-1,-1,-1,-1
116,4,537.49,433.74,154.62,377.75,-1,-1,-1,-1
116,6,1004.80,450.95,36.45,72.54,-1,-1,-1,-1
116,7,1243.66,445.28,36.40,98.32,-1,-1,-1,-1
116,8,935.91,436.97,36.37,83.69,-1,-1,-1,-1
116,10,933.89,492.56,77.75,91.98,-1,-1,-1,-1
116,11,767.09,449.33,80.59,249.42,-1,-1,-1,-1
116,14,1086.98,443.68,50.44,151.52,-1,-1,-1,-1
116,29,1675.50,430.58,107.57,157.47,-1,-1,-1,-1
116,36,496.13,453.98,39.43,108.55,-1,-1,-1,-1
116,37,443.65,460.72,40.57,107.14,-1,-1,-1,-1
116,38,1080.66,454.30,50.53,141.25,-1,-1,-1,-1
116,43,531.77,454.54,26.62,71.91,-1,-1,-1,-1
117,2,671.94,440.96,98.74,314.22,-1,-1,-1,-1
117,4,535.98,433.58,156.54,376.96,-1,-1,-1,-1
117,6,1007.90,450.39,33.44,72.87,-1,-1,-1,-1
117,7,1242.61,445.36,35.39,98.11,-1,-1,-1,-1
117,8,936.15,437.26,36.36,82.62,-1,-1,-1,-1
117,10,929.85,496.49,81.45,87.98,-1,-1,-1,-1
117,11,768.48,449.53,81.94,249.42,-1,-1,-1,-1
117,14,1084.44,445.64,52.92,150.48,-1,-1,-1,-1
117,29,1675.07,430.47,108.01,156.98,-1,-1,-1,-1
117,36,495.54,453.92,40.02,110.61,-1,-1,-1,-1
117,37,441.60,459.68,41.46,104.98,-1,-1,-1,-1
117,38,1080.39,468.21,44.35,118.88,-1,-1,-1,-1
117,43,531.83,453.79,26.68,72.84,-1,-1,-1,-1
118,2,671.51,441.92,98.46,313.98,-1,-1,-1,-1
118,4,524.67,437.00,167.42,375.46,-1,-1,-1,-1
118,6,1009.25,450.27,32.46,72.89,-1,-1,-1,-1
118,7,1239.94,445.42,37.04,98.07,-1,-1,-1,-1
118,8,936.78,437.26,35.99,83.05,-1,-1,-1,-1
118,10,929.07,498.70,81.58,86.10,-1,-1,-1,-1
118,11,768.57,450.26,83.59,249.09,-1,-1,-1,-1
118,14,1084.12,447.02,53.27,148.50,-1,-1,-1,-1
118,29,1674.67,430.92,107.07,155.71,-1,-1,-1,-1
118,36,494.81,454.17,40.17,113.32,-1,-1,-1,-1
118,37,440.44,458.50,41.70,100.87,-1,-1,-1,-1
118,38,1080.23,454.28,44.80,135.06,-1,-1,-1,-1
118,43,531.38,454.27,27.33,72.53,-1,-1,-1,-1
119,2,672.34,442.54,99.51,315.23,-1,-1,-1,-1
119,4,524.35,438.46,166.57,379.15,-1,-1,-1,-1
119,6,1011.13,451.03,30.40,71.95,-1,-1,-1,-1
119,7,1239.42,445.26,36.08,98.41,-1,-1,-1,-1
119,8,937.45,437.22,36.40,83.82,-1,-1,-1,-1
119,10,941.25,488.23,71.13,97.06,-1,-1,-1,-1
119,11,770.83,451.16,86.80,247.97,-1,-1,-1,-1
119,14,1082.67,448.54,54.51,146.81,-1,-1,-1,-1
119,29,1675.45,430.77,107.71,155.30,-1,-1,-1,-1
119,36,493.63,454.26,40.98,112.20,-1,-1,-1,-1
119,37,440.99,460.85,42.02,96.86,-1,-1,-1,-1
119,38,1080.25,467.68,41.87,107.20,-1,-1,-1,-1
119,43,531.11,454.50,27.33,71.19,-1,-1,-1,-1
119,44,1054.17,486.24,34.62,78.19,-1,-1,-1,-1
120,2,673.36,442.72,100.71,317.51,-1,-1,-1,-1
120,4,524.45,439.28,167.85,382.82,-1,-1,-1,-1
120,6,1011.96,450.61,29.64,72.21,-1,-1,-1,-1
120,7,1239.68,445.37,34.30,98.90,-1,-1,-1,-1
120,8,937.66,437.00,36.77,83.31,-1,-1,-1,-1
120,10,940.34,485.14,71.71,99.83,-1,-1,-1,-1
120,11,772.09,451.44,90.59,247.97,-1,-1,-1,-1
120,14,1081.57,450.08,55.46,146.24,-1,-1,-1,-1
120,29,1675.85,430.76,107.13,155.38,-1,-1,-1,-1
120,36,493.01,453.98,41.36,114.40,-1,-1,-1,-1
120,37,437.19,459.56,43.79,104.65,-1,-1,-1,-1
120,38,1080.62,472.50,39.28,95.67,-1,-1,-1,-1
120,43,530.83,454.74,27.43,70.59,-1,-1,-1,-1
120,44,1053.91,487.45,33.74,76.57,-1,-1,-1,-1
121,2,674.81,442.99,99.19,318.13,-1,-1,-1,-1
121,4,523.29,439.91,169.89,384.83,-1,-1,-1,-1
121,6,1012.21,450.61,29.23,72.15,-1,-1,-1,-1
121,7,1238.19,445.19,34.62,98.95,-1,-1,-1,-1
121,8,937.92,436.53,37.56,82.89,-1,-1,-1,-1
121,10,933.06,487.31,78.62,98.51,-1,-1,-1,-1
121,11,772.76,451.83,96.48,247.77,-1,-1,-1,-1
121,14,1081.74,450.45,55.20,144.77,-1,-1,-1,-1
121,29,1675.86,430.72,106.98,155.13,-1,-1,-1,-1
121,36,492.75,454.20,40.81,114.21,-1,-1,-1,-1
121,37,436.72,459.68,43.92,106.75,-1,-1,-1,-1
121,38,1080.78,478.81,36.66,86.41,-1,-1,-1,-1
121,43,530.44,454.05,27.38,70.91,-1,-1,-1,-1
121,44,1053.91,487.98,33.58,75.32,-1,-1,-1,-1
122,2,676.59,441.78,100.88,320.24,-1,-1,-1,-1
122,4,527.33,439.89,167.10,387.48,-1,-1,-1,-1
122,6,1011.92,450.58,29.55,72.34,-1,-1,-1,-1
122,7,1236.94,445.21,34.54,98.64,-1,-1,-1,-1
122,8,938.06,436.60,38.23,83.35,-1,-1,-1,-1
122,10,928.74,494.38,82.33,91.85,-1,-1,-1,-1
122,11,775.18,453.11,99.51,247.44,-1,-1,-1,-1
122,14,1084.81,450.74,52.31,144.31,-1,-1,-1,-1
122,29,1675.54,430.78,106.77,155.35,-1,-1,-1,-1
122,36,492.45,454.32,40.14,115.53,-1,-1,-1,-1
122,37,436.13,461.29,44.58,101.03,-1,-1,-1,-1
122,38,1080.92,482.94,36.21,84.83,-1,-1,-1,-1
122,43,530.18,453.36,27.29,71.44,-1,-1,-1,-1
122,44,1053.97,487.58,33.61,75.87,-1,-1,-1,-1
122,45,825.37,443.74,57.27,124.78,-1,-1,-1,-1
123,2,678.55,441.19,97.60,318.37,-1,-1,-1,-1
123,4,530.43,439.75,165.31,391.07,-1,-1,-1,-1
123,6,1011.90,451.40,30.09,71.46,-1,-1,-1,-1
123,7,1237.94,446.13,32.30,96.95,-1,-1,-1,-1
123,8,940.99,436.55,36.45,84.59,-1,-1,-1,-1
123,10,926.33,492.17,84.40,95.22,-1,-1,-1,-1
123,11,777.66,453.20,101.69,247.82,-1,-1,-1,-1
123,14,1082.59,451.23,53.15,143.53,-1,-1,-1,-1
123,29,1676.03,430.63,107.87,155.47,-1,-1,-1,-1
123,36,492.27,454.45,39.49,115.25,-1,-1,-1,-1
123,37,437.39,465.50,42.86,96.13,-1,-1,-1,-1
123,38,1081.67,484.76,34.78,86.86,-1,-1,-1,-1
123,43,530.79,454.23,27.06,70.53,-1,-1,-1,-1
123,44,1054.17,491.72,31.28,66.88,-1,-1,-1,-1
123,45,827.78,443.19,58.63,125.74,-1,-1,-1,-1
124,2,680.80,440.21,96.84,318.18,-1,-1,-1,-1
124,4,537.75,438.79,160.19,393.57,-1,-1,-1,-1
124,6,1012.80,452.38,29.36,70.42,-1,-1,-1,-1
124,7,1237.58,447.76,31.34,94.94,-1,-1,-1,-1
124,8,942.09,436.65,37.21,84.39,-1,-1,-1,-1
124,10,926.85,489.09,84.41,97.73,-1,-1,-1,-1
124,11,779.41,454.04,103.07,247.28,-1,-1,-1,-1
124,14,1088.68,451.15,47.70,142.14,-1,-1,-1,-1
124,29,1676.45,430.39,109.67,154.54,-1,-1,-1,-1
124,36,491.92,454.53,39.50,115.94,-1,-1,-1,-1
124,37,441.42,470.32,35.22,79.04,-1,-1,-1,-1
124,38,1081.24,483.09,36.25,85.69,-1,-1,-1,-1
124,43,531.32,454.92,26.95,69.74,-1,-1,-1,-1
124,44,1054.35,491.04,32.12,70.59,-1,-1,-1,-1
124,45,829.86,445.19,58.28,125.28,-1,-1,-1,-1
125,2,683.14,438.86,94.99,323.36,-1,-1,-1,-1
125,4,545.66,438.18,155.42,395.37,-1,-1,-1,-1
125,6,1012.65,453.90,28.48,68.73,-1,-1,-1,-1
125,7,1233.40,448.78,34.77,94.53,-1,-1,-1,-1
125,8,942.88,436.74,38.20,86.64,-1,-1,-1,-1
125,10,925.82,492.08,85.64,94.47,-1,-1,-1,-1
125,11,780.40,454.39,103.21,248.32,-1,-1,-1,-1
125,14,1093.32,450.20,43.98,142.26,-1,-1,-1,-1
125,29,1676.10,430.50,108.97,156.79,-1,-1,-1,-1
125,36,492.13,454.65,38.91,117.11,-1,-1,-1,-1
125,37,441.47,470.16,39.92,83.62,-1,-1,-1,-1
125,38,1080.07,471.27,40.45,111.00,-1,-1,-1,-1
125,43,530.98,455.27,26.50,69.43,-1,-1,-1,-1
125,44,1054.87,488.87,32.95,74.11,-1,-1,-1,-1
125,45,831.32,444.69,57.32,125.87,-1,-1,-1,-1
126,2,684.61,437.67,94.53,325.85,-1,-1,-1,-1
126,4,546.86,438.10,156.86,396.03,-1,-1,-1,-1
126,6,1013.20,454.90,26.95,67.80,-1,-1,-1,-1
126,7,1228.62,449.83,38.44,93.79,-1,-1,-1,-1
126,8,942.53,436.74,40.00,88.11,-1,-1,-1,-1
126,10,918.56,487.20,93.41,99.80,-1,-1,-1,-1
126,11,781.86,454.38,102.15,249.83,-1,-1,-1,-1
126,14,1091.15,450.59,45.86,140.24,-1,-1,-1,-1
126,29,1675.72,430.56,108.26,157.03,-1,-1,-1,-1
126,36,490.61,454.04,39.62,118.79,-1,-1,-1,-1
126,37,441.38,468.69,40.89,80.82,-1,-1,-1,-1
126,38,1079.55,465.60,45.45,120.11,-1,-1,-1,-1
126,43,530.22,455.10,26.23,69.89,-1,-1,-1,-1
126,44,1053.86,484.58,35.89,78.92,-1,-1,-1,-1
126,45,832.89,443.64,55.77,130.51,-1,-1,-1,-1
127,2,685.77,437.02,94.70,327.00,-1,-1,-1,-1
127,4,546.45,437.58,159.43,397.40,-1,-1,-1,-1
127,6,1014.07,454.26,26.19,68.66,-1,-1,-1,-1
127,7,1225.62,447.68,40.85,96.68,-1,-1,-1,-1
127,8,944.20,436.77,38.99,88.53,-1,-1,-1,-1
127,10,923.32,494.38,87.56,91.04,-1,-1,-1,-1
127,11,783.18,455.01,99.91,250.46,-1,-1,-1,-1
127,14,1092.57,450.53,44.42,141.78,-1,-1,-1,-1
127,29,1675.91,430.53,107.66,157.17,-1,-1,-1,-1
127,36,489.39,453.79,40.58,119.94,-1,-1,-1,-1
127,37,439.16,469.52,42.82,92.36,-1,-1,-1,-1
127,38,1079.51,465.72,46.46,122.84,-1,-1,-1,-1
127,43,529.69,455.38,26.02,69.95,-1,-1,-1,-1
127,44,1053.62,484.92,35.67,78.45,-1,-1,-1,-1
127,45,835.53,441.38,54.86,130.31,-1,-1,-1,-1
128,2,685.87,436.79,98.26,327.63,-1,-1,-1,-1
128,4,547.93,436.75,160.32,398.38,-1,-1,-1,-1
128,6,1010.83,453.90,29.03,68.93,-1,-1,-1,-1
128,7,1223.48,447.39,42.92,97.50,-1,-1,-1,-1
128,8,946.72,436.68,36.85,88.78,-1,-1,-1,-1
128,10,926.38,490.33,84.69,94.21,-1,-1,-1,-1
128,11,785.17,454.20,98.33,252.01,-1,-1,-1,-1
128,14,1094.07,450.72,43.91,141.63,-1,-1,-1,-1
128,29,1676.49,430.51,106.30,157.14,-1,-1,-1,-1
128,36,489.92,453.75,40.15,119.80,-1,-1,-1,-1
128,37,433.58,466.25,46.56,100.18,-1,-1,-1,-1
128,38,1080.84,471.06,43.52,120.81,-1,-1,-1,-1
128,43,529.36,454.78,25.99,70.72,-1,-1,-1,-1
128,44,1054.49,483.79,36.48,80.37,-1,-1,-1,-1
128,45,838.38,440.71,53.13,131.33,-1,-1,-1,-1
129,2,685.42,436.62,99.45,328.00,-1,-1,-1,-1
129,4,554.76,436.07,156.57,399.08,-1,-1,-1,-1
129,6,1010.17,453.43,29.45,69.37,-1,-1,-1,-1
129,7,1222.08,448.95,43.92,95.78,-1,-1,-1,-1
129,8,948.71,436.66,36.36,88.76,-1,-1,-1,-1
129,10,921.33,487.69,89.53,96.94,-1,-1,-1,-1
129,11,787.63,455.78,95.07,250.56,-1,-1,-1,-1
129,14,1088.49,450.28,51.28,143.18,-1,-1,-1,-1
129,29,1676.17,430.52,106.49,157.04,-1,-1,-1,-1
129,36,490.12,453.76,40.03,118.25,-1,-1,-1,-1
129,37,432.70,464.15,44.37,104.08,-1,-1,-1,-1
129,38,1081.35,466.88,42.30,126.61,-1,-1,-1,-1
129,43,529.09,454.46,27.44,71.27,-1,-1,-1,-1
129,44,1054.67,484.16,36.72,80.18,-1,-1,-1,-1
129,45,841.46,440.06,58.79,138.12,-1,-1,-1,-1
130,2,685.17,436.54,93.93,327.79,-1,-1,-1,-1
130,4,555.61,433.51,158.01,402.08,-1,-1,-1,-1
130,6,1011.93,453.14,27.25,69.77,-1,-1,-1,-1
130,7,1221.04,449.47,44.88,95.33,-1,-1,-1,-1
130,8,950.29,436.35,35.56,89.31,-1,-1,-1,-1
130,10,922.60,487.14,87.75,97.51,-1,-1,-1,-1
130,11,789.79,455.50,93.39,251.55,-1,-1,-1,-1
130,14,1085.44,451.80,56.06,141.86,-1,-1,-1,-1
130,29,1676.43,430.52,105.91,156.41,-1,-1,-1,-1
130,36,490.25,453.79,39.30,118.59,-1,-1,-1,-1
130,37,431.59,464.72,43.21,104.59,-1,-1,-1,-1
130,38,1081.28,460.77,44.69,133.18,-1,-1,-1,-1
130,43,528.72,454.33,28.68,71.33,-1,-1,-1,-1
130,44,1054.15,483.78,36.86,82.51,-1,-1,-1,-1
130,45,844.64,438.77,56.78,136.55,-1,-1,-1,-1
130,47,557.55,453.16,29.23,72.03,-1,-1,-1,-1
131,2,684.80,435.64,98.66,325.40,-1,-1,-1,-1
131,4,563.67,432.30,152.14,404.00,-1,-1,-1,-1
131,6,1008.57,450.89,31.34,71.96,-1,-1,-1,-1
131,7,1221.48,450.13,44.08,94.33,-1,-1,-1,-1
131,8,951.35,435.74,35.57,90.18,-1,-1,-1,-1
131,10,919.60,484.49,90.67,100.21,-1,-1,-1,-1
131,11,793.51,454.51,90.69,252.49,-1,-1,-1,-1
131,14,1087.15,451.13,56.54,142.47,-1,-1,-1,-1
131,29,1676.61,430.53,105.37,156.11,-1,-1,-1,-1
131,36,489.90,453.67,40.23,113.60,-1,-1,-1,-1
131,37,432.70,464.03,43.48,104.87,-1,-1,-1,-1
131,38,1082.23,464.53,43.12,127.97,-1,-1,-1,-1
131,43,528.38,453.62,29.16,71.98,-1,-1,-1,-1
131,44,1054.59,483.13,37.25,82.13,-1,-1,-1,-1
131,45,847.19,438.48,57.50,130.91,-1,-1,-1,-1
131,47,557.64,453.40,28.47,71.84,-1,-1,-1,-1
132,2,685.61,434.92,99.97,325.95,-1,-1,-1,-1
132,4,566.75,431.38,150.10,404.79,-1,-1,-1,-1
132,6,1008.25,449.63,32.27,73.36,-1,-1,-1,-1
132,7,1221.22,449.54,44.30,95.35,-1,-1,-1,-1
132,8,953.65,435.58,34.35,89.82,-1,-1,-1,-1
132,10,921.73,487.15,88.53,97.93,-1,-1,-1,-1
132,11,795.96,452.77,90.00,253.92,-1,-1,-1,-1
132,14,1086.41,451.29,58.16,142.42,-1,-1,-1,-1
132,29,1676.54,430.53,106.34,155.39,-1,-1,-1,-1
132,36,488.96,453.21,41.48,118.32,-1,-1,-1,-1
132,37,431.34,465.78,42.84,103.67,-1,-1,-1,-1
132,43,528.33,452.96,27.97,72.48,-1,-1,-1,-1
132,44,1054.91,482.85,37.94,82.20,-1,-1,-1,-1
132,45,850.69,437.32,55.56,129.27,-1,-1,-1,-1
132,47,558.37,453.89,27.55,70.68,-1,-1,-1,-1
133,2,686.57,434.74,99.23,324.80,-1,-1,-1,-1
133,4,570.36,432.33,147.41,402.24,-1,-1,-1,-1
133,6,1008.51,449.02,32.60,73.70,-1,-1,-1,-1
133,7,1220.69,449.75,43.85,95.34,-1,-1,-1,-1
133,8,954.22,435.83,34.21,90.34,-1,-1,-1,-1
133,10,923.14,488.88,87.42,95.83,-1,-1,-1,-1
133,11,798.90,452.59,88.42,254.30,-1,-1,-1,-1
133,14,1087.10,450.11,58.05,143.17,-1,-1,-1,-1
133,29,1676.34,430.60,106.11,156.04,-1,-1,-1,-1
133,36,488.52,453.24,42.04,119.63,-1,-1,-1,-1
133,37,429.36,466.75,43.61,103.02,-1,-1,-1,-1
133,43,528.85,452.36,28.66,72.93,-1,-1,-1,-1
133,44,1054.78,482.51,39.57,81.91,-1,-1,-1,-1
133,45,852.82,436.70,51.42,130.66,-1,-1,-1,-1
133,47,558.64,455.21,27.02,68.82,-1,-1,-1,-1
134,2,686.72,434.66,98.84,323.43,-1,-1,-1,-1
134,4,573.57,432.70,145.50,402.20,-1,-1,-1,-1
134,6,1006.87,448.45,33.93,74.08,-1,-1,-1,-1
134,7,1220.60,448.74,43.21,96.52,-1,-1,-1,-1
134,8,954.99,435.92,33.55,89.46,-1,-1,-1,-1
134,10,921.81,488.12,88.80,96.22,-1,-1,-1,-1
134,11,799.73,450.43,88.20,256.31,-1,-1,-1,-1
134,14,1089.40,446.74,55.11,147.13,-1,-1,-1,-1
134,29,1678.01,430.60,105.59,155.33,-1,-1,-1,-1
134,36,489.24,453.30,41.13,120.13,-1,-1,-1,-1
134,37,429.24,469.39,42.25,100.47,-1,-1,-1,-1
134,43,529.10,452.76,28.49,72.83,-1,-1,-1,-1
134,44,1053.46,482.70,38.67,82.43,-1,-1,-1,-1
134,45,852.56,436.06,56.24,196.19,-1,-1,-1,-1
134,47,558.09,454.53,27.16,70.84,-1,-1,-1,-1
135,2,687.27,434.59,99.13,326.80,-1,-1,-1,-1
135,4,573.01,432.56,148.02,406.87,-1,-1,-1,-1
135,6,1006.18,448.21,34.63,74.40,-1,-1,-1,-1
135,7,1220.33,448.65,42.32,96.69,-1,-1,-1,-1
135,8,955.66,436.63,33.79,89.01,-1,-1,-1,-1
135,10,923.05,492.68,87.54,91.72,-1,-1,-1,-1
135,11,800.03,449.40,88.99,257.13,-1,-1,-1,-1
135,14,1088.16,447.96,56.94,146.02,-1,-1,-1,-1
135,29,1682.40,430.64,102.36,153.78,-1,-1,-1,-1
135,36,488.98,452.91,41.44,120.64,-1,-1,-1,-1
135,37,428.65,467.74,40.91,101.59,-1,-1,-1,-1
135,43,529.08,453.16,28.00,71.80,-1,-1,-1,-1
135,44,1053.22,483.21,37.22,80.85,-1,-1,-1,-1
135,45,855.15,436.90,55.95,216.79,-1,-1,-1,-1
135,47,557.72,454.01,27.14,71.84,-1,-1,-1,-1
136,2,693.29,434.68,94.33,327.67,-1,-1,-1,-1
136,4,569.26,431.33,151.84,414.41,-1,-1,-1,-1
136,6,1006.00,447.82,34.80,74.88,-1,-1,-1,-1
136,7,1219.60,448.50,42.61,96.97,-1,-1,-1,-1
136,8,955.77,436.97,33.59,88.65,-1,-1,-1,-1
136,10,927.92,493.95,82.70,89.46,-1,-1,-1,-1
136,11,800.76,447.50,89.72,258.71,-1,-1,-1,-1
136,14,1090.84,447.40,53.54,146.70,-1,-1,-1,-1
136,29,1681.02,430.63,103.94,153.85,-1,-1,-1,-1
136,36,487.59,453.48,42.42,119.48,-1,-1,-1,-1
136,37,426.03,467.16,41.87,101.90,-1,-1,-1,-1
136,43,528.40,453.41,27.85,71.82,-1,-1,-1,-1
136,44,1053.34,483.76,35.85,81.17,-1,-1,-1,-1
136,45,857.25,436.78,55.25,229.00,-1,-1,-1,-1
136,47,557.52,454.23,27.46,71.76,-1,-1,-1,-1
137,2,696.01,434.74,92.81,327.60,-1,-1,-1,-1
137,4,568.79,431.28,153.51,421.19,-1,-1,-1,-1
137,6,1005.68,448.07,34.84,74.67,-1,-1,-1,-1
137,7,1219.10,447.53,42.08,98.22,-1,-1,-1,-1
137,8,956.11,437.34,33.54,87.80,-1,-1,-1,-1
137,10,927.42,486.46,83.65,97.52,-1,-1,-1,-1
137,11,798.79,445.19,93.57,261.42,-1,-1,-1,-1
137,14,1090.17,448.66,53.14,144.27,-1,-1,-1,-1
137,29,1691.52,430.66,93.59,152.49,-1,-1,-1,-1
137,36,485.91,453.66,44.70,118.57,-1,-1,-1,-1
137,37,425.55,467.09,41.44,101.61,-1,-1,-1,-1
137,43,527.89,453.15,28.23,72.40,-1,-1,-1,-1
137,44,1053.72,483.88,35.95,79.21,-1,-1,-1,-1
137,45,859.30,436.88,57.85,234.04,-1,-1,-1,-1
137,47,557.34,454.15,27.52,72.10,-1,-1,-1,-1
138,2,695.21,434.29,97.83,328.82,-1,-1,-1,-1
138,4,566.86,430.67,155.22,427.81,-1,-1,-1,-1
138,6,1005.73,447.75,35.41,74.83,-1,-1,-1,-1
138,7,1218.68,446.67,40.00,98.68,-1,-1,-1,-1
138,8,956.48,437.40,35.36,87.41,-1,-1,-1,-1
138,10,929.56,485.47,81.71,98.30,-1,-1,-1,-1
138,11,802.73,446.72,91.93,261.61,-1,-1,-1,-1
138,14,1092.45,444.82,51.10,134.79,-1,-1,-1,-1
138,29,1681.75,430.50,102.30,155.17,-1,-1,-1,-1
138,36,482.83,452.76,47.43,113.72,-1,-1,-1,-1
138,37,425.03,469.16,40.43,97.31,-1,-1,-1,-1
138,43,527.89,453.90,27.31,72.08,-1,-1,-1,-1
138,44,1054.43,484.09,35.92,78.78,-1,-1,-1,-1
138,45,862.84,437.94,62.88,236.14,-1,-1,-1,-1
138,47,557.32,454.78,27.11,71.11,-1,-1,-1,-1
139,2,695.96,434.12,102.36,329.06,-1,-1,-1,-1
139,4,568.79,431.29,153.85,427.24,-1,-1,-1,-1
139,6,1006.12,447.46,35.66,75.01,-1,-1,-1,-1
139,7,1218.03,446.60,37.96,98.36,-1,-1,-1,-1
139,8,956.82,437.25,35.42,87.53,-1,-1,-1,-1
139,10,930.35,486.04,81.03,97.35,-1,-1,-1,-1
139,11,809.49,448.11,88.06,260.92,-1,-1,-1,-1
139,14,1091.67,442.18,53.16,144.12,-1,-1,-1,-1
139,29,1688.34,430.35,97.44,155.59,-1,-1,-1,-1
139,36,483.32,453.29,47.14,116.21,-1,-1,-1,-1
139,37,423.65,467.15,40.27,91.90,-1,-1,-1,-1
139,43,527.68,451.08,26.72,75.29,-1,-1,-1,-1
139,44,1055.25,482.50,38.09,80.47,-1,-1,-1,-1
139,45,865.84,437.42,53.84,186.26,-1,-1,-1,-1
139,47,557.57,454.58,27.63,71.59,-1,-1,-1,-1
140,2,697.19,433.11,106.36,330.39,-1,-1,-1,-1
140,4,571.21,431.19,151.84,428.19,-1,-1,-1,-1
140,6,1006.23,447.56,36.12,75.03,-1,-1,-1,-1
140,7,1217.77,447.18,36.19,97.58,-1,-1,-1,-1
140,8,957.42,437.18,33.92,87.43,-1,-1,-1,-1
140,10,931.88,486.40,79.46,96.94,-1,-1,-1,-1
140,11,813.39,448.63,85.24,262.88,-1,-1,-1,-1
140,14,1094.23,440.07,47.99,149.87,-1,-1,-1,-1
140,29,1693.29,430.52,93.18,154.84,-1,-1,-1,-1
140,36,483.80,452.12,46.48,113.63,-1,-1,-1,-1
140,37,423.12,466.70,40.09,93.38,-1,-1,-1,-1
140,43,527.52,451.34,26.34,75.09,-1,-1,-1,-1
140,44,1055.62,482.63,38.14,80.05,-1,-1,-1,-1
140,45,870.01,437.59,47.18,166.94,-1,-1,-1,-1
140,47,556.91,454.26,28.15,71.05,-1,-1,-1,-1
141,2,698.78,432.97,110.85,331.27,-1,-1,-1,-1
141,4,569.16,432.03,153.38,428.94,-1,-1,-1,-1
141,6,1006.22,448.16,35.98,74.44,-1,-1,-1,-1
141,7,1216.03,447.38,33.75,97.03,-1,-1,-1,-1
141,8,957.67,437.21,33.53,87.06,-1,-1,-1,-1
141,10,933.88,499.05,77.27,86.04,-1,-1,-1,-1
141,11,815.79,448.37,83.30,263.97,-1,-1,-1,-1
141,14,1094.88,444.21,43.01,147.88,-1,-1,-1,-1
141,29,1696.21,430.43,90.71,154.14,-1,-1,-1,-1
141,36,480.72,452.93,49.39,116.47,-1,-1,-1,-1
141,37,425.50,472.53,37.13,92.51,-1,-1,-1,-1
141,43,527.57,454.65,26.10,71.51,-1,-1,-1,-1
141,44,1055.86,481.94,39.62,80.83,-1,-1,-1,-1
141,45,872.85,438.19,49.37,161.36,-1,-1,-1,-1
141,47,556.15,454.45,28.88,70.66,-1,-1,-1,-1
141,48,1674.27,430.98,39.35,147.45,-1,-1,-1,-1
142,2,699.17,432.79,115.39,331.72,-1,-1,-1,-1
142,4,567.11,432.32,154.95,430.09,-1,-1,-1,-1
142,6,1005.48,448.64,36.35,73.90,-1,-1,-1,-1
142,7,1213.00,446.86,33.36,97.00,-1,-1,-1,-1
142,8,957.40,437.31,33.62,87.54,-1,-1,-1,-1
142,11,817.03,448.08,82.99,268.00,-1,-1,-1,-1
142,14,1091.29,441.88,43.72,151.38,-1,-1,-1,-1
142,29,1687.67,430.12,98.77,155.36,-1,-1,-1,-1
142,36,478.51,453.78,51.26,117.74,-1,-1,-1,-1
142,37,423.87,468.63,38.57,96.94,-1,-1,-1,-1
142,43,525.79,453.81,27.57,72.82,-1,-1,-1,-1
142,44,1055.89,481.58,39.49,81.00,-1,-1,-1,-1
142,45,874.45,438.96,52.10,157.59,-1,-1,-1,-1
142,47,556.02,454.50,28.63,70.95,-1,-1,-1,-1
142,48,1674.73,431.14,38.65,147.27,-1,-1,-1,-1
143,2,699.22,433.30,120.37,331.69,-1,-1,-1,-1
143,4,565.97,432.08,155.60,433.18,-1,-1,-1,-1
143,6,1004.90,448.78,36.81,73.53,-1,-1,-1,-1
143,7,1211.26,448.30,33.17,96.14,-1,-1,-1,-1
143,8,957.34,437.66,34.77,86.92,-1,-1,-1,-1
143,11,819.08,445.73,81.56,271.16,-1,-1,-1,-1
143,14,1091.81,441.66,42.63,151.13,-1,-1,-1,-1
143,29,1681.65,430.28,104.53,153.93,-1,-1,-1,-1
143,36,480.12,454.23,49.77,112.68,-1,-1,-1,-1
143,37,424.11,466.99,37.78,95.22,-1,-1,-1,-1
143,43,525.33,452.84,27.97,73.77,-1,-1,-1,-1
143,44,1055.18,483.04,36.66,79.34,-1,-1,-1,-1
143,45,875.59,439.40,56.57,153.36,-1,-1,-1,-1
143,47,554.92,453.78,29.67,71.52,-1,-1,-1,-1
143,48,1674.33,431.70,39.68,146.15,-1,-1,-1,-1
144,2,700.75,434.65,124.77,331.15,-1,-1,-1,-1
144,4,567.22,433.31,154.24,435.48,-1,-1,-1,-1
144,6,1005.42,448.99,35.58,73.22,-1,-1,-1,-1
144,7,1210.94,448.28,32.95,96.06,-1,-1,-1,-1
144,8,956.38,438.10,36.43,86.34,-1,-1,-1,-1
144,11,820.82,446.83,80.84,268.86,-1,-1,-1,-1
144,14,1086.25,443.57,45.28,150.65,-1,-1,-1,-1
144,29,1677.82,430.59,106.55,154.25,-1,-1,-1,-1
144,36,476.09,461.79,44.34,111.26,-1,-1,-1,-1
144,37,424.20,467.68,37.24,98.64,-1,-1,-1,-1
144,43,524.70,454.44,27.42,71.29,-1,-1,-1,-1
144,44,1054.81,485.20,36.73,77.49,-1,-1,-1,-1
144,45,874.83,438.42,71.65,212.24,-1,-1,-1,-1
144,47,555.57,453.51,27.88,71.78,-1,-1,-1,-1
144,48,1674.20,432.21,39.84,147.43,-1,-1,-1,-1
145,2,701.86,435.22,129.27,331.42,-1,-1,-1,-1
145,4,556.92,432.92,164.21,437.42,-1,-1,-1,-1
145,6,1006.04,449.05,34.22,73.25,-1,-1,-1,-1
145,7,1209.33,447.71,31.07,96.99,-1,-1,-1,-1
145,8,956.80,438.28,36.17,86.26,-1,-1,-1,-1
145,11,823.54,448.43,79.92,268.81,-1,-1,-1,-1
145,14,1085.13,441.39,46.62,153.19,-1,-1,-1,-1
145,29,1683.76,430.42,101.05,154.58,-1,-1,-1,-1
145,36,475.19,466.30,42.24,108.61,-1,-1,-1,-1
145,37,423.08,466.76,38.65,96.75,-1,-1,-1,-1
145,43,525.90,454.73,25.65,70.98,-1,-1,-1,-1
145,44,1054.45,486.07,35.12,75.64,-1,-1,-1,-1
145,45,877.85,439.40,74.60,230.36,-1,-1,-1,-1
145,47,555.38,453.50,27.49,71.40,-1,-1,-1,-1
145,48,1674.02,431.64,39.63,147.47,-1,-1,-1,-1
146,2,702.16,435.90,132.74,331.56,-1,-1,-1,-1
146,4,553.94,433.21,166.07,439.11,-1,-1,-1,-1
146,6,1005.38,449.24,35.66,73.13,-1,-1,-1,-1
146,7,1207.86,447.83,29.79,97.21,-1,-1,-1,-1
146,8,957.46,438.69,35.48,86.06,-1,-1,-1,-1
146,11,826.37,449.42,79.17,268.38,-1,-1,-1,-1
146,14,1085.34,438.30,47.01,155.84,-1,-1,-1,-1
146,29,1687.49,430.51,96.89,154.12,-1,-1,-1,-1
146,36,474.88,470.03,41.38,105.25,-1,-1,-1,-1
146,37,423.44,466.66,38.28,89.14,-1,-1,-1,-1
146,43,526.12,455.57,25.47,69.91,-1,-1,-1,-1
146,44,1054.40,484.74,35.96,78.21,-1,-1,-1,-1
146,45,879.88,437.87,74.09,240.35,-1,-1,-1,-1
146,47,555.51,453.43,27.09,71.68,-1,-1,-1,-1
146,48,1674.11,431.30,39.42,146.33,-1,-1,-1,-1
146,49,1124.92,450.35,29.69,91.04,-1,-1,-1,-1
147,2,706.10,436.27,131.22,332.35,-1,-1,-1,-1
147,4,554.93,433.39,164.96,444.69,-1,-1,-1,-1
147,6,1006.30,449.43,35.22,72.98,-1,-1,-1,-1
147,7,1206.16,447.57,30.00,97.30,-1,-1,-1,-1
147,8,957.11,439.11,35.77,85.59,-1,-1,-1,-1
147,11,828.61,450.78,78.33,269.24,-1,-1,-1,-1
147,14,1086.56,440.57,45.47,152.47,-1,-1,-1,-1
147,29,1693.64,430.64,91.36,155.70,-1,-1,-1,-1
147,36,474.29,471.29,42.69,104.31,-1,-1,-1,-1
147,43,526.34,455.99,25.07,68.79,-1,-1,-1,-1
147,44,1054.01,485.16,34.32,76.95,-1,-1,-1,-1
147,45,881.76,436.83,71.89,244.55,-1,-1,-1,-1
147,47,555.35,453.63,27.38,71.50,-1,-1,-1,-1
147,48,1674.05,430.96,39.25,149.99,-1,-1,-1,-1
147,49,1125.19,450.98,30.69,92.62,-1,-1,-1,-1
148,2,707.29,437.34,130.89,333.52,-1,-1,-1,-1
148,4,555.05,433.11,165.42,452.90,-1,-1,-1,-1
148,6,1007.13,448.41,34.00,74.18,-1,-1,-1,-1
148,7,1205.36,447.01,29.91,98.03,-1,-1,-1,-1
148,8,957.61,440.12,34.30,84.35,-1,-1,-1,-1
148,11,829.93,452.77,79.22,269.57,-1,-1,-1,-1
148,14,1082.39,451.03,47.90,141.29,-1,-1,-1,-1
148,29,1697.46,430.64,87.29,155.52,-1,-1,-1,-1
148,36,474.00,471.29,43.01,104.41,-1,-1,-1,-1
148,43,526.34,455.88,24.36,69.70,-1,-1,-1,-1
148,44,1053.80,487.09,31.95,73.43,-1,-1,-1,-1
148,45,883.50,437.36,69.91,246.22,-1,-1,-1,-1
148,47,554.57,453.52,28.05,71.71,-1,-1,-1,-1
148,48,1673.75,430.73,39.55,150.87,-1,-1,-1,-1
148,49,1125.22,453.27,31.80,91.00,-1,-1,-1,-1
148,51,501.61,453.81,32.57,105.12,-1,-1,-1,-1
149,2,710.89,437.62,127.61,335.37,-1,-1,-1,-1
149,4,551.64,432.66,165.51,457.45,-1,-1,-1,-1
149,6,1007.28,448.21,33.70,74.50,-1,-1,-1,-1
149,7,1202.40,447.85,32.23,97.08,-1,-1,-1,-1
149,8,958.22,440.88,33.35,83.05,-1,-1,-1,-1
149,11,830.79,453.55,79.59,270.24,-1,-1,-1,-1
149,14,1080.50,457.02,46.75,137.52,-1,-1,-1,-1
149,29,1701.25,430.96,83.88,154.11,-1,-1,-1,-1
149,36,473.40,470.13,41.70,105.56,-1,-1,-1,-1
149,43,526.32,456.27,23.36,69.48,-1,-1,-1,-1
149,44,1053.46,488.67,33.19,73.66,-1,-1,-1,-1
149,45,885.47,438.01,69.99,244.61,-1,-1,-1,-1
149,47,554.93,453.64,27.40,70.80,-1,-1,-1,-1
149,48,1673.54,430.75,39.47,149.83,-1,-1,-1,-1
149,49,1126.59,454.36,31.52,89.86,-1,-1,-1,-1
149,51,502.80,454.43,32.02,103.97,-1,-1,-1,-1
150,2,712.52,437.48,126.64,337.36,-1,-1,-1,-1
150,4,550.93,430.94,164.05,461.29,-1,-1,-1,-1
150,6,1006.79,447.88,33.30,74.71,-1,-1,-1,-1
150,7,1199.89,448.55,34.29,96.49,-1,-1,-1,-1
150,8,958.71,440.97,32.71,82.47,-1,-1,-1,-1
150,11,832.06,452.70,80.71,271.43,-1,-1,-1,-1
150,14,1085.29,447.83,45.44,145.89,-1,-1,-1,-1
150,29,1701.26,430.81,84.52,152.98,-1,-1,-1,-1
150,36,471.14,470.54,41.70,105.20,-1,-1,-1,-1
150,43,527.01,457.23,22.14,68.18,-1,-1,-1,-1
150,44,1053.10,489.20,33.47,73.68,-1,-1,-1,-1
150,45,886.06,436.15,74.11,245.89,-1,-1,-1,-1
150,47,554.50,453.24,27.88,70.92,-1,-1,-1,-1
150,48,1672.95,430.97,39.64,148.46,-1,-1,-1,-1
150,49,1127.26,457.54,34.01,86.59,-1,-1,-1,-1
150,51,501.99,454.46,33.04,104.61,-1,-1,-1,-1
151,2,716.04,436.51,122.78,338.63,-1,-1,-1,-1
151,4,548.97,428.96,164.20,463.61,-1,-1,-1,-1
151,6,1005.92,447.20,33.69,75.76,-1,-1,-1,-1
151,7,1199.25,450.79,34.16,94.26,-1,-1,-1,-1
151,8,958.71,441.01,33.04,82.20,-1,-1,-1,-1
151,11,833.33,454.06,81.16,270.98,-1,-1,-1,-1
151,14,1087.82,444.31,44.65,148.78,-1,-1,-1,-1
151,29,1700.52,430.68,85.39,153.89,-1,-1,-1,-1
151,36,470.07,468.09,41.71,107.80,-1,-1,-1,-1
151,43,527.04,457.40,21.58,67.93,-1,-1,-1,-1
151,44,1052.92,489.07,32.63,75.23,-1,-1,-1,-1
151,45,887.70,434.86,81.04,246.25,-1,-1,-1,-1
151,47,553.76,453.56,27.38,70.85,-1,-1,-1,-1
151,48,1672.60,431.12,40.23,147.58,-1,-1,-1,-1
151,49,1128.17,457.99,34.53,86.28,-1,-1,-1,-1
151,51,500.98,454.43,33.55,104.33,-1,-1,-1,-1
152,2,717.52,435.54,121.08,339.41,-1,-1,-1,-1
152,4,545.78,426.42,163.94,466.13,-1,-1,-1,-1
152,6,1005.83,447.67,32.48,75.40,-1,-1,-1,-1
152,7,1197.70,449.43,35.30,96.07,-1,-1,-1,-1
152,8,958.71,441.40,33.03,81.73,-1,-1,-1,-1
152,11,834.38,453.44,80.62,274.42,-1,-1,-1,-1
152,14,1084.39,442.09,48.25,152.56,-1,-1,-1,-1
152,29,1691.80,430.66,92.88,153.89,-1,-1,-1,-1
152,36,470.14,466.97,41.29,108.70,-1,-1,-1,-1
152,43,526.93,457.23,21.40,68.20,-1,-1,-1,-1
152,44,1052.73,491.51,32.96,73.29,-1,-1,-1,-1
152,45,889.44,433.66,80.04,247.44,-1,-1,-1,-1
152,47,554.31,453.66,26.65,70.40,-1,-1,-1,-1
152,48,1671.83,432.45,40.41,148.09,-1,-1,-1,-1
152,49,1128.41,456.10,35.60,88.67,-1,-1,-1,-1
152,51,500.67,454.33,33.37,104.62,-1,-1,-1,-1
153,2,719.07,434.73,119.56,340.33,-1,-1,-1,-1
153,4,542.29,426.17,164.37,466.68,-1,-1,-1,-1
153,6,1005.92,447.40,32.37,75.62,-1,-1,-1,-1
153,7,1197.13,449.82,35.02,96.12,-1,-1,-1,-1
153,8,958.84,441.43,33.48,81.89,-1,-1,-1,-1
153,11,835.27,451.88,81.68,277.19,-1,-1,-1,-1
153,14,1084.48,440.42,47.56,154.80,-1,-1,-1,-1
153,29,1693.25,430.57,90.74,153.78,-1,-1,-1,-1
153,36,470.01,465.22,40.84,110.54,-1,-1,-1,-1
153,43,526.92,457.64,20.72,67.49,-1,-1,-1,-1
153,44,1052.68,491.99,34.40,71.91,-1,-1,-1,-1
153,45,892.29,432.47,82.60,247.85,-1,-1,-1,-1
153,47,554.74,454.60,25.50,67.83,-1,-1,-1,-1
153,48,1671.53,432.85,40.80,150.21,-1,-1,-1,-1
153,49,1128.68,458.20,34.13,86.48,-1,-1,-1,-1
153,51,502.61,454.80,30.74,102.29,-1,-1,-1,-1
154,2,720.76,433.86,118.29,341.21,-1,-1,-1,-1
154,4,538.99,425.22,166.99,468.16,-1,-1,-1,-1
154,6,1005.67,447.28,32.13,75.53,-1,-1,-1,-1
154,7,1196.50,450.55,34.73,95.34,-1,-1,-1,-1
154,8,959.03,441.49,33.15,81.99,-1,-1,-1,-1
154,11,836.17,449.30,83.04,280.31,-1,-1,-1,-1
154,14,1085.89,439.54,45.56,155.45,-1,-1,-1,-1
154,29,1682.24,430.50,100.80,154.20,-1,-1,-1,-1
154,36,469.38,464.39,41.00,111.45,-1,-1,-1,-1
154,43,526.51,457.66,20.72,67.99,-1,-1,-1,-1
154,44,1052.51,497.25,38.10,66.99,-1,-1,-1,-1
154,45,893.56,432.23,82.02,246.51,-1,-1,-1,-1
154,47,554.52,454.77,25.65,63.88,-1,-1,-1,-1
154,48,1671.08,432.56,41.40,149.82,-1,-1,-1,-1
154,49,1129.23,457.06,35.05,88.23,-1,-1,-1,-1
154,51,503.66,454.68,30.25,101.45,-1,-1,-1,-1
155,2,722.70,432.92,118.12,342.38,-1,-1,-1,-1
155,4,535.63,423.36,170.14,470.23,-1,-1,-1,-1
155,6,1005.12,447.33,32.23,75.46,-1,-1,-1,-1
155,7,1195.55,451.71,34.76,94.48,-1,-1,-1,-1
155,8,959.12,441.45,33.31,81.74,-1,-1,-1,-1
155,11,836.87,448.18,84.00,282.28,-1,-1,-1,-1
155,14,1086.11,439.59,45.18,155.55,-1,-1,-1,-1
155,29,1684.41,430.55,97.80,152.75,-1,-1,-1,-1
155,36,468.91,461.31,39.94,114.54,-1,-1,-1,-1
155,43,526.74,458.06,20.07,67.54,-1,-1,-1,-1
155,45,894.56,432.24,83.01,249.43,-1,-1,-1,-1
155,47,554.30,454.20,24.41,60.79,-1,-1,-1,-1
155,48,1670.65,432.81,41.89,145.58,-1,-1,-1,-1
155,49,1129.57,456.69,34.28,87.94,-1,-1,-1,-1
155,51,504.12,454.54,30.85,100.80,-1,-1,-1,-1
156,2,724.50,432.37,117.81,343.06,-1,-1,-1,-1
156,4,533.76,423.05,172.38,470.59,-1,-1,-1,-1
156,6,1003.70,448.40,32.37,74.81,-1,-1,-1,-1
156,7,1194.74,450.96,35.06,95.80,-1,-1,-1,-1
156,8,958.96,441.35,33.35,81.95,-1,-1,-1,-1
156,11,838.01,447.57,83.61,283.10,-1,-1,-1,-1
156,14,1083.92,441.18,46.55,153.82,-1,-1,-1,-1
156,29,1689.77,430.56,91.94,153.20,-1,-1,-1,-1
156,36,468.15,459.48,39.94,116.53,-1,-1,-1,-1
156,45,896.26,432.71,83.60,249.62,-1,-1,-1,-1
156,48,1670.73,432.61,41.76,151.07,-1,-1,-1,-1
156,49,1129.81,456.14,34.31,88.42,-1,-1,-1,-1
156,51,504.47,454.15,32.23,100.51,-1,-1,-1,-1
157,2,726.63,432.16,119.25,343.55,-1,-1,-1,-1
157,4,532.26,422.52,171.30,470.61,-1,-1,-1,-1
157,6,1003.38,448.91,32.24,74.47,-1,-1,-1,-1
157,7,1193.90,450.79,34.90,96.02,-1,-1,-1,-1
157,8,959.16,440.52,33.72,79.67,-1,-1,-1,-1
157,11,839.67,447.30,83.76,283.30,-1,-1,-1,-1
157,14,1084.03,440.36,45.98,154.73,-1,-1,-1,-1
157,29,1685.08,430.44,96.48,154.00,-1,-1,-1,-1
157,36,467.82,461.58,38.46,114.11,-1,-1,-1,-1
157,45,899.90,433.34,79.51,252.01,-1,-1,-1,-1
157,48,1670.33,432.32,42.23,151.28,-1,-1,-1,-1
157,49,1130.45,454.82,33.26,89.60,-1,-1,-1,-1
157,51,505.13,453.98,32.14,100.15,-1,-1,-1,-1
157,53,665.34,440.61,69.79,340.00,-1,-1,-1,-1
158,2,729.37,432.29,119.22,343.42,-1,-1,-1,-1
158,4,531.78,422.41,168.53,469.93,-1,-1,-1,-1
158,6,1002.82,448.87,32.60,74.59,-1,-1,-1,-1
158,7,1193.67,452.19,34.24,94.29,-1,-1,-1,-1
158,8,959.59,440.09,33.77,74.27,-1,-1,-1,-1
158,11,841.33,445.92,84.16,284.10,-1,-1,-1,-1
158,14,1083.56,439.40,46.39,155.80,-1,-1,-1,-1
158,29,1682.19,430.27,99.74,153.19,-1,-1,-1,-1
158,36,467.85,461.85,36.34,113.51,-1,-1,-1,-1
158,45,903.30,433.92,78.39,252.95,-1,-1,-1,-1
158,48,1670.67,432.10,41.36,147.65,-1,-1,-1,-1
158,49,1130.83,453.41,34.74,91.02,-1,-1,-1,-1
158,51,504.97,454.30,32.13,100.09,-1,-1,-1,-1
158,53,663.37,440.36,74.38,340.16,-1,-1,-1,-1
159,2,732.67,431.65,120.38,343.87,-1,-1,-1,-1
159,4,530.92,421.82,168.15,470.35,-1,-1,-1,-1
159,6,1002.62,448.92,32.43,74.38,-1,-1,-1,-1
159,7,1193.29,452.49,33.53,93.88,-1,-1,-1,-1
159,8,960.09,439.73,33.68,69.23,-1,-1,-1,-1
159,11,843.50,445.41,82.18,283.45,-1,-1,-1,-1
159,14,1084.34,439.41,46.46,156.66,-1,-1,-1,-1
159,29,1685.19,430.31,97.44,152.95,-1,-1,-1,-1
159,36,467.68,464.02,35.14,112.21,-1,-1,-1,-1
159,45,905.77,434.53,80.59,253.14,-1,-1,-1,-1
159,48,1671.19,431.49,40.19,144.68,-1,-1,-1,-1
159,49,1132.70,453.22,33.60,90.93,-1,-1,-1,-1
159,51,505.17,454.34,32.52,99.70,-1,-1,-1,-1
159,53,662.21,442.14,78.16,340.67,-1,-1,-1,-1
160,2,736.95,432.24,116.06,343.43,-1,-1,-1,-1
160,4,530.10,422.42,168.83,469.32,-1,-1,-1,-1
160,6,1002.59,448.79,31.97,74.43,-1,-1,-1,-1
160,7,1191.64,452.29,33.37,94.24,-1,-1,-1,-1
160,8,961.73,439.64,33.21,65.82,-1,-1,-1,-1
160,11,845.15,445.45,81.34,282.16,-1,-1,-1,-1
160,14,1083.92,439.51,47.27,156.70,-1,-1,-1,-1
160,29,1690.26,430.31,92.28,152.70,-1,-1,-1,-1
160,36,467.49,462.71,34.47,113.52,-1,-1,-1,-1
160,45,908.27,440.63,81.85,245.00,-1,-1,-1,-1
160,48,1670.45,431.93,41.18,142.28,-1,-1,-1,-1
160,49,1134.26,453.39,32.40,90.42,-1,-1,-1,-1
160,51,504.65,454.39,33.53,99.52,-1,-1,-1,-1
160,53,663.51,439.52,82.12,341.62,-1,-1,-1,-1
161,2,741.46,432.49,112.00,343.14,-1,-1,-1,-1
161,4,529.54,422.43,169.17,470.13,-1,-1,-1,-1
161,6,1002.59,448.65,31.63,74.64,-1,-1,-1,-1
161,7,1189.48,454.13,32.19,92.42,-1,-1,-1,-1
161,8,965.33,439.73,29.99,63.92,-1,-1,-1,-1
161,11,846.43,445.40,81.94,280.83,-1,-1,-1,-1
161,14,1084.18,439.53,46.88,156.70,-1,-1,-1,-1
161,29,1686.74,430.49,95.28,151.82,-1,-1,-1,-1
161,36,467.24,466.58,33.63,109.67,-1,-1,-1,-1
161,45,911.38,438.86,82.31,248.75,-1,-1,-1,-1
161,48,1670.81,432.64,40.85,140.94,-1,-1,-1,-1
161,49,1135.52,453.04,31.16,90.07,-1,-1,-1,-1
161,51,503.87,454.60,34.04,99.77,-1,-1,-1,-1
161,53,666.99,440.13,80.46,341.00,-1,-1,-1,-1
162,2,744.30,432.95,110.06,342.35,-1,-1,-1,-1
162,4,529.75,423.59,170.01,468.68,-1,-1,-1,-1
162,6,1003.00,448.27,30.51,74.82,-1,-1,-1,-1
162,7,1188.44,455.36,30.59,91.33,-1,-1,-1,-1
162,8,967.97,440.20,30.64,66.49,-1,-1,-1,-1
162,11,848.41,445.16,82.58,282.97,-1,-1,-1,-1
162,14,1084.50,439.23,46.77,156.64,-1,-1,-1,-1
162,29,1692.00,430.51,90.65,150.64,-1,-1,-1,-1
162,36,467.15,469.28,33.46,106.67,-1,-1,-1,-1
162,45,915.43,439.51,82.31,254.06,-1,-1,-1,-1
162,48,1670.02,432.64,42.07,139.61,-1,-1,-1,-1
162,49,1136.42,451.78,31.46,91.37,-1,-1,-1,-1
162,51,502.14,454.60,35.74,100.61,-1,-1,-1,-1
162,53,666.28,441.40,83.19,343.51,-1,-1,-1,-1
163,2,747.02,433.37,110.00,341.73,-1,-1,-1,-1
163,4,529.96,423.30,173.65,470.23,-1,-1,-1,-1
163,6,1002.68,448.27,30.27,74.69,-1,-1,-1,-1
163,7,1187.97,450.61,30.17,95.95,-1,-1,-1,-1
163,8,970.10,440.32,29.69,65.73,-1,-1,-1,-1
163,11,850.52,445.53,84.10,283.58,-1,-1,-1,-1
163,14,1084.57,440.39,46.26,154.60,-1,-1,-1,-1
163,29,1683.80,430.46,99.51,152.18,-1,-1,-1,-1
163,36,466.48,469.15,33.78,106.84,-1,-1,-1,-1
163,45,918.90,439.81,81.53,257.10,-1,-1,-1,-1
163,48,1671.13,432.77,40.89,141.85,-1,-1,-1,-1
163,49,1137.09,450.42,32.45,92.85,-1,-1,-1,-1
163,51,505.56,454.70,34.00,99.97,-1,-1,-1,-1
163,53,668.33,442.46,83.89,349.22,-1,-1,-1,-1
164,2,749.65,433.59,109.93,341.41,-1,-1,-1,-1
164,4,530.06,423.44,176.99,470.70,-1,-1,-1,-1
164,6,1002.66,448.32,29.66,74.66,-1,-1,-1,-1
164,7,1186.51,450.30,31.21,96.27,-1,-1,-1,-1
164,11,852.42,450.87,95.58,279.77,-1,-1,-1,-1
164,14,1084.91,440.53,46.50,155.26,-1,-1,-1,-1
164,29,1681.56,430.61,101.49,153.03,-1,-1,-1,-1
164,36,466.51,467.48,33.64,108.82,-1,-1,-1,-1
164,45,922.83,439.02,79.03,258.41,-1,-1,-1,-1
164,48,1671.43,432.47,40.43,142.52,-1,-1,-1,-1
164,49,1138.19,450.20,30.89,92.93,-1,-1,-1,-1
164,51,506.89,454.82,33.20,100.39,-1,-1,-1,-1
164,53,670.77,442.58,84.12,356.47,-1,-1,-1,-1
165,2,750.15,433.23,113.21,343.17,-1,-1,-1,-1
165,4,530.59,423.21,183.05,472.33,-1,-1,-1,-1
165,6,1003.00,448.00,28.45,74.92,-1,-1,-1,-1
165,7,1184.49,451.40,32.70,95.37,-1,-1,-1,-1
165,11,854.89,450.64,106.75,280.19,-1,-1,-1,-1
165,14,1086.55,441.27,45.40,153.99,-1,-1,-1,-1
165,29,1677.82,430.60,104.78,153.29,-1,-1,-1,-1
165,36,466.83,467.12,33.28,108.89,-1,-1,-1,-1
165,45,925.79,437.61,76.82,259.37,-1,-1,-1,-1
165,48,1671.39,433.12,41.06,143.47,-1,-1,-1,-1
165,49,1139.39,447.32,30.36,95.85,-1,-1,-1,-1
165,51,507.14,454.51,33.78,101.03,-1,-1,-1,-1
165,53,670.95,442.42,85.15,351.80,-1,-1,-1,-1
166,2,752.76,434.17,113.81,344.98,-1,-1,-1,-1
166,4,530.70,423.10,186.46,475.01,-1,-1,-1,-1
166,6,1004.03,447.94,27.05,75.00,-1,-1,-1,-1
166,7,1183.72,451.77,33.26,94.89,-1,-1,-1,-1
166,11,856.80,448.59,113.67,282.08,-1,-1,-1,-1
166,14,1087.08,441.01,45.17,153.97,-1,-1,-1,-1
166,29,1680.67,430.67,102.90,152.56,-1,-1,-1,-1
166,36,467.40,469.15,33.07,106.56,-1,-1,-1,-1
166,45,928.72,436.65,78.92,258.88,-1,-1,-1,-1
166,48,1671.71,433.32,40.95,141.42,-1,-1,-1,-1
166,49,1140.47,448.30,29.45,93.98,-1,-1,-1,-1
166,51,507.43,454.73,34.52,101.41,-1,-1,-1,-1
166,53,671.32,445.34,86.07,353.74,-1,-1,-1,-1
167,2,755.51,434.65,112.84,346.14,-1,-1,-1,-1
167,4,530.50,422.24,194.36,476.52,-1,-1,-1,-1
167,6,1004.26,447.83,26.65,74.93,-1,-1,-1,-1
167,7,1182.96,449.99,34.28,96.89,-1,-1,-1,-1
167,11,859.77,445.75,118.97,285.89,-1,-1,-1,-1
167,14,1087.13,440.40,45.28,154.81,-1,-1,-1,-1
167,29,1683.11,430.72,100.80,152.85,-1,-1,-1,-1
167,36,467.62,470.66,32.67,104.95,-1,-1,-1,-1
167,45,932.31,435.58,77.34,260.71,-1,-1,-1,-1
167,48,1671.75,433.41,40.97,140.38,-1,-1,-1,-1
167,49,1141.40,446.60,30.36,96.90,-1,-1,-1,-1
167,51,507.82,454.77,34.65,101.01,-1,-1,-1,-1
167,53,672.02,444.53,86.44,350.27,-1,-1,-1,-1
168,2,757.24,435.88,110.92,348.62,-1,-1,-1,-1
168,4,531.03,423.37,201.51,473.52,-1,-1,-1,-1
168,6,1004.28,447.06,26.28,75.69,-1,-1,-1,-1
168,7,1180.54,448.40,36.55,98.76,-1,-1,-1,-1
168,11,862.16,445.18,123.60,287.36,-1,-1,-1,-1
168,14,1085.57,443.80,46.91,152.63,-1,-1,-1,-1
168,29,1688.42,430.94,95.89,152.69,-1,-1,-1,-1
168,36,468.51,470.76,31.63,104.72,-1,-1,-1,-1
168,45,934.07,432.85,76.37,263.21,-1,-1,-1,-1
168,48,1672.08,433.81,40.96,140.56,-1,-1,-1,-1
168,49,1141.97,446.41,31.34,97.37,-1,-1,-1,-1
168,51,508.11,454.67,35.58,101.60,-1,-1,-1,-1
168,53,672.12,445.01,86.64,350.45,-1,-1,-1,-1
169,2,758.80,435.70,110.24,352.23,-1,-1,-1,-1
169,4,531.75,423.00,209.76,473.41,-1,-1,-1,-1
169,6,1003.56,446.42,25.83,76.28,-1,-1,-1,-1
169,7,1176.98,453.49,37.20,93.50,-1,-1,-1,-1
169,11,863.87,445.12,126.08,288.81,-1,-1,-1,-1
169,14,1084.77,445.07,47.61,151.87,-1,-1,-1,-1
169,29,1694.97,430.97,88.97,153.71,-1,-1,-1,-1
169,36,468.83,468.41,31.05,107.17,-1,-1,-1,-1
169,45,937.13,433.26,73.72,262.54,-1,-1,-1,-1
169,48,1672.67,433.04,40.67,139.82,-1,-1,-1,-1
169,49,1145.47,439.47,37.13,104.74,-1,-1,-1,-1
169,51,509.02,454.45,36.15,103.97,-1,-1,-1,-1
169,53,674.88,445.63,84.32,351.29,-1,-1,-1,-1
170,2,760.58,435.87,110.15,353.29,-1,-1,-1,-1
170,4,535.31,424.60,214.79,471.68,-1,-1,-1,-1
170,6,1003.53,445.98,24.93,76.56,-1,-1,-1,-1
170,7,1173.27,457.15,38.54,90.08,-1,-1,-1,-1
170,11,866.92,448.45,125.02,285.93,-1,-1,-1,-1
170,14,1084.71,444.64,47.40,152.14,-1,-1,-1,-1
170,29,1699.04,430.87,84.52,153.90,-1,-1,-1,-1
170,36,469.01,467.75,30.67,108.08,-1,-1,-1,-1
170,45,939.73,433.36,72.61,262.35,-1,-1,-1,-1
170,48,1672.96,432.70,40.54,144.82,-1,-1,-1,-1
170,49,1147.55,437.01,39.04,107.60,-1,-1,-1,-1
170,51,509.97,454.47,35.48,104.93,-1,-1,-1,-1
170,53,676.23,445.80,84.11,353.34,-1,-1,-1,-1
171,2,761.49,436.03,111.72,354.31,-1,-1,-1,-1
171,4,537.99,424.52,221.00,472.69,-1,-1,-1,-1
171,6,1003.75,445.88,24.43,76.87,-1,-1,-1,-1
171,7,1169.47,456.67,40.68,90.37,-1,-1,-1,-1
171,11,869.78,449.91,123.06,286.00,-1,-1,-1,-1
171,14,1084.24,444.37,47.65,152.46,-1,-1,-1,-1
171,29,1682.27,432.01,100.43,154.94,-1,-1,-1,-1
171,36,468.98,463.18,30.83,112.83,-1,-1,-1,-1
171,45,943.02,432.14,72.48,264.01,-1,-1,-1,-1
171,48,1673.11,432.68,40.46,140.03,-1,-1,-1,-1
171,49,1148.43,436.81,38.58,107.33,-1,-1,-1,-1
171,51,510.16,454.47,35.88,105.62,-1,-1,-1,-1
171,53,680.42,445.45,81.85,355.51,-1,-1,-1,-1
172,2,762.88,435.97,112.99,356.09,-1,-1,-1,-1
172,4,540.52,425.47,226.41,472.38,-1,-1,-1,-1
172,6,1003.81,446.07,24.25,76.74,-1,-1,-1,-1
172,7,1167.08,457.11,41.82,89.91,-1,-1,-1,-1
172,11,872.25,450.53,120.73,287.19,-1,-1,-1,-1
172,14,1085.09,445.44,46.70,149.92,-1,-1,-1,-1
172,29,1690.79,431.16,92.03,154.35,-1,-1,-1,-1
172,36,469.22,461.93,30.39,114.19,-1,-1,-1,-1
172,45,945.60,432.02,75.61,263.77,-1,-1,-1,-1
172,48,1673.04,432.81,40.74,139.23,-1,-1,-1,-1
172,49,1149.00,437.03,36.60,106.86,-1,-1,-1,-1
172,51,510.50,454.63,35.81,105.57,-1,-1,-1,-1
172,53,682.33,444.95,82.27,359.08,-1,-1,-1,-1
173,2,764.48,435.62,116.30,359.39,-1,-1,-1,-1
173,4,540.16,426.30,229.21,475.41,-1,-1,-1,-1
173,6,1004.04,446.31,23.61,76.82,-1,-1,-1,-1
173,7,1167.28,455.91,40.64,91.32,-1,-1,-1,-1
173,11,873.97,449.57,119.52,289.54,-1,-1,-1,-1
173,14,1083.54,448.00,47.40,148.00,-1,-1,-1,-1
173,29,1696.89,430.79,85.78,154.02,-1,-1,-1,-1
173,36,469.25,462.90,30.04,113.20,-1,-1,-1,-1
173,45,947.02,431.48,77.70,263.89,-1,-1,-1,-1
173,48,1671.41,433.03,42.31,142.12,-1,-1,-1,-1
173,49,1150.73,437.48,35.22,106.90,-1,-1,-1,-1
173,51,510.45,454.80,36.16,105.79,-1,-1,-1,-1
173,53,681.68,443.50,79.06,368.24,-1,-1,-1,-1
173,58,491.49,457.46,25.21,97.10,-1,-1,-1,-1
174,2,766.62,436.37,115.67,359.30,-1,-1,-1,-1
174,4,543.76,427.40,227.68,476.44,-1,-1,-1,-1
174,6,1005.26,446.71,22.44,75.64,-1,-1,-1,-1
174,7,1167.75,456.93,40.31,90.31,-1,-1,-1,-1
174,11,875.04,448.57,119.03,291.30,-1,-1,-1,-1
174,14,1084.70,448.18,46.19,147.23,-1,-1,-1,-1
174,29,1696.84,430.57,85.91,154.51,-1,-1,-1,-1
174,36,469.40,463.27,29.73,112.69,-1,-1,-1,-1
174,45,950.14,431.03,78.76,262.82,-1,-1,-1,-1
174,48,1672.20,432.32,41.62,142.63,-1,-1,-1,-1
174,49,1150.28,453.16,31.64,91.05,-1,-1,-1,-1
174,51,510.41,454.80,37.22,106.01,-1,-1,-1,-1
174,53,686.33,444.61,75.80,359.94,-1,-1,-1,-1
174,58,491.07,457.14,25.66,97.31,-1,-1,-1,-1
175,2,768.87,437.21,113.49,362.75,-1,-1,-1,-1
175,4,550.32,427.84,224.41,479.06,-1,-1,-1,-1
175,7,1168.35,452.69,39.65,94.49,-1,-1,-1,-1
175,11,876.97,447.63,117.15,292.63,-1,-1,-1,-1
175,14,1084.16,447.63,47.47,148.89,-1,-1,-1,-1
175,29,1698.58,430.82,83.93,153.48,-1,-1,-1,-1
175,36,469.13,460.41,29.59,115.37,-1,-1,-1,-1
175,45,954.28,430.83,81.27,264.59,-1,-1,-1,-1
175,48,1672.19,431.84,41.64,142.31,-1,-1,-1,-1
175,49,1149.31,445.08,32.66,100.37,-1,-1,-1,-1
175,51,510.03,454.82,37.75,105.77,-1,-1,-1,-1
175,53,692.03,445.10,74.32,358.57,-1,-1,-1,-1
175,58,491.20,457.27,26.11,99.47,-1,-1,-1,-1
176,2,771.15,437.52,112.32,364.37,-1,-1,-1,-1
176,4,554.15,428.19,221.78,482.17,-1,-1,-1,-1
176,7,1167.71,450.96,39.55,96.37,-1,-1,-1,-1
176,11,878.99,446.63,114.62,293.95,-1,-1,-1,-1
176,14,1083.29,447.99,48.87,148.63,-1,-1,-1,-1
176,29,1700.38,430.70,81.59,153.70,-1,-1,-1,-1
176,36,469.68,460.56,29.12,115.37,-1,-1,-1,-1
176,45,957.85,430.38,88.94,264.83,-1,-1,-1,-1
176,48,1671.92,431.82,42.19,143.12,-1,-1,-1,-1
176,49,1150.41,454.30,30.31,92.49,-1,-1,-1,-1
176,51,509.88,454.83,37.40,105.74,-1,-1,-1,-1
176,53,696.66,443.41,69.86,351.21,-1,-1,-1,-1
176,58,491.51,457.55,26.54,100.51,-1,-1,-1,-1
177,2,771.21,438.18,112.00,364.81,-1,-1,-1,-1
177,4,557.70,428.70,218.52,483.36,-1,-1,-1,-1
177,7,1168.65,449.62,38.64,97.46,-1,-1,-1,-1
177,11,881.68,446.08,112.43,295.03,-1,-1,-1,-1
177,14,1083.11,449.01,49.43,146.79,-1,-1,-1,-1
177,29,1700.54,431.05,81.30,152.21,-1,-1,-1,-1
177,36,469.82,459.72,29.03,116.43,-1,-1,-1,-1
177,45,961.27,431.38,93.55,265.19,-1,-1,-1,-1
177,48,1671.71,431.88,42.93,143.98,-1,-1,-1,-1
177,49,1151.48,451.75,28.83,95.28,-1,-1,-1,-1
177,51,510.12,454.64,37.19,106.08,-1,-1,-1,-1
177,58,490.44,457.39,27.81,100.61,-1,-1,-1,-1
178,2,772.99,438.29,110.22,364.98,-1,-1,-1,-1
178,4,562.53,428.03,213.90,487.53,-1,-1,-1,-1
178,7,1162.62,445.69,43.51,101.95,-1,-1,-1,-1
178,11,885.58,445.59,108.95,295.61,-1,-1,-1,-1
178,14,1081.39,451.69,49.63,144.90,-1,-1,-1,-1
178,29,1698.76,430.87,83.09,153.64,-1,-1,-1,-1
178,36,469.53,460.75,29.11,115.38,-1,-1,-1,-1
178,45,965.38,430.86,97.22,265.83,-1,-1,-1,-1
178,48,1670.95,432.01,42.42,150.01,-1,-1,-1,-1
178,49,1152.46,442.25,27.93,103.10,-1,-1,-1,-1
178,51,510.02,454.61,37.49,106.12,-1,-1,-1,-1
178,58,491.03,457.67,26.93,100.26,-1,-1,-1,-1
179,2,774.57,437.67,109.12,365.01,-1,-1,-1,-1
179,4,566.84,426.97,209.58,489.16,-1,-1,-1,-1
179,7,1160.15,445.53,44.41,102.18,-1,-1,-1,-1
179,11,890.15,445.21,105.36,295.74,-1,-1,-1,-1
179,14,1081.13,451.24,49.46,145.44,-1,-1,-1,-1
179,29,1680.70,431.26,100.68,153.78,-1,-1,-1,-1
179,36,468.80,459.82,30.15,116.38,-1,-1,-1,-1
179,45,968.65,432.36,101.03,265.00,-1,-1,-1,-1
179,48,1669.87,432.18,42.74,152.31,-1,-1,-1,-1
179,49,1153.41,443.49,24.06,99.16,-1,-1,-1,-1
179,51,510.16,454.48,37.22,106.34,-1,-1,-1,-1
179,58,489.99,456.94,27.71,101.15,-1,-1,-1,-1
180,2,776.59,436.17,108.94,366.88,-1,-1,-1,-1
180,4,570.88,424.59,205.49,492.66,-1,-1,-1,-1
180,7,1158.25,444.67,44.23,103.08,-1,-1,-1,-1
180,11,895.57,446.36,101.27,294.07,-1,-1,-1,-1
180,14,1079.71,457.09,48.02,139.66,-1,-1,-1,-1
180,29,1674.70,430.57,105.69,155.45,-1,-1,-1,-1
180,36,467.75,460.77,31.82,115.88,-1,-1,-1,-1
180,45,970.53,434.99,103.08,263.30,-1,-1,-1,-1
180,48,1669.68,431.56,42.16,154.63,-1,-1,-1,-1
180,49,1153.15,443.42,25.34,99.60,-1,-1,-1,-1
180,51,511.11,454.42,35.63,105.77,-1,-1,-1,-1
180,58,490.06,456.82,27.33,103.05,-1,-1,-1,-1
181,2,778.57,435.73,109.25,366.64,-1,-1,-1,-1
181,4,573.37,422.87,203.12,494.67,-1,-1,-1,-1
181,7,1156.72,442.24,43.68,105.65,-1,-1,-1,-1
181,11,902.19,448.62,97.30,291.85,-1,-1,-1,-1
181,14,1079.75,462.89,47.73,133.63,-1,-1,-1,-1
181,29,1672.90,430.09,106.98,156.02,-1,-1,-1,-1
181,36,467.15,460.12,32.61,116.54,-1,-1,-1,-1
181,45,972.76,433.50,101.48,266.88,-1,-1,-1,-1
181,48,1669.87,431.37,41.64,154.34,-1,-1,-1,-1
181,49,1152.88,443.34,26.62,100.04,-1,-1,-1,-1
181,51,510.99,455.41,32.96,104.50,-1,-1,-1,-1
181,58,490.00,457.09,27.33,102.56,-1,-1,-1,-1
182,2,781.18,434.43,108.43,368.13,-1,-1,-1,-1
182,4,581.04,421.82,196.85,496.65,-1,-1,-1,-1
182,7,1156.75,442.67,40.77,105.10,-1,-1,-1,-1
182,11,907.40,447.03,94.63,293.73,-1,-1,-1,-1
182,14,1080.22,456.85,49.52,139.13,-1,-1,-1,-1
182,29,1682.41,430.07,97.62,154.59,-1,-1,-1,-1
182,36,467.05,459.69,32.62,115.90,-1,-1,-1,-1
182,45,976.34,438.99,99.37,263.70,-1,-1,-1,-1
182,48,1668.85,431.64,42.82,153.92,-1,-1,-1,-1
182,49,1152.62,443.27,27.90,100.48,-1,-1,-1,-1
182,51,511.05,454.82,34.50,105.12,-1,-1,-1,-1
182,58,490.36,457.65,26.92,101.31,-1,-1,-1,-1
183,2,783.18,433.67,110.02,369.52,-1,-1,-1,-1
183,4,584.96,421.80,196.16,495.73,-1,-1,-1,-1
183,7,1156.73,444.84,37.22,102.44,-1,-1,-1,-1
183,11,914.00,443.80,90.94,296.76,-1,-1,-1,-1
183,14,1077.91,475.68,45.53,120.68,-1,-1,-1,-1
183,29,1686.73,430.03,93.95,154.06,-1,-1,-1,-1
183,36,466.18,462.57,32.95,113.22,-1,-1,-1,-1
183,45,979.82,438.82,96.92,265.14,-1,-1,-1,-1
183,48,1668.60,431.64,42.71,150.57,-1,-1,-1,-1
183,49,1152.36,443.19,29.18,100.91,-1,-1,-1,-1
183,51,510.57,454.50,35.37,105.17,-1,-1,-1,-1
183,58,489.92,457.62,27.42,101.21,-1,-1,-1,-1
183,60,570.86,460.38,47.93,131.35,-1,-1,-1,-1
184,2,784.81,433.20,110.35,369.92,-1,-1,-1,-1
184,4,588.74,421.34,194.12,495.30,-1,-1,-1,-1
184,7,1154.50,443.54,38.09,104.13,-1,-1,-1,-1
184,11,918.44,443.48,90.54,298.73,-1,-1,-1,-1
184,14,1090.49,452.25,41.59,139.79,-1,-1,-1,-1
184,29,1681.37,429.85,99.22,153.75,-1,-1,-1,-1
184,36,465.16,469.68,33.64,105.87,-1,-1,-1,-1
184,45,982.55,437.52,94.47,266.78,-1,-1,-1,-1
184,48,1668.92,431.62,42.20,147.30,-1,-1,-1,-1
184,49,1152.10,443.12,30.46,101.35,-1,-1,-1,-1
184,51,510.40,454.28,35.61,105.83,-1,-1,-1,-1
184,58,490.39,458.19,27.23,99.72,-1,-1,-1,-1
184,60,570.59,460.60,53.09,138.87,-1,-1,-1,-1
185,2,786.12,433.52,110.62,369.62,-1,-1,-1,-1
185,4,597.51,421.00,186.41,495.36,-1,-1,-1,-1
185,7,1153.20,443.21,38.97,104.87,-1,-1,-1,-1
185,11,922.30,443.23,89.39,302.15,-1,-1,-1,-1
185,14,1095.58,445.75,38.49,145.48,-1,-1,-1,-1
185,29,1683.34,429.93,97.22,153.33,-1,-1,-1,-1
185,36,464.68,469.13,33.79,106.39,-1,-1,-1,-1
185,45,983.45,437.78,95.07,266.76,-1,-1,-1,-1
185,48,1668.74,431.68,42.94,147.61,-1,-1,-1,-1
185,49,1151.84,443.04,31.74,101.79,-1,-1,-1,-1
185,51,510.21,454.41,35.87,105.85,-1,-1,-1,-1
185,58,489.41,458.31,27.89,97.17,-1,-1,-1,-1
185,60,569.99,460.43,55.12,143.66,-1,-1,-1,-1
186,2,787.79,433.87,112.15,369.44,-1,-1,-1,-1
186,4,603.53,420.75,181.18,495.38,-1,-1,-1,-1
186,7,1151.78,443.78,46.39,103.95,-1,-1,-1,-1
186,11,925.76,444.69,88.27,304.70,-1,-1,-1,-1
186,14,1096.47,441.36,38.85,149.10,-1,-1,-1,-1
186,29,1685.48,429.96,95.22,153.34,-1,-1,-1,-1
186,36,464.20,468.58,33.95,106.91,-1,-1,-1,-1
186,45,988.90,438.24,92.25,267.37,-1,-1,-1,-1
186,48,1668.47,431.70,43.17,148.08,-1,-1,-1,-1
186,49,1151.57,442.97,33.02,102.23,-1,-1,-1,-1
186,51,510.48,454.28,35.28,105.96,-1,-1,-1,-1
186,58,489.52,458.09,28.10,99.25,-1,-1,-1,-1
186,60,569.32,460.20,58.29,147.45,-1,-1,-1,-1
187,2,789.72,434.17,112.86,369.24,-1,-1,-1,-1
187,4,608.83,420.48,177.54,496.10,-1,-1,-1,-1
187,7,1150.78,444.18,51.01,103.50,-1,-1,-1,-1
187,11,928.96,445.35,87.40,303.11,-1,-1,-1,-1
187,14,1097.27,439.83,38.60,150.81,-1,-1,-1,-1
187,29,1690.77,429.98,89.70,154.13,-1,-1,-1,-1
187,36,463.72,468.03,34.10,107.43,-1,-1,-1,-1
187,45,993.22,433.96,89.39,271.37,-1,-1,-1,-1
187,48,1668.42,431.71,43.46,149.65,-1,-1,-1,-1
187,49,1151.31,442.89,34.31,102.66,-1,-1,-1,-1
187,51,510.65,454.28,33.63,106.28,-1,-1,-1,-1
187,58,489.46,457.80,28.56,100.18,-1,-1,-1,-1
187,60,568.78,459.71,59.53,155.27,-1,-1,-1,-1
188,2,791.37,432.97,112.38,369.70,-1,-1,-1,-1
188,4,613.96,419.86,174.33,499.58,-1,-1,-1,-1
188,7,1150.32,442.88,53.51,105.02,-1,-1,-1,-1
188,11,932.47,445.52,89.37,303.92,-1,-1,-1,-1
188,14,1100.79,444.76,34.63,147.94,-1,-1,-1,-1
188,29,1696.20,430.32,84.86,154.08,-1,-1,-1,-1
188,36,463.24,467.49,34.25,107.95,-1,-1,-1,-1
188,45,997.47,434.26,87.66,271.79,-1,-1,-1,-1
188,48,1668.10,431.71,43.73,150.57,-1,-1,-1,-1
188,49,1151.05,442.82,35.59,103.10,-1,-1,-1,-1
188,51,510.63,455.46,32.23,100.68,-1,-1,-1,-1
188,58,489.62,457.51,28.74,99.61,-1,-1,-1,-1
188,60,568.60,458.95,61.85,164.09,-1,-1,-1,-1
189,2,793.44,432.15,112.41,369.96,-1,-1,-1,-1
189,4,618.61,419.00,172.00,507.01,-1,-1,-1,-1
189,7,1150.24,441.87,55.24,106.22,-1,-1,-1,-1
189,11,937.48,444.55,95.38,304.62,-1,-1,-1,-1
189,14,1093.52,442.87,42.55,150.94,-1,-1,-1,-1
189,29,1689.76,430.02,92.06,154.32,-1,-1,-1,-1
189,36,462.76,466.94,34.40,108.47,-1,-1,-1,-1
189,45,1002.22,432.89,84.23,273.47,-1,-1,-1,-1
189,48,1669.31,432.06,42.67,149.17,-1,-1,-1,-1
189,49,1150.79,442.74,36.87,103.54,-1,-1,-1,-1
189,51,511.03,455.61,31.73,98.16,-1,-1,-1,-1
189,58,489.70,457.35,28.96,100.86,-1,-1,-1,-1
189,60,568.29,458.27,62.84,163.18,-1,-1,-1,-1
190,2,795.35,432.68,112.60,369.13,-1,-1,-1,-1
190,4,619.45,419.14,173.80,512.68,-1,-1,-1,-1
190,7,1149.87,441.51,55.87,106.79,-1,-1,-1,-1
190,11,941.28,444.17,101.84,305.97,-1,-1,-1,-1
190,14,1097.49,440.33,38.89,129.40,-1,-1,-1,-1
190,29,1695.72,430.51,86.83,152.94,-1,-1,-1,-1
190,36,462.27,466.39,34.55,108.99,-1,-1,-1,-1
190,45,1005.62,431.67,82.43,274.37,-1,-1,-1,-1
190,48,1669.86,432.16,42.28,147.81,-1,-1,-1,-1
190,49,1150.53,442.67,38.15,103.98,-1,-1,-1,-1
190,51,510.88,455.44,33.07,101.91,-1,-1,-1,-1
190,58,489.27,457.63,29.92,98.77,-1,-1,-1,-1
190,60,567.56,456.83,64.09,161.88,-1,-1,-1,-1
191,2,796.84,432.75,111.36,368.93,-1,-1,-1,-1
191,4,623.97,418.71,171.33,519.78,-1,-1,-1,-1
191,7,1149.73,439.75,53.72,108.42,-1,-1,-1,-1
191,11,944.52,445.23,106.87,306.09,-1,-1,-1,-1
191,14,1099.58,440.11,36.57,117.56,-1,-1,-1,-1
191,29,1698.72,430.75,84.06,152.23,-1,-1,-1,-1
191,36,461.79,465.84,34.71,109.52,-1,-1,-1,-1
191,45,1008.39,430.09,83.85,273.65,-1,-1,-1,-1
191,48,1671.53,431.57,40.93,147.60,-1,-1,-1,-1
191,49,1149.96,447.13,34.18,100.34,-1,-1,-1,-1
191,51,511.32,455.41,33.79,103.33,-1,-1,-1,-1
191,58,488.89,457.34,29.96,101.67,-1,-1,-1,-1
191,60,566.07,456.31,66.12,161.54,-1,-1,-1,-1
192,2,798.58,432.28,111.46,368.69,-1,-1,-1,-1
192,4,626.58,418.29,170.66,529.80,-1,-1,-1,-1
192,7,1166.73,447.58,39.02,99.56,-1,-1,-1,-1
192,11,946.69,445.51,110.01,307.07,-1,-1,-1,-1
192,14,1099.72,440.06,36.34,113.36,-1,-1,-1,-1
192,29,1689.91,430.20,92.38,154.22,-1,-1,-1,-1
192,36,461.31,465.29,34.86,110.04,-1,-1,-1,-1
192,45,1009.67,430.88,82.79,275.67,-1,-1,-1,-1
192,48,1670.93,431.92,41.18,151.38,-1,-1,-1,-1
192,49,1148.54,442.93,37.53,105.23,-1,-1,-1,-1
192,51,511.23,455.02,34.30,104.81,-1,-1,-1,-1
192,58,489.01,457.43,29.63,101.95,-1,-1,-1,-1
192,60,565.11,456.25,67.63,161.38,-1,-1,-1,-1
193,2,801.32,431.74,110.63,368.96,-1,-1,-1,-1
193,4,631.07,417.21,171.75,538.04,-1,-1,-1,-1
193,7,1174.99,450.44,32.59,96.10,-1,-1,-1,-1
193,11,947.64,446.76,111.54,308.19,-1,-1,-1,-1
193,14,1099.67,438.21,36.68,115.36,-1,-1,-1,-1
193,29,1694.34,430.34,87.84,152.57,-1,-1,-1,-1
193,36,460.83,464.75,35.01,110.56,-1,-1,-1,-1
193,45,1013.59,431.09,85.09,274.68,-1,-1,-1,-1
193,48,1670.29,432.33,41.66,151.76,-1,-1,-1,-1
193,49,1147.23,444.27,38.13,104.12,-1,-1,-1,-1
193,51,511.46,453.82,35.06,106.56,-1,-1,-1,-1
193,58,488.63,457.57,29.90,101.81,-1,-1,-1,-1
193,60,564.91,455.02,67.99,162.12,-1,-1,-1,-1
194,2,804.11,431.80,112.26,370.06,-1,-1,-1,-1
194,4,635.42,417.73,170.73,543.04,-1,-1,-1,-1
194,7,1174.69,450.57,33.48,95.68,-1,-1,-1,-1
194,11,948.41,446.79,113.22,310.07,-1,-1,-1,-1
194,14,1099.68,436.92,37.27,124.46,-1,-1,-1,-1
194,29,1696.80,430.61,85.34,153.09,-1,-1,-1,-1
194,36,460.35,464.20,35.16,111.08,-1,-1,-1,-1
194,45,1017.71,431.76,92.98,273.47,-1,-1,-1,-1
194,48,1671.96,431.78,40.01,147.16,-1,-1,-1,-1
194,49,1146.71,445.00,36.09,103.43,-1,-1,-1,-1
194,51,511.01,454.57,35.89,105.62,-1,-1,-1,-1
194,58,488.12,457.71,30.27,102.05,-1,-1,-1,-1
194,60,564.80,455.54,68.51,161.10,-1,-1,-1,-1
195,2,807.04,431.78,118.41,370.11,-1,-1,-1,-1
195,4,639.12,417.87,170.02,546.07,-1,-1,-1,-1
195,7,1175.75,451.07,33.11,95.21,-1,-1,-1,-1
195,11,949.05,446.91,115.40,312.82,-1,-1,-1,-1
195,14,1099.94,437.55,37.08,116.62,-1,-1,-1,-1
195,29,1699.24,430.57,82.96,153.56,-1,-1,-1,-1
195,36,459.84,463.43,35.43,112.19,-1,-1,-1,-1
195,45,1021.31,430.88,95.09,275.73,-1,-1,-1,-1
195,48,1671.21,432.26,41.08,151.31,-1,-1,-1,-1
195,49,1145.20,444.51,36.36,104.26,-1,-1,-1,-1
195,51,511.54,455.02,35.85,105.50,-1,-1,-1,-1
195,58,487.05,458.23,31.03,101.03,-1,-1,-1,-1
195,60,565.31,454.25,68.86,162.63,-1,-1,-1,-1
196,2,809.32,432.21,129.30,370.35,-1,-1,-1,-1
196,4,642.83,417.76,164.31,548.30,-1,-1,-1,-1
196,7,1176.27,449.15,33.53,96.90,-1,-1,-1,-1
196,11,950.01,446.17,115.67,314.94,-1,-1,-1,-1
196,14,1099.89,436.76,37.43,113.23,-1,-1,-1,-1
196,29,1700.70,430.63,81.87,153.45,-1,-1,-1,-1
196,36,459.73,463.69,35.17,112.41,-1,-1,-1,-1
196,45,1024.33,430.87,94.63,278.03,-1,-1,-1,-1
196,48,1671.16,432.62,41.36,150.43,-1,-1,-1,-1
196,49,1143.84,444.75,36.51,104.12,-1,-1,-1,-1
196,51,511.69,454.96,35.70,105.57,-1,-1,-1,-1
196,58,486.24,458.03,31.57,101.48,-1,-1,-1,-1
196,60,565.90,455.01,69.17,161.80,-1,-1,-1,-1
197,2,812.75,432.55,137.32,370.19,-1,-1,-1,-1
197,4,645.86,418.24,159.37,549.17,-1,-1,-1,-1
197,7,1179.06,449.13,33.63,96.89,-1,-1,-1,-1
197,11,952.16,446.18,114.69,315.61,-1,-1,-1,-1
197,14,1100.23,435.71,37.39,113.36,-1,-1,-1,-1
197,29,1699.00,430.59,83.48,153.61,-1,-1,-1,-1
197,36,459.48,464.35,35.14,111.76,-1,-1,-1,-1
197,45,1027.75,430.11,95.13,280.16,-1,-1,-1,-1
197,48,1671.22,432.58,41.21,147.91,-1,-1,-1,-1
197,49,1143.67,444.88,35.79,103.97,-1,-1,-1,-1
197,51,511.67,454.77,36.31,105.62,-1,-1,-1,-1
197,58,485.63,457.60,32.13,101.32,-1,-1,-1,-1
197,60,566.55,455.39,69.27,161.32,-1,-1,-1,-1
198,2,816.21,433.45,144.39,370.70,-1,-1,-1,-1
198,4,648.59,417.98,159.53,547.56,-1,-1,-1,-1
198,7,1181.50,449.31,32.86,97.32,-1,-1,-1,-1
198,11,956.25,446.08,111.50,315.83,-1,-1,-1,-1
198,14,1100.75,435.06,37.00,112.33,-1,-1,-1,-1
198,29,1697.69,430.77,85.31,152.36,-1,-1,-1,-1
198,36,459.11,464.41,35.44,111.87,-1,-1,-1,-1
198,45,1032.43,432.20,96.46,278.03,-1,-1,-1,-1
198,48,1671.87,432.83,40.76,143.29,-1,-1,-1,-1
198,49,1142.83,444.52,36.16,104.37,-1,-1,-1,-1
198,51,511.63,454.38,36.95,106.49,-1,-1,-1,-1
198,58,486.15,457.69,31.31,102.52,-1,-1,-1,-1
198,60,566.97,455.54,69.65,161.28,-1,-1,-1,-1
199,2,818.30,433.75,151.25,371.78,-1,-1,-1,-1
199,4,651.37,418.37,163.57,545.27,-1,-1,-1,-1
199,7,1182.89,447.52,33.21,98.71,-1,-1,-1,-1
199,11,962.92,446.19,105.63,315.43,-1,-1,-1,-1
199,14,1100.80,433.58,37.22,114.41,-1,-1,-1,-1
199,29,1697.35,430.78,85.50,151.96,-1,-1,-1,-1
199,36,458.53,464.41,36.01,112.25,-1,-1,-1,-1
199,45,1037.71,432.51,94.46,281.07,-1,-1,-1,-1
199,48,1671.88,432.87,40.58,141.20,-1,-1,-1,-1
199,49,1143.06,445.62,34.46,103.84,-1,-1,-1,-1
199,51,511.72,454.81,36.56,106.17,-1,-1,-1,-1
199,58,485.94,458.24,31.18,102.30,-1,-1,-1,-1
199,60,567.98,453.99,68.99,162.63,-1,-1,-1,-1
200,2,820.60,433.99,156.28,372.62,-1,-1,-1,-1
200,4,654.64,419.21,167.42,544.43,-1,-1,-1,-1
200,7,1183.36,449.09,32.96,97.59,-1,-1,-1,-1
200,11,970.23,447.08,99.57,314.67,-1,-1,-1,-1
200,14,1101.94,433.26,35.94,115.09,-1,-1,-1,-1
200,29,1696.10,430.44,86.38,152.49,-1,-1,-1,-1
200,36,458.28,462.75,34.80,112.83,-1,-1,-1,-1
200,45,1041.47,433.82,94.03,277.51,-1,-1,-1,-1
200,48,1671.23,432.43,41.13,141.33,-1,-1,-1,-1
200,49,1142.86,446.36,33.55,103.23,-1,-1,-1,-1
200,51,511.56,454.82,35.91,105.71,-1,-1,-1,-1
200,58,485.19,458.16,31.46,102.94,-1,-1,-1,-1
200,60,569.46,453.79,68.20,162.95,-1,-1,-1,-1
201,2,824.92,434.87,152.58,374.54,-1,-1,-1,-1
201,4,658.65,419.94,169.30,543.76,-1,-1,-1,-1
201,7,1184.20,447.79,33.09,99.21,-1,-1,-1,-1
201,11,978.21,446.20,95.98,315.74,-1,-1,-1,-1
201,14,1102.39,435.71,35.43,108.82,-1,-1,-1,-1
201,29,1681.42,430.62,100.22,154.77,-1,-1,-1,-1
201,36,457.43,462.46,34.03,112.35,-1,-1,-1,-1
201,45,1044.16,434.11,93.62,280.15,-1,-1,-1,-1
201,48,1669.27,432.13,42.95,149.71,-1,-1,-1,-1
201,49,1140.82,446.91,34.25,102.72,-1,-1,-1,-1
201,51,510.82,454.60,36.27,105.69,-1,-1,-1,-1
201,58,484.54,457.75,32.26,103.24,-1,-1,-1,-1
201,60,570.51,453.90,68.51,162.88,-1,-1,-1,-1
202,2,827.09,435.14,151.55,377.20,-1,-1,-1,-1
202,4,657.44,419.48,176.23,548.13,-1,-1,-1,-1
202,7,1184.75,447.54,33.97,99.22,-1,-1,-1,-1
202,11,985.67,445.45,95.42,314.81,-1,-1,-1,-1
202,14,1105.26,437.24,32.00,83.01,-1,-1,-1,-1
202,29,1674.34,430.53,106.79,155.99,-1,-1,-1,-1
202,36,456.28,463.28,35.96,111.67,-1,-1,-1,-1
202,45,1046.11,434.47,91.95,276.68,-1,-1,-1,-1
202,48,1668.37,431.78,43.32,153.88,-1,-1,-1,-1
202,49,1138.90,447.46,34.74,102.00,-1,-1,-1,-1
202,51,510.84,455.44,35.77,105.29,-1,-1,-1,-1
202,58,484.15,457.97,32.50,102.48,-1,-1,-1,-1
202,60,571.75,454.30,69.15,162.29,-1,-1,-1,-1
203,2,828.77,434.60,150.59,379.76,-1,-1,-1,-1
203,4,661.84,419.78,176.98,551.21,-1,-1,-1,-1
203,7,1185.04,445.93,35.28,100.88,-1,-1,-1,-1
203,11,990.78,446.71,90.84,313.75,-1,-1,-1,-1
203,14,1108.13,436.32,29.62,62.33,-1,-1,-1,-1
203,29,1670.81,430.54,109.78,157.31,-1,-1,-1,-1
203,36,455.75,462.65,35.41,105.47,-1,-1,-1,-1
203,45,1050.15,434.77,91.08,282.76,-1,-1,-1,-1
203,48,1669.02,431.51,42.63,153.22,-1,-1,-1,-1
203,49,1138.17,446.71,33.46,102.31,-1,-1,-1,-1
203,51,509.63,455.07,35.97,87.41,-1,-1,-1,-1
203,58,483.56,458.26,32.72,101.90,-1,-1,-1,-1
203,60,573.11,458.54,69.27,158.99,-1,-1,-1,-1
204,2,829.61,434.21,149.84,380.87,-1,-1,-1,-1
204,4,661.69,420.03,179.87,556.47,-1,-1,-1,-1
204,7,1185.58,446.81,35.62,99.94,-1,-1,-1,-1
204,11,994.95,442.37,88.96,318.69,-1,-1,-1,-1
204,29,1669.35,431.25,111.56,157.28,-1,-1,-1,-1
204,36,454.71,463.30,36.64,109.87,-1,-1,-1,-1
204,45,1054.81,435.49,88.46,284.02,-1,-1,-1,-1
204,48,1669.06,431.34,42.18,154.42,-1,-1,-1,-1
204,49,1137.33,447.15,33.08,101.76,-1,-1,-1,-1
204,51,509.39,454.93,35.82,96.05,-1,-1,-1,-1
204,58,483.12,458.01,32.60,103.16,-1,-1,-1,-1
204,60,575.50,458.40,66.86,160.54,-1,-1,-1,-1
205,2,829.95,434.10,149.47,380.86,-1,-1,-1,-1
205,4,665.78,419.17,176.92,561.84,-1,-1,-1,-1
205,7,1186.66,448.06,36.31,98.96,-1,-1,-1,-1
205,11,998.75,442.67,92.07,319.01,-1,-1,-1,-1
205,29,1669.15,430.43,111.84,157.10,-1,-1,-1,-1
205,36,451.82,463.73,35.64,96.02,-1,-1,-1,-1
205,45,1060.40,434.16,85.46,285.64,-1,-1,-1,-1
205,48,1669.26,431.28,42.38,155.06,-1,-1,-1,-1
205,49,1137.66,447.20,31.07,100.51,-1,-1,-1,-1
205,51,512.11,454.80,33.95,102.28,-1,-1,-1,-1
205,58,483.23,457.87,32.83,103.20,-1,-1,-1,-1
205,60,577.88,459.36,64.35,160.07,-1,-1,-1,-1
206,2,831.10,433.24,149.35,381.41,-1,-1,-1,-1
206,4,668.12,418.46,175.58,568.52,-1,-1,-1,-1
206,7,1187.90,446.63,35.69,100.29,-1,-1,-1,-1
206,11,1003.04,443.27,92.90,318.69,-1,-1,-1,-1
206,29,1669.43,430.37,111.77,156.55,-1,-1,-1,-1
206,36,451.49,463.67,34.42,90.03,-1,-1,-1,-1
206,45,1065.54,433.56,83.80,287.02,-1,-1,-1,-1
206,48,1669.38,431.25,42.22,154.33,-1,-1,-1,-1
206,49,1138.13,447.13,29.75,100.14,-1,-1,-1,-1
206,51,513.73,455.69,33.09,104.03,-1,-1,-1,-1
206,58,482.83,458.03,33.76,102.77,-1,-1,-1,-1
206,60,579.30,459.50,65.82,160.61,-1,-1,-1,-1
207,2,833.00,432.27,148.61,382.12,-1,-1,-1,-1
207,4,674.45,417.49,171.49,571.16,-1,-1,-1,-1
207,7,1190.10,446.05,35.13,100.81,-1,-1,-1,-1
207,11,1007.42,444.97,100.65,317.40,-1,-1,-1,-1
207,29,1669.78,430.24,111.36,157.08,-1,-1,-1,-1
207,36,452.16,463.77,32.15,84.01,-1,-1,-1,-1
207,45,1069.51,432.71,85.16,288.15,-1,-1,-1,-1
207,48,1669.50,431.22,42.05,153.60,-1,-1,-1,-1
207,49,1137.76,447.31,30.00,99.59,-1,-1,-1,-1
207,51,513.32,455.85,32.30,104.35,-1,-1,-1,-1
207,58,482.40,458.02,34.58,102.43,-1,-1,-1,-1
207,60,580.59,457.73,66.10,162.10,-1,-1,-1,-1
208,2,835.53,431.80,147.21,381.94,-1,-1,-1,-1
208,4,682.26,416.69,166.19,573.89,-1,-1,-1,-1
208,7,1191.34,453.08,35.07,93.47,-1,-1,-1,-1
208,11,1011.36,445.76,111.52,317.00,-1,-1,-1,-1
208,29,1671.34,430.10,109.58,156.87,-1,-1,-1,-1
208,36,450.16,464.16,36.10,101.93,-1,-1,-1,-1
208,45,1072.64,430.41,84.07,294.52,-1,-1,-1,-1
208,48,1669.62,431.19,41.89,152.87,-1,-1,-1,-1
208,49,1137.19,447.57,30.20,98.56,-1,-1,-1,-1
208,51,512.83,455.48,33.38,104.89,-1,-1,-1,-1
208,58,482.69,457.50,33.75,103.15,-1,-1,-1,-1
208,60,582.30,455.41,67.98,164.59,-1,-1,-1,-1
209,2,839.40,431.83,143.78,381.23,-1,-1,-1,-1
209,4,689.40,413.54,160.46,578.12,-1,-1,-1,-1
209,7,1192.61,452.07,34.24,94.67,-1,-1,-1,-1
209,11,1015.76,446.42,127.78,316.22,-1,-1,-1,-1
209,29,1670.02,430.02,110.81,156.91,-1,-1,-1,-1
209,36,449.95,464.35,35.26,107.72,-1,-1,-1,-1
209,45,1077.94,429.18,83.04,291.90,-1,-1,-1,-1
209,48,1669.73,431.16,41.72,152.13,-1,-1,-1,-1
209,49,1138.63,447.49,29.01,98.87,-1,-1,-1,-1
209,51,512.51,455.13,32.61,105.04,-1,-1,-1,-1
209,58,482.62,457.57,33.15,103.08,-1,-1,-1,-1
209,60,584.01,455.31,66.36,164.47,-1,-1,-1,-1
210,2,843.15,430.30,142.20,382.77,-1,-1,-1,-1
210,4,693.46,411.12,158.16,581.22,-1,-1,-1,-1
210,7,1193.25,450.75,35.79,95.90,-1,-1,-1,-1
210,11,1019.17,447.29,140.16,315.75,-1,-1,-1,-1
210,29,1670.94,429.96,110.20,156.29,-1,-1,-1,-1
210,36,444.76,465.74,38.37,108.79,-1,-1,-1,-1
210,45,1083.42,429.65,79.18,280.76,-1,-1,-1,-1
210,48,1669.85,431.13,41.56,151.40,-1,-1,-1,-1
210,49,1138.97,447.83,28.05,89.15,-1,-1,-1,-1
210,51,513.62,455.30,31.00,105.35,-1,-1,-1,-1
210,58,481.46,457.79,34.08,102.14,-1,-1,-1,-1
210,60,586.10,453.94,67.09,165.65,-1,-1,-1,-1
211,2,847.79,429.41,139.87,384.09,-1,-1,-1,-1
211,4,690.62,409.88,162.67,582.81,-1,-1,-1,-1
211,7,1194.24,451.60,36.37,95.49,-1,-1,-1,-1
211,11,1021.22,448.52,152.17,314.60,-1,-1,-1,-1
211,29,1670.67,429.80,110.66,156.99,-1,-1,-1,-1
211,36,440.22,466.25,41.15,109.02,-1,-1,-1,-1
211,45,1087.74,432.05,77.77,276.51,-1,-1,-1,-1
211,48,1669.97,431.10,41.39,150.67,-1,-1,-1,-1
211,49,1140.65,448.38,26.52,87.68,-1,-1,-1,-1
211,51,513.33,455.14,32.67,105.36,-1,-1,-1,-1
211,58,480.92,458.26,34.20,101.04,-1,-1,-1,-1
211,60,587.66,453.51,66.20,166.23,-1,-1,-1,-1
212,2,854.49,429.03,137.35,384.58,-1,-1,-1,-1
212,4,691.32,409.48,165.40,583.80,-1,-1,-1,-1
212,7,1195.78,449.30,36.62,97.84,-1,-1,-1,-1
212,11,1021.75,448.69,160.61,315.74,-1,-1,-1,-1
212,29,1673.11,430.04,108.07,156.21,-1,-1,-1,-1
212,36,443.83,466.53,37.73,102.71,-1,-1,-1,-1
212,45,1093.05,429.95,76.54,273.65,-1,-1,-1,-1
212,48,1670.09,431.07,41.23,149.93,-1,-1,-1,-1
212,51,512.72,454.93,34.10,104.84,-1,-1,-1,-1
212,58,480.75,457.83,34.13,101.86,-1,-1,-1,-1
212,60,588.98,454.47,67.43,165.30,-1,-1,-1,-1
213,2,862.82,428.85,135.71,385.12,-1,-1,-1,-1
213,4,693.46,409.88,167.82,583.73,-1,-1,-1,-1
213,7,1197.33,447.09,35.50,99.22,-1,-1,-1,-1
213,11,1021.75,448.81,164.31,317.50,-1,-1,-1,-1
213,29,1673.02,429.91,108.21,156.88,-1,-1,-1,-1
213,36,444.23,465.39,37.94,100.45,-1,-1,-1,-1
213,45,1098.16,431.22,78.05,280.61,-1,-1,-1,-1
213,48,1670.21,431.04,41.06,149.20,-1,-1,-1,-1
213,51,511.83,454.78,35.47,105.23,-1,-1,-1,-1
213,58,480.72,457.61,33.42,102.63,-1,-1,-1,-1
213,60,590.06,451.68,68.71,168.24,-1,-1,-1,-1
214,2,871.78,428.52,129.96,385.69,-1,-1,-1,-1
214,4,697.51,409.89,167.54,583.86,-1,-1,-1,-1
214,7,1197.58,446.62,35.63,99.88,-1,-1,-1,-1
214,11,1021.97,447.98,164.70,319.73,-1,-1,-1,-1
214,29,1673.35,430.02,108.05,157.20,-1,-1,-1,-1
214,36,444.43,465.39,36.77,99.93,-1,-1,-1,-1
214,45,1104.58,429.52,81.92,285.43,-1,-1,-1,-1
214,48,1670.33,431.01,40.90,148.47,-1,-1,-1,-1
214,51,511.56,454.72,36.06,105.51,-1,-1,-1,-1
214,58,480.79,457.74,32.70,102.89,-1,-1,-1,-1
214,60,591.02,448.97,68.60,170.94,-1,-1,-1,-1
215,2,877.78,428.44,123.40,387.75,-1,-1,-1,-1
215,4,699.49,409.99,168.45,583.83,-1,-1,-1,-1
215,7,1199.86,446.48,33.96,99.37,-1,-1,-1,-1
215,11,1021.63,447.31,166.05,322.03,-1,-1,-1,-1
215,29,1677.37,430.09,104.73,157.55,-1,-1,-1,-1
215,36,444.13,465.08,37.47,96.69,-1,-1,-1,-1
215,45,1112.42,428.21,86.65,290.22,-1,-1,-1,-1
215,48,1670.45,430.98,40.73,147.74,-1,-1,-1,-1
215,51,510.92,454.62,36.79,105.65,-1,-1,-1,-1
215,58,480.70,458.29,32.79,102.49,-1,-1,-1,-1
215,60,592.89,448.47,68.32,172.36,-1,-1,-1,-1
216,2,881.64,428.69,122.24,389.71,-1,-1,-1,-1
216,4,701.70,409.94,170.59,583.11,-1,-1,-1,-1
216,7,1203.12,447.64,31.98,98.23,-1,-1,-1,-1
216,11,1024.11,445.93,164.86,324.91,-1,-1,-1,-1
216,29,1676.31,430.07,105.54,156.87,-1,-1,-1,-1
216,36,443.61,465.29,37.40,102.83,-1,-1,-1,-1
216,45,1118.68,428.08,92.31,292.20,-1,-1,-1,-1
216,48,1670.57,430.95,40.57,147.00,-1,-1,-1,-1
216,51,509.59,454.61,38.31,105.62,-1,-1,-1,-1
216,58,480.58,457.88,33.29,102.76,-1,-1,-1,-1
216,60,594.54,450.06,68.02,172.32,-1,-1,-1,-1
216,66,1028.36,435.63,48.05,99.99,-1,-1,-1,-1
217,2,884.41,428.21,123.11,392.15,-1,-1,-1,-1
217,4,702.76,409.86,173.41,583.42,-1,-1,-1,-1
217,7,1206.14,450.29,30.59,95.36,-1,-1,-1,-1
217,11,1026.75,445.62,162.91,324.94,-1,-1,-1,-1
217,29,1673.31,431.16,108.36,156.04,-1,-1,-1,-1
217,36,442.11,466.39,38.50,102.58,-1,-1,-1,-1
217,45,1124.32,429.47,99.95,296.63,-1,-1,-1,-1
217,48,1670.69,430.92,40.40,146.27,-1,-1,-1,-1
217,51,509.51,454.50,38.61,105.97,-1,-1,-1,-1
217,58,480.23,457.42,33.11,104.51,-1,-1,-1,-1
217,60,595.78,448.47,68.92,174.61,-1,-1,-1,-1
217,66,1031.17,439.67,47.60,87.17,-1,-1,-1,-1
218,2,886.27,427.94,123.32,395.72,-1,-1,-1,-1
218,4,701.98,409.08,179.90,583.81,-1,-1,-1,-1
218,7,1206.95,450.40,31.59,95.44,-1,-1,-1,-1
218,11,1031.81,445.03,158.31,325.77,-1,-1,-1,-1
218,29,1680.84,430.72,100.99,156.10,-1,-1,-1,-1
218,36,440.83,466.39,38.31,95.08,-1,-1,-1,-1
218,45,1131.23,431.65,102.60,296.89,-1,-1,-1,-1
218,48,1670.81,430.89,40.24,145.54,-1,-1,-1,-1
218,51,509.86,454.65,37.92,105.95,-1,-1,-1,-1
218,58,479.73,457.29,33.56,104.95,-1,-1,-1,-1
218,60,597.11,450.59,68.80,172.92,-1,-1,-1,-1
218,66,1034.00,440.64,51.48,83.54,-1,-1,-1,-1
218,67,567.69,458.95,23.83,65.25,-1,-1,-1,-1
219,2,890.43,427.56,120.63,400.94,-1,-1,-1,-1
219,4,704.79,408.63,183.34,584.14,-1,-1,-1,-1
219,7,1207.91,449.26,33.43,97.00,-1,-1,-1,-1
219,11,1037.64,444.84,153.10,325.91,-1,-1,-1,-1
219,29,1689.09,430.69,92.66,155.49,-1,-1,-1,-1
219,36,440.97,466.21,38.81,93.12,-1,-1,-1,-1
219,45,1138.01,431.85,101.01,298.87,-1,-1,-1,-1
219,48,1669.77,431.48,41.94,148.97,-1,-1,-1,-1
219,51,509.94,454.34,37.17,106.38,-1,-1,-1,-1
219,58,478.95,457.24,34.00,104.87,-1,-1,-1,-1
219,60,597.29,448.04,69.11,175.87,-1,-1,-1,-1
219,66,1036.05,441.37,51.55,79.03,-1,-1,-1,-1
219,67,568.41,459.35,22.76,64.76,-1,-1,-1,-1
220,2,892.74,427.06,120.64,405.04,-1,-1,-1,-1
220,4,711.86,408.03,186.37,584.45,-1,-1,-1,-1
220,7,1208.37,450.66,36.79,96.22,-1,-1,-1,-1
220,11,1044.39,445.27,147.03,325.83,-1,-1,-1,-1
220,29,1691.71,430.68,89.74,155.64,-1,-1,-1,-1
220,36,440.30,465.67,40.01,93.97,-1,-1,-1,-1
220,45,1144.10,431.27,98.81,300.08,-1,-1,-1,-1
220,48,1670.56,431.37,40.87,147.08,-1,-1,-1,-1
220,51,509.98,454.36,36.64,106.27,-1,-1,-1,-1
220,58,478.44,457.14,33.97,104.06,-1,-1,-1,-1
220,60,598.56,450.87,68.84,173.38,-1,-1,-1,-1
220,66,1036.96,441.76,52.09,81.80,-1,-1,-1,-1
220,67,568.89,460.67,22.18,63.07,-1,-1,-1,-1
221,2,894.42,427.20,122.80,410.31,-1,-1,-1,-1
221,4,715.93,407.23,198.95,585.42,-1,-1,-1,-1
221,7,1211.66,449.87,39.22,97.50,-1,-1,-1,-1
221,11,1053.36,441.73,138.97,329.87,-1,-1,-1,-1
221,29,1692.38,430.48,89.72,154.11,-1,-1,-1,-1
221,36,435.89,465.51,45.00,95.84,-1,-1,-1,-1
221,45,1149.32,431.77,94.76,298.82,-1,-1,-1,-1
221,48,1670.63,431.04,40.60,143.83,-1,-1,-1,-1
221,51,509.16,454.80,36.93,106.07,-1,-1,-1,-1
221,58,479.82,457.19,32.40,104.54,-1,-1,-1,-1
221,60,599.84,449.18,68.85,174.22,-1,-1,-1,-1
221,66,1038.76,441.85,49.35,70.18,-1,-1,-1,-1
221,67,569.11,458.67,21.88,64.86,-1,-1,-1,-1
222,2,895.70,428.71,121.96,410.45,-1,-1,-1,-1
222,4,716.38,407.66,219.88,584.75,-1,-1,-1,-1
222,7,1213.24,449.03,42.60,98.51,-1,-1,-1,-1
222,11,1065.04,439.86,127.36,331.91,-1,-1,-1,-1
222,29,1692.42,430.35,89.15,153.66,-1,-1,-1,-1
222,36,438.40,463.21,40.89,96.77,-1,-1,-1,-1
222,45,1153.85,431.86,90.68,298.54,-1,-1,-1,-1
222,48,1670.68,431.01,40.09,143.83,-1,-1,-1,-1
222,51,510.23,455.20,35.32,106.23,-1,-1,-1,-1
222,58,479.77,457.43,31.96,105.03,-1,-1,-1,-1
222,60,601.35,452.79,67.97,171.20,-1,-1,-1,-1
222,66,1040.81,442.03,47.51,64.11,-1,-1,-1,-1
222,67,569.83,456.41,21.15,67.37,-1,-1,-1,-1
223,2,896.84,429.59,127.52,410.94,-1,-1,-1,-1
223,4,715.47,407.77,239.18,583.67,-1,-1,-1,-1
223,7,1215.03,448.13,43.14,99.42,-1,-1,-1,-1
223,11,1077.59,439.29,116.11,333.06,-1,-1,-1,-1
223,29,1692.23,429.94,89.95,155.68,-1,-1,-1,-1
223,36,432.04,463.53,48.50,102.82,-1,-1,-1,-1
223,45,1158.67,431.76,85.96,299.68,-1,-1,-1,-1
223,48,1670.63,430.76,40.29,146.33,-1,-1,-1,-1
223,51,508.84,454.64,36.90,107.00,-1,-1,-1,-1
223,58,478.86,457.93,32.41,103.75,-1,-1,-1,-1
223,60,602.91,454.35,63.64,170.19,-1,-1,-1,-1
223,66,1042.31,440.95,47.25,64.34,-1,-1,-1,-1
223,67,569.36,454.83,20.74,67.98,-1,-1,-1,-1
224,2,900.17,430.20,125.05,411.61,-1,-1,-1,-1
224,4,723.32,406.02,249.36,585.94,-1,-1,-1,-1
224,7,1218.38,448.16,41.62,99.97,-1,-1,-1,-1
224,11,1089.94,438.28,105.04,334.52,-1,-1,-1,-1
224,29,1689.97,430.18,93.11,155.57,-1,-1,-1,-1
224,36,432.25,464.99,47.88,97.66,-1,-1,-1,-1
224,45,1164.32,430.06,77.97,301.30,-1,-1,-1,-1
224,48,1670.14,432.02,41.28,149.45,-1,-1,-1,-1
224,51,508.64,454.39,37.99,107.28,-1,-1,-1,-1
224,58,477.95,458.01,33.71,103.37,-1,-1,-1,-1
224,60,604.66,454.78,60.59,169.32,-1,-1,-1,-1
224,66,1043.17,442.30,49.47,81.83,-1,-1,-1,-1
224,67,569.64,454.25,20.76,68.47,-1,-1,-1,-1
225,2,902.69,430.62,124.40,414.36,-1,-1,-1,-1
225,4,728.38,405.76,260.95,586.84,-1,-1,-1,-1
225,7,1220.47,448.24,41.31,100.38,-1,-1,-1,-1
225,11,1100.02,437.78,97.13,336.28,-1,-1,-1,-1
225,29,1695.59,430.01,87.25,156.26,-1,-1,-1,-1
225,36,429.50,463.89,48.84,106.95,-1,-1,-1,-1
225,45,1169.79,427.82,73.84,303.33,-1,-1,-1,-1
225,48,1670.59,431.17,41.37,148.64,-1,-1,-1,-1
225,51,509.61,454.49,36.52,106.78,-1,-1,-1,-1
225,58,479.51,458.13,32.87,103.30,-1,-1,-1,-1
225,60,606.04,452.26,62.68,174.82,-1,-1,-1,-1
225,66,1045.06,443.45,55.08,96.37,-1,-1,-1,-1
225,67,569.49,454.85,20.73,67.00,-1,-1,-1,-1
225,68,675.46,488.76,50.96,109.92,-1,-1,-1,-1
226,2,903.85,430.95,126.34,415.32,-1,-1,-1,-1
226,4,733.45,405.71,273.47,587.00,-1,-1,-1,-1
226,7,1224.04,448.99,38.43,99.65,-1,-1,-1,-1
226,11,1106.49,438.55,93.17,339.55,-1,-1,-1,-1
226,29,1696.55,429.88,85.84,155.95,-1,-1,-1,-1
226,36,427.76,463.36,48.43,110.45,-1,-1,-1,-1
226,45,1173.50,428.19,67.60,302.76,-1,-1,-1,-1
226,48,1669.94,430.70,42.08,148.11,-1,-1,-1,-1
226,51,509.85,453.27,36.18,107.74,-1,-1,-1,-1
226,58,479.26,458.35,32.84,104.00,-1,-1,-1,-1
226,60,607.34,452.91,63.17,175.05,-1,-1,-1,-1
226,66,1047.00,443.70,50.92,101.14,-1,-1,-1,-1
226,67,568.81,455.35,22.16,67.23,-1,-1,-1,-1
226,68,674.82,487.86,50.82,110.45,-1,-1,-1,-1
227,2,905.76,431.33,126.42,415.58,-1,-1,-1,-1
227,4,735.96,406.38,283.76,586.89,-1,-1,-1,-1
227,7,1225.36,449.03,37.71,100.26,-1,-1,-1,-1
227,11,1111.37,438.36,94.20,341.56,-1,-1,-1,-1
227,29,1680.20,431.25,102.07,155.67,-1,-1,-1,-1
227,36,426.68,463.86,48.50,111.57,-1,-1,-1,-1
227,45,1178.25,426.75,65.04,305.00,-1,-1,-1,-1
227,48,1668.86,431.15,43.04,148.99,-1,-1,-1,-1
227,51,508.09,453.14,37.14,107.60,-1,-1,-1,-1
227,58,478.68,457.94,31.67,104.89,-1,-1,-1,-1
227,60,608.58,452.28,62.41,176.34,-1,-1,-1,-1
227,66,1048.83,442.75,55.08,127.09,-1,-1,-1,-1
227,67,568.01,456.09,22.77,67.53,-1,-1,-1,-1
227,68,674.22,485.69,53.03,116.11,-1,-1,-1,-1
228,2,908.20,430.55,124.51,416.70,-1,-1,-1,-1
228,4,739.01,407.41,290.58,586.21,-1,-1,-1,-1
228,7,1226.61,448.10,36.85,101.68,-1,-1,-1,-1
228,11,1115.69,438.34,95.28,347.87,-1,-1,-1,-1
228,29,1674.44,430.51,107.23,156.51,-1,-1,-1,-1
228,36,424.42,464.19,50.30,112.28,-1,-1,-1,-1
228,45,1182.59,426.30,69.34,301.95,-1,-1,-1,-1
228,48,1669.60,431.11,42.92,149.89,-1,-1,-1,-1
228,51,507.13,452.15,38.03,108.34,-1,-1,-1,-1
228,58,477.67,457.48,32.09,104.34,-1,-1,-1,-1
228,60,609.89,450.93,60.93,177.91,-1,-1,-1,-1
228,66,1051.94,442.70,50.65,130.16,-1,-1,-1,-1
228,67,567.19,456.15,21.97,67.38,-1,-1,-1,-1
228,68,673.04,486.20,54.23,120.97,-1,-1,-1,-1
229,2,908.39,429.43,126.34,417.88,-1,-1,-1,-1
229,4,743.64,408.15,293.64,586.72,-1,-1,-1,-1
229,7,1228.89,449.01,35.85,100.39,-1,-1,-1,-1
229,11,1118.88,440.88,98.65,349.67,-1,-1,-1,-1
229,29,1673.81,430.31,107.69,154.89,-1,-1,-1,-1
229,36,423.86,464.83,50.98,112.03,-1,-1,-1,-1
229,45,1187.94,424.90,68.97,306.32,-1,-1,-1,-1
229,48,1668.58,431.55,43.14,147.98,-1,-1,-1,-1
229,51,507.23,451.81,37.78,108.61,-1,-1,-1,-1
229,58,476.38,457.18,32.44,103.88,-1,-1,-1,-1
229,60,611.11,451.67,59.43,177.40,-1,-1,-1,-1
229,66,1053.55,443.42,47.60,113.63,-1,-1,-1,-1
229,67,567.13,456.82,23.42,67.06,-1,-1,-1,-1
229,68,673.16,486.70,54.23,120.58,-1,-1,-1,-1
230,2,909.21,428.06,128.68,418.84,-1,-1,-1,-1
230,4,748.36,409.20,292.65,585.36,-1,-1,-1,-1
230,7,1217.85,439.10,48.13,131.37,-1,-1,-1,-1
230,11,1125.20,440.78,104.14,348.64,-1,-1,-1,-1
230,29,1671.71,429.91,109.45,154.57,-1,-1,-1,-1
230,36,423.33,466.67,50.42,110.21,-1,-1,-1,-1
230,45,1193.41,425.41,69.40,306.47,-1,-1,-1,-1
230,51,507.04,451.56,37.95,108.93,-1,-1,-1,-1
230,58,475.35,457.35,33.34,104.28,-1,-1,-1,-1
230,60,612.72,450.18,58.97,178.81,-1,-1,-1,-1
230,66,1054.64,442.54,51.31,111.08,-1,-1,-1,-1
230,67,566.70,457.34,24.48,66.16,-1,-1,-1,-1
230,68,673.87,486.97,54.29,121.00,-1,-1,-1,-1
230,70,746.89,434.02,77.50,152.33,-1,-1,-1,-1
231,2,911.06,427.18,129.08,420.09,-1,-1,-1,-1
231,4,752.29,409.68,291.55,585.65,-1,-1,-1,-1
231,7,1206.80,429.19,60.41,162.34,-1,-1,-1,-1
231,11,1130.53,442.28,113.74,345.41,-1,-1,-1,-1
231,29,1677.39,430.46,103.68,154.06,-1,-1,-1,-1
231,36,423.17,465.51,50.11,111.23,-1,-1,-1,-1
231,45,1197.98,424.45,69.53,305.88,-1,-1,-1,-1
231,51,507.12,451.58,38.52,108.58,-1,-1,-1,-1
231,58,474.84,456.90,33.91,104.83,-1,-1,-1,-1
231,60,613.22,449.79,58.56,179.24,-1,-1,-1,-1
231,66,1057.22,443.23,58.43,139.27,-1,-1,-1,-1
231,67,567.03,457.67,24.63,65.69,-1,-1,-1,-1
231,68,674.08,484.75,54.97,116.71,-1,-1,-1,-1
231,70,748.14,434.47,82.47,158.06,-1,-1,-1,-1
232,2,913.61,426.33,128.59,420.33,-1,-1,-1,-1
232,4,756.24,411.51,288.43,584.27,-1,-1,-1,-1
232,7,1205.38,426.20,64.62,174.73,-1,-1,-1,-1
232,11,1133.96,442.70,126.57,346.11,-1,-1,-1,-1
232,29,1672.80,430.57,108.23,152.02,-1,-1,-1,-1
232,36,422.57,464.87,49.76,111.99,-1,-1,-1,-1
232,45,1203.23,425.31,68.12,331.88,-1,-1,-1,-1
232,51,507.08,451.06,39.13,108.91,-1,-1,-1,-1
232,58,475.41,457.60,32.91,103.00,-1,-1,-1,-1
232,60,613.53,449.84,61.63,179.32,-1,-1,-1,-1
232,66,1059.41,442.65,58.90,149.60,-1,-1,-1,-1
232,67,567.71,457.81,23.96,65.36,-1,-1,-1,-1
232,68,676.09,484.25,52.00,109.46,-1,-1,-1,-1
232,70,749.49,434.65,87.07,167.06,-1,-1,-1,-1
233,2,916.49,425.78,129.01,421.14,-1,-1,-1,-1
233,4,763.36,411.66,282.08,584.66,-1,-1,-1,-1
233,7,1208.08,424.95,66.66,179.61,-1,-1,-1,-1
233,11,1135.66,443.48,131.25,346.39,-1,-1,-1,-1
233,29,1671.40,430.66,109.41,153.05,-1,-1,-1,-1
233,36,422.83,465.82,47.53,111.04,-1,-1,-1,-1
233,45,1208.89,424.21,71.49,321.18,-1,-1,-1,-1
233,51,507.58,450.89,38.60,108.52,-1,-1,-1,-1
233,58,476.25,457.71,32.80,103.24,-1,-1,-1,-1
233,60,614.71,449.36,63.23,180.09,-1,-1,-1,-1
233,66,1061.15,443.12,59.65,153.65,-1,-1,-1,-1
233,67,568.62,458.33,23.03,64.92,-1,-1,-1,-1
233,68,677.76,483.73,50.37,107.06,-1,-1,-1,-1
233,70,751.38,434.91,91.83,172.78,-1,-1,-1,-1
234,2,920.80,425.31,127.99,422.13,-1,-1,-1,-1
234,4,776.23,410.51,269.34,586.20,-1,-1,-1,-1
234,7,1212.18,424.47,67.20,181.89,-1,-1,-1,-1
234,11,1136.51,444.17,135.07,348.28,-1,-1,-1,-1
234,29,1670.89,430.11,110.13,153.76,-1,-1,-1,-1
234,36,423.03,464.89,45.89,111.61,-1,-1,-1,-1
234,45,1213.95,424.11,73.09,319.19,-1,-1,-1,-1
234,51,507.61,450.80,38.49,107.05,-1,-1,-1,-1
234,58,475.84,457.84,33.13,103.18,-1,-1,-1,-1
234,60,616.21,449.94,62.62,179.50,-1,-1,-1,-1
234,66,1062.34,444.19,58.79,153.81,-1,-1,-1,-1
234,67,568.72,457.90,23.60,65.21,-1,-1,-1,-1
234,68,679.15,484.34,48.63,104.51,-1,-1,-1,-1
234,70,724.64,432.24,145.16,357.30,-1,-1,-1,-1
235,2,925.95,424.81,124.47,422.73,-1,-1,-1,-1
235,4,783.44,410.71,262.28,585.96,-1,-1,-1,-1
235,7,1215.84,425.14,69.05,182.51,-1,-1,-1,-1
235,11,1136.95,443.39,138.93,353.87,-1,-1,-1,-1
235,29,1669.89,429.90,110.94,152.28,-1,-1,-1,-1
235,36,422.29,464.32,43.65,112.44,-1,-1,-1,-1
235,45,1218.85,425.32,80.34,317.40,-1,-1,-1,-1
235,51,507.07,452.43,37.79,102.48,-1,-1,-1,-1
235,58,477.46,457.83,32.02,102.77,-1,-1,-1,-1
235,60,616.51,451.24,62.90,178.10,-1,-1,-1,-1
235,66,1064.20,444.24,58.67,154.60,-1,-1,-1,-1
235,67,568.55,457.33,23.34,65.18,-1,-1,-1,-1
235,68,679.64,485.58,50.06,101.56,-1,-1,-1,-1
235,70,713.63,432.56,156.21,417.57,-1,-1,-1,-1
236,2,931.07,425.11,120.42,420.26,-1,-1,-1,-1
236,4,790.15,409.96,255.94,586.76,-1,-1,-1,-1
236,7,1220.63,425.70,69.87,186.09,-1,-1,-1,-1
236,11,1137.32,442.45,141.74,358.16,-1,-1,-1,-1
236,29,1671.04,429.81,109.61,154.36,-1,-1,-1,-1
236,36,422.46,463.15,40.51,111.80,-1,-1,-1,-1
236,45,1224.19,426.40,82.84,317.23,-1,-1,-1,-1
236,49,1123.62,447.32,23.99,99.15,-1,-1,-1,-1
236,51,505.93,453.29,37.84,98.97,-1,-1,-1,-1
236,58,476.10,457.93,32.53,102.21,-1,-1,-1,-1
236,60,620.20,451.13,62.35,178.18,-1,-1,-1,-1
236,66,1065.99,443.75,55.09,154.70,-1,-1,-1,-1
236,67,568.45,457.33,23.33,65.47,-1,-1,-1,-1
236,68,678.31,486.34,50.64,104.16,-1,-1,-1,-1
236,70,711.02,433.00,161.81,446.23,-1,-1,-1,-1
237,2,936.05,424.84,117.81,421.42,-1,-1,-1,-1
237,4,795.31,409.32,251.35,588.33,-1,-1,-1,-1
237,7,1226.30,426.90,68.88,187.37,-1,-1,-1,-1
237,11,1138.64,442.01,140.40,359.66,-1,-1,-1,-1
237,29,1671.53,429.94,109.19,154.21,-1,-1,-1,-1
237,36,421.99,463.35,38.40,107.57,-1,-1,-1,-1
237,45,1228.70,429.01,82.76,317.34,-1,-1,-1,-1
237,49,1122.61,447.45,24.81,99.42,-1,-1,-1,-1
237,51,505.22,453.27,37.92,100.71,-1,-1,-1,-1
237,58,477.21,458.75,30.58,101.65,-1,-1,-1,-1
237,60,622.38,450.83,62.87,178.37,-1,-1,-1,-1
237,66,1066.63,443.98,57.23,154.32,-1,-1,-1,-1
237,67,568.51,456.93,22.82,66.68,-1,-1,-1,-1
237,68,678.07,487.73,51.38,101.40,-1,-1,-1,-1
237,70,719.89,433.51,151.57,456.17,-1,-1,-1,-1
238,2,941.56,424.81,116.05,419.31,-1,-1,-1,-1
238,4,801.13,407.76,244.92,590.26,-1,-1,-1,-1
238,7,1232.53,428.51,67.63,184.44,-1,-1,-1,-1
238,11,1143.08,441.18,136.08,360.62,-1,-1,-1,-1
238,29,1671.98,430.00,108.94,154.71,-1,-1,-1,-1
238,36,422.44,462.76,37.29,110.59,-1,-1,-1,-1
238,45,1235.11,431.54,78.92,317.87,-1,-1,-1,-1
238,49,1122.20,447.24,24.88,99.59,-1,-1,-1,-1
238,51,505.07,453.69,37.72,98.53,-1,-1,-1,-1
238,58,476.49,457.65,30.65,103.61,-1,-1,-1,-1
238,60,624.63,450.50,65.50,179.03,-1,-1,-1,-1
238,66,1069.56,444.28,53.48,152.20,-1,-1,-1,-1
238,67,568.20,456.32,23.24,67.37,-1,-1,-1,-1
238,68,679.21,488.15,51.45,96.63,-1,-1,-1,-1
238,70,739.35,434.24,133.52,456.90,-1,-1,-1,-1
239,2,948.49,424.70,111.07,418.58,-1,-1,-1,-1
239,4,801.84,405.06,243.75,593.25,-1,-1,-1,-1
239,7,1237.65,427.35,67.13,191.51,-1,-1,-1,-1
239,11,1147.57,439.67,131.48,362.08,-1,-1,-1,-1
239,29,1671.97,429.90,109.22,155.46,-1,-1,-1,-1
239,36,421.98,463.15,36.73,111.64,-1,-1,-1,-1
239,45,1239.10,430.77,73.51,316.68,-1,-1,-1,-1
239,49,1121.43,446.69,25.47,100.67,-1,-1,-1,-1
239,51,505.19,453.87,37.64,97.63,-1,-1,-1,-1
239,58,476.16,457.08,30.61,104.55,-1,-1,-1,-1
239,60,626.36,452.48,71.90,177.22,-1,-1,-1,-1
239,66,1071.82,446.89,50.46,142.49,-1,-1,-1,-1
239,67,569.47,456.65,24.52,66.36,-1,-1,-1,-1
239,68,680.79,487.57,50.62,100.54,-1,-1,-1,-1
239,70,743.97,435.04,128.45,455.78,-1,-1,-1,-1
240,2,956.73,424.34,104.26,417.68,-1,-1,-1,-1
240,4,810.95,405.71,234.96,592.44,-1,-1,-1,-1
240,7,1242.77,426.20,66.63,198.59,-1,-1,-1,-1
240,11,1153.74,438.67,125.70,363.25,-1,-1,-1,-1
240,29,1673.24,430.17,108.03,153.68,-1,-1,-1,-1
240,36,421.91,463.26,36.45,112.23,-1,-1,-1,-1
240,45,1244.38,430.84,69.13,315.49,-1,-1,-1,-1
240,49,1121.70,446.52,25.38,100.77,-1,-1,-1,-1
240,51,505.03,453.48,38.10,102.12,-1,-1,-1,-1
240,58,475.53,456.61,30.52,105.58,-1,-1,-1,-1
240,60,627.65,452.29,75.59,177.55,-1,-1,-1,-1
240,66,1072.08,446.69,51.16,134.04,-1,-1,-1,-1
240,67,570.16,457.28,24.60,65.18,-1,-1,-1,-1
240,68,682.10,488.11,49.94,97.71,-1,-1,-1,-1
240,70,754.72,436.04,118.38,453.30,-1,-1,-1,-1
241,2,960.77,424.28,105.18,412.64,-1,-1,-1,-1
241,4,822.08,404.11,223.27,593.97,-1,-1,-1,-1
241,7,1247.89,425.04,66.13,205.66,-1,-1,-1,-1
241,11,1171.51,438.00,109.94,364.10,-1,-1,-1,-1
241,29,1680.62,430.19,101.38,152.87,-1,-1,-1,-1
241,36,422.08,463.36,36.56,112.49,-1,-1,-1,-1
241,45,1249.25,428.72,64.93,318.70,-1,-1,-1,-1
241,49,1119.71,444.87,26.94,102.23,-1,-1,-1,-1
241,51,505.21,453.76,37.80,102.85,-1,-1,-1,-1
241,58,475.78,456.39,30.13,105.92,-1,-1,-1,-1
241,60,629.09,452.32,76.51,177.74,-1,-1,-1,-1
241,66,1073.30,444.95,52.09,143.24,-1,-1,-1,-1
241,67,570.19,457.80,24.83,64.31,-1,-1,-1,-1
241,68,682.94,489.21,51.22,99.28,-1,-1,-1,-1
241,70,759.09,436.83,115.34,450.77,-1,-1,-1,-1
242,2,967.06,424.15,101.37,409.52,-1,-1,-1,-1
242,4,831.07,404.59,214.25,593.57,-1,-1,-1,-1
242,7,1253.02,423.88,65.63,212.73,-1,-1,-1,-1
242,11,1181.81,436.58,104.41,365.15,-1,-1,-1,-1
242,29,1686.82,430.04,94.92,152.59,-1,-1,-1,-1
242,36,421.97,462.36,36.59,113.78,-1,-1,-1,-1
242,45,1254.68,427.81,61.57,321.84,-1,-1,-1,-1
242,49,1120.47,446.33,26.31,101.16,-1,-1,-1,-1
242,51,505.47,453.62,37.60,101.32,-1,-1,-1,-1
242,58,475.58,455.92,31.16,106.65,-1,-1,-1,-1
242,60,630.86,453.86,75.00,176.89,-1,-1,-1,-1
242,66,1075.63,443.87,51.37,150.52,-1,-1,-1,-1
242,67,570.00,458.41,25.32,63.88,-1,-1,-1,-1
242,68,682.68,488.29,52.48,102.62,-1,-1,-1,-1
242,70,763.25,436.95,115.69,448.07,-1,-1,-1,-1
243,2,974.03,424.21,100.75,409.76,-1,-1,-1,-1
243,4,838.08,405.27,206.89,594.37,-1,-1,-1,-1
243,7,1258.14,422.72,65.13,219.81,-1,-1,-1,-1
243,11,1189.59,435.43,102.08,366.22,-1,-1,-1,-1
243,29,1679.02,430.15,101.54,153.68,-1,-1,-1,-1
243,36,421.62,463.12,36.09,112.72,-1,-1,-1,-1
243,45,1259.94,426.49,57.94,320.46,-1,-1,-1,-1
243,49,1120.59,447.08,26.61,100.56,-1,-1,-1,-1
243,51,505.55,453.66,37.40,100.34,-1,-1,-1,-1
243,58,475.52,455.88,31.52,106.74,-1,-1,-1,-1
243,60,631.90,454.52,73.33,176.68,-1,-1,-1,-1
243,66,1079.31,443.30,48.02,152.16,-1,-1,-1,-1
243,67,569.85,458.82,25.48,62.94,-1,-1,-1,-1
243,68,683.90,487.52,49.69,103.26,-1,-1,-1,-1
243,70,765.02,436.77,118.70,445.98,-1,-1,-1,-1
244,2,978.64,422.64,98.92,419.71,-1,-1,-1,-1
244,4,850.00,405.21,194.75,596.79,-1,-1,-1,-1
244,7,1263.26,421.56,64.63,226.88,-1,-1,-1,-1
244,11,1195.68,434.51,101.54,367.02,-1,-1,-1,-1
244,29,1681.75,430.11,99.78,153.93,-1,-1,-1,-1
244,36,420.29,462.94,37.19,112.77,-1,-1,-1,-1
244,45,1265.28,421.70,65.32,328.21,-1,-1,-1,-1
244,49,1120.72,447.30,26.19,100.58,-1,-1,-1,-1
244,51,505.56,453.70,37.24,101.52,-1,-1,-1,-1
244,58,474.92,455.96,32.44,106.73,-1,-1,-1,-1
244,60,633.16,458.83,71.29,172.92,-1,-1,-1,-1
244,66,1085.40,443.56,43.82,122.80,-1,-1,-1,-1
244,67,570.81,458.87,24.39,62.13,-1,-1,-1,-1
244,68,685.38,486.89,48.06,103.26,-1,-1,-1,-1
244,70,768.30,436.83,118.74,444.11,-1,-1,-1,-1
245,2,986.55,424.08,94.25,420.74,-1,-1,-1,-1
245,4,860.54,405.86,185.68,604.50,-1,-1,-1,-1
245,7,1268.38,420.40,64.12,233.95,-1,-1,-1,-1
245,11,1200.93,433.93,104.40,367.08,-1,-1,-1,-1
245,29,1676.36,430.27,105.03,155.74,-1,-1,-1,-1
245,36,420.33,463.09,37.00,112.66,-1,-1,-1,-1
245,45,1270.09,419.58,66.24,331.91,-1,-1,-1,-1
245,49,1120.57,447.60,26.14,100.33,-1,-1,-1,-1
245,51,505.40,453.79,37.31,99.53,-1,-1,-1,-1
245,58,473.20,456.01,33.96,107.01,-1,-1,-1,-1
245,60,633.72,462.80,71.33,169.39,-1,-1,-1,-1
245,66,1088.63,445.90,40.41,107.91,-1,-1,-1,-1
245,67,570.37,458.76,24.73,61.41,-1,-1,-1,-1
245,68,685.61,486.87,47.47,103.14,-1,-1,-1,-1
245,70,771.38,436.22,119.90,442.26,-1,-1,-1,-1
246,2,991.26,424.81,94.39,420.32,-1,-1,-1,-1
246,4,871.32,406.56,178.73,612.10,-1,-1,-1,-1
246,7,1274.31,416.70,60.61,230.79,-1,-1,-1,-1
246,11,1205.46,434.67,102.83,366.17,-1,-1,-1,-1
246,29,1674.05,430.06,107.71,157.43,-1,-1,-1,-1
246,36,418.80,462.60,39.39,112.86,-1,-1,-1,-1
246,45,1276.26,421.84,59.24,327.56,-1,-1,-1,-1
246,49,1120.82,447.16,26.07,100.98,-1,-1,-1,-1
246,51,505.41,453.82,37.48,98.37,-1,-1,-1,-1
246,58,473.33,456.00,33.65,107.44,-1,-1,-1,-1
246,60,634.30,462.44,71.06,169.80,-1,-1,-1,-1
246,66,1089.04,445.12,40.46,104.97,-1,-1,-1,-1
246,67,573.40,459.05,21.83,61.08,-1,-1,-1,-1
246,68,694.91,486.26,38.38,102.37,-1,-1,-1,-1
246,70,774.07,435.78,121.43,441.37,-1,-1,-1,-1
247,2,996.08,429.15,96.95,416.38,-1,-1,-1,-1
247,4,879.33,407.95,175.81,620.38,-1,-1,-1,-1
247,7,1278.63,418.36,58.96,209.43,-1,-1,-1,-1
247,11,1210.85,435.31,109.05,366.31,-1,-1,-1,-1
247,29,1671.08,429.95,110.34,157.27,-1,-1,-1,-1
247,36,417.73,462.44,39.73,113.22,-1,-1,-1,-1
247,45,1281.37,420.71,60.46,341.86,-1,-1,-1,-1
247,49,1121.48,447.30,24.18,100.62,-1,-1,-1,-1
247,51,505.64,453.85,37.18,97.59,-1,-1,-1,-1
247,58,472.42,455.96,34.49,108.19,-1,-1,-1,-1
247,60,635.26,458.34,70.97,173.91,-1,-1,-1,-1
247,66,1088.59,443.35,41.32,105.99,-1,-1,-1,-1
247,67,574.02,458.70,20.86,60.68,-1,-1,-1,-1
247,68,698.57,486.78,33.76,98.80,-1,-1,-1,-1
247,70,776.79,434.45,121.85,442.16,-1,-1,-1,-1
248,2,1002.39,428.78,98.51,417.99,-1,-1,-1,-1
248,4,887.69,403.88,179.46,629.05,-1,-1,-1,-1
248,7,1283.40,415.86,58.27,224.30,-1,-1,-1,-1
248,11,1216.42,435.61,125.31,367.13,-1,-1,-1,-1
248,29,1671.55,430.09,109.94,155.87,-1,-1,-1,-1
248,36,416.69,462.85,40.58,112.56,-1,-1,-1,-1
248,45,1286.05,418.55,61.39,330.55,-1,-1,-1,-1
248,49,1122.08,447.74,23.40,100.14,-1,-1,-1,-1
248,51,506.18,453.21,37.68,102.30,-1,-1,-1,-1
248,58,472.38,455.87,33.86,108.58,-1,-1,-1,-1
248,60,636.24,454.33,73.42,177.92,-1,-1,-1,-1
248,66,1088.85,442.36,43.59,106.79,-1,-1,-1,-1
248,67,575.34,458.55,19.41,61.03,-1,-1,-1,-1
248,68,699.49,486.36,32.29,101.24,-1,-1,-1,-1
248,70,779.92,434.00,137.49,447.98,-1,-1,-1,-1
249,2,1007.77,424.11,102.79,429.47,-1,-1,-1,-1
249,4,895.14,403.94,201.95,635.40,-1,-1,-1,-1
249,7,1288.29,415.05,57.59,230.04,-1,-1,-1,-1
249,11,1220.07,435.45,141.03,367.70,-1,-1,-1,-1
249,29,1672.10,430.02,109.23,156.57,-1,-1,-1,-1
249,36,415.85,462.39,40.94,113.11,-1,-1,-1,-1
249,45,1292.08,414.41,57.03,317.17,-1,-1,-1,-1
249,49,1121.51,446.28,23.77,102.04,-1,-1,-1,-1
249,51,506.27,453.44,37.36,100.73,-1,-1,-1,-1
249,58,472.04,455.88,34.26,108.62,-1,-1,-1,-1
249,60,638.93,452.12,75.26,179.41,-1,-1,-1,-1
249,66,1090.52,443.17,43.93,105.51,-1,-1,-1,-1
249,67,570.91,457.62,22.93,62.00,-1,-1,-1,-1
249,68,701.84,488.33,29.57,98.75,-1,-1,-1,-1
249,70,782.96,432.36,137.58,452.53,-1,-1,-1,-1
249,76,726.04,477.11,47.89,84.65,-1,-1,-1,-1
250,2,1010.86,425.58,106.44,430.66,-1,-1,-1,-1
250,4,901.80,403.36,210.93,639.11,-1,-1,-1,-1
250,11,1223.98,436.72,162.41,367.26,-1,-1,-1,-1
250,29,1672.16,430.32,109.05,158.71,-1,-1,-1,-1
250,36,415.59,462.91,40.80,112.43,-1,-1,-1,-1
250,45,1297.77,420.00,55.98,300.66,-1,-1,-1,-1
250,49,1120.36,447.23,26.13,101.12,-1,-1,-1,-1
250,51,506.76,450.60,38.98,106.13,-1,-1,-1,-1
250,58,472.82,456.47,34.50,107.54,-1,-1,-1,-1
250,60,642.81,451.42,72.34,180.46,-1,-1,-1,-1
250,66,1092.22,443.46,45.79,113.61,-1,-1,-1,-1
250,67,571.88,457.46,22.61,61.77,-1,-1,-1,-1
250,68,702.09,490.84,29.60,97.52,-1,-1,-1,-1
250,70,787.52,432.58,135.01,454.12,-1,-1,-1,-1
250,76,725.27,477.36,49.50,86.23,-1,-1,-1,-1
251,4,911.42,402.54,210.60,642.32,-1,-1,-1,-1
251,11,1225.91,437.11,178.98,367.11,-1,-1,-1,-1
251,29,1686.00,430.33,95.82,156.71,-1,-1,-1,-1
251,36,414.82,463.09,40.92,112.05,-1,-1,-1,-1
251,45,1302.29,421.31,55.95,268.35,-1,-1,-1,-1
251,49,1120.61,448.42,27.78,100.40,-1,-1,-1,-1
251,51,506.68,450.91,39.66,104.68,-1,-1,-1,-1
251,58,472.99,456.67,34.41,105.64,-1,-1,-1,-1
251,60,647.23,450.01,75.11,181.46,-1,-1,-1,-1
251,66,1093.73,443.07,51.37,110.40,-1,-1,-1,-1
251,67,574.00,456.42,21.25,62.48,-1,-1,-1,-1
251,68,700.43,483.55,31.66,104.88,-1,-1,-1,-1
251,70,790.69,432.42,133.67,454.77,-1,-1,-1,-1
251,76,723.58,477.96,53.33,107.50,-1,-1,-1,-1
251,79,614.93,455.65,21.81,59.42,-1,-1,-1,-1
251,80,592.47,457.08,23.92,62.54,-1,-1,-1,-1
252,4,918.68,403.35,209.26,643.47,-1,-1,-1,-1
252,11,1226.03,438.08,191.94,367.44,-1,-1,-1,-1
252,29,1691.62,430.44,90.53,155.42,-1,-1,-1,-1
252,36,413.86,463.25,42.15,112.22,-1,-1,-1,-1
252,45,1307.74,421.57,55.24,278.20,-1,-1,-1,-1
252,49,1120.93,448.09,29.60,101.26,-1,-1,-1,-1
252,51,506.03,450.35,40.72,108.09,-1,-1,-1,-1
252,58,471.72,456.57,34.42,105.15,-1,-1,-1,-1
252,60,649.91,448.78,77.44,182.70,-1,-1,-1,-1
252,66,1094.93,443.34,46.37,112.84,-1,-1,-1,-1
252,67,574.24,456.12,21.07,62.72,-1,-1,-1,-1
252,68,699.23,484.47,32.76,102.91,-1,-1,-1,-1
252,70,793.93,432.41,134.23,454.69,-1,-1,-1,-1
252,76,723.62,478.57,53.87,115.81,-1,-1,-1,-1
252,79,614.90,455.89,23.40,59.32,-1,-1,-1,-1
252,80,591.53,456.90,25.48,62.26,-1,-1,-1,-1
253,4,924.41,404.10,204.92,642.30,-1,-1,-1,-1
253,11,1226.83,438.41,198.52,369.28,-1,-1,-1,-1
253,29,1695.16,430.38,87.13,154.05,-1,-1,-1,-1
253,36,412.34,463.47,42.13,112.27,-1,-1,-1,-1
253,45,1313.21,420.46,53.66,255.31,-1,-1,-1,-1
253,49,1123.19,448.06,30.34,101.39,-1,-1,-1,-1
253,51,507.55,448.80,40.39,110.70,-1,-1,-1,-1
253,58,470.63,456.31,35.20,104.66,-1,-1,-1,-1
253,60,651.88,447.57,77.46,184.53,-1,-1,-1,-1
253,66,1095.73,442.35,43.92,132.13,-1,-1,-1,-1
253,67,574.64,456.14,20.70,63.19,-1,-1,-1,-1
253,68,701.28,485.21,31.01,103.40,-1,-1,-1,-1
253,70,797.73,432.12,131.89,454.60,-1,-1,-1,-1
253,76,724.21,478.67,54.30,118.80,-1,-1,-1,-1
253,79,618.00,456.89,21.60,58.97,-1,-1,-1,-1
253,80,590.82,457.75,22.17,61.78,-1,-1,-1,-1
253,81,1810.62,482.57,109.38,294.91,-1,-1,-1,-1
254,4,926.03,404.27,203.10,642.19,-1,-1,-1,-1
254,11,1227.03,438.07,200.81,370.65,-1,-1,-1,-1
254,29,1699.57,430.28,82.65,154.23,-1,-1,-1,-1
254,36,411.99,464.28,41.57,111.53,-1,-1,-1,-1
254,45,1318.28,422.20,53.49,255.77,-1,-1,-1,-1
254,49,1125.14,447.27,29.25,101.13,-1,-1,-1,-1
254,51,507.35,450.43,40.18,109.08,-1,-1,-1,-1
254,58,470.38,456.42,35.25,104.29,-1,-1,-1,-1
254,60,653.21,447.44,76.03,184.97,-1,-1,-1,-1
254,66,1097.87,442.15,41.87,135.97,-1,-1,-1,-1
254,67,575.49,456.11,19.87,63.29,-1,-1,-1,-1
254,68,701.54,487.10,30.59,102.65,-1,-1,-1,-1
254,70,802.21,431.59,129.13,453.92,-1,-1,-1,-1
254,76,724.79,478.19,55.45,118.88,-1,-1,-1,-1
254,79,618.75,457.77,21.31,58.35,-1,-1,-1,-1
254,80,591.10,462.71,20.71,58.05,-1,-1,-1,-1
254,81,1803.94,411.13,116.06,366.22,-1,-1,-1,-1
254,82,771.70,445.34,31.24,78.60,-1,-1,-1,-1
255,4,927.96,403.44,199.61,643.25,-1,-1,-1,-1
255,11,1228.42,433.35,203.75,380.13,-1,-1,-1,-1
255,29,1684.84,430.38,96.40,155.27,-1,-1,-1,-1
255,36,410.71,465.34,40.66,110.23,-1,-1,-1,-1
255,45,1321.42,421.86,55.96,251.63,-1,-1,-1,-1
255,49,1123.63,447.14,31.73,104.45,-1,-1,-1,-1
255,51,508.23,451.56,38.41,107.70,-1,-1,-1,-1
255,58,471.41,456.92,33.47,105.29,-1,-1,-1,-1
255,60,654.55,446.94,75.57,186.84,-1,-1,-1,-1
255,66,1099.19,442.77,41.65,122.09,-1,-1,-1,-1
255,67,573.02,455.85,21.98,64.13,-1,-1,-1,-1
255,68,701.76,489.73,30.19,98.99,-1,-1,-1,-1
255,70,807.27,431.05,127.55,453.37,-1,-1,-1,-1
255,76,725.02,477.59,55.62,119.91,-1,-1,-1,-1
255,79,620.04,458.17,20.63,58.54,-1,-1,-1,-1
255,80,590.80,461.01,20.33,59.97,-1,-1,-1,-1
255,81,1801.80,385.37,118.20,393.07,-1,-1,-1,-1
255,82,772.91,445.13,29.14,77.44,-1,-1,-1,-1
256,4,933.18,404.41,195.21,642.01,-1,-1,-1,-1
256,11,1230.56,431.71,202.20,383.82,-1,-1,-1,-1
256,29,1678.80,430.41,102.34,158.43,-1,-1,-1,-1
256,36,408.51,465.35,42.61,109.90,-1,-1,-1,-1
256,45,1324.55,421.51,58.44,247.48,-1,-1,-1,-1
256,49,1124.42,446.68,34.75,105.00,-1,-1,-1,-1
256,51,508.30,451.82,37.65,107.48,-1,-1,-1,-1
256,58,469.72,456.56,33.97,105.35,-1,-1,-1,-1
256,60,656.02,448.16,73.98,186.07,-1,-1,-1,-1
256,66,1100.17,443.95,45.02,114.51,-1,-1,-1,-1
256,67,573.54,455.93,21.25,63.77,-1,-1,-1,-1
256,68,702.17,486.50,29.45,103.17,-1,-1,-1,-1
256,70,810.24,431.15,127.61,455.82,-1,-1,-1,-1
256,76,725.23,477.44,55.28,119.52,-1,-1,-1,-1
256,79,620.93,457.00,20.26,60.01,-1,-1,-1,-1
256,80,590.04,458.77,20.66,62.26,-1,-1,-1,-1
256,81,1802.44,387.78,117.56,391.22,-1,-1,-1,-1
256,82,772.66,446.71,29.39,74.77,-1,-1,-1,-1
257,4,934.13,403.38,199.24,645.16,-1,-1,-1,-1
257,11,1232.88,430.18,200.94,385.48,-1,-1,-1,-1
257,29,1676.52,430.26,104.38,159.72,-1,-1,-1,-1
257,36,407.63,465.04,42.27,110.06,-1,-1,-1,-1
257,45,1327.69,421.16,60.92,243.34,-1,-1,-1,-1
257,49,1122.29,446.07,38.60,105.02,-1,-1,-1,-1
257,51,507.34,452.27,37.46,106.32,-1,-1,-1,-1
257,58,468.53,456.25,33.91,105.27,-1,-1,-1,-1
257,60,657.24,449.10,73.57,185.20,-1,-1,-1,-1
257,66,1102.28,445.02,54.19,110.32,-1,-1,-1,-1
257,67,571.60,455.59,22.80,63.83,-1,-1,-1,-1
257,68,702.04,477.88,30.17,111.93,-1,-1,-1,-1
257,70,811.97,431.48,127.76,463.18,-1,-1,-1,-1
257,76,725.62,477.56,54.98,118.43,-1,-1,-1,-1
257,79,622.33,457.17,18.43,59.45,-1,-1,-1,-1
257,81,1802.49,389.75,117.51,389.03,-1,-1,-1,-1
257,82,772.08,452.12,25.14,69.20,-1,-1,-1,-1
258,4,937.27,399.59,187.94,647.19,-1,-1,-1,-1
258,11,1240.65,428.78,194.67,387.15,-1,-1,-1,-1
258,29,1672.72,430.33,108.67,158.13,-1,-1,-1,-1
258,36,407.11,464.96,42.57,110.10,-1,-1,-1,-1
258,45,1330.83,420.81,63.39,239.20,-1,-1,-1,-1
258,49,1122.73,446.16,38.47,105.05,-1,-1,-1,-1
258,51,507.37,453.34,37.11,104.34,-1,-1,-1,-1
258,58,469.13,456.68,33.50,105.84,-1,-1,-1,-1
258,60,658.71,449.19,73.10,187.16,-1,-1,-1,-1
258,66,1104.21,445.28,56.76,109.47,-1,-1,-1,-1
258,67,574.09,456.29,20.12,63.39,-1,-1,-1,-1
258,70,812.64,431.23,128.27,469.16,-1,-1,-1,-1
258,76,726.36,478.37,54.84,117.71,-1,-1,-1,-1
258,79,622.87,457.07,19.38,58.41,-1,-1,-1,-1
258,81,1797.95,391.22,122.05,389.14,-1,-1,-1,-1
259,4,937.70,397.44,182.26,648.66,-1,-1,-1,-1
259,11,1248.47,427.62,187.42,388.18,-1,-1,-1,-1
259,29,1675.76,430.38,105.05,156.91,-1,-1,-1,-1
259,36,404.51,465.06,44.89,110.15,-1,-1,-1,-1
259,45,1333.96,420.46,65.87,235.05,-1,-1,-1,-1
259,49,1123.16,446.25,38.34,105.08,-1,-1,-1,-1
259,51,508.11,454.01,36.53,103.55,-1,-1,-1,-1
259,58,469.82,456.30,33.17,107.57,-1,-1,-1,-1
259,60,660.49,450.27,73.28,186.08,-1,-1,-1,-1
259,66,1104.95,445.01,57.72,110.28,-1,-1,-1,-1
259,67,574.24,455.56,19.90,64.26,-1,-1,-1,-1
259,70,813.39,431.80,129.17,476.33,-1,-1,-1,-1
259,76,727.06,478.28,53.64,113.89,-1,-1,-1,-1
259,79,623.22,456.38,19.78,58.77,-1,-1,-1,-1
259,81,1786.89,392.42,132.88,386.69,-1,-1,-1,-1
259,84,1280.19,447.04,45.54,103.47,-1,-1,-1,-1
260,4,938.38,396.10,181.00,649.76,-1,-1,-1,-1
260,11,1260.37,425.64,175.75,390.24,-1,-1,-1,-1
260,29,1673.54,430.07,105.93,156.95,-1,-1,-1,-1
260,36,403.47,464.90,45.46,110.38,-1,-1,-1,-1
260,45,1337.10,420.11,68.34,230.91,-1,-1,-1,-1
260,49,1123.59,446.34,38.22,105.11,-1,-1,-1,-1
260,51,508.08,454.32,36.22,102.13,-1,-1,-1,-1
260,58,468.73,456.57,34.89,106.02,-1,-1,-1,-1
260,60,662.84,451.97,72.78,183.70,-1,-1,-1,-1
260,66,1112.18,445.36,50.77,109.11,-1,-1,-1,-1
260,67,569.80,454.63,23.19,64.45,-1,-1,-1,-1
260,70,814.92,431.90,130.94,481.18,-1,-1,-1,-1
260,76,727.00,477.87,54.07,116.90,-1,-1,-1,-1
260,79,623.77,455.75,20.28,59.46,-1,-1,-1,-1
260,81,1764.13,394.62,154.92,384.68,-1,-1,-1,-1
260,84,1280.55,446.38,45.75,104.55,-1,-1,-1,-1
261,4,940.02,398.07,176.92,647.34,-1,-1,-1,-1
261,11,1273.90,423.84,162.17,392.07,-1,-1,-1,-1
261,29,1681.67,430.04,98.46,155.94,-1,-1,-1,-1
261,36,402.86,465.05,45.04,110.12,-1,-1,-1,-1
261,45,1340.23,419.77,70.82,226.76,-1,-1,-1,-1
261,49,1124.03,446.43,38.09,105.14,-1,-1,-1,-1
261,51,508.18,454.51,36.04,101.31,-1,-1,-1,-1
261,58,467.15,452.23,35.13,110.66,-1,-1,-1,-1
261,60,664.11,453.06,72.72,184.40,-1,-1,-1,-1
261,66,1113.04,444.68,50.10,109.64,-1,-1,-1,-1
261,67,567.88,454.14,24.19,65.16,-1,-1,-1,-1
261,70,815.83,432.02,131.65,485.44,-1,-1,-1,-1
261,76,727.64,477.08,52.96,118.73,-1,-1,-1,-1
261,79,625.24,456.57,19.36,59.34,-1,-1,-1,-1
261,81,1734.70,396.01,183.37,382.56,-1,-1,-1,-1
261,84,1281.83,447.08,46.62,104.23,-1,-1,-1,-1
262,4,941.11,397.48,175.84,647.94,-1,-1,-1,-1
262,11,1290.91,423.21,145.83,393.75,-1,-1,-1,-1
262,29,1673.48,429.93,100.12,155.72,-1,-1,-1,-1
262,36,399.53,463.67,47.34,111.09,-1,-1,-1,-1
262,45,1343.37,419.42,73.30,222.62,-1,-1,-1,-1
262,49,1124.46,446.52,37.96,105.17,-1,-1,-1,-1
262,51,507.78,454.80,36.72,99.91,-1,-1,-1,-1
262,58,467.10,453.89,34.06,109.61,-1,-1,-1,-1
262,60,665.89,451.80,72.64,186.93,-1,-1,-1,-1
262,66,1115.32,444.55,47.43,110.03,-1,-1,-1,-1
262,67,568.88,454.79,24.71,63.69,-1,-1,-1,-1
262,70,816.11,432.04,130.86,489.92,-1,-1,-1,-1
262,76,727.24,476.67,52.20,115.63,-1,-1,-1,-1
262,79,627.84,456.37,19.23,59.33,-1,-1,-1,-1
262,81,1700.27,401.23,216.51,377.37,-1,-1,-1,-1
262,84,1293.70,447.33,39.87,102.61,-1,-1,-1,-1
262,85,1042.77,447.69,78.61,150.46,-1,-1,-1,-1
263,4,942.44,397.40,174.29,648.21,-1,-1,-1,-1
263,11,1304.32,423.27,135.38,393.96,-1,-1,-1,-1
263,29,1670.19,430.07,91.92,155.47,-1,-1,-1,-1
263,36,397.52,463.98,47.46,103.49,-1,-1,-1,-1
263,45,1346.50,419.07,75.77,218.48,-1,-1,-1,-1
263,49,1124.89,446.61,37.84,105.20,-1,-1,-1,-1
263,51,506.86,454.20,37.68,101.44,-1,-1,-1,-1
263,58,467.24,455.72,33.10,107.37,-1,-1,-1,-1
263,60,667.08,451.01,73.17,189.68,-1,-1,-1,-1
263,66,1114.29,443.22,46.68,110.63,-1,-1,-1,-1
263,67,569.48,454.39,23.63,64.69,-1,-1,-1,-1
263,70,816.27,432.27,132.03,491.12,-1,-1,-1,-1
263,76,726.89,476.34,51.78,113.59,-1,-1,-1,-1
263,79,629.08,457.86,18.38,57.66,-1,-1,-1,-1
263,81,1680.16,407.57,235.14,369.92,-1,-1,-1,-1
263,84,1295.46,448.13,40.82,101.68,-1,-1,-1,-1
263,85,1044.88,447.08,77.75,149.78,-1,-1,-1,-1
264,4,944.70,397.22,173.45,648.42,-1,-1,-1,-1
264,11,1323.11,423.33,125.42,394.94,-1,-1,-1,-1
264,29,1672.76,430.13,91.06,155.17,-1,-1,-1,-1
264,36,396.38,464.09,49.36,102.60,-1,-1,-1,-1
264,45,1349.64,418.72,78.25,214.33,-1,-1,-1,-1
264,49,1125.33,446.70,37.71,105.23,-1,-1,-1,-1
264,51,506.27,454.39,38.36,102.28,-1,-1,-1,-1
264,58,466.63,455.70,32.91,106.71,-1,-1,-1,-1
264,60,667.73,452.67,73.87,189.46,-1,-1,-1,-1
264,66,1117.35,443.87,43.38,108.39,-1,-1,-1,-1
264,67,569.74,455.21,23.12,63.97,-1,-1,-1,-1
264,70,818.61,432.28,130.37,491.66,-1,-1,-1,-1
264,76,728.82,477.33,50.61,114.33,-1,-1,-1,-1
264,79,629.76,457.25,17.97,58.40,-1,-1,-1,-1
264,81,1668.40,411.18,244.91,365.45,-1,-1,-1,-1
264,84,1298.91,447.91,37.87,101.95,-1,-1,-1,-1
264,85,1047.28,438.11,78.98,159.04,-1,-1,-1,-1
265,4,945.79,397.58,170.79,647.92,-1,-1,-1,-1
265,11,1337.47,421.02,115.70,398.83,-1,-1,-1,-1
265,29,1675.33,430.18,90.21,154.88,-1,-1,-1,-1
265,36,397.15,464.09,50.70,105.95,-1,-1,-1,-1
265,45,1352.77,418.37,80.73,210.19,-1,-1,-1,-1
265,49,1125.76,446.79,37.59,105.26,-1,-1,-1,-1
265,51,505.63,453.82,40.49,105.06,-1,-1,-1,-1
265,58,462.39,456.10,36.74,105.60,-1,-1,-1,-1
265,60,669.25,454.57,78.18,186.93,-1,-1,-1,-1
265,66,1118.23,444.43,41.27,107.89,-1,-1,-1,-1
265,67,570.67,454.44,22.48,64.42,-1,-1,-1,-1
265,70,822.42,432.04,125.77,491.93,-1,-1,-1,-1
265,76,731.65,478.66,46.59,112.23,-1,-1,-1,-1
265,79,630.28,456.59,18.18,59.64,-1,-1,-1,-1
265,81,1660.37,417.19,247.70,359.11,-1,-1,-1,-1
265,84,1302.09,444.17,34.74,105.03,-1,-1,-1,-1
265,85,1049.47,430.87,81.73,166.04,-1,-1,-1,-1
266,4,947.51,397.93,169.26,647.79,-1,-1,-1,-1
266,11,1347.62,419.41,114.84,405.30,-1,-1,-1,-1
266,29,1677.90,430.23,89.35,154.59,-1,-1,-1,-1
266,36,396.92,463.45,52.17,107.71,-1,-1,-1,-1
266,45,1355.91,418.02,83.20,206.05,-1,-1,-1,-1
266,49,1126.19,446.88,37.46,105.29,-1,-1,-1,-1
266,51,505.60,454.24,41.99,105.38,-1,-1,-1,-1
266,58,460.09,458.84,38.69,101.74,-1,-1,-1,-1
266,60,672.01,452.61,79.53,188.65,-1,-1,-1,-1
266,66,1118.51,445.54,40.74,106.85,-1,-1,-1,-1
266,67,573.09,455.44,20.55,62.94,-1,-1,-1,-1
266,70,825.47,431.89,124.25,492.16,-1,-1,-1,-1
266,76,732.31,477.55,47.34,116.40,-1,-1,-1,-1
266,79,630.82,456.77,19.99,59.63,-1,-1,-1,-1
266,81,1656.77,421.67,241.93,351.94,-1,-1,-1,-1
266,84,1304.28,433.70,33.28,115.52,-1,-1,-1,-1
266,85,1051.09,426.52,84.34,169.67,-1,-1,-1,-1
267,4,949.01,397.99,177.15,649.82,-1,-1,-1,-1
267,11,1354.66,421.43,115.83,409.06,-1,-1,-1,-1
267,29,1680.47,430.28,88.50,154.30,-1,-1,-1,-1
267,36,396.93,463.77,46.01,91.10,-1,-1,-1,-1
267,45,1359.04,417.68,85.68,201.90,-1,-1,-1,-1
267,49,1126.63,446.97,37.33,105.32,-1,-1,-1,-1
267,51,505.34,454.59,40.86,104.96,-1,-1,-1,-1
267,58,458.91,459.09,38.40,100.23,-1,-1,-1,-1
267,60,674.72,451.31,69.58,189.10,-1,-1,-1,-1
267,66,1119.86,446.49,39.69,105.14,-1,-1,-1,-1
267,67,574.79,455.99,19.41,62.23,-1,-1,-1,-1
267,70,826.16,431.50,123.46,492.56,-1,-1,-1,-1
267,76,733.13,476.54,47.58,117.56,-1,-1,-1,-1
267,79,631.33,456.57,20.66,59.95,-1,-1,-1,-1
267,81,1653.84,423.80,229.06,348.05,-1,-1,-1,-1
267,84,1305.99,433.86,33.97,114.63,-1,-1,-1,-1
267,85,1052.79,423.14,85.20,174.88,-1,-1,-1,-1
267,87,1098.10,440.49,29.05,55.81,-1,-1,-1,-1
268,4,949.30,398.99,177.83,647.77,-1,-1,-1,-1
268,11,1360.99,423.62,128.86,409.74,-1,-1,-1,-1
268,29,1683.04,430.33,87.65,154.01,-1,-1,-1,-1
268,36,394.33,462.77,45.37,105.53,-1,-1,-1,-1
268,45,1362.18,417.33,88.16,197.76,-1,-1,-1,-1
268,49,1127.06,447.06,37.21,105.35,-1,-1,-1,-1
268,51,505.61,454.83,39.78,104.66,-1,-1,-1,-1
268,58,458.15,457.49,38.54,102.69,-1,-1,-1,-1
268,60,675.08,450.26,68.35,190.10,-1,-1,-1,-1
268,66,1120.92,447.51,39.17,104.66,-1,-1,-1,-1
268,67,575.85,456.48,19.04,61.78,-1,-1,-1,-1
268,70,824.68,431.57,126.38,492.37,-1,-1,-1,-1
268,76,734.30,476.82,47.46,113.75,-1,-1,-1,-1
268,79,631.22,454.87,22.66,61.76,-1,-1,-1,-1
268,81,1652.16,422.67,203.60,336.56,-1,-1,-1,-1
268,84,1305.99,430.09,35.85,117.91,-1,-1,-1,-1
268,85,1053.86,419.25,87.65,177.94,-1,-1,-1,-1
268,87,1097.92,440.72,28.61,53.56,-1,-1,-1,-1
269,4,950.06,399.58,172.96,645.88,-1,-1,-1,-1
269,11,1363.93,423.57,148.82,411.48,-1,-1,-1,-1
269,29,1685.62,430.39,86.79,153.71,-1,-1,-1,-1
269,36,393.41,462.36,44.42,108.70,-1,-1,-1,-1
269,45,1365.31,416.98,90.63,193.62,-1,-1,-1,-1
269,49,1127.49,447.14,37.08,105.38,-1,-1,-1,-1
269,51,505.47,455.31,39.88,103.57,-1,-1,-1,-1
269,58,456.40,455.19,39.02,103.90,-1,-1,-1,-1
269,60,676.66,449.36,76.72,190.52,-1,-1,-1,-1
269,66,1122.03,447.51,39.35,105.38,-1,-1,-1,-1
269,67,575.96,455.60,21.42,62.20,-1,-1,-1,-1
269,70,825.39,430.27,125.26,493.36,-1,-1,-1,-1
269,76,734.17,478.17,47.65,114.85,-1,-1,-1,-1
269,79,631.00,454.11,25.11,62.40,-1,-1,-1,-1
269,81,1649.91,421.59,181.74,332.98,-1,-1,-1,-1
269,84,1306.21,431.25,36.96,116.53,-1,-1,-1,-1
269,85,1055.65,416.92,89.20,181.35,-1,-1,-1,-1
269,87,1099.82,441.41,26.99,50.76,-1,-1,-1,-1
270,4,950.69,398.79,169.30,646.83,-1,-1,-1,-1
270,11,1366.52,430.09,169.39,405.91,-1,-1,-1,-1
270,29,1688.19,430.44,85.94,153.42,-1,-1,-1,-1
270,36,393.04,462.73,44.59,110.54,-1,-1,-1,-1
270,45,1371.58,417.11,92.41,195.63,-1,-1,-1,-1
270,49,1127.93,447.23,36.95,105.41,-1,-1,-1,-1
270,51,505.56,454.96,40.11,102.97,-1,-1,-1,-1
270,58,455.88,455.07,39.39,104.20,-1,-1,-1,-1
270,60,680.69,448.67,77.04,191.29,-1,-1,-1,-1
270,66,1123.70,448.45,38.97,104.37,-1,-1,-1,-1
270,67,576.40,456.04,20.31,62.54,-1,-1,-1,-1
270,70,826.33,429.89,127.25,493.80,-1,-1,-1,-1
270,76,734.67,487.88,47.06,105.64,-1,-1,-1,-1
270,79,630.34,453.53,28.48,63.21,-1,-1,-1,-1
270,81,1649.42,417.25,155.77,335.24,-1,-1,-1,-1
270,84,1307.28,436.14,38.65,112.56,-1,-1,-1,-1
270,85,1056.75,417.23,92.17,181.15,-1,-1,-1,-1
270,87,1102.48,443.02,24.36,46.98,-1,-1,-1,-1
271,4,953.16,399.84,167.75,646.35,-1,-1,-1,-1
271,11,1367.79,425.18,185.73,411.42,-1,-1,-1,-1
271,29,1690.76,430.49,85.08,153.13,-1,-1,-1,-1
271,36,393.93,463.11,43.70,110.95,-1,-1,-1,-1
271,45,1377.85,417.25,94.19,197.64,-1,-1,-1,-1
271,49,1128.36,447.32,36.83,105.44,-1,-1,-1,-1
271,51,505.45,455.22,39.20,100.94,-1,-1,-1,-1
271,58,456.40,457.08,39.22,103.61,-1,-1,-1,-1
271,60,684.10,447.52,67.21,192.33,-1,-1,-1,-1
271,66,1124.83,447.02,38.36,105.72,-1,-1,-1,-1
271,67,576.51,455.91,19.36,62.99,-1,-1,-1,-1
271,70,826.85,429.13,127.55,494.52,-1,-1,-1,-1
271,76,735.16,494.76,45.87,100.26,-1,-1,-1,-1
271,79,631.55,454.29,29.10,62.75,-1,-1,-1,-1
271,81,1648.79,413.16,128.71,338.07,-1,-1,-1,-1
271,84,1306.30,431.79,44.02,117.89,-1,-1,-1,-1
271,85,1059.00,422.98,93.31,176.74,-1,-1,-1,-1
271,87,1104.34,444.18,23.16,43.09,-1,-1,-1,-1
272,4,956.29,400.28,168.42,646.25,-1,-1,-1,-1
272,11,1368.37,428.85,196.90,410.35,-1,-1,-1,-1
272,29,1693.33,430.54,84.23,152.84,-1,-1,-1,-1
272,36,394.03,463.27,43.66,111.49,-1,-1,-1,-1
272,45,1384.12,417.38,95.97,199.65,-1,-1,-1,-1
272,49,1128.79,447.41,36.70,105.47,-1,-1,-1,-1
272,51,505.31,454.53,39.18,103.78,-1,-1,-1,-1
272,58,455.97,456.56,39.57,104.95,-1,-1,-1,-1
272,60,686.60,447.25,70.43,193.49,-1,-1,-1,-1
272,67,576.60,455.63,19.70,62.41,-1,-1,-1,-1
272,70,828.28,428.88,127.35,494.61,-1,-1,-1,-1
272,76,737.72,482.38,42.35,106.31,-1,-1,-1,-1
272,79,632.87,455.10,28.07,61.73,-1,-1,-1,-1
272,81,1641.54,411.48,109.75,338.87,-1,-1,-1,-1
272,84,1305.27,428.54,48.98,120.95,-1,-1,-1,-1
272,85,1060.50,421.76,94.75,178.66,-1,-1,-1,-1
272,89,1161.21,438.55,25.84,87.37,-1,-1,-1,-1
273,4,958.73,401.04,166.75,644.34,-1,-1,-1,-1
273,7,1383.88,424.36,44.50,204.87,-1,-1,-1,-1
273,11,1369.13,431.64,201.08,411.72,-1,-1,-1,-1
273,29,1695.90,430.60,83.38,152.55,-1,-1,-1,-1
273,36,393.30,464.10,42.89,110.82,-1,-1,-1,-1
273,45,1390.39,417.52,97.75,201.66,-1,-1,-1,-1
273,49,1130.73,448.38,36.16,103.23,-1,-1,-1,-1
273,51,504.39,454.81,39.86,101.54,-1,-1,-1,-1
273,58,454.94,457.27,39.64,103.81,-1,-1,-1,-1
273,60,689.49,447.56,71.43,193.25,-1,-1,-1,-1
273,67,576.80,455.48,19.78,62.06,-1,-1,-1,-1
273,70,829.62,428.36,126.35,494.85,-1,-1,-1,-1
273,76,738.64,477.74,40.05,104.38,-1,-1,-1,-1
273,79,635.60,456.15,24.22,60.68,-1,-1,-1,-1
273,81,1629.24,409.62,98.93,341.28,-1,-1,-1,-1
273,84,1318.94,439.17,38.71,110.49,-1,-1,-1,-1
273,85,1064.82,422.58,92.79,177.21,-1,-1,-1,-1
273,89,1158.68,438.34,27.38,85.11,-1,-1,-1,-1
274,4,963.70,399.95,161.99,647.10,-1,-1,-1,-1
274,7,1390.64,436.42,45.08,194.59,-1,-1,-1,-1
274,11,1370.73,434.48,204.72,414.51,-1,-1,-1,-1
274,29,1698.47,430.65,82.52,152.25,-1,-1,-1,-1
274,36,392.74,464.15,41.64,110.96,-1,-1,-1,-1
274,45,1396.66,417.66,99.53,203.67,-1,-1,-1,-1
274,49,1132.66,448.21,36.44,102.90,-1,-1,-1,-1
274,51,504.17,454.50,40.36,104.04,-1,-1,-1,-1
274,58,454.33,457.92,39.36,103.66,-1,-1,-1,-1
274,60,692.53,446.41,69.01,193.95,-1,-1,-1,-1
274,67,576.80,455.40,20.02,62.05,-1,-1,-1,-1
274,70,831.42,427.73,125.16,495.19,-1,-1,-1,-1
274,76,738.88,475.81,39.64,105.76,-1,-1,-1,-1
274,79,636.93,457.17,22.64,59.30,-1,-1,-1,-1
274,81,1608.56,409.72,108.36,340.61,-1,-1,-1,-1
274,84,1324.42,443.34,36.31,106.18,-1,-1,-1,-1
274,85,1068.84,421.74,90.83,179.05,-1,-1,-1,-1
274,89,1160.10,437.97,26.93,86.15,-1,-1,-1,-1
275,4,968.06,398.14,159.00,648.71,-1,-1,-1,-1
275,7,1395.57,441.69,47.60,191.85,-1,-1,-1,-1
275,11,1375.18,434.53,202.76,417.39,-1,-1,-1,-1
275,29,1694.83,430.78,87.01,153.26,-1,-1,-1,-1
275,36,392.23,464.66,42.46,110.46,-1,-1,-1,-1
275,45,1402.93,417.79,101.31,205.68,-1,-1,-1,-1
275,49,1134.35,447.18,36.40,101.83,-1,-1,-1,-1
275,51,503.81,454.93,39.83,101.40,-1,-1,-1,-1
275,58,453.85,459.31,38.98,102.26,-1,-1,-1,-1
275,60,694.05,446.79,74.79,193.17,-1,-1,-1,-1
275,67,576.96,455.40,20.20,62.68,-1,-1,-1,-1
275,70,831.58,426.36,125.13,496.48,-1,-1,-1,-1
275,76,741.10,475.17,38.13,112.48,-1,-1,-1,-1
275,79,638.45,456.90,22.13,59.49,-1,-1,-1,-1
275,81,1586.77,410.48,125.08,340.94,-1,-1,-1,-1
275,84,1328.09,444.91,35.77,104.80,-1,-1,-1,-1
275,85,1072.16,427.40,88.73,174.54,-1,-1,-1,-1
275,89,1160.90,439.77,26.74,85.93,-1,-1,-1,-1
276,4,969.92,398.57,157.65,645.11,-1,-1,-1,-1
276,7,1405.47,450.35,46.64,185.13,-1,-1,-1,-1
276,11,1379.73,431.91,199.14,421.44,-1,-1,-1,-1
276,29,1686.18,430.61,95.76,155.21,-1,-1,-1,-1
276,36,392.15,464.09,42.82,111.21,-1,-1,-1,-1
276,45,1409.20,417.93,103.08,207.69,-1,-1,-1,-1
276,49,1134.28,447.01,36.81,100.10,-1,-1,-1,-1
276,51,504.34,455.02,38.44,98.20,-1,-1,-1,-1
276,58,453.47,458.25,37.75,103.91,-1,-1,-1,-1
276,60,700.02,447.33,71.88,193.14,-1,-1,-1,-1
276,67,577.78,455.46,21.38,63.19,-1,-1,-1,-1
276,70,832.28,426.05,124.63,496.43,-1,-1,-1,-1
276,76,742.21,474.97,37.84,119.20,-1,-1,-1,-1
276,79,640.22,456.32,21.29,59.39,-1,-1,-1,-1
276,81,1566.07,412.32,143.62,339.42,-1,-1,-1,-1
276,84,1334.26,446.28,29.75,101.95,-1,-1,-1,-1
276,85,1072.40,426.50,90.60,174.82,-1,-1,-1,-1
276,89,1163.12,438.84,24.50,86.86,-1,-1,-1,-1
276,90,1305.32,428.87,34.94,120.13,-1,-1,-1,-1
277,4,971.13,398.03,157.50,647.62,-1,-1,-1,-1
277,7,1413.88,459.02,46.35,177.79,-1,-1,-1,-1
277,11,1386.94,428.13,192.36,425.86,-1,-1,-1,-1
277,29,1678.76,430.53,103.23,156.89,-1,-1,-1,-1
277,36,391.25,463.84,43.63,111.42,-1,-1,-1,-1
277,45,1415.47,418.06,104.86,209.70,-1,-1,-1,-1
277,49,1137.49,446.93,34.43,100.40,-1,-1,-1,-1
277,51,504.75,455.06,37.84,97.50,-1,-1,-1,-1
277,58,453.41,457.87,36.29,101.13,-1,-1,-1,-1
277,60,702.29,446.59,74.54,194.13,-1,-1,-1,-1
277,67,578.75,455.69,20.84,63.01,-1,-1,-1,-1
277,70,832.48,425.77,125.58,496.62,-1,-1,-1,-1
277,79,641.64,455.68,21.69,60.82,-1,-1,-1,-1
277,81,1550.98,413.54,158.44,337.52,-1,-1,-1,-1
277,84,1337.66,446.62,28.08,101.73,-1,-1,-1,-1
277,85,1076.03,434.18,88.47,169.05,-1,-1,-1,-1
277,89,1164.00,438.35,23.36,88.98,-1,-1,-1,-1
277,90,1304.88,428.97,35.31,119.75,-1,-1,-1,-1
278,4,974.57,397.23,155.82,649.06,-1,-1,-1,-1
278,7,1420.87,464.19,47.77,172.87,-1,-1,-1,-1
278,11,1395.06,425.93,191.28,428.30,-1,-1,-1,-1
278,29,1676.45,430.43,105.66,156.61,-1,-1,-1,-1
278,36,390.91,463.41,43.33,111.82,-1,-1,-1,-1
278,45,1421.74,418.20,106.64,211.71,-1,-1,-1,-1
278,49,1140.29,445.40,32.65,101.52,-1,-1,-1,-1
278,51,504.85,455.20,37.75,95.86,-1,-1,-1,-1
278,58,453.62,457.96,35.03,99.82,-1,-1,-1,-1
278,60,705.75,446.16,76.56,194.49,-1,-1,-1,-1
278,67,579.16,455.72,20.82,62.58,-1,-1,-1,-1
278,70,833.51,425.17,125.65,497.26,-1,-1,-1,-1
278,79,643.01,455.23,21.31,61.62,-1,-1,-1,-1
278,81,1540.88,416.78,168.28,333.19,-1,-1,-1,-1
278,84,1336.97,446.34,30.07,102.02,-1,-1,-1,-1
278,85,1082.20,441.81,84.54,162.10,-1,-1,-1,-1
278,89,1164.44,438.40,22.65,90.30,-1,-1,-1,-1
278,90,1303.50,427.79,33.13,119.86,-1,-1,-1,-1
279,4,977.25,397.60,152.65,644.38,-1,-1,-1,-1
279,7,1427.99,470.09,48.70,167.54,-1,-1,-1,-1
279,11,1408.73,423.26,173.99,430.96,-1,-1,-1,-1
279,29,1682.92,430.41,99.39,155.43,-1,-1,-1,-1
279,36,390.13,463.00,43.79,112.42,-1,-1,-1,-1
279,45,1428.01,418.33,108.42,213.72,-1,-1,-1,-1
279,49,1142.11,444.43,32.77,101.81,-1,-1,-1,-1
279,51,505.27,455.26,37.25,93.52,-1,-1,-1,-1
279,58,453.06,458.52,33.91,96.29,-1,-1,-1,-1
279,60,708.19,447.30,79.91,193.83,-1,-1,-1,-1
279,67,580.09,456.17,21.06,62.40,-1,-1,-1,-1
279,70,833.96,424.73,126.60,497.97,-1,-1,-1,-1
279,79,644.21,455.58,20.57,61.46,-1,-1,-1,-1
279,81,1538.46,418.13,169.29,331.00,-1,-1,-1,-1
279,84,1338.05,445.68,30.53,102.68,-1,-1,-1,-1
279,85,1079.27,427.94,88.24,176.33,-1,-1,-1,-1
279,89,1163.97,437.88,22.40,90.30,-1,-1,-1,-1
279,90,1302.73,427.04,33.39,119.44,-1,-1,-1,-1
280,4,978.42,398.68,152.92,644.56,-1,-1,-1,-1
280,7,1435.83,468.44,48.09,171.05,-1,-1,-1,-1
280,11,1434.86,421.94,149.56,433.03,-1,-1,-1,-1
280,29,1683.09,430.31,98.87,154.12,-1,-1,-1,-1
280,36,388.96,462.41,45.51,113.14,-1,-1,-1,-1
280,45,1434.28,418.47,110.20,215.73,-1,-1,-1,-1
280,49,1144.62,445.54,30.74,103.07,-1,-1,-1,-1
280,51,505.98,455.30,36.20,92.69,-1,-1,-1,-1
280,58,453.08,458.56,33.54,95.45,-1,-1,-1,-1
280,60,710.76,448.28,85.03,193.32,-1,-1,-1,-1
280,67,581.62,457.53,20.50,59.92,-1,-1,-1,-1
280,70,834.53,424.50,127.95,498.32,-1,-1,-1,-1
280,79,644.44,456.03,21.05,61.17,-1,-1,-1,-1
280,81,1546.33,420.23,155.95,328.57,-1,-1,-1,-1
280,84,1339.08,445.34,31.46,103.21,-1,-1,-1,-1
280,85,1079.80,423.31,88.37,182.15,-1,-1,-1,-1
280,89,1163.21,437.45,23.39,94.93,-1,-1,-1,-1
280,90,1302.68,426.71,33.98,119.19,-1,-1,-1,-1
281,4,981.35,399.63,152.56,645.66,-1,-1,-1,-1
281,7,1441.48,439.36,58.35,199.12,-1,-1,-1,-1
281,11,1453.47,422.29,130.97,432.61,-1,-1,-1,-1
281,29,1677.27,430.31,104.51,155.64,-1,-1,-1,-1
281,36,388.05,461.65,48.17,114.07,-1,-1,-1,-1
281,45,1440.55,418.60,111.98,217.74,-1,-1,-1,-1
281,49,1145.78,440.44,37.25,106.33,-1,-1,-1,-1
281,51,506.04,455.49,36.08,91.89,-1,-1,-1,-1
281,58,452.88,457.88,32.34,95.65,-1,-1,-1,-1
281,60,711.94,450.70,87.71,191.23,-1,-1,-1,-1
281,67,582.23,457.30,20.20,60.37,-1,-1,-1,-1
281,70,834.64,424.00,132.83,498.75,-1,-1,-1,-1
281,79,645.27,457.02,21.51,60.05,-1,-1,-1,-1
281,81,1545.08,421.21,148.01,324.31,-1,-1,-1,-1
281,84,1342.22,445.32,30.28,103.44,-1,-1,-1,-1
281,85,1082.68,423.89,86.28,182.11,-1,-1,-1,-1
281,89,1163.21,437.16,24.53,91.93,-1,-1,-1,-1
281,90,1302.88,426.99,34.00,118.64,-1,-1,-1,-1
282,4,985.42,398.51,154.25,647.75,-1,-1,-1,-1
282,7,1448.49,443.43,54.03,195.00,-1,-1,-1,-1
282,11,1463.85,420.93,125.75,434.22,-1,-1,-1,-1
282,29,1674.04,429.96,107.34,156.07,-1,-1,-1,-1
282,36,386.93,460.44,49.95,115.46,-1,-1,-1,-1
282,45,1447.41,417.13,109.33,221.78,-1,-1,-1,-1
282,49,1145.27,441.86,39.35,106.58,-1,-1,-1,-1
282,51,505.91,455.46,36.06,92.08,-1,-1,-1,-1
282,58,454.01,458.02,31.65,99.42,-1,-1,-1,-1
282,60,715.37,451.39,86.73,191.29,-1,-1,-1,-1
282,67,581.93,457.35,20.55,59.75,-1,-1,-1,-1
282,70,833.74,423.87,143.11,498.56,-1,-1,-1,-1
282,79,647.20,458.19,20.19,58.84,-1,-1,-1,-1
282,81,1545.00,420.89,133.26,320.86,-1,-1,-1,-1
282,84,1342.77,444.16,30.76,104.33,-1,-1,-1,-1
282,85,1085.16,423.19,84.49,184.14,-1,-1,-1,-1
282,89,1163.05,437.17,24.64,92.16,-1,-1,-1,-1
282,90,1302.09,426.63,35.54,118.98,-1,-1,-1,-1
282,91,672.03,489.01,52.92,94.37,-1,-1,-1,-1
283,4,988.62,398.38,150.96,647.98,-1,-1,-1,-1
283,7,1455.18,445.88,51.92,191.47,-1,-1,-1,-1
283,11,1473.03,418.37,123.55,437.32,-1,-1,-1,-1
283,29,1672.94,429.80,108.06,156.47,-1,-1,-1,-1
283,36,385.91,461.58,47.86,114.50,-1,-1,-1,-1
283,45,1453.97,415.35,111.68,222.12,-1,-1,-1,-1
283,49,1145.52,438.81,41.87,110.27,-1,-1,-1,-1
283,51,506.26,455.72,35.47,91.28,-1,-1,-1,-1
283,58,453.61,456.99,31.37,100.29,-1,-1,-1,-1
283,60,717.61,451.28,86.20,191.44,-1,-1,-1,-1
283,67,581.50,457.24,21.25,60.02,-1,-1,-1,-1
283,70,833.83,424.07,154.44,498.60,-1,-1,-1,-1
283,79,647.96,458.55,20.19,58.28,-1,-1,-1,-1
283,81,1545.42,419.85,92.35,231.17,-1,-1,-1,-1
283,84,1344.97,443.93,32.02,104.83,-1,-1,-1,-1
283,85,1086.86,422.62,83.50,185.10,-1,-1,-1,-1
283,89,1162.89,437.19,24.76,92.40,-1,-1,-1,-1
283,90,1301.35,427.37,35.97,119.04,-1,-1,-1,-1
283,91,671.83,490.90,52.86,90.03,-1,-1,-1,-1
284,4,991.71,399.53,147.01,646.88,-1,-1,-1,-1
284,7,1461.39,431.31,53.70,206.64,-1,-1,-1,-1
284,11,1481.02,415.72,138.06,438.89,-1,-1,-1,-1
284,29,1672.12,429.98,109.38,156.02,-1,-1,-1,-1
284,36,385.11,462.45,45.53,113.57,-1,-1,-1,-1
284,45,1460.18,413.48,117.13,223.94,-1,-1,-1,-1
284,49,1146.92,436.45,42.86,113.51,-1,-1,-1,-1
284,51,505.97,455.61,37.09,92.24,-1,-1,-1,-1
284,58,452.64,457.24,31.90,101.65,-1,-1,-1,-1
284,60,718.10,452.65,86.73,190.03,-1,-1,-1,-1
284,67,580.88,457.07,21.88,60.66,-1,-1,-1,-1
284,70,828.57,424.38,169.75,498.11,-1,-1,-1,-1
284,79,648.95,458.51,19.43,57.57,-1,-1,-1,-1
284,81,1552.86,449.92,56.37,145.26,-1,-1,-1,-1
284,84,1346.60,443.89,32.44,105.39,-1,-1,-1,-1
284,85,1093.24,424.53,77.07,182.53,-1,-1,-1,-1
284,89,1162.72,437.20,24.87,92.63,-1,-1,-1,-1
284,90,1301.21,427.67,35.69,119.29,-1,-1,-1,-1
284,91,671.03,491.35,55.53,96.85,-1,-1,-1,-1
285,4,993.77,400.57,147.84,645.86,-1,-1,-1,-1
285,7,1467.98,423.87,63.80,213.07,-1,-1,-1,-1
285,11,1487.93,422.59,136.55,430.86,-1,-1,-1,-1
285,29,1671.77,429.81,110.10,155.04,-1,-1,-1,-1
285,36,384.19,463.18,44.65,112.76,-1,-1,-1,-1
285,45,1466.99,413.02,105.49,223.95,-1,-1,-1,-1
285,49,1147.60,436.99,41.85,113.31,-1,-1,-1,-1
285,51,505.89,455.49,37.12,95.64,-1,-1,-1,-1
285,58,452.97,454.62,30.95,105.25,-1,-1,-1,-1
285,60,719.47,450.13,86.50,193.64,-1,-1,-1,-1
285,67,579.61,456.86,23.28,61.42,-1,-1,-1,-1
285,70,833.18,424.83,173.86,497.38,-1,-1,-1,-1
285,79,650.00,458.96,18.86,57.92,-1,-1,-1,-1
285,84,1348.47,442.99,33.29,106.62,-1,-1,-1,-1
285,85,1097.95,428.92,72.96,178.67,-1,-1,-1,-1
285,89,1162.56,437.21,24.98,92.86,-1,-1,-1,-1
285,90,1300.94,426.40,36.21,119.21,-1,-1,-1,-1
285,91,671.33,490.12,55.63,93.28,-1,-1,-1,-1
286,4,996.52,401.06,158.97,644.85,-1,-1,-1,-1
286,7,1474.42,429.61,57.94,205.73,-1,-1,-1,-1
286,11,1495.35,426.12,151.02,427.34,-1,-1,-1,-1
286,29,1672.08,429.91,109.46,154.40,-1,-1,-1,-1
286,36,383.50,463.26,44.72,112.42,-1,-1,-1,-1
286,45,1474.53,415.98,99.18,220.27,-1,-1,-1,-1
286,49,1147.58,438.07,42.04,112.31,-1,-1,-1,-1
286,51,505.53,456.03,37.61,96.46,-1,-1,-1,-1
286,58,452.68,451.00,31.14,108.26,-1,-1,-1,-1
286,60,720.81,447.87,86.87,197.06,-1,-1,-1,-1
286,67,578.88,456.92,23.74,61.58,-1,-1,-1,-1
286,70,838.36,425.32,173.26,496.88,-1,-1,-1,-1
286,84,1350.19,445.31,34.30,104.76,-1,-1,-1,-1
286,85,1098.66,425.13,72.30,182.15,-1,-1,-1,-1
286,89,1162.39,437.23,25.09,93.09,-1,-1,-1,-1
286,90,1301.57,425.50,35.52,119.19,-1,-1,-1,-1
286,91,671.33,489.30,57.54,92.87,-1,-1,-1,-1
287,4,997.65,400.70,158.95,644.75,-1,-1,-1,-1
287,7,1480.93,432.20,56.52,203.31,-1,-1,-1,-1
287,11,1501.56,426.49,171.99,427.33,-1,-1,-1,-1
287,29,1671.37,429.93,110.27,155.33,-1,-1,-1,-1
287,36,382.45,462.85,45.67,112.98,-1,-1,-1,-1
287,45,1480.85,413.01,98.25,226.97,-1,-1,-1,-1
287,49,1148.40,438.70,40.83,111.93,-1,-1,-1,-1
287,51,505.64,456.43,37.61,95.87,-1,-1,-1,-1
287,58,452.16,454.50,31.76,102.30,-1,-1,-1,-1
287,60,722.13,447.60,86.76,197.52,-1,-1,-1,-1
287,67,578.89,456.74,22.92,61.82,-1,-1,-1,-1
287,70,841.18,422.21,173.83,500.39,-1,-1,-1,-1
287,84,1350.83,445.89,34.69,104.19,-1,-1,-1,-1
287,85,1098.67,429.67,72.29,178.91,-1,-1,-1,-1
287,89,1162.23,437.24,25.20,93.32,-1,-1,-1,-1
287,91,670.62,491.27,58.50,96.51,-1,-1,-1,-1
288,4,999.63,401.65,163.55,643.62,-1,-1,-1,-1
288,7,1481.04,422.28,65.49,316.56,-1,-1,-1,-1
288,11,1504.26,427.84,193.18,429.09,-1,-1,-1,-1
288,29,1670.93,429.93,110.44,155.73,-1,-1,-1,-1
288,36,381.91,462.85,45.51,113.11,-1,-1,-1,-1
288,45,1484.36,415.95,73.89,229.84,-1,-1,-1,-1
288,49,1149.95,439.50,41.20,112.00,-1,-1,-1,-1
288,51,505.96,456.29,36.91,94.34,-1,-1,-1,-1
288,58,451.49,456.69,32.10,100.25,-1,-1,-1,-1
288,60,724.34,448.07,86.03,196.97,-1,-1,-1,-1
288,67,578.48,456.64,22.32,61.98,-1,-1,-1,-1
288,70,845.10,424.73,171.61,497.87,-1,-1,-1,-1
288,84,1350.76,444.04,40.75,105.90,-1,-1,-1,-1
288,85,1100.76,437.32,70.23,165.80,-1,-1,-1,-1
288,89,1162.06,437.25,25.31,93.55,-1,-1,-1,-1
288,91,669.66,492.16,58.72,96.74,-1,-1,-1,-1
289,4,1001.72,401.45,156.17,645.82,-1,-1,-1,-1
289,7,1469.90,421.13,84.02,318.62,-1,-1,-1,-1
289,11,1506.87,423.91,215.54,434.05,-1,-1,-1,-1
289,29,1671.71,429.91,110.01,155.06,-1,-1,-1,-1
289,36,381.80,462.57,45.70,113.50,-1,-1,-1,-1
289,45,1492.26,417.50,74.06,228.47,-1,-1,-1,-1
289,49,1151.33,439.23,40.94,112.25,-1,-1,-1,-1
289,51,506.33,456.31,37.09,97.71,-1,-1,-1,-1
289,58,451.08,458.44,31.96,97.44,-1,-1,-1,-1
289,60,728.09,446.49,85.05,197.81,-1,-1,-1,-1
289,67,578.56,456.33,21.99,62.38,-1,-1,-1,-1
289,70,849.06,425.16,168.86,497.39,-1,-1,-1,-1
289,84,1351.16,444.03,46.86,106.06,-1,-1,-1,-1
289,85,1101.00,438.21,69.75,163.91,-1,-1,-1,-1
289,89,1161.90,437.26,25.43,93.79,-1,-1,-1,-1
289,91,670.57,492.21,59.70,96.31,-1,-1,-1,-1
290,4,1003.98,399.98,152.22,648.26,-1,-1,-1,-1
290,7,1450.49,420.34,106.16,310.52,-1,-1,-1,-1
290,11,1507.91,423.77,231.80,436.41,-1,-1,-1,-1
290,29,1670.88,429.82,110.78,154.91,-1,-1,-1,-1
290,36,381.64,462.19,45.14,113.51,-1,-1,-1,-1
290,45,1500.16,419.05,74.23,227.10,-1,-1,-1,-1
290,49,1152.21,439.63,41.44,112.15,-1,-1,-1,-1
290,51,505.85,456.33,37.77,97.84,-1,-1,-1,-1
290,58,451.07,459.39,32.67,97.22,-1,-1,-1,-1
290,60,732.06,445.31,83.46,198.95,-1,-1,-1,-1
290,67,578.29,456.03,22.17,62.42,-1,-1,-1,-1
290,70,849.77,423.87,168.95,499.07,-1,-1,-1,-1
290,84,1350.99,443.16,51.33,106.95,-1,-1,-1,-1
290,85,1103.10,441.99,68.22,157.39,-1,-1,-1,-1
290,89,1161.74,437.28,25.54,94.02,-1,-1,-1,-1
290,91,670.19,491.27,61.66,96.33,-1,-1,-1,-1
291,4,1004.88,399.62,153.13,648.55,-1,-1,-1,-1
291,7,1430.09,422.77,117.49,299.29,-1,-1,-1,-1
291,11,1507.58,431.11,244.54,434.77,-1,-1,-1,-1
291,29,1670.57,429.70,110.59,155.16,-1,-1,-1,-1
291,36,381.53,461.78,45.14,113.98,-1,-1,-1,-1
291,45,1508.06,420.60,74.40,225.73,-1,-1,-1,-1
291,49,1153.38,438.32,42.79,113.06,-1,-1,-1,-1
291,51,505.34,456.10,38.43,97.41,-1,-1,-1,-1
291,58,450.69,460.13,33.43,97.25,-1,-1,-1,-1
291,60,738.68,445.69,77.98,199.09,-1,-1,-1,-1
291,67,578.48,455.61,21.71,62.57,-1,-1,-1,-1
291,70,852.00,425.15,166.85,497.20,-1,-1,-1,-1
291,84,1350.94,443.38,55.73,106.78,-1,-1,-1,-1
291,85,1105.49,444.52,65.53,154.10,-1,-1,-1,-1
291,89,1161.57,437.29,25.65,94.25,-1,-1,-1,-1
291,91,671.19,489.69,58.67,101.63,-1,-1,-1,-1
292,4,1005.56,398.89,153.14,648.36,-1,-1,-1,-1
292,7,1414.83,422.67,134.66,341.97,-1,-1,-1,-1
292,11,1508.18,432.29,249.70,436.30,-1,-1,-1,-1
292,29,1671.20,429.92,110.39,155.96,-1,-1,-1,-1
292,36,381.37,461.71,45.26,113.77,-1,-1,-1,-1
292,45,1515.96,422.15,74.57,224.36,-1,-1,-1,-1
292,49,1153.94,437.62,43.66,113.80,-1,-1,-1,-1
292,51,505.89,455.43,37.36,101.27,-1,-1,-1,-1
292,58,449.48,459.29,34.29,97.17,-1,-1,-1,-1
292,60,744.80,444.37,75.58,201.05,-1,-1,-1,-1
292,67,577.88,455.99,21.77,61.90,-1,-1,-1,-1
292,70,853.85,425.04,164.81,497.48,-1,-1,-1,-1
292,84,1351.38,443.47,57.61,106.69,-1,-1,-1,-1
292,85,1109.50,446.88,61.41,148.05,-1,-1,-1,-1
292,89,1161.41,437.30,25.76,94.48,-1,-1,-1,-1
292,91,671.99,489.71,56.89,103.46,-1,-1,-1,-1
293,4,1006.82,400.57,150.59,644.86,-1,-1,-1,-1
293,7,1406.06,423.75,137.48,310.95,-1,-1,-1,-1
293,11,1508.44,432.67,253.34,441.67,-1,-1,-1,-1
293,29,1670.52,429.98,111.86,154.99,-1,-1,-1,-1
293,36,381.10,461.59,44.26,113.56,-1,-1,-1,-1
293,45,1523.86,423.70,74.74,222.99,-1,-1,-1,-1
293,49,1154.25,437.70,44.25,113.20,-1,-1,-1,-1
293,51,505.09,455.99,37.51,99.80,-1,-1,-1,-1
293,58,448.63,461.37,35.21,95.28,-1,-1,-1,-1
293,60,748.76,443.02,74.19,202.62,-1,-1,-1,-1
293,67,577.02,457.96,21.48,60.45,-1,-1,-1,-1
293,70,854.13,425.87,164.31,497.02,-1,-1,-1,-1
293,84,1352.01,444.36,58.50,105.56,-1,-1,-1,-1
293,85,1106.32,446.61,63.87,148.34,-1,-1,-1,-1
293,89,1161.24,437.32,25.87,94.71,-1,-1,-1,-1
293,91,672.49,489.88,56.78,103.94,-1,-1,-1,-1
294,4,1008.61,400.70,150.64,644.19,-1,-1,-1,-1
294,7,1402.71,424.97,136.00,295.19,-1,-1,-1,-1
294,11,1509.88,433.53,254.35,443.77,-1,-1,-1,-1
294,29,1669.43,430.04,114.80,184.73,-1,-1,-1,-1
294,36,381.20,461.25,43.74,114.16,-1,-1,-1,-1
294,45,1531.76,425.25,74.91,221.63,-1,-1,-1,-1
294,49,1155.18,437.54,44.12,113.04,-1,-1,-1,-1
294,51,505.75,455.73,38.15,102.99,-1,-1,-1,-1
294,58,447.40,460.76,35.08,94.46,-1,-1,-1,-1
294,60,751.68,443.95,76.40,201.58,-1,-1,-1,-1
294,67,577.25,457.81,20.86,60.00,-1,-1,-1,-1
294,70,855.93,425.16,163.07,498.12,-1,-1,-1,-1
294,84,1354.46,444.47,58.40,105.57,-1,-1,-1,-1
294,85,1104.95,448.33,64.73,145.13,-1,-1,-1,-1
294,89,1161.08,437.33,25.98,94.95,-1,-1,-1,-1
294,91,673.46,490.24,56.00,103.65,-1,-1,-1,-1
294,96,1016.68,468.80,107.44,573.83,-1,-1,-1,-1
295,4,1008.67,400.03,152.40,645.39,-1,-1,-1,-1
295,7,1398.65,425.58,144.57,288.30,-1,-1,-1,-1
295,11,1513.88,432.54,252.33,447.31,-1,-1,-1,-1
295,29,1671.29,430.22,112.29,166.12,-1,-1,-1,-1
295,36,381.20,461.10,44.43,114.08,-1,-1,-1,-1
295,45,1539.66,426.79,75.08,220.26,-1,-1,-1,-1
295,49,1157.35,438.56,43.68,111.52,-1,-1,-1,-1
295,51,506.14,455.40,38.11,102.28,-1,-1,-1,-1
295,58,447.07,461.43,35.20,93.80,-1,-1,-1,-1
295,60,753.00,444.86,77.19,201.29,-1,-1,-1,-1
295,67,577.72,456.73,20.66,60.37,-1,-1,-1,-1
295,70,857.15,424.35,162.18,498.79,-1,-1,-1,-1
295,84,1357.69,445.29,56.15,104.74,-1,-1,-1,-1
295,85,1105.70,448.01,63.99,144.35,-1,-1,-1,-1
295,89,1160.91,437.34,26.10,95.18,-1,-1,-1,-1
295,91,674.09,488.31,58.19,105.70,-1,-1,-1,-1
295,96,1017.83,460.32,110.55,583.11,-1,-1,-1,-1
296,4,1008.77,399.12,152.42,645.00,-1,-1,-1,-1
296,7,1397.12,425.71,151.20,285.88,-1,-1,-1,-1
296,11,1526.48,430.76,240.97,449.84,-1,-1,-1,-1
296,29,1681.22,430.39,102.31,155.27,-1,-1,-1,-1
296,36,381.27,461.06,45.21,114.13,-1,-1,-1,-1
296,45,1547.56,428.34,75.25,218.89,-1,-1,-1,-1
296,49,1158.76,438.21,44.27,111.83,-1,-1,-1,-1
296,51,505.31,455.91,39.14,102.15,-1,-1,-1,-1
296,58,446.10,461.29,37.17,97.19,-1,-1,-1,-1
296,60,756.91,444.79,75.15,201.97,-1,-1,-1,-1
296,67,577.63,456.18,21.00,60.41,-1,-1,-1,-1
296,70,858.43,423.72,161.31,499.37,-1,-1,-1,-1
296,84,1369.69,445.56,41.44,101.28,-1,-1,-1,-1
296,85,1112.13,447.27,58.34,145.67,-1,-1,-1,-1
296,89,1160.75,437.35,26.21,95.41,-1,-1,-1,-1
296,91,674.26,488.48,55.69,105.24,-1,-1,-1,-1
297,4,1008.29,399.93,153.27,644.13,-1,-1,-1,-1
297,7,1396.20,426.58,146.61,289.95,-1,-1,-1,-1
297,11,1534.62,434.21,233.96,446.48,-1,-1,-1,-1
297,29,1689.00,430.56,94.57,152.16,-1,-1,-1,-1
297,36,381.26,461.40,44.72,113.77,-1,-1,-1,-1
297,45,1555.46,429.89,75.42,217.52,-1,-1,-1,-1
297,49,1163.70,443.36,42.55,105.94,-1,-1,-1,-1
297,51,506.51,454.29,37.25,96.20,-1,-1,-1,-1
297,58,445.37,459.54,37.14,98.78,-1,-1,-1,-1
297,60,759.00,442.42,73.89,205.67,-1,-1,-1,-1
297,67,577.60,456.50,21.11,59.71,-1,-1,-1,-1
297,70,860.36,423.10,159.32,499.77,-1,-1,-1,-1
297,84,1372.47,444.67,41.42,103.08,-1,-1,-1,-1
297,85,1106.59,446.44,63.42,146.64,-1,-1,-1,-1
297,89,1160.58,437.37,26.32,95.64,-1,-1,-1,-1
297,91,675.18,488.10,55.00,105.80,-1,-1,-1,-1
298,4,1008.85,400.10,151.11,643.37,-1,-1,-1,-1
298,7,1396.29,429.12,133.33,282.38,-1,-1,-1,-1
298,11,1556.28,438.39,213.11,441.38,-1,-1,-1,-1
298,29,1695.08,430.93,88.69,150.36,-1,-1,-1,-1
298,36,381.05,461.07,45.01,113.94,-1,-1,-1,-1
298,45,1563.36,431.44,75.59,216.15,-1,-1,-1,-1
298,49,1166.93,447.64,42.03,101.37,-1,-1,-1,-1
298,51,505.64,454.98,37.66,102.02,-1,-1,-1,-1
298,58,446.00,481.79,36.98,76.56,-1,-1,-1,-1
298,60,761.25,444.00,72.74,205.21,-1,-1,-1,-1
298,67,577.96,456.43,20.93,59.83,-1,-1,-1,-1
298,70,864.26,422.54,156.41,500.95,-1,-1,-1,-1
298,84,1379.63,444.27,35.93,102.89,-1,-1,-1,-1
298,85,1104.24,446.26,65.65,146.58,-1,-1,-1,-1
298,89,1160.42,437.38,26.43,95.87,-1,-1,-1,-1
298,91,675.57,488.33,53.32,105.64,-1,-1,-1,-1
299,4,1009.09,399.20,152.43,643.02,-1,-1,-1,-1
299,7,1394.98,425.13,119.55,284.15,-1,-1,-1,-1
299,11,1566.62,433.11,205.81,447.27,-1,-1,-1,-1
299,29,1707.20,430.86,77.54,150.14,-1,-1,-1,-1
299,36,380.88,460.83,45.53,114.04,-1,-1,-1,-1
299,45,1537.92,420.49,119.85,326.36,-1,-1,-1,-1
299,49,1168.57,450.44,41.10,98.73,-1,-1,-1,-1
299,51,505.33,454.66,38.03,105.20,-1,-1,-1,-1
299,60,765.27,444.68,73.02,205.41,-1,-1,-1,-1
299,67,577.97,456.29,20.84,59.69,-1,-1,-1,-1
299,70,870.65,420.77,150.49,504.60,-1,-1,-1,-1
299,84,1383.18,443.27,31.40,102.79,-1,-1,-1,-1
299,85,1110.19,445.65,60.46,148.50,-1,-1,-1,-1
299,89,1160.26,437.39,26.54,96.11,-1,-1,-1,-1
299,91,677.32,488.46,51.04,105.18,-1,-1,-1,-1
300,4,1009.82,399.73,152.39,639.71,-1,-1,-1,-1
300,7,1391.50,420.89,106.54,287.12,-1,-1,-1,-1
300,11,1593.02,426.71,180.65,454.06,-1,-1,-1,-1
300,29,1714.10,431.05,71.21,150.59,-1,-1,-1,-1
300,36,380.91,460.76,45.05,114.28,-1,-1,-1,-1
300,45,1562.87,424.82,99.77,268.93,-1,-1,-1,-1
300,49,1169.99,450.06,41.24,99.28,-1,-1,-1,-1
300,51,506.64,455.00,37.25,105.35,-1,-1,-1,-1
300,60,767.66,444.69,71.28,206.05,-1,-1,-1,-1
300,67,578.41,456.21,20.96,59.69,-1,-1,-1,-1
300,70,876.80,420.03,145.15,509.40,-1,-1,-1,-1
300,84,1384.88,442.94,32.55,103.37,-1,-1,-1,-1
300,85,1112.63,445.88,58.80,148.00,-1,-1,-1,-1
300,89,1160.09,437.41,26.65,96.34,-1,-1,-1,-1
300,91,679.05,489.37,48.51,103.19,-1,-1,-1,-1
301,4,1010.26,400.18,152.65,634.14,-1,-1,-1,-1
301,7,1384.91,417.30,91.97,289.96,-1,-1,-1,-1
301,11,1606.31,421.53,170.14,460.23,-1,-1,-1,-1
301,29,1723.60,432.32,62.25,148.07,-1,-1,-1,-1
301,36,381.04,460.90,45.29,114.34,-1,-1,-1,-1
301,45,1557.44,429.47,113.41,332.80,-1,-1,-1,-1
301,49,1170.32,450.15,42.82,99.69,-1,-1,-1,-1
301,51,507.22,455.20,36.04,105.12,-1,-1,-1,-1
301,60,767.67,444.25,76.93,207.85,-1,-1,-1,-1
301,67,578.38,456.54,20.95,59.16,-1,-1,-1,-1
301,70,882.46,420.71,139.33,514.16,-1,-1,-1,-1
301,76,732.15,472.87,44.88,120.43,-1,-1,-1,-1
301,84,1386.59,442.61,33.70,103.94,-1,-1,-1,-1
301,85,1109.73,447.12,61.39,146.25,-1,-1,-1,-1
301,89,1159.93,437.42,26.76,96.57,-1,-1,-1,-1
301,91,678.59,491.41,48.39,99.94,-1,-1,-1,-1
301,98,0.00,646.32,119.86,212.02,-1,-1,-1,-1
302,4,1010.75,399.60,158.37,630.68,-1,-1,-1,-1
302,7,1373.52,419.16,90.47,289.04,-1,-1,-1,-1
302,11,1623.74,418.10,158.37,464.25,-1,-1,-1,-1
302,29,1733.90,433.18,52.22,145.49,-1,-1,-1,-1
302,36,381.02,460.72,45.38,114.54,-1,-1,-1,-1
302,45,1569.55,417.51,116.38,372.40,-1,-1,-1,-1
302,49,1172.09,451.19,43.46,98.81,-1,-1,-1,-1
302,51,507.70,455.68,34.70,104.95,-1,-1,-1,-1
302,60,769.66,444.07,80.15,208.42,-1,-1,-1,-1
302,67,578.27,457.17,21.01,58.38,-1,-1,-1,-1
302,70,889.57,420.74,131.81,520.48,-1,-1,-1,-1
302,76,732.19,473.28,44.60,114.59,-1,-1,-1,-1
302,84,1388.29,442.27,34.85,104.52,-1,-1,-1,-1
302,85,1113.78,446.13,57.98,147.61,-1,-1,-1,-1
302,89,1159.76,437.43,26.88,96.80,-1,-1,-1,-1
302,91,678.62,491.67,47.49,98.73,-1,-1,-1,-1
302,98,0.00,673.56,116.60,184.69,-1,-1,-1,-1
303,4,1010.71,399.06,166.51,625.75,-1,-1,-1,-1
303,7,1362.08,420.02,89.59,288.47,-1,-1,-1,-1
303,11,1643.34,420.48,147.60,468.07,-1,-1,-1,-1
303,29,1741.94,439.47,44.24,133.64,-1,-1,-1,-1
303,36,380.83,460.65,45.23,114.52,-1,-1,-1,-1
303,45,1587.13,415.34,103.69,296.09,-1,-1,-1,-1
303,49,1173.57,450.01,43.36,99.44,-1,-1,-1,-1
303,51,507.33,455.77,34.79,104.79,-1,-1,-1,-1
303,60,771.79,445.47,78.59,208.19,-1,-1,-1,-1
303,67,578.26,457.19,20.90,58.10,-1,-1,-1,-1
303,70,893.69,420.62,129.04,524.79,-1,-1,-1,-1
303,76,732.19,474.58,45.20,111.39,-1,-1,-1,-1
303,84,1389.99,441.94,36.00,105.10,-1,-1,-1,-1
303,85,1114.73,445.31,56.60,144.59,-1,-1,-1,-1
303,89,1160.66,438.12,27.18,106.07,-1,-1,-1,-1
303,91,678.76,491.39,46.96,98.91,-1,-1,-1,-1
303,98,0.00,640.24,121.03,218.33,-1,-1,-1,-1
304,4,1012.93,399.40,167.97,620.96,-1,-1,-1,-1
304,7,1347.27,419.91,97.26,288.16,-1,-1,-1,-1
304,11,1655.85,416.01,144.15,483.40,-1,-1,-1,-1
304,36,380.93,460.78,44.46,114.29,-1,-1,-1,-1
304,45,1592.92,409.81,110.74,372.27,-1,-1,-1,-1
304,49,1176.21,448.70,42.21,100.85,-1,-1,-1,-1
304,51,505.31,455.22,37.24,106.03,-1,-1,-1,-1
304,60,774.02,445.51,79.01,208.86,-1,-1,-1,-1
304,67,577.80,457.04,21.10,58.31,-1,-1,-1,-1
304,70,893.17,420.38,131.54,527.66,-1,-1,-1,-1
304,76,733.00,475.44,46.02,113.89,-1,-1,-1,-1
304,84,1391.70,441.61,37.15,105.68,-1,-1,-1,-1
304,85,1116.78,445.29,54.60,140.99,-1,-1,-1,-1
304,89,1160.29,438.49,28.09,104.06,-1,-1,-1,-1
304,91,679.09,490.95,46.53,100.60,-1,-1,-1,-1
304,98,0.00,625.63,121.68,232.36,-1,-1,-1,-1
305,4,1012.98,398.96,178.58,621.98,-1,-1,-1,-1
305,7,1333.88,421.55,106.05,285.57,-1,-1,-1,-1
305,11,1665.66,412.06,148.81,492.63,-1,-1,-1,-1
305,36,381.09,460.67,43.81,114.44,-1,-1,-1,-1
305,45,1600.53,407.62,114.20,401.36,-1,-1,-1,-1
305,49,1178.74,448.86,41.78,99.57,-1,-1,-1,-1
305,51,505.27,455.06,37.68,106.46,-1,-1,-1,-1
305,60,777.15,446.08,78.45,209.22,-1,-1,-1,-1
305,67,577.49,456.99,21.52,58.69,-1,-1,-1,-1
305,70,894.39,420.50,131.32,528.65,-1,-1,-1,-1
305,76,733.40,475.49,47.83,112.11,-1,-1,-1,-1
305,84,1393.40,441.28,38.30,106.26,-1,-1,-1,-1
305,85,1116.54,443.91,55.85,140.06,-1,-1,-1,-1
305,89,1159.55,439.10,28.59,92.26,-1,-1,-1,-1
305,91,677.82,491.04,47.62,101.23,-1,-1,-1,-1
305,98,0.00,473.36,130.74,383.89,-1,-1,-1,-1
306,4,1013.03,398.61,190.51,620.76,-1,-1,-1,-1
306,7,1319.44,423.37,118.54,283.34,-1,-1,-1,-1
306,11,1671.07,412.12,164.23,494.85,-1,-1,-1,-1
306,36,381.05,460.62,43.85,114.49,-1,-1,-1,-1
306,45,1611.25,407.84,112.66,409.91,-1,-1,-1,-1
306,49,1182.81,448.41,41.51,99.93,-1,-1,-1,-1
306,51,502.19,455.34,40.22,105.67,-1,-1,-1,-1
306,60,779.08,444.78,79.61,211.03,-1,-1,-1,-1
306,67,577.66,456.60,21.63,58.79,-1,-1,-1,-1
306,70,896.05,420.56,129.35,528.93,-1,-1,-1,-1
306,76,733.41,475.59,48.93,110.43,-1,-1,-1,-1
306,84,1395.10,440.95,39.45,106.83,-1,-1,-1,-1
306,85,1118.21,444.17,54.61,134.19,-1,-1,-1,-1
306,89,1160.42,438.56,27.80,88.75,-1,-1,-1,-1
306,91,678.25,490.46,47.76,102.56,-1,-1,-1,-1
306,98,0.00,400.67,127.49,456.08,-1,-1,-1,-1
307,4,1013.84,399.31,198.50,620.21,-1,-1,-1,-1
307,7,1307.55,425.43,129.92,281.20,-1,-1,-1,-1
307,11,1677.57,414.16,197.26,499.14,-1,-1,-1,-1
307,36,381.06,460.77,44.38,114.17,-1,-1,-1,-1
307,45,1612.77,409.65,115.92,408.13,-1,-1,-1,-1
307,49,1185.69,448.58,42.17,99.37,-1,-1,-1,-1
307,51,501.09,455.51,40.68,104.99,-1,-1,-1,-1
307,60,782.75,445.62,74.18,210.52,-1,-1,-1,-1
307,67,578.30,456.01,21.19,59.15,-1,-1,-1,-1
307,70,892.06,420.13,132.96,529.90,-1,-1,-1,-1
307,76,733.60,476.49,48.78,108.60,-1,-1,-1,-1
307,84,1396.81,440.61,40.60,107.41,-1,-1,-1,-1
307,85,1117.68,443.56,56.03,133.08,-1,-1,-1,-1
307,89,1161.71,438.25,26.37,87.29,-1,-1,-1,-1
307,91,677.20,490.34,48.70,101.99,-1,-1,-1,-1
307,98,0.00,389.87,125.23,467.53,-1,-1,-1,-1
308,4,1014.57,400.40,210.96,616.99,-1,-1,-1,-1
308,7,1297.40,427.18,138.86,279.01,-1,-1,-1,-1
308,11,1681.36,418.03,213.87,496.46,-1,-1,-1,-1
308,36,381.09,460.94,44.70,114.24,-1,-1,-1,-1
308,45,1609.78,408.71,129.94,408.06,-1,-1,-1,-1
308,49,1187.65,448.09,42.99,99.58,-1,-1,-1,-1
308,51,499.95,455.54,41.32,105.00,-1,-1,-1,-1
308,60,785.73,443.67,77.34,213.60,-1,-1,-1,-1
308,67,579.50,455.69,20.77,59.64,-1,-1,-1,-1
308,70,892.67,420.45,133.36,529.19,-1,-1,-1,-1
308,76,733.30,476.60,49.11,108.55,-1,-1,-1,-1
308,84,1398.51,440.28,41.74,107.99,-1,-1,-1,-1
308,85,1118.63,442.42,56.45,134.70,-1,-1,-1,-1
308,89,1162.08,438.13,26.21,86.85,-1,-1,-1,-1
308,91,677.13,490.77,48.94,102.81,-1,-1,-1,-1
308,98,0.00,383.32,125.22,474.27,-1,-1,-1,-1
309,4,1016.68,400.34,218.04,614.50,-1,-1,-1,-1
309,7,1289.56,428.62,143.02,277.27,-1,-1,-1,-1
309,11,1682.37,422.46,230.45,495.13,-1,-1,-1,-1
309,36,381.13,461.58,44.54,113.49,-1,-1,-1,-1
309,45,1611.43,407.99,142.87,408.27,-1,-1,-1,-1
309,49,1190.96,448.24,41.74,99.08,-1,-1,-1,-1
309,51,500.49,455.24,40.94,106.13,-1,-1,-1,-1
309,60,790.26,442.75,79.31,214.21,-1,-1,-1,-1
309,67,580.39,455.35,20.87,59.86,-1,-1,-1,-1
309,70,891.15,420.11,135.23,529.53,-1,-1,-1,-1
309,76,733.41,477.16,48.50,108.94,-1,-1,-1,-1
309,84,1400.21,439.95,42.89,108.57,-1,-1,-1,-1
309,85,1118.47,438.53,57.34,139.25,-1,-1,-1,-1
309,89,1161.06,437.91,26.55,89.99,-1,-1,-1,-1
309,90,1305.01,427.78,32.97,113.83,-1,-1,-1,-1
309,91,677.04,490.65,49.16,102.70,-1,-1,-1,-1
309,98,0.00,381.38,123.70,476.27,-1,-1,-1,-1
310,4,1018.31,399.35,224.75,612.32,-1,-1,-1,-1
310,7,1280.99,429.92,144.66,274.73,-1,-1,-1,-1
310,11,1681.23,424.51,238.77,499.13,-1,-1,-1,-1
310,36,380.83,461.35,43.83,113.49,-1,-1,-1,-1
310,45,1615.42,408.23,154.71,407.90,-1,-1,-1,-1
310,49,1192.65,447.66,41.29,99.53,-1,-1,-1,-1
310,51,498.14,455.00,42.95,106.63,-1,-1,-1,-1
310,60,793.80,441.63,78.93,215.05,-1,-1,-1,-1
310,67,580.71,455.39,20.45,59.55,-1,-1,-1,-1
310,70,893.37,420.39,133.63,528.66,-1,-1,-1,-1
310,76,733.20,477.83,47.79,110.07,-1,-1,-1,-1
310,84,1401.91,439.62,44.04,109.14,-1,-1,-1,-1
310,85,1116.91,438.09,59.98,140.64,-1,-1,-1,-1
310,89,1160.69,438.00,27.22,88.12,-1,-1,-1,-1
310,90,1305.07,428.32,30.85,106.31,-1,-1,-1,-1
310,91,677.16,490.16,48.22,102.85,-1,-1,-1,-1
310,98,0.00,381.56,123.89,475.78,-1,-1,-1,-1
311,4,1019.56,399.31,229.45,610.44,-1,-1,-1,-1
311,7,1274.36,429.84,142.26,268.53,-1,-1,-1,-1
311,11,1680.53,424.65,239.47,504.21,-1,-1,-1,-1
311,36,380.55,461.44,43.38,113.35,-1,-1,-1,-1
311,45,1618.78,408.07,157.21,408.25,-1,-1,-1,-1
311,49,1194.76,446.80,40.14,101.15,-1,-1,-1,-1
311,51,495.45,454.99,44.83,107.02,-1,-1,-1,-1
311,60,796.67,442.17,72.16,214.06,-1,-1,-1,-1
311,67,580.83,456.24,20.21,58.70,-1,-1,-1,-1
311,70,893.41,420.25,134.17,529.03,-1,-1,-1,-1
311,76,732.88,478.08,47.61,110.94,-1,-1,-1,-1
311,84,1403.62,439.29,45.19,109.72,-1,-1,-1,-1
311,85,1118.95,433.99,58.91,143.95,-1,-1,-1,-1
311,89,1160.53,438.17,27.45,87.77,-1,-1,-1,-1
311,90,1304.97,428.27,31.33,107.24,-1,-1,-1,-1
311,91,676.65,490.14,48.28,100.98,-1,-1,-1,-1
311,98,0.00,380.61,117.29,475.69,-1,-1,-1,-1
312,4,1022.35,398.12,226.75,611.60,-1,-1,-1,-1
312,7,1269.66,429.18,131.96,262.29,-1,-1,-1,-1
312,11,1681.28,426.46,238.72,506.52,-1,-1,-1,-1
312,36,380.15,461.55,43.50,113.16,-1,-1,-1,-1
312,45,1626.11,409.19,153.74,405.30,-1,-1,-1,-1
312,49,1195.58,446.45,40.97,101.06,-1,-1,-1,-1
312,51,492.43,455.55,46.51,107.08,-1,-1,-1,-1
312,60,798.82,442.43,67.26,213.65,-1,-1,-1,-1
312,67,581.01,455.99,20.45,58.65,-1,-1,-1,-1
312,70,894.38,420.02,133.62,529.87,-1,-1,-1,-1
312,76,732.94,478.93,47.02,110.03,-1,-1,-1,-1
312,84,1405.32,438.96,46.34,110.30,-1,-1,-1,-1
312,85,1120.43,434.46,58.54,141.68,-1,-1,-1,-1
312,89,1159.57,437.66,27.21,90.75,-1,-1,-1,-1
312,90,1304.86,428.22,31.82,108.17,-1,-1,-1,-1
312,91,675.26,490.66,49.34,97.54,-1,-1,-1,-1
312,98,0.00,381.50,123.65,473.88,-1,-1,-1,-1
313,4,1021.57,397.61,229.22,612.49,-1,-1,-1,-1
313,7,1266.27,428.41,120.99,260.55,-1,-1,-1,-1
313,11,1683.25,427.48,236.75,509.14,-1,-1,-1,-1
313,36,380.25,461.48,43.09,113.38,-1,-1,-1,-1
313,45,1633.81,413.05,154.82,405.95,-1,-1,-1,-1
313,49,1196.47,446.02,40.79,101.91,-1,-1,-1,-1
313,51,492.25,455.67,46.39,106.97,-1,-1,-1,-1
313,60,801.54,442.21,74.47,214.14,-1,-1,-1,-1
313,67,581.18,456.31,19.76,58.30,-1,-1,-1,-1
313,70,893.83,420.23,134.27,529.58,-1,-1,-1,-1
313,76,732.38,478.96,47.40,110.74,-1,-1,-1,-1
313,84,1407.02,438.62,47.49,110.88,-1,-1,-1,-1
313,85,1120.03,436.88,61.37,137.25,-1,-1,-1,-1
313,89,1159.65,437.68,27.60,88.79,-1,-1,-1,-1
313,90,1304.76,428.16,32.30,109.10,-1,-1,-1,-1
313,91,676.37,490.59,48.11,97.55,-1,-1,-1,-1
313,98,0.00,383.65,137.57,474.28,-1,-1,-1,-1
314,4,1021.53,397.02,229.25,612.32,-1,-1,-1,-1
314,7,1265.56,426.24,105.13,260.99,-1,-1,-1,-1
314,11,1689.34,423.69,230.66,514.49,-1,-1,-1,-1
314,36,380.58,460.90,43.06,114.81,-1,-1,-1,-1
314,45,1631.11,412.02,176.08,404.30,-1,-1,-1,-1
314,49,1196.71,446.17,39.08,102.06,-1,-1,-1,-1
314,51,491.52,455.52,46.95,107.25,-1,-1,-1,-1
314,60,805.13,442.65,74.78,213.76,-1,-1,-1,-1
314,67,581.21,455.16,19.59,59.29,-1,-1,-1,-1
314,70,890.17,420.56,139.27,528.55,-1,-1,-1,-1
314,76,732.25,479.22,47.66,110.98,-1,-1,-1,-1
314,84,1408.73,438.29,48.64,111.45,-1,-1,-1,-1
314,85,1120.61,437.93,62.98,136.23,-1,-1,-1,-1
314,89,1159.75,437.48,27.95,88.59,-1,-1,-1,-1
314,90,1304.65,428.11,32.78,110.03,-1,-1,-1,-1
314,91,675.79,491.07,48.44,95.22,-1,-1,-1,-1
314,98,7.21,386.34,148.16,471.01,-1,-1,-1,-1
315,4,1025.90,394.83,224.99,614.47,-1,-1,-1,-1
315,7,1265.27,425.77,90.89,259.78,-1,-1,-1,-1
315,11,1748.31,423.05,171.69,516.17,-1,-1,-1,-1
315,36,380.58,461.29,43.26,114.05,-1,-1,-1,-1
315,45,1633.12,410.37,191.53,425.05,-1,-1,-1,-1
315,49,1197.08,446.14,39.96,103.62,-1,-1,-1,-1
315,51,490.70,455.28,47.23,107.30,-1,-1,-1,-1
315,60,807.90,442.14,75.42,214.35,-1,-1,-1,-1
315,67,581.63,455.30,19.60,58.72,-1,-1,-1,-1
315,70,892.28,420.66,138.29,528.12,-1,-1,-1,-1
315,76,732.47,479.33,47.52,111.91,-1,-1,-1,-1
315,84,1416.06,440.14,44.47,108.91,-1,-1,-1,-1
315,85,1123.59,437.92,63.97,138.13,-1,-1,-1,-1
315,89,1159.69,437.63,27.88,88.59,-1,-1,-1,-1
315,90,1304.55,428.06,33.27,110.96,-1,-1,-1,-1
315,91,676.38,491.30,47.93,94.67,-1,-1,-1,-1
315,98,17.05,389.14,166.85,468.57,-1,-1,-1,-1
316,4,1031.94,395.01,217.64,614.91,-1,-1,-1,-1
316,7,1264.92,427.78,81.40,258.93,-1,-1,-1,-1
316,11,1778.16,422.71,141.84,517.14,-1,-1,-1,-1
316,36,380.61,461.53,43.33,113.75,-1,-1,-1,-1
316,45,1639.51,408.38,195.07,438.78,-1,-1,-1,-1
316,49,1197.54,446.20,41.60,104.04,-1,-1,-1,-1
316,51,490.22,455.32,46.89,107.63,-1,-1,-1,-1
316,60,810.19,442.60,77.94,214.16,-1,-1,-1,-1
316,67,582.10,457.65,18.09,56.36,-1,-1,-1,-1
316,70,891.58,420.66,141.69,527.58,-1,-1,-1,-1
316,76,732.10,478.81,47.70,112.32,-1,-1,-1,-1
316,84,1422.33,439.75,40.49,108.34,-1,-1,-1,-1
316,85,1126.57,437.91,64.96,140.03,-1,-1,-1,-1
316,89,1159.79,437.72,27.55,88.62,-1,-1,-1,-1
316,90,1304.44,428.01,33.75,111.89,-1,-1,-1,-1
316,91,676.27,491.57,47.86,93.44,-1,-1,-1,-1
316,98,20.71,391.32,199.12,465.96,-1,-1,-1,-1
316,100,710.59,480.63,25.28,106.21,-1,-1,-1,-1
317,4,1036.36,397.87,213.15,611.47,-1,-1,-1,-1
317,7,1263.12,426.93,76.79,259.21,-1,-1,-1,-1
317,11,1797.74,419.46,122.26,523.04,-1,-1,-1,-1
317,36,380.66,461.87,43.23,113.50,-1,-1,-1,-1
317,45,1649.33,407.07,184.35,420.83,-1,-1,-1,-1
317,49,1199.33,446.96,41.63,105.22,-1,-1,-1,-1
317,51,489.20,455.42,47.54,107.52,-1,-1,-1,-1
317,60,814.34,441.26,75.63,215.64,-1,-1,-1,-1
317,67,582.33,459.18,17.76,54.75,-1,-1,-1,-1
317,70,891.74,420.73,138.49,527.47,-1,-1,-1,-1
317,76,732.07,477.99,47.84,113.07,-1,-1,-1,-1
317,84,1426.35,438.80,40.25,109.72,-1,-1,-1,-1
317,85,1129.55,437.90,65.95,141.94,-1,-1,-1,-1
317,89,1160.53,437.88,26.87,88.12,-1,-1,-1,-1
317,90,1304.34,427.95,34.23,112.82,-1,-1,-1,-1
317,91,675.37,491.49,49.08,94.46,-1,-1,-1,-1
317,98,22.92,393.37,230.01,463.15,-1,-1,-1,-1
317,100,709.81,480.13,26.11,107.80,-1,-1,-1,-1
318,4,1041.81,399.32,208.09,609.82,-1,-1,-1,-1
318,7,1257.85,428.93,77.86,256.31,-1,-1,-1,-1
318,11,1811.20,418.20,108.80,524.20,-1,-1,-1,-1
318,36,380.82,461.42,43.08,114.12,-1,-1,-1,-1
318,45,1682.08,407.48,166.29,448.56,-1,-1,-1,-1
318,49,1200.93,447.19,40.92,106.05,-1,-1,-1,-1
318,51,489.15,455.53,48.09,107.35,-1,-1,-1,-1
318,60,816.94,441.77,69.73,215.15,-1,-1,-1,-1
318,67,582.05,459.86,17.95,54.16,-1,-1,-1,-1
318,70,890.33,420.85,140.64,527.20,-1,-1,-1,-1
318,76,731.79,477.07,47.79,113.88,-1,-1,-1,-1
318,84,1432.05,437.89,39.24,109.90,-1,-1,-1,-1
318,85,1132.53,437.89,66.94,143.84,-1,-1,-1,-1
318,89,1161.05,437.91,26.46,87.76,-1,-1,-1,-1
318,90,1304.23,427.90,34.72,113.75,-1,-1,-1,-1
318,91,675.93,491.59,48.74,95.87,-1,-1,-1,-1
318,98,24.92,395.76,253.97,460.47,-1,-1,-1,-1
318,100,709.31,480.56,26.18,106.40,-1,-1,-1,-1
319,4,1045.24,398.43,204.80,611.59,-1,-1,-1,-1
319,7,1247.35,435.04,86.45,250.25,-1,-1,-1,-1
319,11,1796.56,415.32,123.44,527.84,-1,-1,-1,-1
319,36,380.78,461.68,43.33,113.60,-1,-1,-1,-1
319,45,1689.87,402.16,160.66,453.65,-1,-1,-1,-1
319,49,1202.31,448.29,40.21,101.76,-1,-1,-1,-1
319,51,489.16,455.60,47.86,107.32,-1,-1,-1,-1
319,60,819.21,442.67,69.67,214.04,-1,-1,-1,-1
319,67,582.41,461.64,17.39,52.59,-1,-1,-1,-1
319,70,890.99,420.66,139.85,527.47,-1,-1,-1,-1
319,76,731.70,476.59,47.82,117.53,-1,-1,-1,-1
319,84,1434.11,436.54,40.57,111.29,-1,-1,-1,-1
319,85,1135.51,437.87,67.92,145.74,-1,-1,-1,-1
319,89,1161.82,437.88,25.63,87.27,-1,-1,-1,-1
319,90,1304.12,427.85,35.20,114.68,-1,-1,-1,-1
319,91,676.87,491.14,48.07,97.50,-1,-1,-1,-1
319,98,25.53,398.12,271.17,458.67,-1,-1,-1,-1
319,100,710.17,484.05,25.56,93.06,-1,-1,-1,-1
320,4,1047.42,399.71,202.43,611.29,-1,-1,-1,-1
320,7,1238.96,434.08,94.61,251.89,-1,-1,-1,-1
320,11,1823.18,413.26,96.82,527.97,-1,-1,-1,-1
320,36,380.85,461.22,43.30,114.28,-1,-1,-1,-1
320,45,1700.38,396.80,156.30,450.29,-1,-1,-1,-1
320,49,1206.18,448.41,38.25,105.06,-1,-1,-1,-1
320,51,489.16,455.78,47.38,107.01,-1,-1,-1,-1
320,60,820.62,444.86,67.42,211.46,-1,-1,-1,-1
320,67,581.75,459.63,18.29,54.80,-1,-1,-1,-1
320,70,889.51,421.03,142.61,527.06,-1,-1,-1,-1
320,76,731.74,475.43,47.51,119.58,-1,-1,-1,-1
320,84,1438.36,436.10,41.49,112.49,-1,-1,-1,-1
320,85,1138.49,437.86,68.91,147.65,-1,-1,-1,-1
320,89,1161.44,438.03,25.20,80.81,-1,-1,-1,-1
320,90,1304.02,427.80,35.68,115.61,-1,-1,-1,-1
320,91,677.47,490.31,47.67,99.03,-1,-1,-1,-1
320,98,25.41,401.17,282.35,455.81,-1,-1,-1,-1
320,100,710.10,485.02,25.77,89.21,-1,-1,-1,-1
321,4,1050.27,400.04,199.76,611.50,-1,-1,-1,-1
321,7,1229.59,432.13,102.88,253.74,-1,-1,-1,-1
321,11,1839.97,414.04,80.03,523.60,-1,-1,-1,-1
321,36,380.88,460.96,43.17,114.61,-1,-1,-1,-1
321,45,1714.37,396.31,152.48,455.42,-1,-1,-1,-1
321,49,1210.39,448.43,34.51,105.61,-1,-1,-1,-1
321,51,489.68,455.52,45.27,107.32,-1,-1,-1,-1
321,60,823.16,446.22,70.80,209.91,-1,-1,-1,-1
321,67,581.47,458.33,18.57,56.27,-1,-1,-1,-1
321,70,888.08,421.54,147.25,526.64,-1,-1,-1,-1
321,76,733.21,474.21,45.89,122.08,-1,-1,-1,-1
321,84,1440.07,436.63,43.41,112.15,-1,-1,-1,-1
321,85,1141.47,437.85,69.90,149.55,-1,-1,-1,-1
321,89,1161.91,438.04,24.29,71.68,-1,-1,-1,-1
321,90,1303.91,427.75,36.17,116.55,-1,-1,-1,-1
321,91,676.66,490.60,48.03,98.14,-1,-1,-1,-1
321,98,25.84,402.64,287.45,453.40,-1,-1,-1,-1
321,100,710.42,482.16,25.96,100.76,-1,-1,-1,-1
322,4,1052.49,400.07,197.09,611.66,-1,-1,-1,-1
322,7,1226.24,431.81,105.63,252.99,-1,-1,-1,-1
322,11,1853.01,414.12,66.99,523.06,-1,-1,-1,-1
322,36,380.97,460.45,43.10,115.15,-1,-1,-1,-1
322,45,1727.51,396.05,146.52,454.42,-1,-1,-1,-1
322,49,1212.31,448.05,33.66,105.79,-1,-1,-1,-1
322,51,490.17,455.71,44.09,107.08,-1,-1,-1,-1
322,60,825.28,447.23,74.21,209.00,-1,-1,-1,-1
322,67,581.28,457.57,19.18,56.92,-1,-1,-1,-1
322,70,888.52,421.72,149.12,526.35,-1,-1,-1,-1
322,76,733.25,474.12,45.40,121.76,-1,-1,-1,-1
322,84,1440.02,436.80,46.98,111.17,-1,-1,-1,-1
322,85,1144.45,437.84,70.89,151.46,-1,-1,-1,-1
322,89,1164.38,438.34,21.81,65.50,-1,-1,-1,-1
322,90,1303.79,427.58,37.24,117.50,-1,-1,-1,-1
322,91,677.17,490.27,47.83,98.74,-1,-1,-1,-1
322,98,26.28,404.17,292.11,450.25,-1,-1,-1,-1
322,100,711.70,481.85,24.80,102.93,-1,-1,-1,-1
323,4,1054.39,400.27,194.57,611.01,-1,-1,-1,-1
323,7,1224.43,433.23,104.42,251.74,-1,-1,-1,-1
323,11,1862.48,416.19,57.52,522.38,-1,-1,-1,-1
323,36,380.29,460.86,43.90,114.17,-1,-1,-1,-1
323,45,1739.73,396.03,141.92,457.63,-1,-1,-1,-1
323,49,1213.36,448.60,31.92,101.85,-1,-1,-1,-1
323,51,489.08,455.44,45.38,107.13,-1,-1,-1,-1
323,60,825.34,447.81,75.23,208.41,-1,-1,-1,-1
323,67,581.02,457.21,18.98,57.59,-1,-1,-1,-1
323,70,889.60,422.16,148.07,526.00,-1,-1,-1,-1
323,76,733.46,473.29,44.54,121.75,-1,-1,-1,-1
323,84,1439.60,437.96,50.87,109.90,-1,-1,-1,-1
323,85,1147.43,437.83,71.88,153.36,-1,-1,-1,-1
323,90,1304.10,427.04,36.12,117.83,-1,-1,-1,-1
323,91,676.88,489.90,48.22,99.48,-1,-1,-1,-1
323,98,27.45,405.49,295.44,446.11,-1,-1,-1,-1
323,100,709.98,483.67,26.74,93.60,-1,-1,-1,-1
324,4,1055.25,400.41,193.07,611.05,-1,-1,-1,-1
324,7,1221.62,433.58,105.37,252.09,-1,-1,-1,-1
324,11,1872.99,421.24,47.01,502.62,-1,-1,-1,-1
324,36,380.50,461.03,43.56,113.74,-1,-1,-1,-1
324,45,1751.50,396.67,139.81,456.41,-1,-1,-1,-1
324,49,1214.45,448.42,28.28,100.77,-1,-1,-1,-1
324,51,489.50,455.42,43.36,107.05,-1,-1,-1,-1
324,60,826.13,447.29,73.03,208.65,-1,-1,-1,-1
324,67,580.98,456.51,19.26,58.45,-1,-1,-1,-1
324,70,888.33,422.06,149.48,526.44,-1,-1,-1,-1
324,76,733.39,473.45,44.69,123.18,-1,-1,-1,-1
324,84,1440.26,438.39,54.26,110.23,-1,-1,-1,-1
324,85,1150.41,437.82,72.87,155.26,-1,-1,-1,-1
324,90,1304.41,427.59,35.33,117.90,-1,-1,-1,-1
324,91,676.18,489.61,49.64,97.55,-1,-1,-1,-1
324,98,32.53,406.37,290.72,440.80,-1,-1,-1,-1
324,100,709.30,484.70,27.02,90.28,-1,-1,-1,-1
325,4,1056.68,403.25,191.35,608.37,-1,-1,-1,-1
325,7,1221.60,435.28,102.48,249.65,-1,-1,-1,-1
325,11,1880.14,418.39,39.86,508.30,-1,-1,-1,-1
325,36,380.49,461.34,43.64,113.67,-1,-1,-1,-1
325,45,1761.25,396.55,141.78,456.51,-1,-1,-1,-1
325,49,1213.63,447.71,25.32,101.97,-1,-1,-1,-1
325,51,490.97,455.66,41.35,105.96,-1,-1,-1,-1
325,60,828.44,446.59,73.70,209.18,-1,-1,-1,-1
325,67,581.06,456.14,19.16,58.86,-1,-1,-1,-1
325,70,892.17,421.69,145.64,526.64,-1,-1,-1,-1
325,76,733.39,473.65,44.71,122.57,-1,-1,-1,-1
325,84,1441.68,439.07,55.82,109.72,-1,-1,-1,-1
325,85,1153.39,437.81,73.86,157.17,-1,-1,-1,-1
325,90,1305.27,426.56,36.23,119.10,-1,-1,-1,-1
325,91,676.33,490.08,49.23,95.72,-1,-1,-1,-1
325,98,41.69,406.58,282.36,439.02,-1,-1,-1,-1
325,100,708.71,484.53,27.86,90.52,-1,-1,-1,-1
325,102,1862.34,424.16,57.66,515.54,-1,-1,-1,-1
326,4,1057.27,400.73,191.05,610.08,-1,-1,-1,-1
326,7,1216.88,436.59,99.88,246.71,-1,-1,-1,-1
326,36,380.57,461.20,43.77,114.52,-1,-1,-1,-1
326,45,1767.65,396.27,149.25,454.39,-1,-1,-1,-1
326,49,1215.84,447.85,25.43,101.28,-1,-1,-1,-1
326,51,491.52,455.49,40.99,105.99,-1,-1,-1,-1
326,60,830.31,445.99,74.54,210.25,-1,-1,-1,-1
326,67,581.03,456.17,19.17,58.94,-1,-1,-1,-1
326,70,895.08,421.92,142.47,526.86,-1,-1,-1,-1
326,76,733.29,475.60,45.10,113.31,-1,-1,-1,-1
326,84,1443.04,439.12,54.95,108.74,-1,-1,-1,-1
326,85,1152.87,424.67,79.36,170.80,-1,-1,-1,-1
326,90,1305.08,426.58,35.44,118.36,-1,-1,-1,-1
326,91,675.90,490.72,49.11,95.52,-1,-1,-1,-1
326,98,56.87,405.03,267.93,437.37,-1,-1,-1,-1
326,100,707.96,484.63,28.51,88.66,-1,-1,-1,-1
326,102,1863.22,409.60,56.78,530.40,-1,-1,-1,-1
327,4,1058.21,401.73,190.16,609.89,-1,-1,-1,-1
327,7,1213.45,434.16,68.75,204.32,-1,-1,-1,-1
327,36,380.63,461.12,43.86,114.68,-1,-1,-1,-1
327,45,1769.51,395.90,150.49,509.80,-1,-1,-1,-1
327,49,1218.05,448.00,25.55,100.58,-1,-1,-1,-1
327,51,491.26,455.66,40.54,105.50,-1,-1,-1,-1
327,60,834.17,443.71,72.43,213.40,-1,-1,-1,-1
327,67,581.15,456.00,18.89,58.97,-1,-1,-1,-1
327,70,896.03,422.19,142.41,526.57,-1,-1,-1,-1
327,76,733.81,476.14,44.50,110.25,-1,-1,-1,-1
327,84,1444.14,439.30,56.34,108.62,-1,-1,-1,-1
327,85,1162.82,455.60,70.96,136.64,-1,-1,-1,-1
327,90,1304.62,426.47,35.59,119.65,-1,-1,-1,-1
327,91,674.75,490.35,50.47,95.68,-1,-1,-1,-1
327,98,75.55,403.01,249.18,434.06,-1,-1,-1,-1
327,100,706.92,484.20,29.25,78.83,-1,-1,-1,-1
327,102,1864.64,522.57,54.81,418.96,-1,-1,-1,-1
328,4,1058.42,401.63,189.93,610.09,-1,-1,-1,-1
328,7,1207.96,432.52,59.20,184.74,-1,-1,-1,-1
328,36,380.30,461.36,44.03,114.16,-1,-1,-1,-1
328,45,1770.37,393.30,149.63,513.20,-1,-1,-1,-1
328,49,1220.25,448.15,25.66,99.88,-1,-1,-1,-1
328,51,490.58,454.85,40.13,106.32,-1,-1,-1,-1
328,60,850.33,447.44,59.17,162.27,-1,-1,-1,-1
328,67,581.64,456.04,18.42,58.65,-1,-1,-1,-1
328,70,896.09,421.95,142.48,526.80,-1,-1,-1,-1
328,76,734.20,477.16,44.33,111.70,-1,-1,-1,-1
328,84,1448.29,439.46,52.72,108.93,-1,-1,-1,-1
328,85,1167.76,466.30,68.17,125.88,-1,-1,-1,-1
328,90,1304.56,426.01,35.63,120.37,-1,-1,-1,-1
328,91,674.34,489.42,50.51,96.14,-1,-1,-1,-1
328,98,99.36,401.31,225.75,428.20,-1,-1,-1,-1
328,100,706.64,482.44,29.90,96.31,-1,-1,-1,-1
329,4,1059.28,400.87,188.61,610.10,-1,-1,-1,-1
329,7,1201.95,429.72,55.66,174.95,-1,-1,-1,-1
329,36,380.50,461.48,43.81,113.92,-1,-1,-1,-1
329,45,1770.47,391.46,149.53,498.64,-1,-1,-1,-1
329,49,1222.46,448.30,25.78,99.19,-1,-1,-1,-1
329,51,489.49,454.55,40.49,107.06,-1,-1,-1,-1
329,60,859.01,450.00,54.05,143.21,-1,-1,-1,-1
329,67,581.59,455.96,18.64,58.60,-1,-1,-1,-1
329,70,898.54,421.76,140.09,527.43,-1,-1,-1,-1
329,76,733.98,478.32,44.86,112.41,-1,-1,-1,-1
329,84,1453.26,439.13,48.72,109.00,-1,-1,-1,-1
329,85,1168.30,436.04,74.71,159.69,-1,-1,-1,-1
329,90,1304.64,425.13,35.16,120.30,-1,-1,-1,-1
329,91,674.64,489.78,49.78,94.74,-1,-1,-1,-1
329,98,121.36,400.32,204.26,425.65,-1,-1,-1,-1
329,100,707.83,482.24,28.36,101.40,-1,-1,-1,-1
330,4,1059.42,399.90,189.22,610.43,-1,-1,-1,-1
330,7,1199.20,427.10,52.93,141.83,-1,-1,-1,-1
330,36,380.95,461.24,43.53,114.67,-1,-1,-1,-1
330,45,1771.08,393.22,148.92,497.07,-1,-1,-1,-1
330,49,1224.67,448.45,25.89,98.49,-1,-1,-1,-1
330,51,489.41,454.69,40.45,106.31,-1,-1,-1,-1
330,60,863.91,448.66,49.87,130.59,-1,-1,-1,-1
330,67,581.28,455.73,18.82,58.36,-1,-1,-1,-1
330,70,899.37,421.48,140.56,527.92,-1,-1,-1,-1
330,76,734.14,479.50,45.32,112.00,-1,-1,-1,-1
330,84,1456.28,438.46,46.09,110.11,-1,-1,-1,-1
330,85,1170.86,426.73,79.63,172.81,-1,-1,-1,-1
330,90,1304.83,426.07,34.75,119.02,-1,-1,-1,-1
330,91,674.82,490.06,49.35,93.47,-1,-1,-1,-1
330,98,145.68,398.89,179.74,425.44,-1,-1,-1,-1
330,100,708.76,482.92,27.67,102.93,-1,-1,-1,-1
331,4,1060.06,400.16,189.75,609.41,-1,-1,-1,-1
331,7,1199.62,425.51,51.02,123.93,-1,-1,-1,-1
331,36,381.06,460.85,43.39,115.28,-1,-1,-1,-1
331,45,1771.30,396.11,148.70,472.32,-1,-1,-1,-1
331,49,1226.88,448.59,26.01,97.79,-1,-1,-1,-1
331,51,490.44,455.07,38.86,103.62,-1,-1,-1,-1
331,60,866.21,443.23,50.28,131.39,-1,-1,-1,-1
331,67,580.83,455.69,19.12,58.33,-1,-1,-1,-1
331,70,899.78,421.10,138.50,528.16,-1,-1,-1,-1
331,76,734.12,479.82,45.74,112.18,-1,-1,-1,-1
331,84,1460.86,438.26,42.55,110.13,-1,-1,-1,-1
331,85,1172.79,420.99,83.36,182.07,-1,-1,-1,-1
331,90,1304.68,427.82,35.03,118.22,-1,-1,-1,-1
331,91,674.83,490.05,49.50,92.95,-1,-1,-1,-1
331,98,169.92,397.90,156.98,425.26,-1,-1,-1,-1
331,100,708.59,482.64,27.76,104.01,-1,-1,-1,-1
332,4,1060.55,399.19,189.90,610.09,-1,-1,-1,-1
332,36,381.21,461.46,43.05,114.56,-1,-1,-1,-1
332,45,1771.11,401.07,148.89,457.01,-1,-1,-1,-1
332,49,1229.09,448.74,26.12,97.10,-1,-1,-1,-1
332,51,490.64,454.66,38.22,104.43,-1,-1,-1,-1
332,60,868.04,440.62,50.53,132.26,-1,-1,-1,-1
332,67,579.43,456.38,20.29,57.59,-1,-1,-1,-1
332,70,898.44,420.92,137.10,528.24,-1,-1,-1,-1
332,76,734.41,480.67,45.85,108.02,-1,-1,-1,-1
332,84,1464.89,437.97,38.87,110.38,-1,-1,-1,-1
332,85,1179.29,433.29,81.75,169.06,-1,-1,-1,-1
332,90,1305.39,428.02,34.24,118.06,-1,-1,-1,-1
332,91,675.95,490.88,48.50,93.90,-1,-1,-1,-1
332,98,197.58,397.72,141.03,425.76,-1,-1,-1,-1
332,100,708.51,482.62,27.75,105.32,-1,-1,-1,-1
333,4,1061.46,399.85,189.86,610.35,-1,-1,-1,-1
333,36,381.04,461.65,44.03,114.04,-1,-1,-1,-1
333,45,1771.54,405.98,148.46,448.13,-1,-1,-1,-1
333,49,1231.30,448.89,26.24,96.40,-1,-1,-1,-1
333,51,490.09,455.35,39.27,103.43,-1,-1,-1,-1
333,60,871.00,438.71,55.87,131.15,-1,-1,-1,-1
333,67,578.99,456.18,20.78,57.77,-1,-1,-1,-1
333,70,898.94,420.47,132.33,528.88,-1,-1,-1,-1
333,76,733.60,480.29,47.21,110.23,-1,-1,-1,-1
333,84,1468.61,438.07,40.76,110.02,-1,-1,-1,-1
333,85,1184.77,445.99,80.48,155.55,-1,-1,-1,-1
333,91,676.25,490.75,48.53,99.94,-1,-1,-1,-1
333,98,214.30,398.06,138.57,425.29,-1,-1,-1,-1
333,100,708.29,482.83,28.03,105.50,-1,-1,-1,-1
334,4,1062.69,399.59,189.74,609.59,-1,-1,-1,-1
334,36,381.12,461.74,44.56,114.12,-1,-1,-1,-1
334,45,1774.45,415.30,145.55,436.92,-1,-1,-1,-1
334,49,1229.01,449.08,30.97,93.76,-1,-1,-1,-1
334,51,490.37,455.80,39.52,103.57,-1,-1,-1,-1
334,60,874.25,437.37,55.25,132.85,-1,-1,-1,-1
334,67,578.98,455.45,21.07,58.20,-1,-1,-1,-1
334,70,898.03,420.23,136.23,529.13,-1,-1,-1,-1
334,76,733.74,480.35,47.73,110.84,-1,-1,-1,-1
334,84,1471.35,438.09,41.48,109.74,-1,-1,-1,-1
334,85,1190.63,461.36,77.75,141.69,-1,-1,-1,-1
334,91,676.62,490.77,47.95,100.98,-1,-1,-1,-1
334,98,225.54,398.32,142.85,425.09,-1,-1,-1,-1
334,100,708.66,483.25,28.07,104.98,-1,-1,-1,-1
334,108,3.58,356.71,121.42,426.97,-1,-1,-1,-1
335,4,1062.89,399.43,190.79,611.09,-1,-1,-1,-1
335,36,380.96,462.11,44.61,113.63,-1,-1,-1,-1
335,45,1780.93,423.48,139.07,428.89,-1,-1,-1,-1
335,49,1226.66,449.08,35.60,91.01,-1,-1,-1,-1
335,51,489.36,455.52,40.06,106.63,-1,-1,-1,-1
335,60,876.36,436.92,54.81,131.90,-1,-1,-1,-1
335,67,578.71,456.17,21.00,57.57,-1,-1,-1,-1
335,70,898.39,420.16,136.17,528.98,-1,-1,-1,-1
335,76,733.59,480.53,47.64,108.87,-1,-1,-1,-1
335,84,1473.34,438.35,40.78,109.53,-1,-1,-1,-1
335,85,1195.34,463.81,76.24,141.90,-1,-1,-1,-1
335,91,675.98,490.20,48.88,100.25,-1,-1,-1,-1
335,98,232.65,399.05,150.79,424.67,-1,-1,-1,-1
335,100,708.12,482.58,28.15,106.47,-1,-1,-1,-1
335,108,2.53,349.10,132.80,432.32,-1,-1,-1,-1
336,4,1061.65,397.63,193.02,613.22,-1,-1,-1,-1
336,36,381.17,461.92,44.04,114.29,-1,-1,-1,-1
336,45,1789.61,433.70,130.39,419.46,-1,-1,-1,-1
336,49,1226.38,448.26,37.48,85.89,-1,-1,-1,-1
336,51,489.78,455.11,38.39,92.39,-1,-1,-1,-1
336,60,878.10,437.20,53.85,130.72,-1,-1,-1,-1
336,67,578.60,457.44,21.06,56.19,-1,-1,-1,-1
336,70,899.89,420.06,140.62,528.94,-1,-1,-1,-1
336,76,731.44,480.11,49.23,108.36,-1,-1,-1,-1
336,84,1475.32,438.32,39.73,109.41,-1,-1,-1,-1
336,85,1193.05,435.98,81.71,167.68,-1,-1,-1,-1
336,91,676.42,490.17,48.74,99.65,-1,-1,-1,-1
336,98,239.49,399.56,158.53,424.20,-1,-1,-1,-1
336,100,706.53,483.96,29.61,96.09,-1,-1,-1,-1
336,108,3.72,424.51,136.97,359.01,-1,-1,-1,-1
337,4,1060.21,396.26,194.71,614.94,-1,-1,-1,-1
337,36,380.24,462.91,44.76,112.69,-1,-1,-1,-1
337,45,1800.86,430.22,119.14,424.01,-1,-1,-1,-1
337,49,1229.11,447.99,36.92,81.90,-1,-1,-1,-1
337,51,490.38,455.46,37.18,90.41,-1,-1,-1,-1
337,60,880.03,438.12,53.02,129.96,-1,-1,-1,-1
337,67,578.32,457.26,21.61,56.52,-1,-1,-1,-1
337,70,901.78,420.04,141.00,528.41,-1,-1,-1,-1
337,76,732.03,480.06,47.76,107.93,-1,-1,-1,-1
337,84,1477.48,437.05,41.45,110.72,-1,-1,-1,-1
337,85,1186.86,425.77,89.78,178.38,-1,-1,-1,-1
337,91,675.76,489.62,49.05,100.70,-1,-1,-1,-1
337,98,243.98,399.98,172.66,423.62,-1,-1,-1,-1
337,100,705.84,485.20,30.17,91.56,-1,-1,-1,-1
337,108,4.18,447.55,139.22,336.63,-1,-1,-1,-1
338,4,1059.54,395.98,197.46,615.56,-1,-1,-1,-1
338,36,379.93,463.68,44.80,112.16,-1,-1,-1,-1
338,45,1807.55,613.43,112.45,238.94,-1,-1,-1,-1
338,49,1232.71,447.72,36.96,79.89,-1,-1,-1,-1
338,51,489.06,455.63,38.79,100.43,-1,-1,-1,-1
338,60,881.38,439.53,52.82,128.84,-1,-1,-1,-1
338,67,578.23,456.95,21.80,56.67,-1,-1,-1,-1
338,70,902.43,420.36,142.77,528.31,-1,-1,-1,-1
338,76,730.94,480.28,48.19,107.57,-1,-1,-1,-1
338,84,1480.07,437.89,45.34,109.30,-1,-1,-1,-1
338,85,1185.44,420.12,93.02,186.77,-1,-1,-1,-1
338,91,676.58,489.64,48.33,102.73,-1,-1,-1,-1
338,98,246.04,401.32,188.42,422.76,-1,-1,-1,-1
338,100,705.45,486.13,30.11,89.48,-1,-1,-1,-1
338,108,3.50,452.63,141.62,331.77,-1,-1,-1,-1
339,4,1060.80,395.91,197.57,616.02,-1,-1,-1,-1
339,36,379.86,463.94,44.70,112.01,-1,-1,-1,-1
339,49,1234.00,447.15,36.80,73.70,-1,-1,-1,-1
339,51,488.45,455.81,38.93,104.35,-1,-1,-1,-1
339,60,884.03,439.84,50.77,129.44,-1,-1,-1,-1
339,67,578.22,456.85,21.68,56.74,-1,-1,-1,-1
339,70,903.80,420.82,143.30,527.73,-1,-1,-1,-1
339,76,731.02,479.83,47.89,111.54,-1,-1,-1,-1
339,84,1481.93,439.19,50.59,107.64,-1,-1,-1,-1
339,85,1183.84,416.62,96.84,192.68,-1,-1,-1,-1
339,91,676.67,488.35,48.50,104.86,-1,-1,-1,-1
339,98,246.59,404.60,201.48,419.96,-1,-1,-1,-1
339,100,705.80,486.05,29.76,89.54,-1,-1,-1,-1
339,108,2.99,452.78,143.51,330.94,-1,-1,-1,-1
340,4,1062.68,396.57,198.02,615.47,-1,-1,-1,-1
340,36,379.79,464.36,45.27,111.53,-1,-1,-1,-1
340,49,1235.80,446.72,36.20,68.17,-1,-1,-1,-1
340,51,489.68,457.14,37.51,96.25,-1,-1,-1,-1
340,60,886.02,440.40,49.01,127.48,-1,-1,-1,-1
340,67,578.09,456.79,21.82,56.83,-1,-1,-1,-1
340,70,903.83,420.88,144.12,527.54,-1,-1,-1,-1
340,76,730.82,479.53,47.88,112.44,-1,-1,-1,-1
340,84,1483.61,439.28,53.01,107.42,-1,-1,-1,-1
340,85,1183.47,414.34,99.20,195.97,-1,-1,-1,-1
340,91,676.90,488.36,48.28,105.34,-1,-1,-1,-1
340,98,247.51,406.09,209.69,418.39,-1,-1,-1,-1
340,100,705.55,485.74,30.03,89.80,-1,-1,-1,-1
340,108,2.48,450.37,146.04,334.12,-1,-1,-1,-1
341,4,1063.94,396.25,197.87,615.55,-1,-1,-1,-1
341,36,379.63,464.06,45.63,111.74,-1,-1,-1,-1
341,49,1237.13,446.36,36.98,73.54,-1,-1,-1,-1
341,51,490.73,456.63,36.47,95.26,-1,-1,-1,-1
341,60,888.72,440.84,48.15,125.09,-1,-1,-1,-1
341,67,577.87,457.55,21.71,56.16,-1,-1,-1,-1
341,70,903.10,421.45,146.50,526.65,-1,-1,-1,-1
341,76,731.38,479.30,47.27,113.03,-1,-1,-1,-1
341,84,1484.56,436.50,55.19,109.94,-1,-1,-1,-1
341,85,1183.67,411.81,101.54,197.10,-1,-1,-1,-1
341,91,676.78,488.20,48.48,105.10,-1,-1,-1,-1
341,98,248.01,407.40,214.71,416.70,-1,-1,-1,-1
341,100,706.15,485.70,29.36,90.69,-1,-1,-1,-1
341,108,0.92,446.99,149.73,368.85,-1,-1,-1,-1
342,4,1065.65,396.37,199.21,615.79,-1,-1,-1,-1
342,36,379.96,462.64,45.05,113.58,-1,-1,-1,-1
342,49,1238.41,446.44,35.68,68.60,-1,-1,-1,-1
342,51,491.35,456.33,35.40,91.88,-1,-1,-1,-1
342,60,890.30,441.25,48.05,124.19,-1,-1,-1,-1
342,67,578.16,457.98,21.31,55.67,-1,-1,-1,-1
342,70,904.52,421.26,146.42,527.18,-1,-1,-1,-1
342,76,731.73,478.80,47.49,114.06,-1,-1,-1,-1
342,84,1485.22,437.69,56.42,108.62,-1,-1,-1,-1
342,85,1187.51,411.59,97.34,197.67,-1,-1,-1,-1
342,91,675.30,487.21,49.48,103.00,-1,-1,-1,-1
342,98,247.80,406.93,218.39,417.20,-1,-1,-1,-1
342,100,706.04,485.60,29.77,90.78,-1,-1,-1,-1
342,108,1.01,445.36,149.92,353.63,-1,-1,-1,-1
342,110,1697.09,430.33,86.14,153.46,-1,-1,-1,-1
343,4,1066.95,397.34,198.39,614.64,-1,-1,-1,-1
343,36,380.11,461.92,45.53,114.19,-1,-1,-1,-1
343,49,1241.93,447.10,35.28,71.53,-1,-1,-1,-1
343,51,491.86,455.75,35.81,89.59,-1,-1,-1,-1
343,60,892.48,441.00,46.84,123.29,-1,-1,-1,-1
343,67,579.03,457.94,20.49,55.50,-1,-1,-1,-1
343,70,905.77,421.21,144.28,527.40,-1,-1,-1,-1
343,76,733.33,478.76,47.26,110.49,-1,-1,-1,-1
343,84,1485.23,437.91,57.82,108.78,-1,-1,-1,-1
343,85,1191.49,412.31,94.68,195.58,-1,-1,-1,-1
343,91,675.79,486.71,49.21,103.47,-1,-1,-1,-1
343,98,247.02,406.81,220.85,416.78,-1,-1,-1,-1
343,100,704.88,482.67,30.80,100.77,-1,-1,-1,-1
343,108,0.94,443.10,150.25,353.68,-1,-1,-1,-1
343,110,1699.86,430.63,84.44,152.74,-1,-1,-1,-1
344,4,1067.68,396.72,197.99,615.24,-1,-1,-1,-1
344,36,380.88,461.63,44.27,113.63,-1,-1,-1,-1
344,49,1243.42,447.68,33.65,69.91,-1,-1,-1,-1
344,51,492.12,455.53,36.33,84.97,-1,-1,-1,-1
344,60,895.30,440.98,44.77,124.32,-1,-1,-1,-1
344,67,579.35,457.84,20.43,55.58,-1,-1,-1,-1
344,70,904.84,421.39,142.26,527.10,-1,-1,-1,-1
344,76,733.73,478.83,47.90,109.42,-1,-1,-1,-1
344,84,1487.18,435.49,56.78,111.09,-1,-1,-1,-1
344,85,1192.05,411.82,95.47,194.93,-1,-1,-1,-1
344,91,674.64,486.45,50.24,103.61,-1,-1,-1,-1
344,98,247.45,407.26,220.77,415.27,-1,-1,-1,-1
344,100,704.13,481.23,31.40,104.94,-1,-1,-1,-1
344,108,0.97,442.16,149.85,350.99,-1,-1,-1,-1
344,110,1701.40,430.50,82.13,151.96,-1,-1,-1,-1
345,4,1068.13,397.57,197.84,614.51,-1,-1,-1,-1
345,36,383.84,462.45,42.63,112.53,-1,-1,-1,-1
345,49,1244.46,447.49,36.03,74.84,-1,-1,-1,-1
345,51,492.17,455.57,36.18,80.77,-1,-1,-1,-1
345,60,897.82,440.29,44.14,123.15,-1,-1,-1,-1
345,67,580.42,457.31,19.96,55.90,-1,-1,-1,-1
345,70,904.06,421.18,140.11,527.34,-1,-1,-1,-1
345,76,733.62,479.56,48.39,108.85,-1,-1,-1,-1
345,84,1488.01,436.61,56.52,109.98,-1,-1,-1,-1
345,85,1193.65,411.93,94.49,193.72,-1,-1,-1,-1
345,91,673.92,486.30,51.52,101.40,-1,-1,-1,-1
345,98,252.23,408.57,216.74,411.39,-1,-1,-1,-1
345,100,705.05,483.01,31.34,94.50,-1,-1,-1,-1
345,108,11.41,441.62,140.95,347.46,-1,-1,-1,-1
345,110,1702.85,430.31,80.59,151.34,-1,-1,-1,-1
346,4,1068.52,397.72,198.14,614.30,-1,-1,-1,-1
346,36,386.32,461.44,37.69,113.46,-1,-1,-1,-1
346,49,1244.76,447.73,34.53,76.28,-1,-1,-1,-1
346,51,492.17,455.76,36.51,79.84,-1,-1,-1,-1
346,60,902.02,440.64,41.94,120.50,-1,-1,-1,-1
346,67,581.53,457.22,19.34,55.66,-1,-1,-1,-1
346,70,905.55,421.10,138.11,527.52,-1,-1,-1,-1
346,76,733.31,479.46,49.21,110.16,-1,-1,-1,-1
346,84,1493.27,435.52,51.71,111.07,-1,-1,-1,-1
346,85,1195.21,412.48,93.22,193.46,-1,-1,-1,-1
346,91,673.53,486.54,52.00,100.85,-1,-1,-1,-1
346,98,260.56,409.26,208.65,410.00,-1,-1,-1,-1
346,100,705.32,483.09,31.19,93.60,-1,-1,-1,-1
346,108,32.62,440.57,121.66,344.55,-1,-1,-1,-1
346,110,1703.14,430.32,80.13,151.66,-1,-1,-1,-1
346,111,1671.04,430.11,42.12,143.54,-1,-1,-1,-1
347,4,1069.19,397.00,197.72,614.84,-1,-1,-1,-1
347,36,385.95,461.45,37.89,113.48,-1,-1,-1,-1
347,49,1245.51,447.96,32.18,77.41,-1,-1,-1,-1
347,51,491.14,455.04,35.66,82.07,-1,-1,-1,-1
347,60,903.49,441.92,41.33,118.32,-1,-1,-1,-1
347,67,582.54,457.30,19.25,55.32,-1,-1,-1,-1
347,70,906.35,420.87,144.29,527.53,-1,-1,-1,-1
347,76,733.44,479.69,48.93,110.42,-1,-1,-1,-1
347,84,1494.84,436.20,50.24,110.16,-1,-1,-1,-1
347,85,1195.11,412.56,92.93,194.34,-1,-1,-1,-1
347,91,674.27,487.77,51.13,102.71,-1,-1,-1,-1
347,98,272.20,407.91,197.10,409.89,-1,-1,-1,-1
347,100,704.86,480.77,31.30,103.44,-1,-1,-1,-1
347,108,48.71,438.97,120.05,343.81,-1,-1,-1,-1
347,110,1703.08,430.33,80.10,152.51,-1,-1,-1,-1
347,111,1671.36,429.99,41.63,143.96,-1,-1,-1,-1
348,4,1069.07,396.65,200.95,615.38,-1,-1,-1,-1
348,36,385.58,461.46,38.08,113.50,-1,-1,-1,-1
348,49,1245.82,448.28,31.39,79.29,-1,-1,-1,-1
348,51,489.83,455.19,33.60,78.99,-1,-1,-1,-1
348,60,909.34,442.90,38.65,117.32,-1,-1,-1,-1
348,67,582.12,455.80,19.63,56.68,-1,-1,-1,-1
348,70,906.87,421.08,144.19,527.23,-1,-1,-1,-1
348,76,732.90,478.08,49.06,115.42,-1,-1,-1,-1
348,84,1499.98,431.44,48.63,114.62,-1,-1,-1,-1
348,85,1196.10,413.28,91.35,186.23,-1,-1,-1,-1
348,91,673.27,487.80,51.78,103.05,-1,-1,-1,-1
348,98,286.98,405.63,182.19,401.94,-1,-1,-1,-1
348,100,706.33,479.94,29.53,106.36,-1,-1,-1,-1
348,108,60.95,438.34,116.89,344.71,-1,-1,-1,-1
348,110,1693.18,430.28,89.72,153.07,-1,-1,-1,-1
348,111,1670.70,432.02,41.71,141.28,-1,-1,-1,-1
348,112,560.26,456.00,19.71,57.57,-1,-1,-1,-1
349,4,1068.78,397.23,201.90,614.94,-1,-1,-1,-1
349,36,385.20,461.46,38.28,113.52,-1,-1,-1,-1
349,49,1245.87,448.90,31.10,78.44,-1,-1,-1,-1
349,51,489.11,455.22,32.56,80.84,-1,-1,-1,-1
349,60,912.11,444.72,37.64,114.02,-1,-1,-1,-1
349,67,582.88,454.84,18.93,57.58,-1,-1,-1,-1
349,70,907.56,421.24,144.33,527.46,-1,-1,-1,-1
349,76,732.85,477.67,47.75,117.64,-1,-1,-1,-1
349,84,1505.14,429.82,45.11,116.42,-1,-1,-1,-1
349,85,1197.16,413.06,89.63,184.36,-1,-1,-1,-1
349,91,672.97,488.06,52.10,102.91,-1,-1,-1,-1
349,98,302.31,403.95,166.76,398.63,-1,-1,-1,-1
349,100,707.47,480.03,28.26,106.18,-1,-1,-1,-1
349,108,72.19,440.35,118.10,341.96,-1,-1,-1,-1
349,110,1686.70,430.05,96.00,153.67,-1,-1,-1,-1
349,111,1670.54,432.29,41.90,142.76,-1,-1,-1,-1
349,112,560.02,455.26,20.00,57.98,-1,-1,-1,-1
350,4,1068.27,396.83,201.26,615.96,-1,-1,-1,-1
350,36,384.83,461.47,38.47,113.54,-1,-1,-1,-1
350,49,1245.86,448.43,30.81,78.51,-1,-1,-1,-1
350,51,488.48,455.23,32.29,81.67,-1,-1,-1,-1
350,67,582.90,454.72,18.69,57.70,-1,-1,-1,-1
350,70,908.03,421.42,145.50,527.26,-1,-1,-1,-1
350,76,733.25,477.55,46.77,114.86,-1,-1,-1,-1
350,84,1510.92,431.81,39.39,113.92,-1,-1,-1,-1
350,85,1199.53,413.53,87.01,182.60,-1,-1,-1,-1
350,91,672.42,487.71,52.47,102.11,-1,-1,-1,-1
350,98,320.26,402.17,149.53,398.40,-1,-1,-1,-1
350,100,707.21,480.38,29.12,105.42,-1,-1,-1,-1
350,108,81.68,440.51,129.92,341.62,-1,-1,-1,-1
350,110,1695.47,430.27,87.26,153.08,-1,-1,-1,-1
350,111,1670.72,432.59,41.75,142.66,-1,-1,-1,-1
350,112,559.96,455.58,20.14,57.70,-1,-1,-1,-1
350,114,0.00,567.60,61.47,288.20,-1,-1,-1,-1
351,4,1068.02,395.89,202.61,616.87,-1,-1,-1,-1
351,36,384.45,461.48,38.67,113.55,-1,-1,-1,-1
351,49,1245.41,447.81,30.85,77.87,-1,-1,-1,-1
351,51,487.00,454.67,31.92,81.86,-1,-1,-1,-1
351,67,582.94,454.77,18.44,57.56,-1,-1,-1,-1
351,70,907.99,421.49,145.65,526.90,-1,-1,-1,-1
351,76,733.74,477.05,46.02,113.97,-1,-1,-1,-1
351,84,1514.11,432.31,40.02,112.05,-1,-1,-1,-1
351,85,1199.93,414.62,82.23,177.03,-1,-1,-1,-1
351,91,672.46,487.84,52.39,100.43,-1,-1,-1,-1
351,98,338.92,400.98,130.72,398.57,-1,-1,-1,-1
351,100,706.85,479.78,28.99,106.71,-1,-1,-1,-1
351,108,87.10,441.58,147.80,340.45,-1,-1,-1,-1
351,110,1698.26,430.25,84.42,152.10,-1,-1,-1,-1
351,111,1670.61,432.45,41.78,140.30,-1,-1,-1,-1
351,112,559.78,455.59,20.25,57.31,-1,-1,-1,-1
351,114,0.00,536.96,59.07,318.98,-1,-1,-1,-1
352,4,1067.91,395.53,201.70,616.65,-1,-1,-1,-1
352,36,384.08,461.48,38.86,113.57,-1,-1,-1,-1
352,49,1245.33,447.85,32.52,80.35,-1,-1,-1,-1
352,51,483.88,454.22,36.34,82.93,-1,-1,-1,-1
352,67,582.70,455.30,18.73,56.84,-1,-1,-1,-1
352,70,909.53,421.66,146.26,526.80,-1,-1,-1,-1
352,76,733.51,477.22,46.14,114.08,-1,-1,-1,-1
352,84,1515.16,432.39,43.08,112.40,-1,-1,-1,-1
352,85,1199.64,414.14,82.24,175.97,-1,-1,-1,-1
352,91,672.21,488.19,51.91,99.39,-1,-1,-1,-1
352,98,358.09,400.25,115.45,397.27,-1,-1,-1,-1
352,100,708.39,479.92,27.25,106.89,-1,-1,-1,-1
352,108,89.50,441.53,167.94,340.62,-1,-1,-1,-1
352,110,1689.54,429.82,92.69,153.68,-1,-1,-1,-1
352,111,1671.20,431.80,40.98,142.99,-1,-1,-1,-1
352,112,559.92,455.63,19.88,57.04,-1,-1,-1,-1
352,114,0.00,476.81,63.24,379.59,-1,-1,-1,-1
353,4,1067.88,394.98,202.74,617.58,-1,-1,-1,-1
353,36,383.71,461.49,39.06,113.59,-1,-1,-1,-1
353,49,1244.06,447.90,33.57,80.94,-1,-1,-1,-1
353,51,482.84,453.48,35.26,84.16,-1,-1,-1,-1
353,67,582.83,454.67,18.46,57.17,-1,-1,-1,-1
353,70,910.42,421.35,146.13,526.71,-1,-1,-1,-1
353,76,733.38,477.26,45.77,111.62,-1,-1,-1,-1
353,84,1517.04,431.93,41.61,113.43,-1,-1,-1,-1
353,85,1199.75,414.45,81.24,175.13,-1,-1,-1,-1
353,91,671.77,487.78,51.56,99.74,-1,-1,-1,-1
353,98,369.24,399.69,110.94,400.14,-1,-1,-1,-1
353,100,706.54,480.36,29.36,105.93,-1,-1,-1,-1
353,108,90.30,441.43,184.61,341.01,-1,-1,-1,-1
353,110,1682.11,429.69,99.50,154.55,-1,-1,-1,-1
353,111,1669.87,431.48,41.79,144.50,-1,-1,-1,-1
353,112,559.95,455.95,19.36,56.82,-1,-1,-1,-1
353,114,0.00,451.85,73.21,403.78,-1,-1,-1,-1
354,4,1067.94,394.75,203.81,618.23,-1,-1,-1,-1
354,36,383.33,461.50,39.25,113.61,-1,-1,-1,-1
354,49,1245.13,447.76,32.36,83.33,-1,-1,-1,-1
354,51,483.80,453.94,37.73,83.99,-1,-1,-1,-1
354,67,582.51,454.70,18.27,57.09,-1,-1,-1,-1
354,70,911.86,421.40,145.70,525.89,-1,-1,-1,-1
354,76,732.52,478.40,46.96,113.26,-1,-1,-1,-1
354,84,1519.01,430.65,41.97,114.86,-1,-1,-1,-1
354,91,671.16,487.44,51.43,99.45,-1,-1,-1,-1
354,98,376.76,399.53,112.14,399.96,-1,-1,-1,-1
354,100,706.09,480.82,30.18,105.58,-1,-1,-1,-1
354,108,90.59,443.86,195.87,337.99,-1,-1,-1,-1
354,110,1687.43,430.01,94.70,154.25,-1,-1,-1,-1
354,111,1670.28,430.83,40.63,143.61,-1,-1,-1,-1
354,112,560.02,456.12,19.42,56.98,-1,-1,-1,-1
354,114,0.00,454.71,80.62,399.06,-1,-1,-1,-1
354,115,1054.40,444.01,70.38,203.67,-1,-1,-1,-1
355,4,1068.39,393.80,203.40,618.95,-1,-1,-1,-1
355,36,382.96,461.51,39.44,113.63,-1,-1,-1,-1
355,49,1245.36,447.71,31.20,88.67,-1,-1,-1,-1
355,51,482.39,453.38,35.91,84.73,-1,-1,-1,-1
355,67,582.29,454.87,17.85,56.93,-1,-1,-1,-1
355,70,917.34,421.12,137.27,523.00,-1,-1,-1,-1
355,76,732.60,479.87,47.25,112.25,-1,-1,-1,-1
355,84,1521.34,431.84,44.51,113.80,-1,-1,-1,-1
355,91,670.69,487.95,51.50,98.62,-1,-1,-1,-1
355,98,382.12,399.93,124.48,399.57,-1,-1,-1,-1
355,100,707.96,481.46,27.88,105.50,-1,-1,-1,-1
355,108,92.00,443.92,200.37,337.68,-1,-1,-1,-1
355,110,1692.81,430.29,88.41,155.34,-1,-1,-1,-1
355,111,1670.09,431.10,41.26,146.82,-1,-1,-1,-1
355,112,560.04,456.14,19.50,57.03,-1,-1,-1,-1
355,114,0.45,442.98,100.80,409.95,-1,-1,-1,-1
355,115,1053.88,437.36,68.64,210.21,-1,-1,-1,-1
356,4,1068.52,393.63,203.97,618.79,-1,-1,-1,-1
356,36,382.58,461.51,39.64,113.65,-1,-1,-1,-1
356,49,1244.35,447.63,32.07,91.70,-1,-1,-1,-1
356,51,482.25,453.41,37.03,84.15,-1,-1,-1,-1
356,67,582.41,454.84,17.67,56.82,-1,-1,-1,-1
356,70,920.74,422.11,138.24,522.01,-1,-1,-1,-1
356,76,733.37,480.87,45.49,109.66,-1,-1,-1,-1
356,84,1523.02,431.53,46.71,113.80,-1,-1,-1,-1
356,91,670.09,487.46,51.93,99.72,-1,-1,-1,-1
356,98,388.01,400.79,136.57,398.32,-1,-1,-1,-1
356,100,706.78,483.29,29.79,96.36,-1,-1,-1,-1
356,108,98.94,444.02,198.33,332.16,-1,-1,-1,-1
356,110,1680.23,429.79,100.18,155.39,-1,-1,-1,-1
356,111,1670.85,431.07,39.53,149.50,-1,-1,-1,-1
356,112,560.38,456.24,19.28,56.83,-1,-1,-1,-1
356,114,1.16,438.90,131.86,414.82,-1,-1,-1,-1
356,115,1054.27,435.30,63.65,211.37,-1,-1,-1,-1
357,4,1069.20,394.39,205.80,618.41,-1,-1,-1,-1
357,36,382.21,461.52,39.83,113.67,-1,-1,-1,-1
357,49,1245.52,447.61,30.91,94.18,-1,-1,-1,-1
357,51,482.09,454.27,38.10,83.24,-1,-1,-1,-1
357,67,581.58,454.32,18.83,57.58,-1,-1,-1,-1
357,70,924.99,422.31,129.86,520.75,-1,-1,-1,-1
357,76,734.22,481.48,44.15,106.79,-1,-1,-1,-1
357,84,1525.62,434.79,45.98,110.38,-1,-1,-1,-1
357,91,670.26,487.72,51.99,98.70,-1,-1,-1,-1
357,98,396.47,401.65,141.60,398.73,-1,-1,-1,-1
357,100,705.02,482.76,31.49,95.09,-1,-1,-1,-1
357,108,109.95,443.19,189.56,329.39,-1,-1,-1,-1
357,110,1679.02,430.04,102.29,155.27,-1,-1,-1,-1
357,111,1671.45,430.76,38.76,147.91,-1,-1,-1,-1
357,112,560.54,455.81,19.22,57.35,-1,-1,-1,-1
357,114,1.78,437.30,164.20,418.28,-1,-1,-1,-1
357,115,1054.76,434.01,68.55,212.26,-1,-1,-1,-1
357,116,629.15,458.67,22.72,67.21,-1,-1,-1,-1
358,4,1069.59,393.63,206.24,619.27,-1,-1,-1,-1
358,36,381.84,461.53,40.03,113.69,-1,-1,-1,-1
358,49,1245.55,447.56,32.53,94.82,-1,-1,-1,-1
358,51,483.20,454.97,36.53,82.60,-1,-1,-1,-1
358,67,581.87,454.54,19.83,57.39,-1,-1,-1,-1
358,70,925.04,423.05,131.66,517.66,-1,-1,-1,-1
358,76,734.24,481.23,44.45,105.40,-1,-1,-1,-1
358,84,1526.31,434.57,46.84,110.59,-1,-1,-1,-1
358,91,669.76,487.31,52.91,98.90,-1,-1,-1,-1
358,98,399.53,403.05,158.27,397.46,-1,-1,-1,-1
358,100,705.09,481.94,31.80,101.18,-1,-1,-1,-1
358,108,122.23,442.42,178.86,324.21,-1,-1,-1,-1
358,110,1674.16,429.10,101.37,157.56,-1,-1,-1,-1
358,111,1671.11,431.25,38.44,151.36,-1,-1,-1,-1
358,112,560.92,455.83,19.04,57.45,-1,-1,-1,-1
358,114,2.26,438.63,190.93,417.13,-1,-1,-1,-1
358,115,1053.06,433.40,68.10,212.70,-1,-1,-1,-1
358,116,628.86,458.06,22.82,67.98,-1,-1,-1,-1
359,4,1069.42,392.84,206.26,619.85,-1,-1,-1,-1
359,36,381.46,461.54,40.22,113.71,-1,-1,-1,-1
359,49,1246.10,447.44,33.83,95.07,-1,-1,-1,-1
359,51,479.79,454.86,40.29,98.47,-1,-1,-1,-1
359,67,582.50,454.93,19.97,57.27,-1,-1,-1,-1
359,70,924.68,422.46,134.45,516.54,-1,-1,-1,-1
359,76,734.04,480.97,44.88,105.65,-1,-1,-1,-1
359,84,1528.55,432.50,45.76,112.32,-1,-1,-1,-1
359,91,669.31,486.23,53.23,101.53,-1,-1,-1,-1
359,98,401.22,404.05,172.24,396.66,-1,-1,-1,-1
359,100,707.76,481.32,28.29,104.64,-1,-1,-1,-1
359,108,131.14,441.47,169.02,322.55,-1,-1,-1,-1
359,110,1678.95,429.95,101.03,156.56,-1,-1,-1,-1
359,111,1670.96,431.47,40.07,152.47,-1,-1,-1,-1
359,112,561.44,455.96,19.29,57.42,-1,-1,-1,-1
359,114,2.58,441.57,208.05,414.21,-1,-1,-1,-1
359,115,1047.60,432.14,65.76,213.45,-1,-1,-1,-1
359,116,628.69,457.09,22.95,69.09,-1,-1,-1,-1
360,4,1069.52,393.41,208.29,619.75,-1,-1,-1,-1
360,36,381.09,461.54,40.42,113.72,-1,-1,-1,-1
360,49,1244.28,447.27,36.99,95.17,-1,-1,-1,-1
360,51,480.06,453.61,36.93,105.39,-1,-1,-1,-1
360,67,582.13,455.36,20.07,56.80,-1,-1,-1,-1
360,70,922.78,422.88,135.83,514.21,-1,-1,-1,-1
360,76,733.16,480.63,46.12,106.88,-1,-1,-1,-1
360,84,1530.08,433.10,44.02,112.23,-1,-1,-1,-1
360,91,668.45,486.30,54.58,101.70,-1,-1,-1,-1
360,98,401.68,406.14,185.26,394.37,-1,-1,-1,-1
360,100,705.48,482.80,30.33,95.88,-1,-1,-1,-1
360,108,139.98,441.02,160.55,322.20,-1,-1,-1,-1
360,110,1683.32,430.16,98.04,154.43,-1,-1,-1,-1
360,111,1670.57,431.81,41.10,147.67,-1,-1,-1,-1
360,112,561.61,455.63,18.85,57.73,-1,-1,-1,-1
360,114,2.68,442.37,214.69,412.89,-1,-1,-1,-1
360,115,1043.59,431.43,60.02,213.65,-1,-1,-1,-1
360,116,628.34,457.02,23.60,69.25,-1,-1,-1,-1
361,4,1069.46,394.22,208.29,618.65,-1,-1,-1,-1
361,36,380.71,461.55,40.61,113.74,-1,-1,-1,-1
361,49,1245.00,447.53,36.96,94.24,-1,-1,-1,-1
361,51,481.37,453.80,36.62,107.47,-1,-1,-1,-1
361,67,582.82,455.30,19.70,56.72,-1,-1,-1,-1
361,70,921.45,423.70,136.59,514.02,-1,-1,-1,-1
361,76,732.45,480.40,47.56,107.68,-1,-1,-1,-1
361,84,1532.65,433.74,42.90,111.58,-1,-1,-1,-1
361,91,667.86,487.19,54.27,100.93,-1,-1,-1,-1
361,98,401.60,408.76,193.18,391.21,-1,-1,-1,-1
361,100,704.04,484.16,31.05,91.68,-1,-1,-1,-1
361,108,148.65,439.67,152.20,323.77,-1,-1,-1,-1
361,110,1676.93,430.07,103.76,155.50,-1,-1,-1,-1
361,111,1669.99,431.46,40.64,150.21,-1,-1,-1,-1
361,112,561.79,455.18,18.95,58.21,-1,-1,-1,-1
361,114,2.52,442.36,220.52,413.21,-1,-1,-1,-1
361,115,1042.83,432.47,53.37,212.36,-1,-1,-1,-1
361,116,628.65,457.25,23.99,69.34,-1,-1,-1,-1
361,117,521.78,455.02,22.97,66.31,-1,-1,-1,-1
362,4,1069.09,395.10,208.78,618.04,-1,-1,-1,-1
362,36,380.34,461.56,40.80,113.76,-1,-1,-1,-1
362,49,1245.05,447.76,36.69,94.01,-1,-1,-1,-1
362,51,480.84,453.60,36.93,107.73,-1,-1,-1,-1
362,67,582.17,454.81,20.02,57.52,-1,-1,-1,-1
362,70,920.92,424.13,142.90,513.56,-1,-1,-1,-1
362,76,731.91,480.82,48.39,109.06,-1,-1,-1,-1
362,84,1534.35,432.55,43.62,112.04,-1,-1,-1,-1
362,91,666.91,487.52,55.66,101.97,-1,-1,-1,-1
362,98,401.20,409.43,198.03,390.63,-1,-1,-1,-1
362,100,703.73,485.00,30.45,96.90,-1,-1,-1,-1
362,108,160.74,438.13,141.22,325.58,-1,-1,-1,-1
362,110,1674.74,429.54,106.13,155.93,-1,-1,-1,-1
362,111,1669.04,431.16,40.79,151.70,-1,-1,-1,-1
362,112,562.15,455.21,18.78,58.21,-1,-1,-1,-1
362,114,2.38,443.65,224.76,412.25,-1,-1,-1,-1
362,115,1037.37,430.79,54.39,214.35,-1,-1,-1,-1
362,116,629.01,457.82,23.58,68.61,-1,-1,-1,-1
362,117,521.24,453.52,23.79,67.49,-1,-1,-1,-1
363,4,1069.22,395.22,209.56,618.09,-1,-1,-1,-1
363,36,379.97,461.57,41.00,113.78,-1,-1,-1,-1
363,49,1243.64,448.58,38.26,93.36,-1,-1,-1,-1
363,51,480.31,453.40,37.23,107.99,-1,-1,-1,-1
363,67,581.76,454.33,19.54,57.88,-1,-1,-1,-1
363,70,927.38,424.44,139.68,511.51,-1,-1,-1,-1
363,76,731.93,481.32,47.91,108.90,-1,-1,-1,-1
363,84,1536.80,424.63,43.80,119.39,-1,-1,-1,-1
363,91,666.50,487.68,55.12,102.00,-1,-1,-1,-1
363,98,400.68,410.45,199.66,389.77,-1,-1,-1,-1
363,100,703.41,485.75,30.82,91.66,-1,-1,-1,-1
363,108,173.46,438.15,127.70,325.19,-1,-1,-1,-1
363,110,1678.30,429.54,102.83,155.46,-1,-1,-1,-1
363,111,1668.52,431.24,42.11,150.33,-1,-1,-1,-1
363,112,561.90,455.02,18.94,58.27,-1,-1,-1,-1
363,114,2.54,443.44,226.70,411.11,-1,-1,-1,-1
363,115,1035.13,431.32,53.75,214.44,-1,-1,-1,-1
363,116,628.88,458.13,22.90,67.96,-1,-1,-1,-1
363,117,520.60,453.53,24.10,67.23,-1,-1,-1,-1
364,4,1069.52,394.30,209.19,619.16,-1,-1,-1,-1
364,36,379.59,461.57,41.19,113.80,-1,-1,-1,-1
364,49,1244.01,449.59,38.10,93.09,-1,-1,-1,-1
364,51,479.78,453.20,37.54,108.25,-1,-1,-1,-1
364,67,581.75,454.34,19.56,58.35,-1,-1,-1,-1
364,70,930.11,424.86,139.64,510.79,-1,-1,-1,-1
364,76,731.18,483.13,48.16,109.32,-1,-1,-1,-1
364,84,1542.07,428.39,39.45,114.97,-1,-1,-1,-1
364,91,666.45,489.29,55.04,100.02,-1,-1,-1,-1
364,98,400.75,410.47,201.95,390.60,-1,-1,-1,-1
364,100,702.21,485.90,31.99,91.04,-1,-1,-1,-1
364,108,189.95,436.86,112.10,328.39,-1,-1,-1,-1
364,110,1677.96,429.61,103.22,155.89,-1,-1,-1,-1
364,111,1668.17,431.17,41.71,149.97,-1,-1,-1,-1
364,112,562.25,455.22,19.22,57.93,-1,-1,-1,-1
364,114,2.37,443.36,229.10,410.47,-1,-1,-1,-1
364,115,1032.33,441.53,57.01,204.19,-1,-1,-1,-1
364,116,628.64,458.24,22.95,67.49,-1,-1,-1,-1
364,117,520.47,452.78,24.65,67.61,-1,-1,-1,-1
365,4,1069.46,395.28,211.13,618.30,-1,-1,-1,-1
365,36,379.22,461.58,41.39,113.82,-1,-1,-1,-1
365,49,1243.68,450.28,39.35,92.99,-1,-1,-1,-1
365,51,479.25,453.00,37.84,108.52,-1,-1,-1,-1
365,67,581.41,454.64,19.78,58.53,-1,-1,-1,-1
365,70,931.61,425.05,140.56,511.03,-1,-1,-1,-1
365,76,730.22,484.12,49.11,109.43,-1,-1,-1,-1
365,84,1547.62,429.76,34.93,114.18,-1,-1,-1,-1
365,91,666.05,490.09,55.36,99.88,-1,-1,-1,-1
365,98,401.26,410.25,202.87,389.56,-1,-1,-1,-1
365,100,700.37,484.27,34.10,98.00,-1,-1,-1,-1
365,108,203.09,436.47,103.51,327.93,-1,-1,-1,-1
365,110,1674.08,429.39,106.27,157.13,-1,-1,-1,-1
365,111,1668.34,431.37,42.31,150.41,-1,-1,-1,-1
365,112,562.77,455.12,19.22,58.20,-1,-1,-1,-1
365,114,3.23,442.94,229.54,408.45,-1,-1,-1,-1
365,115,1030.61,435.74,54.73,209.57,-1,-1,-1,-1
365,116,628.90,458.15,22.84,67.66,-1,-1,-1,-1
365,117,521.38,452.54,24.64,67.57,-1,-1,-1,-1
366,4,1069.32,395.87,212.90,617.67,-1,-1,-1,-1
366,36,378.84,461.59,41.58,113.84,-1,-1,-1,-1
366,49,1244.06,450.94,40.26,93.36,-1,-1,-1,-1
366,51,478.72,452.80,38.15,108.78,-1,-1,-1,-1
366,67,581.14,454.80,20.02,58.22,-1,-1,-1,-1
366,70,931.84,425.00,140.48,511.50,-1,-1,-1,-1
366,76,729.65,483.95,49.34,107.63,-1,-1,-1,-1
366,84,1549.52,427.31,33.46,116.72,-1,-1,-1,-1
366,91,664.80,490.92,56.15,97.72,-1,-1,-1,-1
366,98,401.62,409.98,203.62,386.91,-1,-1,-1,-1
366,100,699.00,483.33,35.69,97.86,-1,-1,-1,-1
366,108,213.61,435.74,100.38,328.62,-1,-1,-1,-1
366,110,1686.28,429.75,93.60,155.86,-1,-1,-1,-1
366,111,1667.85,431.73,43.20,147.54,-1,-1,-1,-1
366,112,562.99,455.23,19.09,58.16,-1,-1,-1,-1
366,114,11.57,441.93,221.66,400.62,-1,-1,-1,-1
366,115,1028.09,454.21,52.47,188.77,-1,-1,-1,-1
366,116,628.49,458.20,23.37,67.94,-1,-1,-1,-1
366,117,522.61,452.25,23.48,62.93,-1,-1,-1,-1
367,4,1069.45,396.55,213.51,616.34,-1,-1,-1,-1
367,36,378.07,461.73,43.91,113.91,-1,-1,-1,-1
367,49,1245.74,451.05,39.10,92.91,-1,-1,-1,-1
367,51,478.19,452.60,38.45,109.04,-1,-1,-1,-1
367,67,581.56,454.69,19.58,57.90,-1,-1,-1,-1
367,70,930.43,424.81,144.78,512.23,-1,-1,-1,-1
367,76,729.80,483.92,48.26,106.53,-1,-1,-1,-1
367,84,1550.57,424.43,32.20,119.54,-1,-1,-1,-1
367,91,663.99,491.82,55.27,94.60,-1,-1,-1,-1
367,98,402.23,409.87,203.07,383.76,-1,-1,-1,-1
367,100,697.86,482.67,37.46,101.90,-1,-1,-1,-1
367,108,222.28,435.54,103.52,329.45,-1,-1,-1,-1
367,110,1684.57,429.89,96.11,155.80,-1,-1,-1,-1
367,111,1667.85,431.78,42.95,146.63,-1,-1,-1,-1
367,112,562.92,455.22,19.34,58.08,-1,-1,-1,-1
367,114,31.98,439.99,202.57,395.26,-1,-1,-1,-1
367,116,628.18,457.62,24.35,68.03,-1,-1,-1,-1
368,4,1069.79,397.07,213.42,614.74,-1,-1,-1,-1
368,36,378.13,462.44,45.17,113.37,-1,-1,-1,-1
368,49,1247.22,449.85,39.08,93.68,-1,-1,-1,-1
368,51,477.66,452.40,38.76,109.30,-1,-1,-1,-1
368,67,581.55,455.10,19.74,57.27,-1,-1,-1,-1
368,70,931.52,423.85,145.93,513.45,-1,-1,-1,-1
368,76,729.78,483.84,47.50,106.71,-1,-1,-1,-1
368,84,1550.80,422.61,31.19,121.62,-1,-1,-1,-1
368,91,661.89,493.49,55.13,91.43,-1,-1,-1,-1
368,98,404.64,407.70,200.85,383.98,-1,-1,-1,-1
368,100,694.79,481.46,40.29,104.48,-1,-1,-1,-1
368,108,229.31,435.70,117.91,328.53,-1,-1,-1,-1
368,110,1688.57,430.33,92.78,155.23,-1,-1,-1,-1
368,111,1668.11,431.75,43.15,149.29,-1,-1,-1,-1
368,112,562.82,455.43,19.91,57.93,-1,-1,-1,-1
368,114,52.64,439.59,182.10,383.40,-1,-1,-1,-1
368,116,627.49,456.82,24.98,68.97,-1,-1,-1,-1
369,4,1070.01,396.52,213.12,615.32,-1,-1,-1,-1
369,36,377.92,462.65,45.84,113.33,-1,-1,-1,-1
369,49,1248.30,449.70,38.74,93.98,-1,-1,-1,-1
369,51,477.13,452.20,39.06,109.56,-1,-1,-1,-1
369,67,581.60,455.45,19.47,57.23,-1,-1,-1,-1
369,70,931.93,423.42,147.31,513.78,-1,-1,-1,-1
369,76,729.95,483.54,47.04,106.75,-1,-1,-1,-1
369,84,1551.24,421.31,30.51,123.13,-1,-1,-1,-1
369,91,661.73,493.15,53.14,91.12,-1,-1,-1,-1
369,98,409.03,406.03,196.50,384.51,-1,-1,-1,-1
369,100,694.52,481.18,40.32,105.01,-1,-1,-1,-1
369,108,236.66,436.15,130.44,326.37,-1,-1,-1,-1
369,110,1690.24,430.33,91.60,154.78,-1,-1,-1,-1
369,111,1667.90,431.90,42.59,146.43,-1,-1,-1,-1
369,112,562.69,455.54,20.09,57.77,-1,-1,-1,-1
369,114,80.31,438.50,157.61,379.93,-1,-1,-1,-1
369,116,627.19,456.81,24.55,69.02,-1,-1,-1,-1
370,4,1070.11,396.32,213.41,615.76,-1,-1,-1,-1
370,36,378.00,462.80,45.92,113.34,-1,-1,-1,-1
370,49,1248.14,449.14,40.15,94.75,-1,-1,-1,-1
370,51,476.60,452.00,39.37,109.82,-1,-1,-1,-1
370,67,581.50,455.84,19.45,56.78,-1,-1,-1,-1
370,70,935.53,422.21,143.98,515.23,-1,-1,-1,-1
370,76,729.83,483.24,46.99,107.59,-1,-1,-1,-1
370,91,659.38,493.34,54.63,89.71,-1,-1,-1,-1
370,98,416.88,405.41,188.57,383.49,-1,-1,-1,-1
370,100,694.79,482.67,40.26,103.60,-1,-1,-1,-1
370,108,242.52,437.41,145.96,324.88,-1,-1,-1,-1
370,110,1679.72,429.95,101.54,157.02,-1,-1,-1,-1
370,111,1667.97,431.63,42.17,147.96,-1,-1,-1,-1
370,112,562.62,456.05,20.11,57.01,-1,-1,-1,-1
370,114,108.26,437.81,138.93,379.44,-1,-1,-1,-1
370,116,627.23,457.17,23.98,68.66,-1,-1,-1,-1
370,118,0.00,643.73,47.74,164.84,-1,-1,-1,-1
371,4,1070.55,396.93,213.78,614.69,-1,-1,-1,-1
371,36,378.00,462.25,45.84,113.91,-1,-1,-1,-1
371,49,1247.11,448.40,41.52,95.29,-1,-1,-1,-1
371,51,476.07,451.80,39.67,110.08,-1,-1,-1,-1
371,67,581.43,455.89,19.51,56.57,-1,-1,-1,-1
371,70,939.63,420.62,143.43,517.06,-1,-1,-1,-1
371,76,730.52,482.83,46.17,106.45,-1,-1,-1,-1
371,91,657.66,492.73,54.40,91.86,-1,-1,-1,-1
371,98,427.58,405.31,177.72,379.95,-1,-1,-1,-1
371,100,695.43,484.10,39.60,102.45,-1,-1,-1,-1
371,108,245.02,437.99,159.01,324.81,-1,-1,-1,-1
371,110,1674.59,429.58,106.77,157.44,-1,-1,-1,-1
371,111,1668.25,431.58,41.58,150.40,-1,-1,-1,-1
371,112,562.53,455.75,19.93,57.59,-1,-1,-1,-1
371,114,126.38,436.69,120.88,380.89,-1,-1,-1,-1
371,116,626.50,457.59,23.85,68.57,-1,-1,-1,-1
371,118,0.00,619.21,47.33,189.16,-1,-1,-1,-1
372,4,1071.61,398.27,212.87,612.34,-1,-1,-1,-1
372,36,378.03,462.06,46.46,114.09,-1,-1,-1,-1
372,49,1249.09,447.22,41.91,96.78,-1,-1,-1,-1
372,51,475.54,451.60,39.98,110.34,-1,-1,-1,-1
372,67,581.80,456.22,18.93,56.28,-1,-1,-1,-1
372,70,942.53,419.06,144.50,517.94,-1,-1,-1,-1
372,76,730.69,482.50,46.18,108.72,-1,-1,-1,-1
372,91,656.50,492.91,55.27,94.47,-1,-1,-1,-1
372,98,440.07,403.78,165.70,374.47,-1,-1,-1,-1
372,100,694.63,484.52,41.11,102.54,-1,-1,-1,-1
372,108,246.19,439.24,168.04,323.78,-1,-1,-1,-1
372,110,1685.02,430.13,96.50,156.53,-1,-1,-1,-1
372,111,1668.27,431.81,41.43,149.19,-1,-1,-1,-1
372,112,563.44,456.43,19.68,56.65,-1,-1,-1,-1
372,114,139.45,435.75,122.50,381.70,-1,-1,-1,-1
372,116,625.67,457.76,24.17,67.55,-1,-1,-1,-1
372,118,0.00,543.45,49.35,265.31,-1,-1,-1,-1
373,4,1071.23,399.14,213.26,611.77,-1,-1,-1,-1
373,36,378.73,462.24,47.10,113.48,-1,-1,-1,-1
373,49,1252.67,448.08,42.50,95.58,-1,-1,-1,-1
373,51,475.01,451.40,40.28,110.60,-1,-1,-1,-1
373,67,582.04,455.45,19.11,57.10,-1,-1,-1,-1
373,70,945.87,417.93,144.71,519.54,-1,-1,-1,-1
373,76,731.83,482.59,45.41,108.40,-1,-1,-1,-1
373,91,655.60,492.47,53.81,94.59,-1,-1,-1,-1
373,98,455.72,403.13,152.87,370.89,-1,-1,-1,-1
373,100,697.55,487.17,38.25,98.45,-1,-1,-1,-1
373,108,252.70,440.01,165.57,321.33,-1,-1,-1,-1
373,110,1688.67,430.28,93.99,155.53,-1,-1,-1,-1
373,111,1669.97,431.64,40.48,149.80,-1,-1,-1,-1
373,112,563.93,457.09,20.33,56.52,-1,-1,-1,-1
373,114,149.52,437.59,132.54,380.13,-1,-1,-1,-1
373,116,625.87,457.60,25.08,65.15,-1,-1,-1,-1
373,118,0.00,479.46,49.29,329.52,-1,-1,-1,-1
374,4,1070.67,398.33,214.37,613.10,-1,-1,-1,-1
374,36,379.55,462.62,46.45,113.58,-1,-1,-1,-1
374,49,1253.77,447.54,43.39,95.75,-1,-1,-1,-1
374,51,474.48,451.20,40.59,110.86,-1,-1,-1,-1
374,67,582.64,456.29,18.88,56.37,-1,-1,-1,-1
374,70,947.69,417.74,144.48,519.99,-1,-1,-1,-1
374,76,732.22,482.70,45.51,107.74,-1,-1,-1,-1
374,91,654.81,491.15,53.82,97.47,-1,-1,-1,-1
374,98,470.73,402.02,143.91,369.79,-1,-1,-1,-1
374,100,697.81,485.06,38.45,101.53,-1,-1,-1,-1
374,108,262.14,440.73,158.47,311.53,-1,-1,-1,-1
374,110,1678.03,430.20,104.05,153.46,-1,-1,-1,-1
374,111,1670.37,431.10,39.50,144.37,-1,-1,-1,-1
374,114,158.42,440.50,148.94,376.22,-1,-1,-1,-1
374,118,0.00,471.06,50.10,338.14,-1,-1,-1,-1
375,4,1071.09,398.44,216.22,612.83,-1,-1,-1,-1
375,36,379.91,462.74,46.30,113.50,-1,-1,-1,-1
375,49,1255.28,448.11,42.06,94.68,-1,-1,-1,-1
375,51,473.95,451.00,40.89,111.12,-1,-1,-1,-1
375,67,583.74,455.97,18.17,56.20,-1,-1,-1,-1
375,70,946.56,416.30,146.94,521.86,-1,-1,-1,-1
375,76,731.43,482.62,46.44,107.55,-1,-1,-1,-1
375,91,653.79,490.23,52.69,98.93,-1,-1,-1,-1
375,98,486.55,400.96,136.58,370.35,-1,-1,-1,-1
375,100,698.21,484.05,38.18,101.84,-1,-1,-1,-1
375,108,265.31,440.86,156.26,306.91,-1,-1,-1,-1
375,110,1680.07,430.28,102.72,153.07,-1,-1,-1,-1
375,111,1670.45,431.36,40.53,144.17,-1,-1,-1,-1
375,114,162.79,440.69,174.92,376.13,-1,-1,-1,-1
375,118,0.00,429.71,54.60,382.21,-1,-1,-1,-1
376,4,1071.24,399.04,217.44,612.74,-1,-1,-1,-1
376,36,379.89,462.04,47.02,114.25,-1,-1,-1,-1
376,49,1256.41,447.24,41.39,95.21,-1,-1,-1,-1
376,51,473.43,450.80,41.20,111.38,-1,-1,-1,-1
376,67,584.52,454.85,19.25,56.76,-1,-1,-1,-1
376,70,945.71,416.34,150.03,521.76,-1,-1,-1,-1
376,76,730.69,482.68,46.52,108.11,-1,-1,-1,-1
376,91,651.87,490.10,53.85,100.76,-1,-1,-1,-1
376,98,506.31,400.56,124.19,369.68,-1,-1,-1,-1
376,100,697.25,482.87,39.41,103.81,-1,-1,-1,-1
376,108,278.69,441.24,144.19,303.59,-1,-1,-1,-1
376,110,1675.30,429.96,107.08,153.27,-1,-1,-1,-1
376,111,1670.80,430.93,39.98,143.06,-1,-1,-1,-1
376,114,164.18,438.69,187.13,378.07,-1,-1,-1,-1
376,118,0.00,418.50,67.21,393.15,-1,-1,-1,-1
376,121,944.26,452.77,27.43,72.82,-1,-1,-1,-1
377,4,1071.46,398.84,218.00,612.80,-1,-1,-1,-1
377,36,379.17,461.42,47.21,115.05,-1,-1,-1,-1
377,49,1256.60,448.21,41.11,94.49,-1,-1,-1,-1
377,51,472.90,450.60,41.50,111.64,-1,-1,-1,-1
377,70,946.59,416.64,150.23,520.89,-1,-1,-1,-1
377,76,730.52,482.49,46.53,105.96,-1,-1,-1,-1
377,91,648.74,489.82,53.41,103.25,-1,-1,-1,-1
377,98,520.68,400.44,118.36,369.75,-1,-1,-1,-1
377,100,696.11,485.44,40.64,102.17,-1,-1,-1,-1
377,108,290.22,439.88,133.84,303.98,-1,-1,-1,-1
377,110,1674.87,429.66,107.36,154.52,-1,-1,-1,-1
377,111,1671.45,430.53,39.39,142.53,-1,-1,-1,-1
377,114,163.80,441.78,200.77,375.56,-1,-1,-1,-1
377,118,0.00,426.08,92.20,383.58,-1,-1,-1,-1
377,121,944.26,454.10,26.96,71.28,-1,-1,-1,-1
378,4,1071.83,398.81,218.63,612.62,-1,-1,-1,-1
378,36,378.96,461.18,47.76,116.41,-1,-1,-1,-1
378,49,1256.53,449.12,40.49,93.57,-1,-1,-1,-1
378,51,472.37,450.40,41.80,111.90,-1,-1,-1,-1
378,70,947.63,417.62,149.91,519.19,-1,-1,-1,-1
378,76,730.85,482.39,46.65,104.71,-1,-1,-1,-1
378,91,646.34,489.54,57.11,102.85,-1,-1,-1,-1
378,98,528.51,400.34,116.44,369.60,-1,-1,-1,-1
378,100,697.78,487.47,38.47,99.02,-1,-1,-1,-1
378,108,299.81,438.27,125.04,305.66,-1,-1,-1,-1
378,110,1674.54,429.50,107.42,155.65,-1,-1,-1,-1
378,111,1672.18,430.29,38.61,144.09,-1,-1,-1,-1
378,114,164.16,444.36,207.21,372.82,-1,-1,-1,-1
378,118,0.00,421.69,125.87,387.88,-1,-1,-1,-1
378,121,942.77,454.40,27.61,70.40,-1,-1,-1,-1
379,4,1071.58,397.85,220.45,613.73,-1,-1,-1,-1
379,36,378.93,460.93,48.10,116.12,-1,-1,-1,-1
379,49,1256.66,449.27,40.36,93.34,-1,-1,-1,-1
379,51,471.84,450.20,42.11,112.16,-1,-1,-1,-1
379,70,947.88,418.19,149.93,518.65,-1,-1,-1,-1
379,76,731.80,482.50,45.53,99.78,-1,-1,-1,-1
379,91,643.95,490.24,56.52,103.45,-1,-1,-1,-1
379,98,531.26,400.56,119.02,369.48,-1,-1,-1,-1
379,100,695.50,486.83,40.27,99.76,-1,-1,-1,-1
379,108,308.08,437.61,117.32,307.02,-1,-1,-1,-1
379,110,1680.14,429.58,101.88,154.74,-1,-1,-1,-1
379,111,1671.79,431.07,39.12,144.44,-1,-1,-1,-1
379,114,163.58,445.68,210.30,372.04,-1,-1,-1,-1
379,118,0.00,423.32,153.66,385.56,-1,-1,-1,-1
379,121,943.01,455.61,27.17,65.96,-1,-1,-1,-1
380,4,1072.05,398.05,221.16,613.44,-1,-1,-1,-1
380,36,379.41,461.44,48.54,114.32,-1,-1,-1,-1
380,49,1257.03,448.65,39.42,93.59,-1,-1,-1,-1
380,51,471.31,450.00,42.41,112.42,-1,-1,-1,-1
380,70,949.11,418.27,154.14,518.64,-1,-1,-1,-1
380,76,732.22,482.47,45.59,101.39,-1,-1,-1,-1
380,91,642.25,489.85,56.66,101.94,-1,-1,-1,-1
380,98,535.27,401.26,122.29,369.05,-1,-1,-1,-1
380,100,694.64,486.80,41.18,99.57,-1,-1,-1,-1
380,108,316.06,436.22,110.20,309.46,-1,-1,-1,-1
380,110,1677.02,429.50,104.50,155.24,-1,-1,-1,-1
380,111,1672.39,430.38,38.70,146.43,-1,-1,-1,-1
380,114,164.31,445.89,214.11,371.04,-1,-1,-1,-1
380,118,0.00,422.92,174.09,385.52,-1,-1,-1,-1
380,121,944.37,453.24,25.92,64.21,-1,-1,-1,-1
381,4,1073.07,398.26,220.80,612.87,-1,-1,-1,-1
381,49,1257.48,448.32,37.99,93.89,-1,-1,-1,-1
381,51,470.78,449.80,42.72,112.68,-1,-1,-1,-1
381,70,950.64,418.48,157.12,518.34,-1,-1,-1,-1
381,76,731.85,482.88,46.90,107.58,-1,-1,-1,-1
381,91,639.84,490.16,60.66,101.10,-1,-1,-1,-1
381,98,540.62,402.12,122.44,368.39,-1,-1,-1,-1
381,100,694.91,486.61,40.64,99.39,-1,-1,-1,-1
381,108,325.52,435.67,101.52,310.44,-1,-1,-1,-1
381,110,1688.67,430.27,93.55,152.71,-1,-1,-1,-1
381,111,1671.65,431.24,39.93,146.70,-1,-1,-1,-1
381,114,166.87,444.79,213.60,366.63,-1,-1,-1,-1
381,118,0.00,424.80,179.63,383.64,-1,-1,-1,-1
381,121,944.90,449.13,34.89,81.91,-1,-1,-1,-1
382,4,1074.26,398.44,220.86,612.70,-1,-1,-1,-1
382,49,1257.40,448.84,38.12,92.86,-1,-1,-1,-1
382,51,470.25,449.60,43.02,112.94,-1,-1,-1,-1
382,70,953.96,419.27,157.20,518.05,-1,-1,-1,-1
382,76,730.44,483.06,48.97,107.51,-1,-1,-1,-1
382,91,637.70,491.82,60.01,97.70,-1,-1,-1,-1
382,98,544.26,403.61,127.02,367.08,-1,-1,-1,-1
382,100,694.99,485.57,40.41,99.99,-1,-1,-1,-1
382,108,335.86,435.57,93.96,310.38,-1,-1,-1,-1
382,110,1678.09,430.68,104.10,152.52,-1,-1,-1,-1
382,111,1671.70,430.74,40.24,145.93,-1,-1,-1,-1
382,114,169.79,444.00,211.95,367.09,-1,-1,-1,-1
382,118,0.00,427.98,179.25,380.95,-1,-1,-1,-1
382,121,945.44,445.02,43.85,99.61,-1,-1,-1,-1
383,4,1073.48,398.07,225.84,613.10,-1,-1,-1,-1
383,49,1257.53,448.58,37.50,94.09,-1,-1,-1,-1
383,51,470.59,452.24,43.06,109.97,-1,-1,-1,-1
383,70,957.46,419.54,158.62,517.79,-1,-1,-1,-1
383,76,730.70,483.45,49.26,103.73,-1,-1,-1,-1
383,91,636.68,493.04,61.54,97.01,-1,-1,-1,-1
383,98,546.06,405.92,133.72,364.79,-1,-1,-1,-1
383,100,695.20,484.88,39.87,100.65,-1,-1,-1,-1
383,108,345.47,435.31,90.98,309.70,-1,-1,-1,-1
383,110,1674.31,431.19,108.05,152.06,-1,-1,-1,-1
383,111,1670.73,431.43,42.04,150.07,-1,-1,-1,-1
383,114,187.62,442.30,194.90,366.90,-1,-1,-1,-1
383,118,0.27,429.85,194.33,379.43,-1,-1,-1,-1
383,121,945.97,440.91,52.81,117.31,-1,-1,-1,-1
383,122,1853.08,522.17,49.90,132.47,-1,-1,-1,-1
384,4,1072.84,397.46,228.72,612.23,-1,-1,-1,-1
384,49,1257.60,447.73,36.90,94.32,-1,-1,-1,-1
384,51,470.05,450.24,38.44,103.36,-1,-1,-1,-1
384,70,958.57,420.37,160.74,517.00,-1,-1,-1,-1
384,76,730.04,482.38,49.03,106.37,-1,-1,-1,-1
384,91,636.17,493.24,52.15,85.45,-1,-1,-1,-1
384,98,547.15,407.84,138.87,362.54,-1,-1,-1,-1
384,100,694.43,484.74,40.84,101.70,-1,-1,-1,-1
384,108,346.32,435.02,101.61,311.54,-1,-1,-1,-1
384,110,1673.15,430.49,108.55,154.20,-1,-1,-1,-1
384,111,1671.77,431.27,41.56,145.83,-1,-1,-1,-1
384,114,198.66,441.52,183.58,361.07,-1,-1,-1,-1
384,118,0.49,431.90,203.32,377.01,-1,-1,-1,-1
384,121,947.52,438.83,55.59,135.62,-1,-1,-1,-1
384,122,1853.12,520.95,49.88,133.84,-1,-1,-1,-1
385,4,1074.63,400.26,228.46,608.51,-1,-1,-1,-1
385,49,1257.62,447.79,36.83,93.89,-1,-1,-1,-1
385,51,469.79,450.98,37.55,91.14,-1,-1,-1,-1
385,70,964.95,418.99,155.83,518.46,-1,-1,-1,-1
385,76,729.11,482.16,50.11,108.53,-1,-1,-1,-1
385,91,637.21,493.64,47.61,89.88,-1,-1,-1,-1
385,98,547.31,409.42,142.77,361.09,-1,-1,-1,-1
385,100,692.27,485.00,43.21,102.51,-1,-1,-1,-1
385,108,356.98,435.86,104.13,309.97,-1,-1,-1,-1
385,110,1672.91,429.81,107.43,154.91,-1,-1,-1,-1
385,111,1671.43,430.88,41.66,149.36,-1,-1,-1,-1
385,114,212.57,441.65,170.02,356.54,-1,-1,-1,-1
385,118,0.58,432.90,209.52,376.32,-1,-1,-1,-1
385,121,947.96,437.13,54.87,147.81,-1,-1,-1,-1
385,122,1851.78,516.35,51.68,138.59,-1,-1,-1,-1
386,4,1074.70,397.72,227.60,612.28,-1,-1,-1,-1
386,49,1257.37,447.64,36.44,93.94,-1,-1,-1,-1
386,51,470.26,453.22,36.77,85.92,-1,-1,-1,-1
386,70,965.02,417.68,155.86,519.34,-1,-1,-1,-1
386,76,729.06,480.71,49.82,112.68,-1,-1,-1,-1
386,91,639.86,493.58,40.17,84.05,-1,-1,-1,-1
386,98,547.10,410.42,145.79,359.75,-1,-1,-1,-1
386,100,691.39,484.18,43.67,103.59,-1,-1,-1,-1
386,108,365.09,436.62,115.05,307.84,-1,-1,-1,-1
386,110,1686.96,430.20,94.75,153.29,-1,-1,-1,-1
386,111,1671.11,430.92,41.52,147.73,-1,-1,-1,-1
386,114,230.89,443.33,151.92,354.13,-1,-1,-1,-1
386,118,0.78,432.97,211.77,373.73,-1,-1,-1,-1
386,121,946.08,435.73,55.38,151.70,-1,-1,-1,-1
386,122,1848.99,486.84,60.04,168.42,-1,-1,-1,-1
387,4,1075.38,397.41,226.35,612.39,-1,-1,-1,-1
387,49,1257.03,448.42,35.80,93.86,-1,-1,-1,-1
387,51,470.70,453.96,37.03,87.64,-1,-1,-1,-1
387,70,963.72,418.55,155.64,518.62,-1,-1,-1,-1
387,76,727.65,479.55,50.75,115.58,-1,-1,-1,-1
387,91,640.40,494.40,36.20,87.42,-1,-1,-1,-1
387,98,546.48,410.72,148.17,359.36,-1,-1,-1,-1
387,100,688.91,482.69,46.48,106.92,-1,-1,-1,-1
387,108,369.88,436.08,132.27,308.81,-1,-1,-1,-1
387,110,1677.41,429.88,104.91,152.76,-1,-1,-1,-1
387,111,1670.15,430.75,42.50,147.27,-1,-1,-1,-1
387,114,251.49,440.08,131.11,357.05,-1,-1,-1,-1
387,118,1.69,433.06,211.57,371.22,-1,-1,-1,-1
387,121,945.77,434.66,52.15,153.16,-1,-1,-1,-1
387,122,1851.51,506.10,53.55,148.93,-1,-1,-1,-1
388,4,1073.12,397.14,230.81,612.48,-1,-1,-1,-1
388,49,1256.51,448.96,35.74,88.24,-1,-1,-1,-1
388,51,469.85,453.68,37.87,95.44,-1,-1,-1,-1
388,70,969.37,419.07,146.33,518.81,-1,-1,-1,-1
388,76,725.76,478.62,52.88,118.40,-1,-1,-1,-1
388,91,639.32,492.71,35.79,86.78,-1,-1,-1,-1
388,98,547.05,411.53,148.08,356.63,-1,-1,-1,-1
388,100,688.31,481.59,46.92,106.78,-1,-1,-1,-1
388,108,372.51,437.97,148.14,306.55,-1,-1,-1,-1
388,110,1675.33,429.68,106.63,155.33,-1,-1,-1,-1
388,111,1670.27,430.36,42.24,151.38,-1,-1,-1,-1
388,114,274.55,439.21,108.18,356.97,-1,-1,-1,-1
388,118,12.29,430.98,200.73,371.20,-1,-1,-1,-1
388,121,943.54,433.23,50.78,154.53,-1,-1,-1,-1
388,122,1852.58,512.93,50.51,141.92,-1,-1,-1,-1
389,4,1065.86,397.21,244.41,611.78,-1,-1,-1,-1
389,49,1256.45,448.71,35.44,88.43,-1,-1,-1,-1
389,51,469.86,454.12,36.84,93.54,-1,-1,-1,-1
389,70,970.64,419.45,142.35,517.66,-1,-1,-1,-1
389,76,725.30,477.47,52.60,121.17,-1,-1,-1,-1
389,91,638.24,491.02,35.37,86.13,-1,-1,-1,-1
389,98,549.30,411.55,145.39,354.94,-1,-1,-1,-1
389,100,687.28,481.91,46.68,105.41,-1,-1,-1,-1
389,108,372.86,443.12,160.06,300.78,-1,-1,-1,-1
389,110,1673.20,429.57,106.87,155.60,-1,-1,-1,-1
389,111,1671.24,429.95,41.40,146.48,-1,-1,-1,-1
389,114,287.17,440.24,97.52,356.49,-1,-1,-1,-1
389,118,25.87,430.89,186.77,366.28,-1,-1,-1,-1
389,121,940.91,432.50,49.74,155.91,-1,-1,-1,-1
389,122,1852.95,510.73,49.62,144.17,-1,-1,-1,-1
390,4,1064.69,397.64,247.04,609.75,-1,-1,-1,-1
390,49,1255.95,448.88,35.46,85.29,-1,-1,-1,-1
390,51,469.39,453.90,33.51,102.35,-1,-1,-1,-1
390,70,975.34,419.26,139.40,518.82,-1,-1,-1,-1
390,76,725.69,475.84,51.65,121.78,-1,-1,-1,-1
390,91,637.16,489.34,34.95,85.48,-1,-1,-1,-1
390,98,553.52,410.44,141.38,354.83,-1,-1,-1,-1
390,100,686.69,483.60,46.93,101.90,-1,-1,-1,-1
390,108,373.10,442.11,168.36,301.21,-1,-1,-1,-1
390,110,1676.66,429.48,104.48,155.72,-1,-1,-1,-1
390,111,1671.52,429.50,40.40,146.17,-1,-1,-1,-1
390,114,297.10,439.56,97.83,356.33,-1,-1,-1,-1
390,118,39.92,430.03,173.15,365.52,-1,-1,-1,-1
390,121,936.97,431.60,51.81,157.33,-1,-1,-1,-1
390,122,1853.06,512.46,49.01,142.20,-1,-1,-1,-1
391,4,1064.90,394.62,244.94,610.96,-1,-1,-1,-1
391,49,1255.61,449.53,34.20,84.46,-1,-1,-1,-1
391,51,467.79,453.74,32.75,104.26,-1,-1,-1,-1
391,70,975.94,419.98,139.11,517.38,-1,-1,-1,-1
391,76,726.40,475.47,49.88,121.02,-1,-1,-1,-1
391,91,636.08,487.65,34.54,84.84,-1,-1,-1,-1
391,98,559.79,409.31,135.69,350.55,-1,-1,-1,-1
391,100,686.51,482.47,46.20,102.34,-1,-1,-1,-1
391,108,384.67,442.06,160.58,298.36,-1,-1,-1,-1
391,110,1675.73,429.17,105.73,157.30,-1,-1,-1,-1
391,111,1671.93,429.56,39.55,145.87,-1,-1,-1,-1
391,114,303.97,439.04,99.86,356.69,-1,-1,-1,-1
391,118,43.00,429.69,171.28,365.62,-1,-1,-1,-1
391,121,936.41,431.92,50.43,158.16,-1,-1,-1,-1
391,122,1853.25,517.38,47.99,137.16,-1,-1,-1,-1
391,123,1063.40,432.79,64.54,126.42,-1,-1,-1,-1
392,4,1065.41,397.10,256.16,611.35,-1,-1,-1,-1
392,49,1253.89,447.89,34.64,86.23,-1,-1,-1,-1
392,51,467.72,455.01,31.65,77.80,-1,-1,-1,-1
392,70,977.67,420.63,134.32,516.63,-1,-1,-1,-1
392,76,726.38,473.95,49.55,123.27,-1,-1,-1,-1
392,91,635.00,485.97,34.12,84.19,-1,-1,-1,-1
392,98,569.57,408.77,126.19,349.48,-1,-1,-1,-1
392,100,686.62,482.20,45.73,102.62,-1,-1,-1,-1
392,108,395.35,442.21,152.95,292.94,-1,-1,-1,-1
392,110,1674.96,429.09,107.30,157.86,-1,-1,-1,-1
392,111,1671.57,430.13,39.94,150.02,-1,-1,-1,-1
392,114,312.04,438.81,117.65,357.43,-1,-1,-1,-1
392,118,59.24,430.31,158.92,364.79,-1,-1,-1,-1
392,121,935.14,432.91,51.25,176.56,-1,-1,-1,-1
392,122,1853.27,515.36,48.37,139.02,-1,-1,-1,-1
392,123,1066.98,432.30,62.58,125.51,-1,-1,-1,-1
393,4,1064.65,396.36,252.01,613.09,-1,-1,-1,-1
393,49,1251.21,447.66,35.45,88.08,-1,-1,-1,-1
393,51,469.99,459.53,27.82,70.51,-1,-1,-1,-1
393,70,978.30,420.39,129.45,516.91,-1,-1,-1,-1
393,76,727.38,470.71,48.21,127.53,-1,-1,-1,-1
393,91,633.92,484.28,33.71,83.54,-1,-1,-1,-1
393,98,581.96,409.13,114.41,344.61,-1,-1,-1,-1
393,100,686.20,480.37,44.71,103.79,-1,-1,-1,-1
393,108,404.07,441.04,145.29,291.49,-1,-1,-1,-1
393,110,1675.05,429.21,107.54,157.66,-1,-1,-1,-1
393,111,1671.87,429.87,39.35,146.62,-1,-1,-1,-1
393,114,316.80,441.82,138.41,354.64,-1,-1,-1,-1
393,117,531.35,454.51,25.25,70.40,-1,-1,-1,-1
393,118,83.86,430.27,139.40,365.15,-1,-1,-1,-1
393,121,932.04,434.34,51.10,181.59,-1,-1,-1,-1
393,122,1852.62,516.28,49.24,137.93,-1,-1,-1,-1
393,123,1069.68,432.46,62.14,124.94,-1,-1,-1,-1
394,4,1060.34,394.81,249.43,612.72,-1,-1,-1,-1
394,49,1249.28,447.54,37.14,90.98,-1,-1,-1,-1
394,70,977.45,420.13,124.70,517.14,-1,-1,-1,-1
394,76,726.71,469.92,48.50,127.58,-1,-1,-1,-1
394,91,632.84,482.60,33.29,82.90,-1,-1,-1,-1
394,98,590.00,408.88,106.53,341.07,-1,-1,-1,-1
394,100,685.42,471.93,44.77,110.98,-1,-1,-1,-1
394,108,412.06,441.56,138.24,289.75,-1,-1,-1,-1
394,110,1674.59,429.20,107.90,157.25,-1,-1,-1,-1
394,111,1671.22,430.50,40.10,145.38,-1,-1,-1,-1
394,114,318.37,443.99,150.91,353.04,-1,-1,-1,-1
394,117,531.17,454.81,26.71,70.14,-1,-1,-1,-1
394,118,93.27,431.13,136.64,365.33,-1,-1,-1,-1
394,121,928.34,435.80,50.86,181.84,-1,-1,-1,-1
394,122,1852.85,520.80,49.57,133.20,-1,-1,-1,-1
394,123,1074.24,431.88,65.41,125.14,-1,-1,-1,-1
395,4,1063.75,394.15,244.67,614.98,-1,-1,-1,-1
395,49,1247.92,447.45,38.01,92.82,-1,-1,-1,-1
395,70,980.66,419.59,118.50,518.45,-1,-1,-1,-1
395,76,725.80,469.10,49.10,124.47,-1,-1,-1,-1
395,91,631.76,480.91,32.88,82.25,-1,-1,-1,-1
395,98,603.17,406.27,97.35,341.11,-1,-1,-1,-1
395,100,683.85,469.21,46.09,110.69,-1,-1,-1,-1
395,108,420.57,440.71,130.23,290.23,-1,-1,-1,-1
395,110,1674.16,429.15,108.14,156.63,-1,-1,-1,-1
395,111,1671.68,430.31,39.48,149.35,-1,-1,-1,-1
395,114,318.87,446.18,161.12,350.73,-1,-1,-1,-1
395,117,532.41,455.78,25.11,69.35,-1,-1,-1,-1
395,118,111.16,432.02,124.45,364.66,-1,-1,-1,-1
395,121,925.42,437.62,50.14,180.54,-1,-1,-1,-1
395,122,1852.93,520.37,49.59,133.76,-1,-1,-1,-1
395,123,1077.33,431.73,67.62,124.85,-1,-1,-1,-1
396,4,1065.23,394.40,240.72,614.53,-1,-1,-1,-1
396,49,1247.89,446.62,37.62,93.20,-1,-1,-1,-1
396,70,980.94,420.09,121.52,517.60,-1,-1,-1,-1
396,76,725.24,468.25,49.05,126.06,-1,-1,-1,-1
396,91,630.68,479.23,32.46,81.60,-1,-1,-1,-1
396,98,616.24,403.64,89.66,340.46,-1,-1,-1,-1
396,100,684.39,476.65,44.42,101.26,-1,-1,-1,-1
396,108,425.19,439.75,124.82,291.84,-1,-1,-1,-1
396,110,1673.65,429.27,108.99,155.81,-1,-1,-1,-1
396,111,1671.21,430.46,40.02,145.44,-1,-1,-1,-1
396,114,319.57,448.53,165.64,348.36,-1,-1,-1,-1
396,117,532.26,455.41,25.12,69.62,-1,-1,-1,-1
396,118,126.57,432.24,127.02,364.74,-1,-1,-1,-1
396,121,922.57,438.39,51.56,179.52,-1,-1,-1,-1
396,122,1852.80,517.28,50.48,136.87,-1,-1,-1,-1
396,123,1082.73,432.01,66.51,124.17,-1,-1,-1,-1
397,4,1065.48,395.10,240.14,616.47,-1,-1,-1,-1
397,49,1246.88,446.18,38.37,92.20,-1,-1,-1,-1
397,70,981.37,420.56,120.75,517.18,-1,-1,-1,-1
397,76,723.79,468.04,48.94,126.82,-1,-1,-1,-1
397,91,629.60,477.54,32.05,80.95,-1,-1,-1,-1
397,98,620.68,403.09,90.89,340.61,-1,-1,-1,-1
397,100,684.11,477.01,42.66,98.48,-1,-1,-1,-1
397,108,431.70,439.72,118.49,293.89,-1,-1,-1,-1
397,110,1673.70,429.27,109.19,155.39,-1,-1,-1,-1
397,111,1671.78,430.31,39.31,143.71,-1,-1,-1,-1
397,114,319.58,448.11,169.84,348.45,-1,-1,-1,-1
397,117,533.19,456.96,24.43,67.44,-1,-1,-1,-1
397,118,133.84,432.97,127.73,363.62,-1,-1,-1,-1
397,121,919.23,439.66,52.98,178.20,-1,-1,-1,-1
397,122,1852.88,517.94,50.26,136.11,-1,-1,-1,-1
397,123,1085.89,432.27,63.46,123.84,-1,-1,-1,-1
398,4,1066.71,396.92,239.01,615.52,-1,-1,-1,-1
398,49,1246.47,445.96,38.21,92.42,-1,-1,-1,-1
398,70,981.88,420.62,117.81,517.16,-1,-1,-1,-1
398,76,720.61,468.93,50.90,126.39,-1,-1,-1,-1
398,91,628.52,475.86,31.63,80.31,-1,-1,-1,-1
398,98,622.43,403.69,95.36,341.14,-1,-1,-1,-1
398,108,440.03,438.41,109.48,294.77,-1,-1,-1,-1
398,110,1672.52,430.01,110.51,154.02,-1,-1,-1,-1
398,111,1671.95,430.29,39.55,144.16,-1,-1,-1,-1
398,114,319.43,448.60,172.96,347.99,-1,-1,-1,-1
398,117,535.81,456.92,22.75,67.14,-1,-1,-1,-1
398,118,137.93,435.17,144.50,361.17,-1,-1,-1,-1
398,121,916.99,439.68,51.77,179.14,-1,-1,-1,-1
398,122,1852.97,518.59,50.05,135.34,-1,-1,-1,-1
398,123,1087.64,432.48,59.99,121.66,-1,-1,-1,-1
399,4,1067.55,396.74,237.58,618.70,-1,-1,-1,-1
399,49,1245.73,446.33,36.95,92.41,-1,-1,-1,-1
399,67,585.26,457.24,17.55,54.24,-1,-1,-1,-1
399,70,983.88,420.88,115.86,517.33,-1,-1,-1,-1
399,76,717.65,469.46,52.83,127.01,-1,-1,-1,-1
399,91,627.44,474.17,31.22,79.66,-1,-1,-1,-1
399,98,620.92,403.87,107.41,341.68,-1,-1,-1,-1
399,108,453.20,436.88,96.59,295.09,-1,-1,-1,-1
399,110,1674.06,429.56,109.40,154.29,-1,-1,-1,-1
399,111,1671.05,430.76,40.63,142.78,-1,-1,-1,-1
399,114,318.49,448.60,174.69,345.67,-1,-1,-1,-1
399,117,534.89,457.20,23.78,67.07,-1,-1,-1,-1
399,118,140.37,435.56,170.31,360.51,-1,-1,-1,-1
399,121,914.23,442.35,52.44,174.85,-1,-1,-1,-1
399,122,1853.06,519.25,49.84,134.58,-1,-1,-1,-1
399,123,1091.70,431.43,53.12,115.33,-1,-1,-1,-1
400,4,1068.62,395.09,236.97,623.29,-1,-1,-1,-1
400,49,1244.12,446.57,37.15,92.59,-1,-1,-1,-1
400,67,585.19,457.58,17.54,54.38,-1,-1,-1,-1
400,70,984.69,420.78,114.13,517.52,-1,-1,-1,-1
400,76,715.51,468.49,54.02,129.19,-1,-1,-1,-1
400,91,626.36,472.49,30.80,79.01,-1,-1,-1,-1
400,98,619.93,403.28,121.76,343.06,-1,-1,-1,-1
400,108,469.06,434.22,83.39,297.99,-1,-1,-1,-1
400,110,1674.22,429.31,108.98,155.91,-1,-1,-1,-1
400,111,1671.18,430.22,40.59,143.28,-1,-1,-1,-1
400,114,320.31,447.40,173.87,344.81,-1,-1,-1,-1
400,117,535.97,457.74,22.93,66.40,-1,-1,-1,-1
400,118,140.87,435.94,184.37,360.01,-1,-1,-1,-1
400,121,911.88,442.95,52.10,172.05,-1,-1,-1,-1
400,122,1853.14,519.91,49.63,133.81,-1,-1,-1,-1
400,123,1095.72,435.31,48.20,105.22,-1,-1,-1,-1
401,4,1068.20,393.40,229.99,625.57,-1,-1,-1,-1
401,49,1243.23,446.67,37.47,92.80,-1,-1,-1,-1
401,67,584.95,458.60,17.98,53.56,-1,-1,-1,-1
401,70,985.77,420.69,113.65,517.65,-1,-1,-1,-1
401,76,713.89,467.10,54.56,130.96,-1,-1,-1,-1
401,91,625.28,470.80,30.39,78.37,-1,-1,-1,-1
401,98,628.79,406.28,127.32,340.34,-1,-1,-1,-1
401,108,476.11,443.28,78.83,288.55,-1,-1,-1,-1
401,110,1686.18,429.45,96.87,155.45,-1,-1,-1,-1
401,111,1671.13,430.26,40.98,143.46,-1,-1,-1,-1
401,114,329.16,446.35,165.83,343.03,-1,-1,-1,-1
401,117,537.35,457.53,22.04,66.58,-1,-1,-1,-1
401,118,142.17,437.10,186.17,358.69,-1,-1,-1,-1
401,121,909.00,442.53,54.04,161.26,-1,-1,-1,-1
401,122,1853.23,520.56,49.41,133.05,-1,-1,-1,-1
402,4,1070.70,396.05,226.09,621.28,-1,-1,-1,-1
402,49,1242.59,446.66,37.33,93.10,-1,-1,-1,-1
402,67,584.86,458.80,18.30,53.69,-1,-1,-1,-1
402,70,986.02,421.47,113.59,516.74,-1,-1,-1,-1
402,76,713.05,466.49,54.16,131.60,-1,-1,-1,-1
402,91,624.20,469.12,29.97,77.72,-1,-1,-1,-1
402,98,629.58,406.47,137.22,340.42,-1,-1,-1,-1
402,108,481.49,438.16,85.88,292.86,-1,-1,-1,-1
402,110,1689.70,429.39,92.97,154.08,-1,-1,-1,-1
402,111,1671.49,430.13,40.51,143.23,-1,-1,-1,-1
402,114,342.49,446.89,153.03,342.26,-1,-1,-1,-1
402,117,537.09,454.68,23.71,67.32,-1,-1,-1,-1
402,118,142.87,437.83,188.44,357.50,-1,-1,-1,-1
402,121,906.50,443.74,55.50,155.23,-1,-1,-1,-1
402,122,1853.32,521.22,49.20,132.28,-1,-1,-1,-1
403,4,1072.19,398.23,219.84,617.91,-1,-1,-1,-1
403,49,1242.47,446.94,36.08,92.86,-1,-1,-1,-1
403,67,584.91,458.28,18.52,52.73,-1,-1,-1,-1
403,70,987.50,421.70,113.14,516.76,-1,-1,-1,-1
403,76,711.89,466.41,54.47,133.70,-1,-1,-1,-1
403,91,623.12,467.43,29.56,77.07,-1,-1,-1,-1
403,98,629.31,407.14,148.66,339.97,-1,-1,-1,-1
403,108,488.01,434.99,95.95,296.99,-1,-1,-1,-1
403,110,1687.79,429.49,94.88,154.63,-1,-1,-1,-1
403,111,1671.60,430.29,40.41,142.97,-1,-1,-1,-1
403,114,349.66,445.79,145.94,333.28,-1,-1,-1,-1
403,118,145.44,438.52,200.19,356.50,-1,-1,-1,-1
403,121,903.41,446.22,52.06,161.34,-1,-1,-1,-1
403,122,1853.09,517.84,49.22,136.42,-1,-1,-1,-1
404,4,1073.62,397.15,217.44,619.27,-1,-1,-1,-1
404,49,1242.39,447.35,34.89,92.68,-1,-1,-1,-1
404,67,584.71,458.14,18.70,49.55,-1,-1,-1,-1
404,70,985.70,421.82,114.15,516.99,-1,-1,-1,-1
404,76,712.70,465.65,52.60,138.83,-1,-1,-1,-1
404,91,622.04,465.75,29.14,76.43,-1,-1,-1,-1
404,98,630.78,408.10,156.37,339.62,-1,-1,-1,-1
404,108,492.13,438.04,112.10,294.18,-1,-1,-1,-1
404,110,1679.00,430.99,104.19,154.33,-1,-1,-1,-1
404,111,1671.46,430.65,40.85,143.41,-1,-1,-1,-1
404,114,362.39,442.72,133.60,334.35,-1,-1,-1,-1
404,118,147.37,437.99,202.95,355.42,-1,-1,-1,-1
404,121,899.69,446.53,51.27,164.74,-1,-1,-1,-1
404,122,1853.08,509.25,51.86,145.72,-1,-1,-1,-1
405,4,1074.79,397.43,208.45,618.61,-1,-1,-1,-1
405,49,1242.04,447.43,34.04,92.24,-1,-1,-1,-1
405,67,584.52,457.60,18.65,41.97,-1,-1,-1,-1
405,70,983.63,421.80,116.08,517.05,-1,-1,-1,-1
405,76,715.85,467.42,48.16,138.24,-1,-1,-1,-1
405,91,620.96,464.06,28.73,75.78,-1,-1,-1,-1
405,98,634.06,408.63,158.44,339.05,-1,-1,-1,-1
405,108,497.36,437.69,126.92,295.31,-1,-1,-1,-1
405,110,1675.09,430.42,107.55,151.79,-1,-1,-1,-1
405,111,1671.77,431.06,40.91,143.68,-1,-1,-1,-1
405,114,377.59,442.86,118.82,331.71,-1,-1,-1,-1
405,118,148.82,437.34,203.45,354.79,-1,-1,-1,-1
405,121,896.71,440.23,50.47,172.55,-1,-1,-1,-1
405,122,1852.77,492.06,53.71,162.66,-1,-1,-1,-1
406,4,1075.32,396.66,201.55,619.46,-1,-1,-1,-1
406,49,1241.66,447.58,34.73,93.01,-1,-1,-1,-1
406,67,584.31,457.60,18.47,40.07,-1,-1,-1,-1
406,70,983.62,421.98,115.66,516.92,-1,-1,-1,-1
406,76,718.27,467.71,44.67,139.95,-1,-1,-1,-1
406,91,619.88,462.38,28.31,75.13,-1,-1,-1,-1
406,98,638.05,409.29,157.97,339.00,-1,-1,-1,-1
406,108,499.84,438.38,138.95,294.19,-1,-1,-1,-1
406,110,1692.42,430.68,90.19,152.91,-1,-1,-1,-1
406,111,1671.78,430.98,40.92,144.20,-1,-1,-1,-1
406,114,394.56,441.50,103.78,328.83,-1,-1,-1,-1
406,118,159.02,436.07,193.98,354.46,-1,-1,-1,-1
406,121,893.25,447.56,50.99,165.64,-1,-1,-1,-1
406,122,1852.86,501.04,53.80,154.07,-1,-1,-1,-1
407,4,1073.94,396.52,198.82,619.78,-1,-1,-1,-1
407,49,1242.24,447.28,33.25,92.84,-1,-1,-1,-1
407,67,584.31,457.96,19.17,47.00,-1,-1,-1,-1
407,70,985.43,422.26,114.07,517.38,-1,-1,-1,-1
407,76,721.70,467.29,40.11,140.15,-1,-1,-1,-1
407,91,618.80,460.69,27.90,74.49,-1,-1,-1,-1
407,98,640.15,409.89,156.41,338.71,-1,-1,-1,-1
407,108,501.42,439.18,145.29,294.27,-1,-1,-1,-1
407,110,1699.58,430.63,81.30,152.25,-1,-1,-1,-1
407,111,1671.54,430.87,41.00,142.85,-1,-1,-1,-1
407,114,408.67,442.20,95.05,327.65,-1,-1,-1,-1
407,118,171.39,434.95,182.13,354.93,-1,-1,-1,-1
407,121,886.46,443.72,54.91,169.10,-1,-1,-1,-1
407,122,1853.38,516.22,51.22,138.74,-1,-1,-1,-1
408,4,1072.42,396.46,196.61,619.07,-1,-1,-1,-1
408,49,1242.50,447.12,32.51,92.86,-1,-1,-1,-1
408,67,585.24,457.41,19.11,49.44,-1,-1,-1,-1
408,70,984.63,422.11,115.80,516.71,-1,-1,-1,-1
408,76,723.79,463.02,36.55,145.93,-1,-1,-1,-1
408,91,617.72,459.01,27.48,73.84,-1,-1,-1,-1
408,98,642.97,410.47,154.54,337.61,-1,-1,-1,-1
408,108,502.72,440.44,147.26,291.97,-1,-1,-1,-1
408,110,1698.45,430.55,83.32,152.68,-1,-1,-1,-1
408,111,1671.58,431.64,41.46,142.69,-1,-1,-1,-1
408,114,417.72,437.15,91.59,332.84,-1,-1,-1,-1
408,118,185.23,434.58,168.45,351.82,-1,-1,-1,-1
408,121,881.57,442.69,57.98,170.83,-1,-1,-1,-1
408,122,1853.25,518.46,51.96,136.43,-1,-1,-1,-1
409,4,1069.44,397.25,195.29,619.57,-1,-1,-1,-1
409,49,1242.66,447.50,31.42,92.28,-1,-1,-1,-1
409,67,586.57,456.81,18.01,50.19,-1,-1,-1,-1
409,70,985.52,422.03,114.73,517.30,-1,-1,-1,-1
409,91,617.78,458.27,27.72,74.02,-1,-1,-1,-1
409,98,644.52,411.06,153.28,335.28,-1,-1,-1,-1
409,108,501.20,439.89,149.96,293.51,-1,-1,-1,-1
409,110,1703.59,430.42,79.07,150.28,-1,-1,-1,-1
409,111,1672.41,431.32,41.02,141.63,-1,-1,-1,-1
409,114,424.42,438.10,95.96,331.29,-1,-1,-1,-1
409,118,202.96,433.74,151.04,343.27,-1,-1,-1,-1
409,121,876.88,451.15,61.66,162.02,-1,-1,-1,-1
410,4,1067.56,397.42,194.74,619.61,-1,-1,-1,-1
410,49,1242.23,447.58,31.14,91.96,-1,-1,-1,-1
410,70,985.94,421.89,114.31,516.92,-1,-1,-1,-1
410,91,617.66,458.22,27.06,73.60,-1,-1,-1,-1
410,98,645.79,411.05,152.34,333.57,-1,-1,-1,-1
410,108,510.00,438.26,142.35,293.50,-1,-1,-1,-1
410,110,1690.69,430.48,91.61,151.43,-1,-1,-1,-1
410,111,1671.83,432.11,41.71,140.30,-1,-1,-1,-1
410,114,430.21,437.23,105.01,331.86,-1,-1,-1,-1
410,118,218.56,433.04,136.52,340.95,-1,-1,-1,-1
410,121,875.64,449.41,62.44,161.22,-1,-1,-1,-1
411,4,1065.77,397.37,192.80,619.37,-1,-1,-1,-1
411,36,381.04,460.74,47.13,59.96,-1,-1,-1,-1
411,49,1241.29,447.76,31.26,91.23,-1,-1,-1,-1
411,70,984.92,420.29,115.61,518.79,-1,-1,-1,-1
411,91,617.62,458.14,27.15,73.83,-1,-1,-1,-1
411,98,646.69,412.58,151.66,329.84,-1,-1,-1,-1
411,108,517.62,436.20,135.69,290.92,-1,-1,-1,-1
411,110,1700.30,430.62,83.20,151.29,-1,-1,-1,-1
411,111,1671.80,432.34,41.79,140.87,-1,-1,-1,-1
411,114,435.48,438.67,119.93,330.19,-1,-1,-1,-1
411,118,244.00,433.02,112.99,339.27,-1,-1,-1,-1
411,121,874.94,443.89,62.65,165.53,-1,-1,-1,-1
411,128,953.39,449.02,22.92,73.56,-1,-1,-1,-1
412,4,1063.18,400.08,193.21,617.03,-1,-1,-1,-1
412,36,380.95,460.52,48.10,62.29,-1,-1,-1,-1
412,49,1240.71,447.94,30.83,90.78,-1,-1,-1,-1
412,70,975.80,419.20,122.80,520.51,-1,-1,-1,-1
412,91,617.12,458.65,27.38,72.02,-1,-1,-1,-1
412,98,647.44,411.80,150.71,329.03,-1,-1,-1,-1
412,108,525.67,433.92,128.93,287.82,-1,-1,-1,-1
412,110,1703.45,430.62,79.55,151.76,-1,-1,-1,-1
412,111,1673.30,431.76,40.38,142.97,-1,-1,-1,-1
412,114,438.99,440.62,133.12,328.31,-1,-1,-1,-1
412,118,263.10,431.43,101.91,338.32,-1,-1,-1,-1
412,121,874.35,441.65,61.99,166.91,-1,-1,-1,-1
412,128,953.86,449.67,23.03,72.90,-1,-1,-1,-1
413,4,1060.56,401.08,196.75,615.78,-1,-1,-1,-1
413,36,381.28,461.51,47.20,60.37,-1,-1,-1,-1
413,49,1240.14,447.75,30.17,90.57,-1,-1,-1,-1
413,70,978.02,420.91,120.38,518.31,-1,-1,-1,-1
413,91,616.94,457.76,27.06,73.54,-1,-1,-1,-1
413,98,649.95,409.25,148.82,331.38,-1,-1,-1,-1
413,108,536.18,435.55,120.05,283.47,-1,-1,-1,-1
413,110,1703.59,430.73,81.23,151.67,-1,-1,-1,-1
413,111,1672.91,432.53,40.87,142.90,-1,-1,-1,-1
413,114,440.50,442.34,147.15,326.32,-1,-1,-1,-1
413,118,272.43,430.70,101.00,340.80,-1,-1,-1,-1
413,121,872.63,441.05,62.01,168.03,-1,-1,-1,-1
413,128,955.03,449.46,23.78,74.29,-1,-1,-1,-1
414,4,1057.78,401.29,198.99,615.02,-1,-1,-1,-1
414,36,381.15,461.64,45.59,59.32,-1,-1,-1,-1
414,49,1240.09,447.43,28.73,91.22,-1,-1,-1,-1
414,70,976.89,421.46,120.81,517.86,-1,-1,-1,-1
414,98,652.93,409.34,146.25,331.57,-1,-1,-1,-1
414,108,547.16,433.29,109.80,284.08,-1,-1,-1,-1
414,110,1703.35,430.72,81.80,151.59,-1,-1,-1,-1
414,111,1672.84,432.41,40.72,142.14,-1,-1,-1,-1
414,114,440.58,444.09,154.26,323.50,-1,-1,-1,-1
414,118,280.85,431.43,103.18,339.99,-1,-1,-1,-1
414,121,873.85,440.88,57.37,166.90,-1,-1,-1,-1
414,128,955.49,448.79,25.05,75.27,-1,-1,-1,-1
415,4,1055.63,402.12,199.43,615.52,-1,-1,-1,-1
415,36,381.16,461.70,45.19,59.43,-1,-1,-1,-1
415,49,1239.06,447.39,28.15,90.78,-1,-1,-1,-1
415,70,974.65,420.77,122.25,520.29,-1,-1,-1,-1
415,98,658.34,408.68,141.24,331.36,-1,-1,-1,-1
415,108,553.20,433.51,104.26,284.08,-1,-1,-1,-1
415,110,1699.86,430.69,84.99,152.17,-1,-1,-1,-1
415,111,1673.29,432.41,40.02,141.64,-1,-1,-1,-1
415,114,439.92,447.80,158.61,319.05,-1,-1,-1,-1
415,118,287.67,432.25,115.68,339.48,-1,-1,-1,-1
415,121,871.76,439.57,54.07,166.33,-1,-1,-1,-1
415,128,957.57,448.42,22.86,72.32,-1,-1,-1,-1
415,131,1168.89,398.79,124.70,537.07,-1,-1,-1,-1
416,4,1054.09,399.52,200.63,618.28,-1,-1,-1,-1
416,36,379.29,461.58,49.66,82.07,-1,-1,-1,-1
416,49,1239.04,447.41,26.54,86.02,-1,-1,-1,-1
416,70,971.20,421.08,127.49,518.62,-1,-1,-1,-1
416,98,667.29,407.82,132.67,330.06,-1,-1,-1,-1
416,108,564.09,432.50,93.12,284.55,-1,-1,-1,-1
416,110,1696.12,430.59,89.15,152.35,-1,-1,-1,-1
416,111,1673.19,432.47,40.15,141.34,-1,-1,-1,-1
416,114,441.87,449.32,158.19,316.23,-1,-1,-1,-1
416,118,291.38,433.40,118.67,337.77,-1,-1,-1,-1
416,121,870.13,438.77,51.84,166.19,-1,-1,-1,-1
416,128,958.63,447.72,23.47,73.12,-1,-1,-1,-1
416,131,1170.46,404.55,124.06,516.54,-1,-1,-1,-1
417,4,1053.00,400.52,199.74,617.84,-1,-1,-1,-1
417,36,377.42,461.46,54.12,104.71,-1,-1,-1,-1
417,49,1239.36,447.91,24.86,79.72,-1,-1,-1,-1
417,70,973.44,420.88,123.05,519.90,-1,-1,-1,-1
417,98,675.32,407.66,126.60,326.56,-1,-1,-1,-1
417,108,577.14,434.48,84.25,281.78,-1,-1,-1,-1
417,110,1687.68,430.46,97.37,152.36,-1,-1,-1,-1
417,111,1673.40,432.33,40.16,141.12,-1,-1,-1,-1
417,114,440.39,448.73,160.94,316.81,-1,-1,-1,-1
417,118,292.94,434.57,137.68,336.09,-1,-1,-1,-1
417,121,867.56,437.97,48.97,166.48,-1,-1,-1,-1
417,128,959.70,448.21,23.12,73.49,-1,-1,-1,-1
417,131,1170.93,407.40,126.87,515.00,-1,-1,-1,-1
418,4,1052.18,400.16,203.26,618.40,-1,-1,-1,-1
418,36,379.22,460.42,51.43,114.51,-1,-1,-1,-1
418,49,1237.38,443.05,25.51,83.89,-1,-1,-1,-1
418,70,976.75,420.42,118.00,519.16,-1,-1,-1,-1
418,98,683.30,407.02,121.42,324.36,-1,-1,-1,-1
418,108,589.52,435.74,76.09,279.76,-1,-1,-1,-1
418,110,1686.69,430.49,98.61,151.52,-1,-1,-1,-1
418,111,1672.69,432.68,40.99,140.36,-1,-1,-1,-1
418,114,440.03,447.81,162.26,317.76,-1,-1,-1,-1
418,118,292.57,436.18,148.28,333.63,-1,-1,-1,-1
418,121,863.85,437.17,48.38,166.89,-1,-1,-1,-1
418,128,961.53,446.67,23.58,75.63,-1,-1,-1,-1
418,131,1173.59,415.70,125.69,506.85,-1,-1,-1,-1
419,4,1050.80,400.73,205.65,617.98,-1,-1,-1,-1
419,36,380.81,460.41,49.96,118.74,-1,-1,-1,-1
419,70,980.25,420.75,113.15,519.99,-1,-1,-1,-1
419,98,692.23,407.39,117.09,323.43,-1,-1,-1,-1
419,108,595.05,434.96,79.02,280.50,-1,-1,-1,-1
419,110,1678.97,430.48,104.62,152.47,-1,-1,-1,-1
419,111,1672.59,432.94,41.02,140.67,-1,-1,-1,-1
419,114,442.33,444.55,160.17,320.61,-1,-1,-1,-1
419,118,293.32,436.10,156.74,333.50,-1,-1,-1,-1
419,121,861.39,436.41,47.62,167.73,-1,-1,-1,-1
419,128,963.15,446.24,22.95,75.68,-1,-1,-1,-1
419,131,1171.29,414.57,124.19,496.53,-1,-1,-1,-1
420,4,1049.97,398.50,204.59,620.29,-1,-1,-1,-1
420,36,400.07,457.03,43.79,119.51,-1,-1,-1,-1
420,70,978.79,420.60,114.11,518.83,-1,-1,-1,-1
420,98,696.73,407.07,117.14,323.02,-1,-1,-1,-1
420,108,602.18,433.16,83.04,282.44,-1,-1,-1,-1
420,110,1694.76,430.71,90.10,150.47,-1,-1,-1,-1
420,111,1672.40,433.19,41.29,140.50,-1,-1,-1,-1
420,114,451.12,443.82,151.72,320.81,-1,-1,-1,-1
420,118,294.32,437.89,163.04,329.59,-1,-1,-1,-1
420,121,860.27,436.39,46.85,168.01,-1,-1,-1,-1
420,128,964.02,447.31,23.36,74.98,-1,-1,-1,-1
420,131,1168.86,417.64,130.73,493.01,-1,-1,-1,-1
421,4,1049.80,398.44,204.62,621.25,-1,-1,-1,-1
421,36,408.44,455.79,40.55,120.44,-1,-1,-1,-1
421,51,451.32,456.60,35.93,91.92,-1,-1,-1,-1
421,70,975.58,421.00,116.77,516.84,-1,-1,-1,-1
421,98,699.53,406.36,118.51,321.81,-1,-1,-1,-1
421,108,605.81,433.68,98.04,282.63,-1,-1,-1,-1
421,110,1682.05,430.76,101.72,153.19,-1,-1,-1,-1
421,111,1672.58,433.10,40.94,141.64,-1,-1,-1,-1
421,114,459.05,440.63,143.87,321.80,-1,-1,-1,-1
421,118,294.04,438.93,169.15,327.90,-1,-1,-1,-1
421,121,859.96,436.55,46.86,167.55,-1,-1,-1,-1
421,128,965.42,448.11,22.67,75.36,-1,-1,-1,-1
421,131,1164.64,416.76,146.69,494.22,-1,-1,-1,-1
422,4,1049.56,399.04,201.12,620.62,-1,-1,-1,-1
422,36,412.42,455.26,38.90,119.15,-1,-1,-1,-1
422,51,450.44,456.24,35.79,96.61,-1,-1,-1,-1
422,70,970.83,420.73,121.17,516.52,-1,-1,-1,-1
422,98,703.23,406.44,118.26,321.83,-1,-1,-1,-1
422,108,609.79,435.36,109.88,280.47,-1,-1,-1,-1
422,110,1677.34,430.85,106.05,153.55,-1,-1,-1,-1
422,111,1672.62,432.80,40.92,141.77,-1,-1,-1,-1
422,114,467.95,440.92,134.95,317.79,-1,-1,-1,-1
422,118,297.88,442.57,176.70,322.00,-1,-1,-1,-1
422,121,856.16,437.12,49.04,166.83,-1,-1,-1,-1
422,128,967.69,449.08,20.56,73.66,-1,-1,-1,-1
422,131,1165.40,414.94,155.83,493.87,-1,-1,-1,-1
423,4,1050.05,397.96,190.49,623.30,-1,-1,-1,-1
423,36,412.44,453.05,40.01,120.06,-1,-1,-1,-1
423,51,450.64,455.43,34.27,101.71,-1,-1,-1,-1
423,70,968.77,421.00,123.38,517.47,-1,-1,-1,-1
423,98,706.47,408.80,119.32,320.53,-1,-1,-1,-1
423,108,611.93,436.84,121.21,279.51,-1,-1,-1,-1
423,110,1675.42,430.81,107.60,153.90,-1,-1,-1,-1
423,111,1672.69,432.84,40.88,141.66,-1,-1,-1,-1
423,114,476.70,444.19,126.47,312.98,-1,-1,-1,-1
423,118,297.37,442.16,184.97,322.31,-1,-1,-1,-1
423,121,852.66,438.65,52.59,165.42,-1,-1,-1,-1
423,128,969.70,448.82,19.40,73.87,-1,-1,-1,-1
423,131,1161.77,412.21,156.65,493.87,-1,-1,-1,-1
423,133,1224.52,434.89,78.12,157.67,-1,-1,-1,-1
424,4,1049.58,397.70,187.76,625.89,-1,-1,-1,-1
424,51,451.38,453.79,34.11,105.32,-1,-1,-1,-1
424,70,967.95,420.97,124.22,519.71,-1,-1,-1,-1
424,98,711.65,408.58,117.87,320.98,-1,-1,-1,-1
424,108,611.91,438.67,133.11,277.18,-1,-1,-1,-1
424,110,1674.58,430.85,108.53,153.15,-1,-1,-1,-1
424,111,1672.52,432.95,41.05,140.87,-1,-1,-1,-1
424,114,489.43,443.04,113.88,314.08,-1,-1,-1,-1
424,118,305.63,440.23,180.51,324.24,-1,-1,-1,-1
424,121,851.74,439.93,49.88,164.16,-1,-1,-1,-1
424,128,971.13,448.69,19.40,73.22,-1,-1,-1,-1
424,131,1155.46,411.24,139.40,300.04,-1,-1,-1,-1
424,133,1228.91,435.19,79.66,161.04,-1,-1,-1,-1
425,4,1050.54,396.55,184.87,628.77,-1,-1,-1,-1
425,51,450.00,455.00,33.02,99.54,-1,-1,-1,-1
425,70,968.38,421.01,123.35,518.90,-1,-1,-1,-1
425,98,715.02,409.09,118.59,320.21,-1,-1,-1,-1
425,108,613.91,439.42,137.86,276.56,-1,-1,-1,-1
425,110,1674.45,430.83,108.71,153.56,-1,-1,-1,-1
425,111,1672.45,433.03,41.09,141.09,-1,-1,-1,-1
425,114,504.79,443.37,99.37,313.59,-1,-1,-1,-1
425,118,309.20,438.46,178.43,324.53,-1,-1,-1,-1
425,121,850.91,441.28,47.14,162.45,-1,-1,-1,-1
425,128,972.62,445.89,20.73,74.42,-1,-1,-1,-1
425,131,1147.92,409.12,176.37,471.54,-1,-1,-1,-1
425,133,1233.17,433.81,80.71,160.31,-1,-1,-1,-1
426,4,1050.93,396.23,178.02,629.34,-1,-1,-1,-1
426,51,441.77,453.38,38.78,97.85,-1,-1,-1,-1
426,70,969.17,422.49,122.77,518.12,-1,-1,-1,-1
426,98,717.74,408.46,118.54,321.97,-1,-1,-1,-1
426,108,614.85,440.79,138.99,275.09,-1,-1,-1,-1
426,110,1674.57,430.72,109.18,154.30,-1,-1,-1,-1
426,111,1672.37,433.11,41.12,141.31,-1,-1,-1,-1
426,114,520.38,436.17,88.11,320.99,-1,-1,-1,-1
426,118,320.09,437.87,168.32,324.21,-1,-1,-1,-1
426,121,845.77,441.72,48.88,162.47,-1,-1,-1,-1
426,128,974.21,445.70,21.23,70.53,-1,-1,-1,-1
426,131,1154.70,409.81,170.17,525.72,-1,-1,-1,-1
426,133,1238.17,432.78,82.10,163.05,-1,-1,-1,-1
426,134,914.46,483.10,96.23,101.56,-1,-1,-1,-1
427,4,1052.94,395.10,175.93,638.54,-1,-1,-1,-1
427,51,441.19,452.70,38.36,93.31,-1,-1,-1,-1
427,70,969.36,422.32,123.75,519.02,-1,-1,-1,-1
427,98,721.06,407.84,117.60,322.82,-1,-1,-1,-1
427,108,614.18,441.50,139.93,273.80,-1,-1,-1,-1
427,110,1675.24,430.42,108.71,150.79,-1,-1,-1,-1
427,111,1672.30,433.19,41.16,141.52,-1,-1,-1,-1
427,114,528.68,434.65,89.96,322.39,-1,-1,-1,-1
427,118,332.38,435.60,156.62,321.06,-1,-1,-1,-1
427,121,843.17,441.06,49.53,162.88,-1,-1,-1,-1
427,128,973.97,445.91,22.02,71.84,-1,-1,-1,-1
427,131,1153.32,410.32,173.35,594.72,-1,-1,-1,-1
427,133,1242.92,431.75,82.70,162.14,-1,-1,-1,-1
427,134,913.70,482.60,97.25,102.12,-1,-1,-1,-1
428,4,1055.15,394.66,175.63,642.76,-1,-1,-1,-1
428,51,440.25,452.86,38.35,94.34,-1,-1,-1,-1
428,70,970.30,420.50,124.58,521.64,-1,-1,-1,-1
428,98,723.23,408.17,118.13,322.91,-1,-1,-1,-1
428,108,614.19,444.04,140.03,270.50,-1,-1,-1,-1
428,110,1672.84,431.16,89.42,149.92,-1,-1,-1,-1
428,111,1672.23,433.27,41.19,141.74,-1,-1,-1,-1
428,114,533.52,438.00,88.39,319.17,-1,-1,-1,-1
428,118,347.03,434.49,142.24,318.43,-1,-1,-1,-1
428,121,841.35,440.68,48.29,162.26,-1,-1,-1,-1
428,128,974.86,445.85,22.12,62.60,-1,-1,-1,-1
428,131,1158.17,410.86,166.52,620.95,-1,-1,-1,-1
428,133,1239.37,431.26,100.17,266.10,-1,-1,-1,-1
428,134,913.00,482.21,97.84,102.65,-1,-1,-1,-1
429,4,1057.36,393.26,176.10,638.68,-1,-1,-1,-1
429,51,439.30,453.02,38.35,95.38,-1,-1,-1,-1
429,70,971.02,420.45,125.30,522.32,-1,-1,-1,-1
429,98,726.06,408.38,118.69,322.95,-1,-1,-1,-1
429,108,618.23,444.72,135.56,269.64,-1,-1,-1,-1
429,110,1677.92,431.05,87.66,150.28,-1,-1,-1,-1
429,111,1672.16,433.35,41.23,141.96,-1,-1,-1,-1
429,114,537.84,439.23,93.00,317.77,-1,-1,-1,-1
429,118,364.81,434.57,124.00,316.15,-1,-1,-1,-1
429,121,840.52,440.36,46.03,160.51,-1,-1,-1,-1
429,128,975.91,446.04,21.70,60.16,-1,-1,-1,-1
429,131,1160.15,409.00,168.16,636.45,-1,-1,-1,-1
429,133,1243.30,429.67,101.46,222.43,-1,-1,-1,-1
429,134,912.00,481.38,98.22,103.89,-1,-1,-1,-1
430,4,1059.24,393.48,174.91,648.24,-1,-1,-1,-1
430,51,438.35,453.17,38.34,96.41,-1,-1,-1,-1
430,70,972.89,421.97,125.99,520.41,-1,-1,-1,-1
430,98,728.99,410.63,119.58,320.58,-1,-1,-1,-1
430,108,631.41,443.34,123.43,270.74,-1,-1,-1,-1
430,110,1683.01,430.94,85.90,150.65,-1,-1,-1,-1
430,111,1672.08,433.43,41.27,142.18,-1,-1,-1,-1
430,114,542.15,440.67,103.52,316.02,-1,-1,-1,-1
430,118,381.08,432.90,106.49,316.63,-1,-1,-1,-1
430,121,839.90,439.58,43.50,158.98,-1,-1,-1,-1
430,128,976.38,445.32,22.76,45.42,-1,-1,-1,-1
430,131,1159.40,411.79,176.43,447.99,-1,-1,-1,-1
430,133,1251.71,427.74,91.79,195.41,-1,-1,-1,-1
430,134,911.53,481.16,98.45,104.46,-1,-1,-1,-1
430,136,1597.75,325.72,315.50,578.47,-1,-1,-1,-1
431,4,1063.72,399.02,170.90,629.63,-1,-1,-1,-1
431,51,437.40,453.33,38.34,97.44,-1,-1,-1,-1
431,70,974.72,422.98,128.51,518.84,-1,-1,-1,-1
431,98,735.28,410.40,115.05,319.98,-1,-1,-1,-1
431,108,641.13,441.66,113.14,270.90,-1,-1,-1,-1
431,110,1688.09,430.83,84.14,151.01,-1,-1,-1,-1
431,111,1672.01,433.50,41.30,142.39,-1,-1,-1,-1
431,114,546.63,441.09,117.35,316.08,-1,-1,-1,-1
431,118,387.13,437.81,101.36,307.59,-1,-1,-1,-1
431,121,836.50,438.94,45.23,159.77,-1,-1,-1,-1
431,128,976.59,445.59,22.80,52.63,-1,-1,-1,-1
431,131,1174.10,413.08,147.99,360.22,-1,-1,-1,-1
431,133,1252.60,425.86,98.37,279.38,-1,-1,-1,-1
431,134,912.03,481.33,98.10,104.24,-1,-1,-1,-1
431,136,1546.55,290.58,373.39,703.58,-1,-1,-1,-1
432,4,1067.55,395.18,173.65,636.98,-1,-1,-1,-1
432,51,436.45,453.49,38.33,98.47,-1,-1,-1,-1
432,70,978.26,422.16,128.10,519.06,-1,-1,-1,-1
432,98,744.33,410.86,108.36,319.25,-1,-1,-1,-1
432,108,648.37,441.32,105.58,269.51,-1,-1,-1,-1
432,110,1693.17,430.72,82.38,151.37,-1,-1,-1,-1
432,111,1671.94,433.58,41.34,142.61,-1,-1,-1,-1
432,114,549.52,441.53,127.22,315.75,-1,-1,-1,-1
432,118,390.48,443.13,100.18,297.25,-1,-1,-1,-1
432,121,833.52,438.39,47.85,159.74,-1,-1,-1,-1
432,128,976.82,446.04,23.34,52.58,-1,-1,-1,-1
432,131,1180.62,413.34,136.67,335.08,-1,-1,-1,-1
432,133,1260.14,423.90,94.70,309.65,-1,-1,-1,-1
432,134,911.92,480.50,98.35,104.98,-1,-1,-1,-1
432,136,1502.98,290.56,416.85,754.13,-1,-1,-1,-1
433,4,1071.31,398.51,174.63,625.34,-1,-1,-1,-1
433,51,435.50,453.65,38.33,99.50,-1,-1,-1,-1
433,70,982.06,421.77,128.83,520.09,-1,-1,-1,-1
433,98,748.77,411.72,105.14,317.46,-1,-1,-1,-1
433,108,656.64,437.50,97.11,273.45,-1,-1,-1,-1
433,110,1698.26,430.62,80.63,151.74,-1,-1,-1,-1
433,111,1671.86,433.66,41.37,142.83,-1,-1,-1,-1
433,114,550.42,441.43,135.36,315.99,-1,-1,-1,-1
433,118,385.30,447.32,108.77,297.92,-1,-1,-1,-1
433,121,832.77,437.48,47.03,160.48,-1,-1,-1,-1
433,128,976.53,444.41,26.92,61.00,-1,-1,-1,-1
433,131,1185.40,412.29,132.02,325.85,-1,-1,-1,-1
433,133,1265.44,423.52,95.33,320.68,-1,-1,-1,-1
433,134,912.03,480.82,98.73,104.57,-1,-1,-1,-1
433,136,1460.89,296.74,457.78,767.62,-1,-1,-1,-1
434,4,1074.83,397.49,175.06,563.45,-1,-1,-1,-1
434,51,434.56,453.80,38.32,100.54,-1,-1,-1,-1
434,70,989.00,421.95,126.54,520.62,-1,-1,-1,-1
434,98,750.13,411.12,105.72,318.11,-1,-1,-1,-1
434,108,676.26,438.32,79.83,275.14,-1,-1,-1,-1
434,110,1703.34,430.51,78.87,152.10,-1,-1,-1,-1
434,111,1671.79,433.74,41.41,143.05,-1,-1,-1,-1
434,114,551.09,442.07,138.57,314.59,-1,-1,-1,-1
434,118,389.56,450.75,113.48,297.05,-1,-1,-1,-1
434,121,833.35,437.15,43.89,160.62,-1,-1,-1,-1
434,128,977.05,444.84,28.07,63.69,-1,-1,-1,-1
434,131,1190.13,413.68,128.03,301.49,-1,-1,-1,-1
434,133,1270.53,423.65,95.88,320.01,-1,-1,-1,-1
434,134,912.76,487.55,97.47,97.36,-1,-1,-1,-1
434,136,1414.53,482.98,495.36,546.88,-1,-1,-1,-1
434,138,522.01,457.78,25.10,67.50,-1,-1,-1,-1
435,4,1080.36,397.80,172.79,447.33,-1,-1,-1,-1
435,51,433.61,453.96,38.32,101.57,-1,-1,-1,-1
435,70,990.67,421.04,132.19,499.47,-1,-1,-1,-1
435,98,750.21,410.89,104.71,317.84,-1,-1,-1,-1
435,108,691.33,438.15,71.08,271.66,-1,-1,-1,-1
435,110,1699.33,430.62,83.46,149.50,-1,-1,-1,-1
435,111,1671.72,433.82,41.44,143.26,-1,-1,-1,-1
435,114,551.52,443.03,140.56,313.34,-1,-1,-1,-1
435,118,411.06,447.72,111.64,301.41,-1,-1,-1,-1
435,121,830.64,437.53,47.02,160.16,-1,-1,-1,-1
435,128,977.60,445.10,27.40,64.53,-1,-1,-1,-1
435,131,1193.61,413.24,131.55,303.56,-1,-1,-1,-1
435,133,1275.22,422.23,97.48,322.07,-1,-1,-1,-1
435,134,912.79,486.20,96.76,98.70,-1,-1,-1,-1
435,136,1362.82,412.78,485.52,618.26,-1,-1,-1,-1
435,138,521.05,458.30,26.31,68.70,-1,-1,-1,-1
436,4,1089.01,395.95,164.43,421.29,-1,-1,-1,-1
436,51,432.66,454.12,38.31,102.60,-1,-1,-1,-1
436,70,992.62,420.67,133.59,420.33,-1,-1,-1,-1
436,98,751.88,409.05,102.98,318.54,-1,-1,-1,-1
436,108,700.57,437.54,66.98,271.68,-1,-1,-1,-1
436,110,1688.23,430.64,94.87,151.84,-1,-1,-1,-1
436,111,1671.65,433.90,41.48,143.48,-1,-1,-1,-1
436,114,550.49,442.83,143.12,313.47,-1,-1,-1,-1
436,118,420.10,444.17,120.06,307.50,-1,-1,-1,-1
436,121,828.22,439.16,46.86,158.16,-1,-1,-1,-1
436,128,979.79,444.28,27.07,64.63,-1,-1,-1,-1
436,131,1195.92,409.10,131.37,332.45,-1,-1,-1,-1
436,133,1279.33,423.24,97.01,291.46,-1,-1,-1,-1
436,134,912.34,481.32,97.60,104.18,-1,-1,-1,-1
436,136,1314.03,338.54,467.76,696.48,-1,-1,-1,-1
436,138,520.75,458.42,26.00,68.45,-1,-1,-1,-1
437,4,1094.77,396.65,164.31,433.90,-1,-1,-1,-1
437,51,431.71,454.28,38.31,103.63,-1,-1,-1,-1
437,70,994.65,420.53,135.02,403.98,-1,-1,-1,-1
437,98,755.85,408.97,99.24,316.35,-1,-1,-1,-1
437,108,706.55,434.03,67.49,273.49,-1,-1,-1,-1
437,110,1695.18,430.64,87.94,151.00,-1,-1,-1,-1
437,111,1671.57,433.98,41.52,143.70,-1,-1,-1,-1
437,114,549.66,442.88,145.42,313.64,-1,-1,-1,-1
437,118,425.38,439.66,124.95,313.53,-1,-1,-1,-1
437,121,827.57,440.46,48.36,157.16,-1,-1,-1,-1
437,128,979.95,444.64,27.74,67.37,-1,-1,-1,-1
437,131,1199.33,408.89,130.43,305.55,-1,-1,-1,-1
437,133,1286.04,424.52,104.28,297.60,-1,-1,-1,-1
437,134,911.43,490.61,97.76,94.85,-1,-1,-1,-1
437,136,1254.80,326.64,453.02,707.06,-1,-1,-1,-1
437,138,520.73,458.42,25.58,69.07,-1,-1,-1,-1
438,4,1099.88,398.80,159.91,443.46,-1,-1,-1,-1
438,51,430.76,454.44,38.30,104.67,-1,-1,-1,-1
438,70,995.18,419.97,139.36,407.77,-1,-1,-1,-1
438,98,758.73,408.28,101.79,315.93,-1,-1,-1,-1
438,108,710.78,433.16,71.07,273.71,-1,-1,-1,-1
438,110,1686.02,430.46,95.94,151.10,-1,-1,-1,-1
438,111,1670.76,433.40,42.58,139.88,-1,-1,-1,-1
438,114,549.23,443.36,146.35,312.28,-1,-1,-1,-1
438,118,429.70,440.41,128.16,311.46,-1,-1,-1,-1
438,121,827.70,442.04,42.72,155.03,-1,-1,-1,-1
438,128,979.96,444.99,27.88,67.73,-1,-1,-1,-1
438,131,1204.89,409.18,128.78,317.81,-1,-1,-1,-1
438,133,1292.74,425.79,111.54,303.74,-1,-1,-1,-1
438,134,911.39,488.34,98.36,97.01,-1,-1,-1,-1
438,136,1247.26,496.16,386.47,536.23,-1,-1,-1,-1
438,138,521.61,460.16,24.97,67.29,-1,-1,-1,-1
439,4,1103.30,401.67,153.16,454.23,-1,-1,-1,-1
439,51,429.81,454.59,38.30,105.70,-1,-1,-1,-1
439,70,996.28,420.66,142.42,422.03,-1,-1,-1,-1
439,98,765.76,409.11,99.90,313.24,-1,-1,-1,-1
439,108,713.13,433.81,77.65,273.07,-1,-1,-1,-1
439,110,1680.95,430.11,102.54,151.75,-1,-1,-1,-1
439,111,1670.79,432.78,42.64,140.62,-1,-1,-1,-1
439,114,550.36,441.92,145.34,313.06,-1,-1,-1,-1
439,118,431.92,439.87,129.35,310.07,-1,-1,-1,-1
439,121,828.83,443.61,40.44,139.81,-1,-1,-1,-1
439,128,981.39,444.89,27.71,66.20,-1,-1,-1,-1
439,131,1210.46,409.47,127.12,330.07,-1,-1,-1,-1
439,133,1299.44,427.07,118.80,309.88,-1,-1,-1,-1
439,134,911.36,486.07,98.97,99.18,-1,-1,-1,-1
439,136,1179.98,386.91,386.73,659.20,-1,-1,-1,-1
439,138,522.64,460.50,24.52,67.17,-1,-1,-1,-1
440,4,1115.99,402.93,157.04,463.49,-1,-1,-1,-1
440,51,428.87,454.75,38.29,106.73,-1,-1,-1,-1
440,70,1002.20,420.19,143.78,437.66,-1,-1,-1,-1
440,98,770.15,410.27,98.54,311.34,-1,-1,-1,-1
440,108,714.02,434.75,80.25,272.24,-1,-1,-1,-1
440,110,1675.98,430.16,107.93,153.56,-1,-1,-1,-1
440,111,1671.12,432.90,42.31,141.86,-1,-1,-1,-1
440,114,551.44,441.30,145.01,312.89,-1,-1,-1,-1
440,118,433.08,440.04,131.13,308.51,-1,-1,-1,-1
440,121,826.03,442.91,41.65,144.83,-1,-1,-1,-1
440,128,982.46,444.39,27.94,68.32,-1,-1,-1,-1
440,131,1216.02,409.76,125.47,342.32,-1,-1,-1,-1
440,133,1306.14,428.34,126.07,316.02,-1,-1,-1,-1
440,134,911.33,483.80,99.57,101.34,-1,-1,-1,-1
440,136,1114.97,369.42,379.64,676.72,-1,-1,-1,-1
440,138,524.03,459.67,23.39,68.26,-1,-1,-1,-1
441,4,1128.68,404.19,160.91,472.75,-1,-1,-1,-1
441,51,427.92,454.91,38.29,107.76,-1,-1,-1,-1
441,70,1004.27,422.95,152.91,435.86,-1,-1,-1,-1
441,98,782.71,411.16,87.28,303.51,-1,-1,-1,-1
441,108,715.46,436.31,93.81,270.16,-1,-1,-1,-1
441,110,1674.52,430.19,109.64,153.18,-1,-1,-1,-1
441,111,1670.82,432.90,42.65,141.53,-1,-1,-1,-1
441,114,554.06,440.47,141.59,312.72,-1,-1,-1,-1
441,118,436.60,445.82,129.80,300.18,-1,-1,-1,-1
441,121,823.24,442.21,42.87,149.85,-1,-1,-1,-1
441,128,984.23,444.35,26.66,66.71,-1,-1,-1,-1
441,131,1221.58,410.06,123.82,354.58,-1,-1,-1,-1
441,133,1312.84,429.62,133.33,322.16,-1,-1,-1,-1
441,134,911.29,481.53,100.17,103.50,-1,-1,-1,-1
441,136,1083.11,364.69,342.30,677.18,-1,-1,-1,-1
441,138,523.89,459.24,23.58,69.78,-1,-1,-1,-1
441,142,346.31,507.14,80.77,127.79,-1,-1,-1,-1
442,4,1141.36,405.45,164.79,482.02,-1,-1,-1,-1
442,51,426.97,455.07,38.28,108.79,-1,-1,-1,-1
442,70,1021.35,422.70,138.95,394.43,-1,-1,-1,-1
442,98,789.56,411.52,80.38,299.62,-1,-1,-1,-1
442,108,716.33,431.81,102.49,276.26,-1,-1,-1,-1
442,110,1673.09,429.69,111.13,151.59,-1,-1,-1,-1
442,111,1670.93,432.76,42.68,140.05,-1,-1,-1,-1
442,114,561.72,440.04,134.32,312.18,-1,-1,-1,-1
442,118,441.60,442.71,125.72,303.13,-1,-1,-1,-1
442,121,820.45,441.50,44.09,154.87,-1,-1,-1,-1
442,128,984.63,444.56,27.83,68.47,-1,-1,-1,-1
442,131,1227.14,410.35,122.16,366.84,-1,-1,-1,-1
442,133,1309.99,430.05,143.73,326.36,-1,-1,-1,-1
442,134,911.26,479.25,100.77,105.66,-1,-1,-1,-1
442,136,1013.92,364.42,345.49,668.76,-1,-1,-1,-1
442,138,522.74,459.22,24.36,70.96,-1,-1,-1,-1
442,142,342.16,509.72,79.63,130.08,-1,-1,-1,-1
443,4,1154.05,406.70,168.67,491.28,-1,-1,-1,-1
443,51,426.02,455.22,38.28,109.83,-1,-1,-1,-1
443,70,1038.43,422.46,124.98,353.01,-1,-1,-1,-1
443,91,588.96,455.34,18.81,53.10,-1,-1,-1,-1
443,98,795.45,412.04,75.65,294.33,-1,-1,-1,-1
443,108,716.29,436.97,101.70,270.94,-1,-1,-1,-1
443,110,1692.64,430.14,92.31,152.22,-1,-1,-1,-1
443,111,1670.27,432.90,43.56,139.16,-1,-1,-1,-1
443,114,569.92,438.94,126.60,308.85,-1,-1,-1,-1
443,118,449.06,438.99,119.98,305.06,-1,-1,-1,-1
443,121,817.65,440.80,45.31,159.89,-1,-1,-1,-1
443,128,984.86,444.16,24.42,64.71,-1,-1,-1,-1
443,131,1232.70,410.64,120.51,379.10,-1,-1,-1,-1
443,133,1314.98,428.82,143.17,329.39,-1,-1,-1,-1
443,134,916.38,478.21,95.18,106.35,-1,-1,-1,-1
443,136,957.03,360.48,349.93,677.78,-1,-1,-1,-1
443,138,522.90,459.01,24.47,72.15,-1,-1,-1,-1
443,142,331.33,511.44,82.67,130.16,-1,-1,-1,-1
444,4,1166.74,407.96,172.55,500.54,-1,-1,-1,-1
444,51,425.07,455.38,38.27,110.86,-1,-1,-1,-1
444,70,1055.51,422.21,111.02,311.59,-1,-1,-1,-1
444,91,588.32,454.86,18.58,53.41,-1,-1,-1,-1
444,98,797.70,411.27,76.05,295.07,-1,-1,-1,-1
444,108,716.13,433.89,105.48,274.17,-1,-1,-1,-1
444,110,1701.22,430.30,82.71,151.99,-1,-1,-1,-1
444,111,1670.00,432.75,43.68,138.42,-1,-1,-1,-1
444,114,579.12,438.14,117.95,306.56,-1,-1,-1,-1
444,118,457.27,437.36,113.39,302.30,-1,-1,-1,-1
444,121,814.86,440.10,46.53,164.91,-1,-1,-1,-1
444,128,987.83,444.84,24.28,66.18,-1,-1,-1,-1
444,131,1242.01,420.51,111.09,337.85,-1,-1,-1,-1
444,133,1319.31,429.16,138.92,333.34,-1,-1,-1,-1
444,134,915.96,478.69,95.37,105.88,-1,-1,-1,-1
444,136,914.05,359.50,335.55,664.73,-1,-1,-1,-1
444,138,523.05,458.80,24.59,73.35,-1,-1,-1,-1
444,142,322.27,511.70,84.64,130.78,-1,-1,-1,-1
444,144,381.69,461.41,47.73,113.78,-1,-1,-1,-1
445,4,1150.30,406.40,195.20,508.77,-1,-1,-1,-1
445,51,424.12,455.54,38.27,111.89,-1,-1,-1,-1
445,70,1072.59,421.97,97.05,270.16,-1,-1,-1,-1
445,91,588.18,455.34,18.35,52.93,-1,-1,-1,-1
445,98,799.97,409.85,76.56,299.22,-1,-1,-1,-1
445,108,716.22,438.24,101.68,268.90,-1,-1,-1,-1
445,110,1684.07,430.12,99.00,151.27,-1,-1,-1,-1
445,111,1670.15,432.81,43.28,138.18,-1,-1,-1,-1
445,114,589.51,439.06,107.37,302.76,-1,-1,-1,-1
445,118,463.73,435.17,106.64,298.06,-1,-1,-1,-1
445,121,812.06,439.39,47.75,169.93,-1,-1,-1,-1
445,128,990.80,445.52,24.15,67.65,-1,-1,-1,-1
445,131,1247.20,413.81,106.52,327.93,-1,-1,-1,-1
445,133,1324.66,429.96,134.00,334.58,-1,-1,-1,-1
445,134,915.55,479.17,95.55,105.41,-1,-1,-1,-1
445,136,873.98,352.69,330.26,658.99,-1,-1,-1,-1
445,138,523.21,458.59,24.71,74.54,-1,-1,-1,-1
445,142,316.60,510.32,84.17,134.86,-1,-1,-1,-1
445,144,381.77,461.37,47.56,114.24,-1,-1,-1,-1
446,4,1138.19,402.99,188.90,612.26,-1,-1,-1,-1
446,51,423.18,455.70,38.26,112.92,-1,-1,-1,-1
446,70,1089.67,421.72,83.08,228.74,-1,-1,-1,-1
446,91,587.93,455.16,18.70,53.34,-1,-1,-1,-1
446,98,802.80,411.25,77.16,295.32,-1,-1,-1,-1
446,108,716.89,441.92,100.88,266.09,-1,-1,-1,-1
446,110,1696.61,430.23,86.77,151.73,-1,-1,-1,-1
446,111,1670.27,433.00,43.39,138.41,-1,-1,-1,-1
446,114,607.93,438.97,90.98,298.72,-1,-1,-1,-1
446,118,473.33,433.08,100.49,294.04,-1,-1,-1,-1
446,121,809.27,438.69,48.96,174.95,-1,-1,-1,-1
446,128,993.77,446.21,24.01,69.13,-1,-1,-1,-1
446,131,1248.63,411.83,114.90,328.75,-1,-1,-1,-1
446,133,1332.20,428.20,128.01,337.10,-1,-1,-1,-1
446,134,915.14,479.64,95.74,104.94,-1,-1,-1,-1
446,136,837.30,344.05,326.20,656.65,-1,-1,-1,-1
446,138,523.37,458.38,24.83,75.73,-1,-1,-1,-1
446,142,313.60,511.23,80.08,135.70,-1,-1,-1,-1
446,144,381.90,461.55,47.60,114.48,-1,-1,-1,-1
447,4,1134.30,404.18,200.46,648.75,-1,-1,-1,-1
447,51,422.23,455.85,38.26,113.96,-1,-1,-1,-1
447,70,1073.37,419.71,106.35,328.11,-1,-1,-1,-1
447,91,587.76,455.22,18.85,53.57,-1,-1,-1,-1
447,98,806.92,410.82,77.01,287.34,-1,-1,-1,-1
447,108,719.02,439.35,100.92,267.50,-1,-1,-1,-1
447,110,1701.38,430.19,81.56,152.11,-1,-1,-1,-1
447,111,1670.41,432.72,43.38,140.34,-1,-1,-1,-1
447,114,620.80,437.23,82.62,297.82,-1,-1,-1,-1
447,118,481.09,431.91,97.84,294.62,-1,-1,-1,-1
447,121,806.48,437.99,50.18,179.97,-1,-1,-1,-1
447,128,996.74,446.89,23.88,70.60,-1,-1,-1,-1
447,131,1255.98,417.60,108.77,320.13,-1,-1,-1,-1
447,133,1338.04,426.61,122.65,338.44,-1,-1,-1,-1
447,134,914.73,480.12,95.93,104.46,-1,-1,-1,-1
447,136,804.26,335.38,321.90,663.46,-1,-1,-1,-1
447,138,523.52,458.17,24.94,76.93,-1,-1,-1,-1
447,142,304.59,512.82,82.63,138.60,-1,-1,-1,-1
447,144,381.99,461.71,47.57,114.36,-1,-1,-1,-1
448,4,1131.33,407.83,203.82,658.14,-1,-1,-1,-1
448,51,421.28,456.01,38.25,114.99,-1,-1,-1,-1
448,70,1060.27,421.58,123.79,452.02,-1,-1,-1,-1
448,91,587.94,455.21,18.82,53.93,-1,-1,-1,-1
448,98,811.07,410.63,72.18,264.08,-1,-1,-1,-1
448,108,723.96,439.19,116.10,268.93,-1,-1,-1,-1
448,110,1694.51,430.52,89.06,153.30,-1,-1,-1,-1
448,111,1670.40,432.41,43.20,143.10,-1,-1,-1,-1
448,114,629.14,438.32,80.84,297.63,-1,-1,-1,-1
448,118,491.22,431.93,92.72,291.09,-1,-1,-1,-1
448,121,803.68,437.28,51.40,184.99,-1,-1,-1,-1
448,128,999.71,447.57,23.74,72.07,-1,-1,-1,-1
448,131,1261.96,419.40,104.29,322.80,-1,-1,-1,-1
448,133,1342.46,424.66,120.38,340.47,-1,-1,-1,-1
448,134,914.32,480.59,96.11,103.99,-1,-1,-1,-1
448,136,779.15,328.75,311.42,663.29,-1,-1,-1,-1
448,138,523.68,457.96,25.06,78.12,-1,-1,-1,-1
448,142,296.23,512.18,85.03,141.93,-1,-1,-1,-1
448,144,382.14,461.44,47.45,114.76,-1,-1,-1,-1
449,4,1137.75,409.93,198.37,662.86,-1,-1,-1,-1
449,51,420.51,455.84,38.78,115.62,-1,-1,-1,-1
449,70,1046.47,421.96,139.97,502.50,-1,-1,-1,-1
449,91,587.79,454.59,18.87,54.58,-1,-1,-1,-1
449,98,815.22,410.44,67.35,240.82,-1,-1,-1,-1
449,108,739.81,434.42,111.06,274.22,-1,-1,-1,-1
449,110,1680.73,430.26,102.64,153.67,-1,-1,-1,-1
449,111,1670.37,432.65,43.24,140.76,-1,-1,-1,-1
449,114,635.51,438.61,78.51,296.79,-1,-1,-1,-1
449,118,483.86,431.23,105.28,291.70,-1,-1,-1,-1
449,121,800.89,436.58,52.62,190.00,-1,-1,-1,-1
449,128,1002.69,448.25,23.61,73.55,-1,-1,-1,-1
449,131,1268.46,419.98,99.25,322.45,-1,-1,-1,-1
449,133,1342.74,423.78,124.03,341.85,-1,-1,-1,-1
449,134,913.91,481.07,96.30,103.52,-1,-1,-1,-1
449,136,733.12,324.91,309.14,654.66,-1,-1,-1,-1
449,138,523.84,457.75,25.18,79.32,-1,-1,-1,-1
449,142,289.48,511.83,85.13,143.92,-1,-1,-1,-1
449,144,382.23,461.40,47.14,114.64,-1,-1,-1,-1
450,4,1142.72,410.65,215.28,660.62,-1,-1,-1,-1
450,51,418.66,456.47,37.75,115.06,-1,-1,-1,-1
450,70,1040.89,422.57,148.50,525.39,-1,-1,-1,-1
450,91,587.92,454.22,18.03,54.66,-1,-1,-1,-1
450,98,819.37,410.25,62.53,217.57,-1,-1,-1,-1
450,108,755.66,429.64,106.02,279.52,-1,-1,-1,-1
450,110,1676.31,430.13,107.56,153.52,-1,-1,-1,-1
450,111,1670.14,432.64,43.62,140.11,-1,-1,-1,-1
450,114,640.95,437.59,75.96,298.05,-1,-1,-1,-1
450,118,489.33,430.92,103.85,292.58,-1,-1,-1,-1
450,121,798.09,435.88,53.84,195.02,-1,-1,-1,-1
450,128,1001.58,447.81,26.18,75.78,-1,-1,-1,-1
450,131,1271.96,418.78,97.52,327.49,-1,-1,-1,-1
450,133,1335.79,422.62,126.87,342.42,-1,-1,-1,-1
450,134,913.50,481.54,96.48,103.05,-1,-1,-1,-1
450,136,693.90,331.99,329.56,688.81,-1,-1,-1,-1
450,138,523.99,457.54,25.30,80.51,-1,-1,-1,-1
450,142,281.63,513.55,85.71,142.41,-1,-1,-1,-1
450,144,382.32,461.36,47.23,114.72,-1,-1,-1,-1
450,145,1070.00,439.49,31.80,91.08,-1,-1,-1,-1
451,4,1142.89,413.59,241.53,649.72,-1,-1,-1,-1
451,51,416.89,456.24,38.88,116.08,-1,-1,-1,-1
451,70,1039.95,423.97,155.86,532.62,-1,-1,-1,-1
451,91,588.77,456.24,17.59,51.38,-1,-1,-1,-1
451,98,823.52,410.06,57.70,194.31,-1,-1,-1,-1
451,108,771.51,424.87,100.99,284.81,-1,-1,-1,-1
451,110,1679.46,430.28,105.34,153.79,-1,-1,-1,-1
451,111,1670.59,432.57,42.91,140.20,-1,-1,-1,-1
451,114,644.35,436.45,78.05,300.09,-1,-1,-1,-1
451,118,496.87,431.07,113.49,295.32,-1,-1,-1,-1
451,121,795.30,435.17,55.06,200.04,-1,-1,-1,-1
451,128,1001.58,447.34,26.22,76.96,-1,-1,-1,-1
451,131,1276.90,419.55,94.91,329.83,-1,-1,-1,-1
451,133,1343.35,420.58,126.23,344.05,-1,-1,-1,-1
451,134,913.09,482.02,96.67,102.58,-1,-1,-1,-1
451,136,673.15,340.10,325.83,676.54,-1,-1,-1,-1
451,138,524.15,457.33,25.42,81.71,-1,-1,-1,-1
451,142,273.84,513.33,87.08,143.12,-1,-1,-1,-1
451,144,382.31,461.40,47.32,114.49,-1,-1,-1,-1
451,145,1068.60,440.42,32.43,96.10,-1,-1,-1,-1
452,4,1149.76,413.62,262.76,643.51,-1,-1,-1,-1
452,51,416.74,455.96,38.83,117.07,-1,-1,-1,-1
452,70,1040.59,424.00,158.53,536.21,-1,-1,-1,-1
452,91,589.02,456.56,17.70,50.19,-1,-1,-1,-1
452,98,827.67,409.88,52.87,171.06,-1,-1,-1,-1
452,108,787.36,420.09,95.95,290.11,-1,-1,-1,-1
452,110,1692.00,430.30,93.13,155.41,-1,-1,-1,-1
452,111,1671.61,432.57,41.59,143.27,-1,-1,-1,-1
452,114,648.65,443.63,72.98,265.99,-1,-1,-1,-1
452,118,501.30,431.82,126.19,294.68,-1,-1,-1,-1
452,121,792.50,434.47,56.27,205.06,-1,-1,-1,-1
452,128,1002.07,447.26,24.35,76.40,-1,-1,-1,-1
452,131,1279.82,437.54,101.97,332.10,-1,-1,-1,-1
452,133,1355.19,419.61,128.22,344.97,-1,-1,-1,-1
452,134,912.68,482.50,96.86,102.11,-1,-1,-1,-1
452,136,629.38,351.22,338.77,674.45,-1,-1,-1,-1
452,138,524.31,457.12,25.53,82.90,-1,-1,-1,-1
452,142,265.90,512.68,87.43,143.26,-1,-1,-1,-1
452,144,382.41,461.31,47.33,114.61,-1,-1,-1,-1
452,145,1067.19,441.88,32.74,101.61,-1,-1,-1,-1
453,4,1153.49,413.87,282.47,655.17,-1,-1,-1,-1
453,51,419.04,456.44,36.99,115.77,-1,-1,-1,-1
453,70,1042.68,423.40,158.30,537.56,-1,-1,-1,-1
453,98,831.82,409.69,48.04,147.80,-1,-1,-1,-1
453,108,803.21,415.32,90.91,295.40,-1,-1,-1,-1
453,110,1698.24,430.20,85.60,154.08,-1,-1,-1,-1
453,111,1672.07,432.36,41.00,145.45,-1,-1,-1,-1
453,114,656.84,443.96,70.64,247.29,-1,-1,-1,-1
453,118,501.40,432.65,127.63,293.16,-1,-1,-1,-1
453,121,789.71,433.77,57.49,210.08,-1,-1,-1,-1
453,128,1002.02,447.21,23.31,75.63,-1,-1,-1,-1
453,131,1290.84,440.91,88.29,321.71,-1,-1,-1,-1
453,133,1365.53,418.84,125.23,345.59,-1,-1,-1,-1
453,134,912.17,479.81,97.96,105.31,-1,-1,-1,-1
453,136,598.88,354.60,337.38,652.78,-1,-1,-1,-1
453,138,524.46,456.91,25.65,84.09,-1,-1,-1,-1
453,142,257.72,512.05,88.66,141.75,-1,-1,-1,-1
453,144,382.21,461.17,47.40,114.77,-1,-1,-1,-1
453,145,1066.71,442.30,33.15,103.21,-1,-1,-1,-1
454,4,1152.80,409.94,299.30,663.13,-1,-1,-1,-1
454,51,420.35,455.80,36.00,116.15,-1,-1,-1,-1
454,70,1045.86,423.32,156.80,537.04,-1,-1,-1,-1
454,98,824.12,408.86,67.47,240.94,-1,-1,-1,-1
454,108,819.06,410.54,85.88,300.69,-1,-1,-1,-1
454,110,1700.00,430.10,86.22,155.23,-1,-1,-1,-1
454,111,1672.48,431.61,41.13,146.92,-1,-1,-1,-1
454,114,665.04,444.29,68.31,228.60,-1,-1,-1,-1
454,118,504.40,434.50,121.47,291.90,-1,-1,-1,-1
454,121,786.92,433.06,58.71,215.10,-1,-1,-1,-1
454,128,1001.57,447.01,24.24,75.20,-1,-1,-1,-1
454,131,1298.97,442.34,80.17,295.08,-1,-1,-1,-1
454,133,1371.57,418.99,124.69,348.48,-1,-1,-1,-1
454,134,913.71,480.19,96.31,104.29,-1,-1,-1,-1
454,136,553.47,366.63,349.34,671.12,-1,-1,-1,-1
454,138,524.62,456.70,25.77,85.29,-1,-1,-1,-1
454,142,250.12,512.89,89.69,140.56,-1,-1,-1,-1
454,144,382.50,461.30,47.02,114.63,-1,-1,-1,-1
454,145,1065.58,441.20,34.26,108.94,-1,-1,-1,-1
455,4,1152.37,413.97,308.32,658.94,-1,-1,-1,-1
455,51,420.82,455.75,35.26,115.97,-1,-1,-1,-1
455,70,1049.23,422.42,158.43,537.91,-1,-1,-1,-1
455,108,825.01,409.32,84.02,301.34,-1,-1,-1,-1
455,110,1702.22,429.81,85.31,154.86,-1,-1,-1,-1
455,111,1672.95,431.20,40.80,148.57,-1,-1,-1,-1
455,114,673.23,444.63,65.98,209.91,-1,-1,-1,-1
455,118,508.80,457.33,100.73,259.81,-1,-1,-1,-1
455,121,784.12,432.36,59.93,220.12,-1,-1,-1,-1
455,128,1000.74,447.11,25.10,75.54,-1,-1,-1,-1
455,131,1307.92,456.69,72.95,256.87,-1,-1,-1,-1
455,133,1377.40,418.85,123.38,350.91,-1,-1,-1,-1
455,134,912.83,481.57,97.50,103.01,-1,-1,-1,-1
455,136,503.34,383.11,363.74,662.75,-1,-1,-1,-1
455,138,524.78,456.49,25.89,86.48,-1,-1,-1,-1
455,142,242.83,515.17,90.81,137.47,-1,-1,-1,-1
455,144,382.83,461.34,47.65,114.60,-1,-1,-1,-1
455,145,1064.42,440.76,35.28,112.84,-1,-1,-1,-1
456,4,1152.14,416.20,313.50,656.98,-1,-1,-1,-1
456,51,419.65,455.01,36.17,116.66,-1,-1,-1,-1
456,70,1053.99,421.23,156.74,537.79,-1,-1,-1,-1
456,108,818.33,407.99,93.10,302.46,-1,-1,-1,-1
456,110,1706.05,430.03,81.50,153.28,-1,-1,-1,-1
456,111,1674.27,431.79,40.14,145.40,-1,-1,-1,-1
456,114,681.43,444.96,63.65,191.22,-1,-1,-1,-1
456,118,514.81,454.34,103.20,261.86,-1,-1,-1,-1
456,121,782.69,431.68,61.41,245.08,-1,-1,-1,-1
456,128,1003.56,446.82,24.60,75.84,-1,-1,-1,-1
456,131,1316.78,463.04,66.54,224.31,-1,-1,-1,-1
456,133,1380.97,419.09,126.47,353.93,-1,-1,-1,-1
456,134,912.27,482.19,98.04,102.51,-1,-1,-1,-1
456,136,458.67,391.96,376.21,662.17,-1,-1,-1,-1
456,138,524.94,456.28,26.01,87.68,-1,-1,-1,-1
456,142,238.49,515.33,88.31,134.73,-1,-1,-1,-1
456,144,383.15,461.66,47.61,114.54,-1,-1,-1,-1
456,145,1063.94,442.09,34.48,114.32,-1,-1,-1,-1
457,4,1152.46,416.36,315.25,656.02,-1,-1,-1,-1
457,51,420.25,454.98,35.86,117.00,-1,-1,-1,-1
457,70,1058.07,420.84,161.91,537.56,-1,-1,-1,-1
457,108,821.31,408.99,90.59,300.77,-1,-1,-1,-1
457,110,1691.84,430.27,96.31,153.23,-1,-1,-1,-1
457,111,1675.03,432.38,39.63,143.16,-1,-1,-1,-1
457,114,689.62,445.29,61.32,172.53,-1,-1,-1,-1
457,118,520.81,451.35,105.67,263.91,-1,-1,-1,-1
457,121,790.39,429.90,59.81,259.74,-1,-1,-1,-1
457,128,1005.77,447.23,23.36,76.26,-1,-1,-1,-1
457,133,1383.84,420.87,131.11,357.97,-1,-1,-1,-1
457,134,912.49,482.88,98.15,101.61,-1,-1,-1,-1
457,136,410.42,396.38,387.38,661.30,-1,-1,-1,-1
457,138,525.09,456.07,26.12,88.87,-1,-1,-1,-1
457,142,229.40,516.23,90.07,132.97,-1,-1,-1,-1
457,144,383.45,461.51,48.12,114.47,-1,-1,-1,-1
457,145,1062.86,441.86,33.58,112.61,-1,-1,-1,-1
457,148,733.62,451.30,22.12,77.40,-1,-1,-1,-1
458,4,1151.50,416.10,320.01,654.68,-1,-1,-1,-1
458,51,419.97,454.47,36.30,117.74,-1,-1,-1,-1
458,70,1065.74,420.04,160.71,536.59,-1,-1,-1,-1
458,108,828.08,409.55,81.38,299.56,-1,-1,-1,-1
458,110,1697.46,430.24,90.89,151.87,-1,-1,-1,-1
458,111,1674.66,433.06,40.36,140.11,-1,-1,-1,-1
458,114,688.13,443.80,98.69,270.49,-1,-1,-1,-1
458,118,526.82,448.37,108.14,265.96,-1,-1,-1,-1
458,121,786.11,435.36,66.77,258.29,-1,-1,-1,-1
458,128,1007.32,447.35,22.41,76.73,-1,-1,-1,-1
458,133,1387.47,422.00,134.16,359.90,-1,-1,-1,-1
458,134,926.29,483.99,84.63,99.83,-1,-1,-1,-1
458,136,372.00,394.40,391.88,671.96,-1,-1,-1,-1
458,138,525.25,455.86,26.24,90.06,-1,-1,-1,-1
458,142,220.95,516.33,91.54,131.42,-1,-1,-1,-1
458,144,383.67,461.00,48.28,114.65,-1,-1,-1,-1
458,145,1061.68,442.33,34.37,116.69,-1,-1,-1,-1
458,148,733.39,451.24,22.36,77.49,-1,-1,-1,-1
459,4,1152.34,413.21,322.30,658.94,-1,-1,-1,-1
459,51,420.00,459.00,38.56,117.72,-1,-1,-1,-1
459,70,1076.02,420.09,158.20,542.62,-1,-1,-1,-1
459,108,831.25,410.15,77.81,298.42,-1,-1,-1,-1
459,110,1698.74,430.14,88.94,152.00,-1,-1,-1,-1
459,111,1675.06,432.17,39.59,141.34,-1,-1,-1,-1
459,114,690.74,442.86,104.19,284.65,-1,-1,-1,-1
459,118,532.83,445.38,110.61,268.00,-1,-1,-1,-1
459,121,785.50,438.74,66.82,256.93,-1,-1,-1,-1
459,128,1008.18,447.68,22.00,75.95,-1,-1,-1,-1
459,133,1391.17,423.35,144.20,361.72,-1,-1,-1,-1
459,134,917.72,484.05,92.69,100.37,-1,-1,-1,-1
459,136,341.35,386.53,390.17,682.30,-1,-1,-1,-1
459,138,525.41,455.65,26.36,91.26,-1,-1,-1,-1
459,142,211.23,518.37,93.52,132.48,-1,-1,-1,-1
459,144,382.75,460.73,49.20,114.95,-1,-1,-1,-1
459,145,1060.51,443.68,35.02,110.13,-1,-1,-1,-1
459,148,733.15,451.17,22.59,77.58,-1,-1,-1,-1
460,4,1153.98,414.16,317.24,653.84,-1,-1,-1,-1
460,51,420.03,463.52,40.83,117.71,-1,-1,-1,-1
460,70,1085.65,420.31,156.08,547.67,-1,-1,-1,-1
460,108,828.10,407.75,82.23,300.52,-1,-1,-1,-1
460,110,1707.40,430.47,81.23,152.38,-1,-1,-1,-1
460,111,1674.26,432.26,40.02,142.66,-1,-1,-1,-1
460,114,677.66,441.74,119.59,292.60,-1,-1,-1,-1
460,118,538.84,442.39,113.08,270.05,-1,-1,-1,-1
460,121,794.67,437.17,63.10,260.66,-1,-1,-1,-1
460,128,1007.41,448.01,23.60,75.40,-1,-1,-1,-1
460,133,1397.10,424.71,160.01,364.20,-1,-1,-1,-1
460,134,913.88,483.52,96.23,101.76,-1,-1,-1,-1
460,136,309.87,383.88,391.06,683.83,-1,-1,-1,-1
460,138,525.56,455.44,26.48,92.45,-1,-1,-1,-1
460,142,202.43,519.89,94.24,131.96,-1,-1,-1,-1
460,144,382.60,460.72,48.81,114.53,-1,-1,-1,-1
460,145,1059.55,444.31,35.28,104.54,-1,-1,-1,-1
460,148,732.92,451.10,22.82,77.67,-1,-1,-1,-1
460,149,621.71,454.83,27.94,80.80,-1,-1,-1,-1
461,4,1159.73,411.37,312.66,654.54,-1,-1,-1,-1
461,51,420.05,468.04,43.10,117.70,-1,-1,-1,-1
461,70,1089.48,420.54,155.50,551.92,-1,-1,-1,-1
461,108,813.83,407.77,98.66,300.97,-1,-1,-1,-1
461,110,1700.35,430.35,87.60,154.84,-1,-1,-1,-1
461,111,1674.55,431.43,39.63,144.61,-1,-1,-1,-1
461,114,672.48,439.80,125.11,296.50,-1,-1,-1,-1
461,118,544.84,439.40,115.55,272.10,-1,-1,-1,-1
461,121,799.75,427.78,70.65,272.04,-1,-1,-1,-1
461,128,1007.75,448.04,23.67,74.95,-1,-1,-1,-1
461,133,1402.43,426.11,164.95,366.85,-1,-1,-1,-1
461,134,913.53,483.77,96.80,101.26,-1,-1,-1,-1
461,136,278.19,377.89,379.71,689.07,-1,-1,-1,-1
461,138,525.72,455.23,26.59,93.65,-1,-1,-1,-1
461,142,193.56,519.59,96.49,135.79,-1,-1,-1,-1
461,144,382.45,460.72,48.42,114.11,-1,-1,-1,-1
461,145,1057.69,444.59,36.22,101.92,-1,-1,-1,-1
461,148,732.69,451.03,23.05,77.76,-1,-1,-1,-1
461,149,622.71,453.13,25.52,82.61,-1,-1,-1,-1
462,4,1164.06,409.90,308.96,656.74,-1,-1,-1,-1
462,51,420.08,472.57,45.36,117.68,-1,-1,-1,-1
462,70,1098.37,420.40,155.32,555.02,-1,-1,-1,-1
462,108,813.72,407.15,102.14,300.02,-1,-1,-1,-1
462,110,1695.43,430.06,92.64,154.53,-1,-1,-1,-1
462,111,1673.55,431.77,40.47,143.54,-1,-1,-1,-1
462,114,672.46,439.58,125.42,297.22,-1,-1,-1,-1
462,118,550.85,436.42,118.02,274.15,-1,-1,-1,-1
462,121,802.36,430.74,60.09,266.96,-1,-1,-1,-1
462,128,1009.05,447.79,24.99,75.43,-1,-1,-1,-1
462,133,1405.16,427.33,167.07,369.71,-1,-1,-1,-1
462,134,913.75,483.87,96.45,101.30,-1,-1,-1,-1
462,136,248.63,375.40,392.38,692.71,-1,-1,-1,-1
462,138,525.88,455.02,26.71,94.84,-1,-1,-1,-1
462,142,182.36,520.16,99.22,134.85,-1,-1,-1,-1
462,144,382.30,460.71,48.02,113.70,-1,-1,-1,-1
462,145,1056.51,443.25,35.04,103.02,-1,-1,-1,-1
462,148,732.46,450.96,23.28,77.85,-1,-1,-1,-1
462,151,1110.92,433.56,42.22,127.33,-1,-1,-1,-1
463,4,1165.69,408.43,311.65,658.95,-1,-1,-1,-1
463,51,420.11,477.09,47.63,117.67,-1,-1,-1,-1
463,70,1099.19,418.39,159.40,555.84,-1,-1,-1,-1
463,108,814.64,406.49,102.75,300.11,-1,-1,-1,-1
463,110,1684.73,429.99,102.94,155.09,-1,-1,-1,-1
463,111,1673.65,432.90,40.29,143.03,-1,-1,-1,-1
463,114,675.69,439.21,121.63,296.97,-1,-1,-1,-1
463,118,554.07,434.03,121.11,278.97,-1,-1,-1,-1
463,121,803.32,425.47,57.16,271.43,-1,-1,-1,-1
463,128,1010.52,447.68,24.95,75.47,-1,-1,-1,-1
463,133,1408.99,427.42,167.22,371.39,-1,-1,-1,-1
463,134,916.01,483.58,94.46,101.20,-1,-1,-1,-1
463,136,230.72,373.06,390.53,692.92,-1,-1,-1,-1
463,138,522.87,450.89,36.20,104.51,-1,-1,-1,-1
463,142,172.62,522.16,100.48,136.98,-1,-1,-1,-1
463,144,382.14,460.70,47.63,113.28,-1,-1,-1,-1
463,145,1055.59,442.48,35.35,104.50,-1,-1,-1,-1
463,148,732.22,450.90,23.51,77.94,-1,-1,-1,-1
463,151,1110.99,433.48,41.52,131.32,-1,-1,-1,-1
463,152,780.24,440.23,38.33,143.29,-1,-1,-1,-1
464,4,1174.01,406.02,305.06,661.84,-1,-1,-1,-1
464,51,420.13,481.62,49.90,117.66,-1,-1,-1,-1
464,70,1105.43,418.23,162.81,556.59,-1,-1,-1,-1
464,108,825.05,405.83,92.93,302.22,-1,-1,-1,-1
464,110,1682.69,430.08,103.38,154.69,-1,-1,-1,-1
464,111,1673.27,431.38,39.92,144.45,-1,-1,-1,-1
464,114,683.53,437.33,113.08,299.33,-1,-1,-1,-1
464,118,559.30,432.51,116.90,279.27,-1,-1,-1,-1
464,121,802.38,425.94,58.46,268.83,-1,-1,-1,-1
464,128,1011.13,447.47,24.90,75.93,-1,-1,-1,-1
464,133,1416.81,426.54,161.65,372.68,-1,-1,-1,-1
464,134,916.96,483.32,94.00,100.80,-1,-1,-1,-1
464,136,196.98,365.42,406.62,697.45,-1,-1,-1,-1
464,138,517.63,454.63,50.14,105.55,-1,-1,-1,-1
464,142,162.88,520.35,99.59,124.16,-1,-1,-1,-1
464,144,381.99,460.69,47.24,112.86,-1,-1,-1,-1
464,145,1053.97,442.47,36.60,104.95,-1,-1,-1,-1
464,148,731.99,450.83,23.75,78.03,-1,-1,-1,-1
464,151,1110.07,433.49,41.82,133.33,-1,-1,-1,-1
464,152,778.72,441.05,39.69,143.01,-1,-1,-1,-1
465,4,1185.11,405.52,293.36,663.25,-1,-1,-1,-1
465,51,420.16,486.14,52.17,117.64,-1,-1,-1,-1
465,70,1111.16,418.73,165.77,557.70,-1,-1,-1,-1
465,108,821.45,405.21,100.81,301.00,-1,-1,-1,-1
465,110,1678.94,429.90,105.64,155.21,-1,-1,-1,-1
465,111,1673.05,430.93,39.62,145.97,-1,-1,-1,-1
465,114,694.91,437.00,102.31,298.70,-1,-1,-1,-1
465,118,556.48,431.65,119.09,279.81,-1,-1,-1,-1
465,121,801.43,426.42,59.76,266.22,-1,-1,-1,-1
465,128,1005.64,448.17,21.50,73.51,-1,-1,-1,-1
465,133,1426.54,425.44,152.81,374.41,-1,-1,-1,-1
465,134,916.58,482.96,93.83,101.02,-1,-1,-1,-1
465,136,166.19,363.22,414.96,705.24,-1,-1,-1,-1
465,138,513.59,448.79,58.89,111.58,-1,-1,-1,-1
465,142,153.87,519.55,97.23,117.08,-1,-1,-1,-1
465,144,381.84,460.68,46.85,112.44,-1,-1,-1,-1
465,145,1054.30,444.34,32.07,100.38,-1,-1,-1,-1
465,148,731.76,450.76,23.98,78.12,-1,-1,-1,-1
465,151,1110.34,433.27,40.68,135.07,-1,-1,-1,-1
465,152,777.83,442.55,39.83,141.75,-1,-1,-1,-1
466,4,1195.94,407.25,281.56,659.86,-1,-1,-1,-1
466,51,420.18,490.67,54.43,117.63,-1,-1,-1,-1
466,70,1114.52,419.20,167.28,559.53,-1,-1,-1,-1
466,108,825.71,404.54,100.50,301.91,-1,-1,-1,-1
466,110,1675.50,430.10,104.45,154.33,-1,-1,-1,-1
466,111,1672.55,431.15,40.64,146.02,-1,-1,-1,-1
466,114,712.22,435.29,89.46,299.84,-1,-1,-1,-1
466,118,560.23,430.17,115.24,280.81,-1,-1,-1,-1
466,121,800.48,426.89,61.06,263.62,-1,-1,-1,-1
466,128,1002.79,448.19,20.92,73.31,-1,-1,-1,-1
466,133,1435.84,423.19,143.71,376.86,-1,-1,-1,-1
466,134,913.49,482.66,96.78,102.12,-1,-1,-1,-1
466,136,130.31,365.84,418.92,703.60,-1,-1,-1,-1
466,138,505.83,458.63,72.01,152.16,-1,-1,-1,-1
466,142,147.54,520.12,95.91,116.32,-1,-1,-1,-1
466,144,381.69,460.67,46.45,112.03,-1,-1,-1,-1
466,145,1052.52,445.74,34.22,106.99,-1,-1,-1,-1
466,148,731.52,450.69,24.21,78.21,-1,-1,-1,-1
466,151,1109.76,433.09,40.66,142.28,-1,-1,-1,-1
466,152,776.60,450.57,41.13,134.55,-1,-1,-1,-1
467,4,1217.39,406.70,260.87,655.11,-1,-1,-1,-1
467,51,420.21,495.19,56.70,117.61,-1,-1,-1,-1
467,70,1120.74,419.94,162.93,562.38,-1,-1,-1,-1
467,108,830.40,405.19,95.04,302.28,-1,-1,-1,-1
467,110,1673.83,430.18,99.59,151.44,-1,-1,-1,-1
467,111,1673.45,430.58,41.38,144.08,-1,-1,-1,-1
467,114,724.30,435.07,83.69,299.86,-1,-1,-1,-1
467,118,568.11,429.16,107.33,281.71,-1,-1,-1,-1
467,121,799.53,427.36,62.36,261.01,-1,-1,-1,-1
467,128,1000.54,447.85,22.71,73.59,-1,-1,-1,-1
467,133,1448.89,421.13,131.27,379.62,-1,-1,-1,-1
467,134,912.88,482.98,97.40,101.85,-1,-1,-1,-1
467,136,102.31,371.08,412.58,696.54,-1,-1,-1,-1
467,138,502.32,462.85,75.27,165.70,-1,-1,-1,-1
467,142,141.21,520.69,94.59,115.56,-1,-1,-1,-1
467,144,381.54,460.66,46.06,111.61,-1,-1,-1,-1
467,145,1049.85,444.93,30.78,104.40,-1,-1,-1,-1
467,148,731.29,450.63,24.44,78.30,-1,-1,-1,-1
467,151,1108.78,433.03,40.19,148.44,-1,-1,-1,-1
467,152,776.48,456.77,40.76,128.90,-1,-1,-1,-1
468,4,1236.17,411.41,249.78,652.83,-1,-1,-1,-1
468,51,420.24,499.71,58.97,117.60,-1,-1,-1,-1
468,70,1122.53,420.56,161.10,568.07,-1,-1,-1,-1
468,108,831.64,406.02,93.79,301.68,-1,-1,-1,-1
468,110,1673.95,430.08,104.09,153.48,-1,-1,-1,-1
468,114,731.74,434.95,82.48,299.41,-1,-1,-1,-1
468,118,579.06,429.61,96.26,280.98,-1,-1,-1,-1
468,121,798.58,427.83,63.65,258.40,-1,-1,-1,-1
468,128,1000.12,447.84,22.41,73.16,-1,-1,-1,-1
468,133,1458.56,418.17,121.12,383.00,-1,-1,-1,-1
468,134,912.78,483.25,97.42,101.79,-1,-1,-1,-1
468,136,77.86,377.88,416.27,692.03,-1,-1,-1,-1
468,138,495.88,465.62,78.62,170.92,-1,-1,-1,-1
468,142,134.87,521.26,93.27,114.80,-1,-1,-1,-1
468,144,381.39,460.65,45.67,111.19,-1,-1,-1,-1
468,145,1046.11,443.27,38.42,112.72,-1,-1,-1,-1
468,148,731.06,450.56,24.67,78.39,-1,-1,-1,-1
468,151,1107.58,433.23,40.60,153.25,-1,-1,-1,-1
469,4,1253.94,414.11,244.53,646.47,-1,-1,-1,-1
469,51,420.26,504.24,61.23,117.59,-1,-1,-1,-1
469,70,1131.23,421.49,152.64,571.27,-1,-1,-1,-1
469,108,832.38,406.04,93.16,301.61,-1,-1,-1,-1
469,110,1673.82,429.71,107.19,154.43,-1,-1,-1,-1
469,114,736.88,434.85,84.11,296.99,-1,-1,-1,-1
469,118,588.25,431.00,85.71,277.38,-1,-1,-1,-1
469,121,797.63,428.30,64.95,255.80,-1,-1,-1,-1
469,128,999.36,448.49,22.46,71.35,-1,-1,-1,-1
469,133,1469.72,416.49,108.56,385.12,-1,-1,-1,-1
469,134,921.55,483.33,88.88,100.72,-1,-1,-1,-1
469,136,56.04,383.04,408.54,687.24,-1,-1,-1,-1
469,138,492.52,468.69,76.39,175.52,-1,-1,-1,-1
469,142,128.54,521.83,91.95,114.04,-1,-1,-1,-1
469,144,381.09,460.60,46.18,111.70,-1,-1,-1,-1
469,145,1043.81,443.68,38.26,112.46,-1,-1,-1,-1
469,148,730.82,450.49,24.91,78.48,-1,-1,-1,-1
469,151,1107.03,433.25,40.40,155.93,-1,-1,-1,-1
470,4,1274.67,409.35,234.27,651.91,-1,-1,-1,-1
470,51,416.35,504.40,63.02,127.96,-1,-1,-1,-1
470,70,1135.67,421.36,154.14,581.75,-1,-1,-1,-1
470,108,833.40,406.62,91.72,301.09,-1,-1,-1,-1
470,110,1673.50,429.79,107.89,155.44,-1,-1,-1,-1
470,114,740.53,434.39,90.89,299.28,-1,-1,-1,-1
470,118,597.67,429.11,78.57,280.96,-1,-1,-1,-1
470,121,796.69,428.78,66.25,253.19,-1,-1,-1,-1
470,128,998.94,448.66,22.35,68.78,-1,-1,-1,-1
470,133,1479.64,414.33,116.32,386.72,-1,-1,-1,-1
470,134,928.64,483.40,82.23,99.66,-1,-1,-1,-1
470,136,22.31,389.93,414.25,679.60,-1,-1,-1,-1
470,138,482.47,468.57,80.97,176.99,-1,-1,-1,-1
470,142,122.21,522.40,90.63,113.27,-1,-1,-1,-1
470,144,380.62,460.42,46.43,112.88,-1,-1,-1,-1
470,145,1044.36,443.10,40.09,115.77,-1,-1,-1,-1
470,148,730.59,450.42,25.14,78.57,-1,-1,-1,-1
470,151,1106.38,432.66,40.60,158.37,-1,-1,-1,-1
470,154,561.51,449.44,30.22,79.17,-1,-1,-1,-1
471,4,1292.22,406.30,227.38,654.60,-1,-1,-1,-1
471,51,411.22,504.17,64.14,129.59,-1,-1,-1,-1
471,70,1137.94,422.50,156.25,584.50,-1,-1,-1,-1
471,108,833.92,408.67,90.36,299.22,-1,-1,-1,-1
471,110,1673.46,429.72,109.39,156.81,-1,-1,-1,-1
471,114,743.42,436.07,100.51,298.24,-1,-1,-1,-1
471,118,602.63,427.34,76.34,283.87,-1,-1,-1,-1
471,121,795.74,429.25,67.55,250.58,-1,-1,-1,-1
471,128,998.77,448.64,21.96,68.08,-1,-1,-1,-1
471,133,1487.90,412.75,112.21,388.11,-1,-1,-1,-1
471,134,930.99,483.64,80.05,98.74,-1,-1,-1,-1
471,136,5.21,394.92,409.03,670.39,-1,-1,-1,-1
471,138,476.09,468.64,82.05,181.86,-1,-1,-1,-1
471,142,115.87,522.96,89.31,112.51,-1,-1,-1,-1
471,144,380.71,460.54,47.52,110.29,-1,-1,-1,-1
471,145,1045.48,443.41,38.86,115.44,-1,-1,-1,-1
471,148,730.36,450.35,25.37,78.66,-1,-1,-1,-1
471,151,1104.94,432.12,41.81,160.06,-1,-1,-1,-1
471,154,562.50,450.03,29.42,78.57,-1,-1,-1,-1
471,155,1266.44,407.25,111.95,510.30,-1,-1,-1,-1
472,4,1295.46,402.98,235.65,663.47,-1,-1,-1,-1
472,51,399.74,506.52,73.36,130.61,-1,-1,-1,-1
472,70,1139.81,421.97,158.70,585.39,-1,-1,-1,-1
472,108,834.20,409.70,91.34,298.24,-1,-1,-1,-1
472,110,1673.50,429.94,108.56,156.41,-1,-1,-1,-1
472,114,744.82,437.91,105.25,296.29,-1,-1,-1,-1
472,118,606.76,428.50,75.78,282.78,-1,-1,-1,-1
472,121,794.79,429.72,68.85,247.98,-1,-1,-1,-1
472,128,998.53,448.87,21.65,68.29,-1,-1,-1,-1
472,133,1494.24,412.05,111.87,389.17,-1,-1,-1,-1
472,134,925.85,483.26,84.97,100.91,-1,-1,-1,-1
472,136,0.00,399.70,393.60,665.11,-1,-1,-1,-1
472,138,471.89,467.39,80.68,186.97,-1,-1,-1,-1
472,142,109.54,523.53,87.99,111.75,-1,-1,-1,-1
472,145,1046.34,445.03,36.14,106.81,-1,-1,-1,-1
472,148,730.12,450.29,25.60,78.75,-1,-1,-1,-1
472,151,1104.47,431.18,41.47,160.59,-1,-1,-1,-1
472,154,562.32,450.27,30.22,78.84,-1,-1,-1,-1
472,155,1276.45,411.27,101.83,505.34,-1,-1,-1,-1
473,4,1310.42,402.62,230.59,667.05,-1,-1,-1,-1
473,51,396.10,508.91,68.60,129.80,-1,-1,-1,-1
473,70,1141.47,422.08,160.65,586.26,-1,-1,-1,-1
473,108,834.43,409.15,93.38,299.28,-1,-1,-1,-1
473,110,1673.55,429.80,107.60,156.03,-1,-1,-1,-1
473,114,745.00,439.03,108.43,295.05,-1,-1,-1,-1
473,118,613.36,428.81,76.16,282.40,-1,-1,-1,-1
473,121,793.84,430.19,70.15,245.37,-1,-1,-1,-1
473,128,997.47,449.00,22.26,68.90,-1,-1,-1,-1
473,133,1500.19,412.34,114.77,387.89,-1,-1,-1,-1
473,134,927.86,483.19,82.93,99.75,-1,-1,-1,-1
473,136,0.00,403.45,369.97,664.73,-1,-1,-1,-1
473,138,460.98,468.20,85.70,186.74,-1,-1,-1,-1
473,142,103.20,524.10,86.67,110.99,-1,-1,-1,-1
473,145,1048.70,444.97,28.38,97.65,-1,-1,-1,-1
473,148,729.89,450.22,25.83,78.84,-1,-1,-1,-1
473,151,1103.96,430.93,41.45,161.62,-1,-1,-1,-1
473,154,561.63,450.50,30.86,78.78,-1,-1,-1,-1
473,155,1273.23,410.68,110.54,517.77,-1,-1,-1,-1
474,4,1324.21,403.60,223.70,665.32,-1,-1,-1,-1
474,51,393.73,508.81,63.19,129.86,-1,-1,-1,-1
474,70,1143.95,421.34,164.29,587.33,-1,-1,-1,-1
474,108,834.97,406.70,88.59,300.58,-1,-1,-1,-1
474,110,1673.97,429.88,106.30,156.18,-1,-1,-1,-1
474,114,746.07,439.43,108.61,294.29,-1,-1,-1,-1
474,118,616.95,429.27,75.95,281.25,-1,-1,-1,-1
474,121,792.89,430.67,71.45,242.77,-1,-1,-1,-1
474,128,996.90,448.97,22.72,69.26,-1,-1,-1,-1
474,133,1504.67,411.99,120.15,387.88,-1,-1,-1,-1
474,134,928.64,482.77,82.16,97.87,-1,-1,-1,-1
474,136,0.00,403.41,341.47,667.95,-1,-1,-1,-1
474,138,455.40,469.70,84.85,188.65,-1,-1,-1,-1
474,142,96.87,524.67,85.36,110.23,-1,-1,-1,-1
474,145,1044.21,445.47,31.38,96.53,-1,-1,-1,-1
474,148,729.66,450.15,26.07,78.94,-1,-1,-1,-1
474,151,1104.46,430.46,40.91,162.55,-1,-1,-1,-1
474,154,562.96,450.23,28.77,79.56,-1,-1,-1,-1
474,155,1276.06,409.86,115.85,522.66,-1,-1,-1,-1
475,4,1333.21,401.39,219.64,666.16,-1,-1,-1,-1
475,51,387.96,507.48,63.74,135.51,-1,-1,-1,-1
475,70,1147.44,420.80,167.25,587.18,-1,-1,-1,-1
475,108,836.60,405.59,84.30,300.53,-1,-1,-1,-1
475,110,1674.20,429.82,107.63,157.40,-1,-1,-1,-1
475,114,746.71,439.46,108.70,293.81,-1,-1,-1,-1
475,118,622.56,430.29,73.81,278.86,-1,-1,-1,-1
475,121,791.95,431.14,72.75,240.16,-1,-1,-1,-1
475,128,995.35,448.68,24.65,70.48,-1,-1,-1,-1
475,133,1508.75,411.67,127.89,388.64,-1,-1,-1,-1
475,134,930.81,482.45,80.56,90.91,-1,-1,-1,-1
475,136,0.00,400.97,324.77,671.54,-1,-1,-1,-1
475,138,450.03,471.75,84.42,188.58,-1,-1,-1,-1
475,142,90.54,525.24,84.04,109.47,-1,-1,-1,-1
475,145,1039.44,441.57,36.04,100.01,-1,-1,-1,-1
475,148,729.42,450.08,26.30,79.03,-1,-1,-1,-1
475,151,1104.35,430.44,40.89,161.97,-1,-1,-1,-1
475,154,564.18,451.09,27.31,79.01,-1,-1,-1,-1
475,155,1280.41,408.30,115.23,526.35,-1,-1,-1,-1
476,4,1337.66,398.56,218.19,668.42,-1,-1,-1,-1
476,51,382.98,509.15,64.31,133.14,-1,-1,-1,-1
476,70,1150.23,419.51,169.94,589.04,-1,-1,-1,-1
476,98,897.57,429.17,77.89,246.85,-1,-1,-1,-1
476,108,837.83,405.62,87.61,299.19,-1,-1,-1,-1
476,110,1674.33,429.68,105.99,157.44,-1,-1,-1,-1
476,114,745.28,437.83,110.67,295.00,-1,-1,-1,-1
476,118,625.54,431.19,75.43,276.86,-1,-1,-1,-1
476,121,791.00,431.61,74.04,237.55,-1,-1,-1,-1
476,128,994.79,448.27,25.16,71.44,-1,-1,-1,-1
476,133,1514.47,410.99,142.13,391.44,-1,-1,-1,-1
476,134,937.62,482.56,74.16,85.06,-1,-1,-1,-1
476,136,0.00,396.34,309.45,672.45,-1,-1,-1,-1
476,138,444.91,473.33,83.28,189.27,-1,-1,-1,-1
476,142,84.20,525.81,82.72,108.71,-1,-1,-1,-1
476,145,1039.96,441.60,37.03,102.42,-1,-1,-1,-1
476,148,729.19,450.02,26.53,79.12,-1,-1,-1,-1
476,151,1104.16,430.37,41.07,160.60,-1,-1,-1,-1
476,154,564.82,451.96,26.69,78.50,-1,-1,-1,-1
476,155,1292.94,407.60,108.59,536.35,-1,-1,-1,-1
476,156,530.20,458.94,24.62,73.43,-1,-1,-1,-1
477,4,1343.10,396.71,215.32,669.35,-1,-1,-1,-1
477,51,372.79,507.92,66.78,133.83,-1,-1,-1,-1
477,70,1153.19,419.75,172.67,587.58,-1,-1,-1,-1
477,98,899.56,431.61,84.90,244.69,-1,-1,-1,-1
477,108,838.38,405.84,88.40,297.71,-1,-1,-1,-1
477,110,1673.57,429.61,106.40,157.32,-1,-1,-1,-1
477,114,744.94,436.44,111.69,295.57,-1,-1,-1,-1
477,118,628.57,430.44,77.59,276.52,-1,-1,-1,-1
477,121,790.05,432.08,75.34,234.95,-1,-1,-1,-1
477,128,994.03,447.70,26.16,72.69,-1,-1,-1,-1
477,133,1519.23,411.83,161.89,395.05,-1,-1,-1,-1
477,134,945.57,482.68,66.80,80.14,-1,-1,-1,-1
477,136,0.00,391.50,289.81,678.84,-1,-1,-1,-1
477,138,439.23,475.95,81.12,186.16,-1,-1,-1,-1
477,142,77.87,526.38,81.40,107.94,-1,-1,-1,-1
477,145,1039.90,442.71,38.09,102.62,-1,-1,-1,-1
477,148,728.96,449.95,26.76,79.21,-1,-1,-1,-1
477,151,1104.36,430.30,41.09,161.50,-1,-1,-1,-1
477,154,564.91,452.00,26.52,78.36,-1,-1,-1,-1
477,155,1304.84,408.25,101.33,553.08,-1,-1,-1,-1
477,156,530.07,459.77,25.06,72.39,-1,-1,-1,-1
478,4,1347.56,395.21,212.37,672.17,-1,-1,-1,-1
478,51,368.86,506.53,64.86,135.93,-1,-1,-1,-1
478,70,1157.49,419.86,171.46,585.93,-1,-1,-1,-1
478,98,901.04,433.65,90.36,242.91,-1,-1,-1,-1
478,108,839.18,406.36,81.15,298.55,-1,-1,-1,-1
478,110,1673.39,429.70,106.15,156.57,-1,-1,-1,-1
478,114,745.96,434.77,109.66,296.63,-1,-1,-1,-1
478,118,630.46,430.45,81.24,274.44,-1,-1,-1,-1
478,121,789.10,432.56,76.64,232.34,-1,-1,-1,-1
478,128,994.02,447.23,25.72,73.07,-1,-1,-1,-1
478,133,1524.40,412.34,180.59,397.24,-1,-1,-1,-1
478,134,954.28,483.80,57.11,75.85,-1,-1,-1,-1
478,136,0.00,387.11,273.26,681.72,-1,-1,-1,-1
478,138,429.59,476.36,83.64,187.52,-1,-1,-1,-1
478,142,71.54,526.95,80.08,107.18,-1,-1,-1,-1
478,145,1039.55,448.09,31.21,92.43,-1,-1,-1,-1
478,148,728.72,449.88,26.99,79.30,-1,-1,-1,-1
478,151,1103.75,430.38,41.67,161.25,-1,-1,-1,-1
478,154,565.35,451.86,26.57,78.51,-1,-1,-1,-1
478,155,1311.40,408.33,96.17,557.69,-1,-1,-1,-1
478,156,529.83,459.97,24.92,72.17,-1,-1,-1,-1
479,4,1350.06,395.74,217.41,672.35,-1,-1,-1,-1
479,51,366.02,506.82,64.54,137.26,-1,-1,-1,-1
479,70,1162.22,420.39,170.23,584.91,-1,-1,-1,-1
479,98,902.26,435.34,97.23,241.28,-1,-1,-1,-1
479,108,840.93,406.27,84.65,299.15,-1,-1,-1,-1
479,110,1673.84,429.61,106.95,156.33,-1,-1,-1,-1
479,114,751.88,434.76,107.48,295.95,-1,-1,-1,-1
479,118,632.75,431.85,83.77,271.47,-1,-1,-1,-1
479,121,788.15,433.03,77.94,229.73,-1,-1,-1,-1
479,128,993.99,447.27,26.01,74.08,-1,-1,-1,-1
479,133,1531.24,413.69,192.84,399.33,-1,-1,-1,-1
479,134,953.70,483.62,58.37,74.47,-1,-1,-1,-1
479,136,0.00,385.01,255.80,682.22,-1,-1,-1,-1
479,138,421.34,477.27,85.05,190.97,-1,-1,-1,-1
479,142,65.20,527.52,78.76,106.42,-1,-1,-1,-1
479,145,1039.26,449.75,28.85,86.46,-1,-1,-1,-1
479,148,728.44,450.07,26.90,80.19,-1,-1,-1,-1
479,151,1104.20,430.68,41.82,159.91,-1,-1,-1,-1
479,154,565.69,452.23,26.36,78.81,-1,-1,-1,-1
479,155,1318.11,408.44,93.80,562.81,-1,-1,-1,-1
479,156,529.74,458.53,25.19,73.02,-1,-1,-1,-1
480,4,1353.19,396.32,223.06,672.97,-1,-1,-1,-1
480,51,356.20,507.20,65.73,130.50,-1,-1,-1,-1
480,70,1167.08,419.81,167.66,586.36,-1,-1,-1,-1
480,98,903.90,434.36,100.49,244.26,-1,-1,-1,-1
480,108,841.64,406.48,85.99,300.41,-1,-1,-1,-1
480,110,1674.12,429.56,108.10,156.63,-1,-1,-1,-1
480,114,760.50,432.99,103.93,296.45,-1,-1,-1,-1
480,118,633.80,433.04,86.39,268.75,-1,-1,-1,-1
480,121,787.20,433.50,79.24,227.13,-1,-1,-1,-1
480,128,994.60,447.17,25.39,73.62,-1,-1,-1,-1
480,133,1536.94,414.78,201.89,405.24,-1,-1,-1,-1
480,134,959.82,484.17,52.07,73.55,-1,-1,-1,-1
480,136,0.00,390.58,237.73,673.89,-1,-1,-1,-1
480,138,416.05,478.55,83.19,186.88,-1,-1,-1,-1
480,142,58.87,528.09,77.44,105.66,-1,-1,-1,-1
480,145,1038.88,448.69,29.91,85.87,-1,-1,-1,-1
480,148,727.85,449.93,26.91,82.73,-1,-1,-1,-1
480,151,1105.41,430.37,42.16,158.89,-1,-1,-1,-1
480,154,565.59,451.69,27.03,79.24,-1,-1,-1,-1
480,155,1323.31,408.80,95.33,561.56,-1,-1,-1,-1
480,156,530.32,458.90,25.05,72.19,-1,-1,-1,-1
481,4,1356.74,395.71,235.90,673.77,-1,-1,-1,-1
481,51,353.10,508.40,64.87,128.44,-1,-1,-1,-1
481,70,1172.35,418.72,166.35,588.95,-1,-1,-1,-1
481,98,905.43,434.86,101.44,244.43,-1,-1,-1,-1
481,108,842.21,407.09,86.86,297.42,-1,-1,-1,-1
481,110,1674.19,429.69,105.88,157.19,-1,-1,-1,-1
481,114,770.89,432.59,95.58,292.29,-1,-1,-1,-1
481,118,636.15,432.15,85.79,270.16,-1,-1,-1,-1
481,128,993.95,447.39,26.17,73.62,-1,-1,-1,-1
481,133,1543.28,416.29,205.02,408.62,-1,-1,-1,-1
481,134,961.52,483.94,50.02,74.40,-1,-1,-1,-1
481,136,0.00,405.95,215.31,659.54,-1,-1,-1,-1
481,138,410.27,478.80,81.91,186.78,-1,-1,-1,-1
481,142,52.53,528.66,76.12,104.90,-1,-1,-1,-1
481,145,1039.27,448.92,29.77,84.94,-1,-1,-1,-1
481,148,727.84,449.79,26.31,83.61,-1,-1,-1,-1
481,151,1102.84,430.20,44.56,161.17,-1,-1,-1,-1
481,154,565.36,451.45,27.60,79.53,-1,-1,-1,-1
481,155,1328.54,407.70,98.10,565.53,-1,-1,-1,-1
481,156,531.01,458.87,25.26,72.05,-1,-1,-1,-1
482,4,1360.52,396.26,248.44,674.11,-1,-1,-1,-1
482,51,350.01,508.65,64.79,119.28,-1,-1,-1,-1
482,70,1178.52,417.04,162.98,590.06,-1,-1,-1,-1
482,98,906.77,435.36,100.97,244.67,-1,-1,-1,-1
482,108,843.11,407.26,85.61,297.93,-1,-1,-1,-1
482,110,1674.45,429.86,108.14,156.75,-1,-1,-1,-1
482,114,782.55,433.81,87.23,289.51,-1,-1,-1,-1
482,118,637.10,432.53,84.66,269.27,-1,-1,-1,-1
482,128,992.68,447.51,27.22,72.77,-1,-1,-1,-1
482,133,1550.43,417.18,202.24,410.85,-1,-1,-1,-1
482,134,963.43,484.17,47.83,74.85,-1,-1,-1,-1
482,136,0.00,434.63,195.97,631.72,-1,-1,-1,-1
482,138,397.96,479.00,88.41,190.39,-1,-1,-1,-1
482,142,46.20,529.22,74.80,104.14,-1,-1,-1,-1
482,145,1038.41,448.28,29.45,84.19,-1,-1,-1,-1
482,148,727.44,449.79,25.99,83.89,-1,-1,-1,-1
482,151,1105.64,430.41,43.77,162.14,-1,-1,-1,-1
482,154,566.20,452.70,26.59,78.54,-1,-1,-1,-1
482,155,1332.06,407.27,99.12,561.82,-1,-1,-1,-1
482,156,531.54,459.45,25.35,71.68,-1,-1,-1,-1
483,4,1363.69,396.43,256.87,674.29,-1,-1,-1,-1
483,51,346.99,508.91,58.00,117.99,-1,-1,-1,-1
483,70,1183.33,417.92,163.48,588.86,-1,-1,-1,-1
483,98,907.88,435.80,99.76,244.45,-1,-1,-1,-1
483,108,847.19,408.64,80.85,299.17,-1,-1,-1,-1
483,110,1674.92,429.84,108.94,157.18,-1,-1,-1,-1
483,114,792.81,434.00,82.31,289.28,-1,-1,-1,-1
483,118,639.27,432.78,86.49,267.41,-1,-1,-1,-1
483,128,993.34,447.57,27.11,74.23,-1,-1,-1,-1
483,133,1558.08,419.09,187.65,412.33,-1,-1,-1,-1
483,134,966.64,484.09,44.36,74.18,-1,-1,-1,-1
483,136,0.00,495.84,177.36,568.05,-1,-1,-1,-1
483,138,388.57,479.54,93.96,194.91,-1,-1,-1,-1
483,142,39.87,529.79,73.48,103.38,-1,-1,-1,-1
483,145,1038.70,444.54,32.55,90.07,-1,-1,-1,-1
483,148,727.27,450.05,25.77,83.10,-1,-1,-1,-1
483,151,1107.09,430.46,43.31,163.13,-1,-1,-1,-1
483,154,566.84,452.92,26.41,78.63,-1,-1,-1,-1
483,155,1336.19,408.65,96.79,557.79,-1,-1,-1,-1
483,156,532.48,460.04,25.65,70.82,-1,-1,-1,-1
484,4,1365.81,392.95,263.79,677.50,-1,-1,-1,-1
484,51,343.25,509.41,58.81,113.58,-1,-1,-1,-1
484,70,1188.12,418.91,159.84,584.40,-1,-1,-1,-1
484,98,906.23,435.10,101.06,247.45,-1,-1,-1,-1
484,108,850.07,409.19,75.87,299.48,-1,-1,-1,-1
484,110,1675.73,429.90,106.96,157.06,-1,-1,-1,-1
484,114,799.15,434.68,79.40,288.93,-1,-1,-1,-1
484,118,643.41,433.60,89.75,266.23,-1,-1,-1,-1
484,128,993.27,447.62,27.08,74.33,-1,-1,-1,-1
484,133,1566.30,416.46,182.26,416.34,-1,-1,-1,-1
484,134,970.64,484.32,40.57,73.66,-1,-1,-1,-1
484,136,0.00,545.75,154.20,521.14,-1,-1,-1,-1
484,138,381.33,479.15,94.22,194.17,-1,-1,-1,-1
484,142,33.75,529.72,70.65,102.78,-1,-1,-1,-1
484,145,1038.42,445.65,33.19,91.13,-1,-1,-1,-1
484,148,727.14,449.96,25.52,82.88,-1,-1,-1,-1
484,151,1108.10,430.38,44.23,162.52,-1,-1,-1,-1
484,154,566.82,453.46,26.89,77.63,-1,-1,-1,-1
484,155,1340.60,410.44,95.49,550.24,-1,-1,-1,-1
484,156,533.68,460.09,25.32,70.41,-1,-1,-1,-1
485,4,1366.46,394.34,270.21,676.14,-1,-1,-1,-1
485,70,1193.34,419.93,155.81,585.16,-1,-1,-1,-1
485,98,902.44,434.21,104.13,249.80,-1,-1,-1,-1
485,108,854.17,411.59,73.71,298.13,-1,-1,-1,-1
485,110,1677.11,429.99,105.54,153.62,-1,-1,-1,-1
485,114,803.42,435.07,78.90,289.09,-1,-1,-1,-1
485,118,645.87,433.86,95.78,265.60,-1,-1,-1,-1
485,128,993.54,447.65,26.81,74.85,-1,-1,-1,-1
485,133,1577.34,415.15,177.23,421.75,-1,-1,-1,-1
485,134,976.22,484.84,35.19,69.70,-1,-1,-1,-1
485,136,0.00,574.38,115.57,491.17,-1,-1,-1,-1
485,138,372.95,480.42,93.31,195.72,-1,-1,-1,-1
485,142,20.39,529.61,76.30,117.16,-1,-1,-1,-1
485,145,1037.20,447.01,31.86,86.19,-1,-1,-1,-1
485,148,725.01,449.09,27.03,83.41,-1,-1,-1,-1
485,151,1108.93,430.18,45.00,162.86,-1,-1,-1,-1
485,154,566.65,453.28,27.32,77.84,-1,-1,-1,-1
485,155,1343.51,411.31,95.64,545.61,-1,-1,-1,-1
485,156,534.32,460.43,25.32,69.99,-1,-1,-1,-1
485,159,745.57,446.19,37.62,131.61,-1,-1,-1,-1
485,160,1164.01,438.00,25.01,89.21,-1,-1,-1,-1
486,4,1367.27,396.91,275.15,673.88,-1,-1,-1,-1
486,70,1199.26,422.09,161.62,585.11,-1,-1,-1,-1
486,98,900.53,432.87,105.90,251.73,-1,-1,-1,-1
486,108,861.35,409.07,63.15,290.52,-1,-1,-1,-1
486,110,1685.50,430.24,96.85,152.70,-1,-1,-1,-1
486,114,805.60,435.94,88.15,287.68,-1,-1,-1,-1
486,118,648.25,432.11,101.84,265.58,-1,-1,-1,-1
486,128,994.67,447.79,26.03,74.57,-1,-1,-1,-1
486,133,1584.37,413.84,172.93,425.11,-1,-1,-1,-1
486,134,981.31,485.62,30.44,68.82,-1,-1,-1,-1
486,136,0.00,595.67,110.36,408.02,-1,-1,-1,-1
486,138,362.31,480.77,95.10,195.82,-1,-1,-1,-1
486,142,4.79,529.65,82.40,125.62,-1,-1,-1,-1
486,145,1037.35,448.13,27.36,82.25,-1,-1,-1,-1
486,148,724.42,450.88,24.72,71.49,-1,-1,-1,-1
486,151,1109.84,429.80,45.30,162.55,-1,-1,-1,-1
486,154,567.14,453.12,26.83,77.93,-1,-1,-1,-1
486,155,1346.21,410.03,100.42,548.35,-1,-1,-1,-1
486,156,534.11,459.50,25.55,71.68,-1,-1,-1,-1
486,159,743.75,445.33,38.91,132.93,-1,-1,-1,-1
486,160,1163.86,437.94,24.69,89.45,-1,-1,-1,-1
487,4,1368.87,398.26,279.16,672.15,-1,-1,-1,-1
487,70,1202.55,424.01,176.58,583.72,-1,-1,-1,-1
487,98,902.01,431.42,105.18,255.90,-1,-1,-1,-1
487,108,867.82,407.26,58.67,296.74,-1,-1,-1,-1
487,110,1694.68,430.40,89.51,151.22,-1,-1,-1,-1
487,114,806.64,435.07,103.30,289.43,-1,-1,-1,-1
487,118,650.90,431.18,106.45,266.69,-1,-1,-1,-1
487,128,994.51,447.68,26.21,73.82,-1,-1,-1,-1
487,133,1593.18,413.66,165.36,426.35,-1,-1,-1,-1
487,136,0.00,629.25,94.41,346.07,-1,-1,-1,-1
487,138,354.82,479.16,94.57,195.98,-1,-1,-1,-1
487,142,0.00,530.19,79.04,143.70,-1,-1,-1,-1
487,145,1036.95,448.95,25.72,81.02,-1,-1,-1,-1
487,151,1109.83,429.92,46.33,162.59,-1,-1,-1,-1
487,154,566.93,452.85,28.05,78.01,-1,-1,-1,-1
487,155,1349.29,408.53,99.92,537.66,-1,-1,-1,-1
487,156,534.94,459.66,25.11,71.84,-1,-1,-1,-1
487,159,740.71,444.37,41.58,131.71,-1,-1,-1,-1
487,160,1164.16,438.00,24.42,88.79,-1,-1,-1,-1
488,4,1369.79,400.35,286.29,669.86,-1,-1,-1,-1
488,70,1204.44,423.36,177.83,584.02,-1,-1,-1,-1
488,98,910.16,431.02,96.97,251.34,-1,-1,-1,-1
488,108,870.79,407.16,55.70,301.43,-1,-1,-1,-1
488,110,1696.96,430.36,89.28,150.29,-1,-1,-1,-1
488,114,806.51,435.29,115.86,289.07,-1,-1,-1,-1
488,118,650.86,430.66,111.13,266.92,-1,-1,-1,-1
488,128,994.62,447.82,26.24,72.96,-1,-1,-1,-1
488,133,1602.29,411.57,158.07,429.38,-1,-1,-1,-1
488,136,0.00,664.86,72.80,295.99,-1,-1,-1,-1
488,138,341.91,479.68,102.19,201.23,-1,-1,-1,-1
488,142,0.00,530.54,70.30,150.57,-1,-1,-1,-1
488,145,1034.96,448.99,25.85,82.07,-1,-1,-1,-1
488,151,1111.04,430.06,45.14,161.94,-1,-1,-1,-1
488,154,566.64,451.21,28.42,79.62,-1,-1,-1,-1
488,155,1346.79,410.48,108.01,540.03,-1,-1,-1,-1
488,156,535.36,459.56,25.36,72.04,-1,-1,-1,-1
488,159,740.19,444.57,40.80,129.75,-1,-1,-1,-1
488,160,1164.05,437.97,24.85,88.68,-1,-1,-1,-1
489,4,1369.19,400.03,274.45,670.05,-1,-1,-1,-1
489,70,1207.02,423.21,180.28,582.48,-1,-1,-1,-1
489,98,919.50,431.58,87.33,248.32,-1,-1,-1,-1
489,108,871.78,406.09,55.20,302.11,-1,-1,-1,-1
489,110,1697.51,430.10,87.94,185.73,-1,-1,-1,-1
489,114,806.93,437.27,127.45,286.47,-1,-1,-1,-1
489,118,650.72,431.26,115.62,266.93,-1,-1,-1,-1
489,128,995.56,447.52,25.33,73.43,-1,-1,-1,-1
489,133,1610.51,409.12,150.90,432.38,-1,-1,-1,-1
489,136,0.00,729.16,49.32,219.38,-1,-1,-1,-1
489,138,332.87,480.35,102.90,202.74,-1,-1,-1,-1
489,142,0.00,530.91,61.46,146.54,-1,-1,-1,-1
489,145,1033.58,448.38,26.98,82.89,-1,-1,-1,-1
489,151,1112.20,430.20,44.79,162.44,-1,-1,-1,-1
489,154,566.68,450.47,28.45,80.36,-1,-1,-1,-1
489,155,1352.42,411.31,109.05,541.49,-1,-1,-1,-1
489,156,535.46,459.50,25.48,72.06,-1,-1,-1,-1
489,159,738.79,444.73,38.03,127.90,-1,-1,-1,-1
489,160,1164.30,438.34,24.98,87.99,-1,-1,-1,-1
489,162,1184.16,448.78,30.06,84.51,-1,-1,-1,-1
490,4,1370.87,398.93,264.06,672.09,-1,-1,-1,-1
490,70,1208.28,426.82,183.36,580.91,-1,-1,-1,-1
490,98,929.67,430.91,79.43,250.14,-1,-1,-1,-1
490,108,873.65,405.84,53.00,284.40,-1,-1,-1,-1
490,110,1702.81,429.11,81.75,195.88,-1,-1,-1,-1
490,114,807.47,439.84,133.50,284.94,-1,-1,-1,-1
490,118,651.25,430.59,118.15,268.71,-1,-1,-1,-1
490,128,995.96,448.08,24.68,73.52,-1,-1,-1,-1
490,133,1613.80,406.63,150.90,435.53,-1,-1,-1,-1
490,138,323.19,484.19,108.94,202.26,-1,-1,-1,-1
490,142,0.00,534.45,51.22,140.79,-1,-1,-1,-1
490,145,1031.86,447.54,29.91,83.46,-1,-1,-1,-1
490,151,1113.72,430.40,43.56,162.34,-1,-1,-1,-1
490,154,567.49,450.70,27.89,80.38,-1,-1,-1,-1
490,155,1355.65,412.43,112.08,539.21,-1,-1,-1,-1
490,156,536.05,460.20,24.60,70.67,-1,-1,-1,-1
490,159,737.03,444.65,38.28,125.03,-1,-1,-1,-1
490,160,1164.01,438.23,25.47,88.38,-1,-1,-1,-1
490,162,1184.56,448.71,29.25,84.48,-1,-1,-1,-1
490,163,1421.44,395.45,181.52,631.17,-1,-1,-1,-1
491,4,1369.74,401.39,254.28,666.71,-1,-1,-1,-1
491,70,1209.04,428.79,186.74,578.87,-1,-1,-1,-1
491,98,943.16,429.96,70.59,249.17,-1,-1,-1,-1
491,108,875.87,406.38,50.85,265.63,-1,-1,-1,-1
491,110,1706.66,429.57,80.94,195.76,-1,-1,-1,-1
491,114,809.05,440.29,137.21,284.69,-1,-1,-1,-1
491,118,650.97,431.34,119.62,269.02,-1,-1,-1,-1
491,128,996.55,448.11,24.39,67.50,-1,-1,-1,-1
491,133,1620.66,405.34,152.53,437.04,-1,-1,-1,-1
491,138,313.12,482.47,106.47,201.32,-1,-1,-1,-1
491,142,0.00,544.89,42.09,141.11,-1,-1,-1,-1
491,145,1031.80,447.17,29.59,83.05,-1,-1,-1,-1
491,151,1113.72,430.47,43.87,163.07,-1,-1,-1,-1
491,154,568.14,450.44,27.59,80.65,-1,-1,-1,-1
491,155,1361.42,411.83,113.69,534.27,-1,-1,-1,-1
491,156,536.49,460.60,24.39,69.91,-1,-1,-1,-1
491,159,732.63,443.31,39.96,128.14,-1,-1,-1,-1
491,160,1163.65,438.18,25.87,88.82,-1,-1,-1,-1
491,162,1184.90,449.29,28.95,83.68,-1,-1,-1,-1
491,163,1404.80,394.84,271.73,664.15,-1,-1,-1,-1
492,4,1373.86,393.05,248.21,673.61,-1,-1,-1,-1
492,70,1208.26,424.90,193.56,582.69,-1,-1,-1,-1
492,98,953.41,431.20,69.43,247.47,-1,-1,-1,-1
492,108,866.36,406.31,61.95,205.04,-1,-1,-1,-1
492,110,1711.77,430.38,78.80,191.40,-1,-1,-1,-1
492,114,808.28,443.63,140.11,282.15,-1,-1,-1,-1
492,118,651.92,431.37,119.74,269.43,-1,-1,-1,-1
492,133,1626.54,404.73,141.84,438.43,-1,-1,-1,-1
492,138,303.64,481.00,111.08,204.10,-1,-1,-1,-1
492,142,0.00,556.04,32.68,136.12,-1,-1,-1,-1
492,145,1031.72,446.69,30.75,83.79,-1,-1,-1,-1
492,151,1113.04,430.38,44.66,163.14,-1,-1,-1,-1
492,154,568.74,450.58,27.28,81.02,-1,-1,-1,-1
492,155,1367.45,413.02,114.59,535.91,-1,-1,-1,-1
492,156,536.59,461.57,24.14,68.81,-1,-1,-1,-1
492,159,732.27,443.72,38.11,128.30,-1,-1,-1,-1
492,160,1163.86,437.86,26.06,89.10,-1,-1,-1,-1
492,162,1185.42,450.25,28.27,82.08,-1,-1,-1,-1
492,163,1424.29,384.55,292.05,658.83,-1,-1,-1,-1
493,4,1375.27,395.25,252.15,670.62,-1,-1,-1,-1
493,70,1208.80,423.60,197.82,582.60,-1,-1,-1,-1
493,98,957.65,431.23,69.96,247.19,-1,-1,-1,-1
493,108,864.52,405.84,60.25,170.38,-1,-1,-1,-1
493,114,808.28,444.47,128.60,279.42,-1,-1,-1,-1
493,118,654.21,431.38,117.46,269.77,-1,-1,-1,-1
493,133,1631.88,408.02,151.47,437.09,-1,-1,-1,-1
493,138,296.74,480.66,111.37,208.02,-1,-1,-1,-1
493,144,382.22,461.64,50.38,112.98,-1,-1,-1,-1
493,145,1032.40,446.54,30.16,83.72,-1,-1,-1,-1
493,151,1113.74,430.47,44.77,163.21,-1,-1,-1,-1
493,154,567.93,450.53,28.31,81.39,-1,-1,-1,-1
493,155,1372.46,412.79,118.38,540.30,-1,-1,-1,-1
493,156,536.70,461.68,23.67,68.71,-1,-1,-1,-1
493,159,730.52,443.39,38.13,131.02,-1,-1,-1,-1
493,160,1164.02,437.79,25.76,89.45,-1,-1,-1,-1
493,162,1185.19,451.92,28.38,80.63,-1,-1,-1,-1
493,163,1449.40,387.07,243.27,632.99,-1,-1,-1,-1
494,4,1378.38,395.58,257.78,669.68,-1,-1,-1,-1
494,70,1208.71,422.78,204.58,583.56,-1,-1,-1,-1
494,98,962.83,433.11,71.00,246.09,-1,-1,-1,-1
494,108,862.69,405.36,58.55,135.71,-1,-1,-1,-1
494,114,837.61,438.46,107.70,287.23,-1,-1,-1,-1
494,118,657.99,432.15,114.10,269.58,-1,-1,-1,-1
494,133,1636.66,408.65,147.21,417.31,-1,-1,-1,-1
494,138,291.94,480.76,107.31,208.22,-1,-1,-1,-1
494,144,381.70,461.66,50.73,113.33,-1,-1,-1,-1
494,145,1032.94,445.97,29.51,83.98,-1,-1,-1,-1
494,151,1112.33,430.14,45.87,163.19,-1,-1,-1,-1
494,154,568.91,450.12,27.61,82.27,-1,-1,-1,-1
494,155,1379.37,412.16,118.18,537.64,-1,-1,-1,-1
494,156,536.98,461.40,23.62,68.71,-1,-1,-1,-1
494,159,731.14,444.56,36.26,129.36,-1,-1,-1,-1
494,160,1163.66,437.75,25.85,89.46,-1,-1,-1,-1
494,162,1184.81,452.45,28.52,80.27,-1,-1,-1,-1
494,163,1458.51,390.24,274.00,620.74,-1,-1,-1,-1
494,167,1085.71,444.39,46.37,150.27,-1,-1,-1,-1
495,4,1380.50,381.13,211.19,682.77,-1,-1,-1,-1
495,70,1209.92,422.94,210.22,585.40,-1,-1,-1,-1
495,98,966.36,433.62,79.89,245.45,-1,-1,-1,-1
495,108,860.85,404.88,56.85,101.05,-1,-1,-1,-1
495,114,851.65,436.65,98.46,290.02,-1,-1,-1,-1
495,118,657.25,433.38,114.60,268.78,-1,-1,-1,-1
495,133,1639.63,406.66,146.86,387.99,-1,-1,-1,-1
495,138,283.23,481.18,104.84,207.74,-1,-1,-1,-1
495,144,381.60,462.44,50.41,112.70,-1,-1,-1,-1
495,145,1033.37,447.59,27.70,82.03,-1,-1,-1,-1
495,151,1113.05,430.09,45.78,160.33,-1,-1,-1,-1
495,154,567.28,449.44,29.46,83.81,-1,-1,-1,-1
495,155,1381.43,411.81,121.18,548.01,-1,-1,-1,-1
495,156,537.13,460.88,23.81,69.71,-1,-1,-1,-1
495,159,730.83,446.50,35.05,129.38,-1,-1,-1,-1
495,160,1163.55,437.91,25.40,89.68,-1,-1,-1,-1
495,162,1183.66,452.96,28.38,80.29,-1,-1,-1,-1
495,163,1406.91,387.06,280.63,660.34,-1,-1,-1,-1
495,167,1087.43,444.96,48.30,144.60,-1,-1,-1,-1
496,4,1386.77,378.82,206.63,685.89,-1,-1,-1,-1
496,70,1210.51,422.14,212.69,586.79,-1,-1,-1,-1
496,98,967.88,433.38,90.80,245.19,-1,-1,-1,-1
496,108,861.72,404.91,52.91,90.16,-1,-1,-1,-1
496,114,854.88,440.71,96.93,285.90,-1,-1,-1,-1
496,118,658.09,436.59,113.05,265.03,-1,-1,-1,-1
496,133,1646.84,403.71,142.40,385.13,-1,-1,-1,-1
496,138,273.28,481.05,110.04,213.05,-1,-1,-1,-1
496,144,378.20,463.15,53.77,112.00,-1,-1,-1,-1
496,145,1032.04,447.94,29.06,83.84,-1,-1,-1,-1
496,151,1112.23,430.12,45.96,155.86,-1,-1,-1,-1
496,154,567.14,449.51,29.75,84.06,-1,-1,-1,-1
496,155,1386.59,409.40,124.42,554.38,-1,-1,-1,-1
496,156,537.20,460.43,23.59,70.10,-1,-1,-1,-1
496,159,730.52,447.36,33.08,128.24,-1,-1,-1,-1
496,160,1163.53,437.78,25.32,90.12,-1,-1,-1,-1
496,162,1182.57,452.79,29.88,80.39,-1,-1,-1,-1
496,163,1395.84,387.27,288.33,672.92,-1,-1,-1,-1
496,167,1092.21,434.78,56.75,154.65,-1,-1,-1,-1
496,168,631.11,454.38,27.99,87.41,-1,-1,-1,-1
497,4,1397.52,396.81,181.06,667.58,-1,-1,-1,-1
497,70,1211.62,421.54,212.16,589.00,-1,-1,-1,-1
497,98,968.77,435.81,101.63,242.81,-1,-1,-1,-1
497,108,862.89,405.08,52.56,87.37,-1,-1,-1,-1
497,114,842.48,447.06,109.01,280.77,-1,-1,-1,-1
497,118,663.22,436.12,108.13,265.93,-1,-1,-1,-1
497,133,1650.19,403.53,144.61,413.10,-1,-1,-1,-1
497,138,266.70,480.44,109.24,214.18,-1,-1,-1,-1
497,144,380.19,462.45,51.49,112.78,-1,-1,-1,-1
497,145,1029.03,447.51,31.62,83.27,-1,-1,-1,-1
497,151,1111.62,429.94,46.56,158.46,-1,-1,-1,-1
497,154,566.98,450.05,29.60,83.71,-1,-1,-1,-1
497,155,1390.37,410.21,126.26,558.13,-1,-1,-1,-1
497,156,537.62,460.57,23.74,70.20,-1,-1,-1,-1
497,159,728.51,447.60,33.17,127.79,-1,-1,-1,-1
497,160,1163.33,437.64,25.33,90.14,-1,-1,-1,-1
497,162,1182.60,453.12,29.67,80.08,-1,-1,-1,-1
497,163,1401.03,375.63,284.81,691.15,-1,-1,-1,-1
497,167,1095.79,429.83,57.79,160.31,-1,-1,-1,-1
497,168,631.28,454.32,28.16,88.50,-1,-1,-1,-1
498,4,1411.94,385.62,213.66,686.42,-1,-1,-1,-1
498,70,1215.36,421.08,211.90,590.37,-1,-1,-1,-1
498,98,968.64,442.26,108.95,236.67,-1,-1,-1,-1
498,108,863.71,405.95,53.18,87.07,-1,-1,-1,-1
498,114,845.99,445.25,105.40,282.06,-1,-1,-1,-1
498,118,667.28,432.60,103.77,270.17,-1,-1,-1,-1
498,133,1658.74,403.43,172.44,454.22,-1,-1,-1,-1
498,138,262.40,480.37,104.93,218.16,-1,-1,-1,-1
498,144,381.40,462.65,49.84,112.64,-1,-1,-1,-1
498,145,1030.73,446.66,30.65,82.61,-1,-1,-1,-1
498,151,1110.18,430.01,47.76,153.15,-1,-1,-1,-1
498,154,567.33,451.24,29.43,82.47,-1,-1,-1,-1
498,155,1387.35,411.14,136.64,562.72,-1,-1,-1,-1
498,156,537.65,460.79,24.31,71.24,-1,-1,-1,-1
498,159,726.50,447.84,33.25,127.35,-1,-1,-1,-1
498,160,1163.52,437.49,25.01,90.80,-1,-1,-1,-1
498,162,1183.51,452.89,28.32,80.41,-1,-1,-1,-1
498,163,1451.67,375.19,258.37,644.73,-1,-1,-1,-1
498,167,1095.91,429.58,59.20,160.92,-1,-1,-1,-1
498,168,630.68,454.14,29.10,89.03,-1,-1,-1,-1
499,4,1426.09,368.46,223.92,706.80,-1,-1,-1,-1
499,70,1220.25,421.18,213.88,591.33,-1,-1,-1,-1
499,98,968.83,444.23,113.18,234.99,-1,-1,-1,-1
499,108,864.77,406.50,53.95,87.67,-1,-1,-1,-1
499,114,855.11,442.40,96.74,285.10,-1,-1,-1,-1
499,118,667.46,431.47,104.12,271.82,-1,-1,-1,-1
499,133,1663.93,415.42,187.36,455.32,-1,-1,-1,-1
499,138,251.19,479.99,110.03,221.04,-1,-1,-1,-1
499,144,381.67,462.89,49.41,112.38,-1,-1,-1,-1
499,145,1031.53,446.65,29.90,72.90,-1,-1,-1,-1
499,151,1110.17,430.20,48.59,153.36,-1,-1,-1,-1
499,154,567.88,452.13,29.19,81.85,-1,-1,-1,-1
499,155,1389.32,410.74,140.76,561.14,-1,-1,-1,-1
499,156,537.83,460.74,24.51,72.09,-1,-1,-1,-1
499,159,724.49,448.07,33.33,126.90,-1,-1,-1,-1
499,160,1163.87,437.32,24.56,91.35,-1,-1,-1,-1
499,162,1183.68,452.94,27.70,80.33,-1,-1,-1,-1
499,163,1476.84,374.71,252.60,605.13,-1,-1,-1,-1
499,167,1098.00,435.67,59.64,155.33,-1,-1,-1,-1
499,168,630.68,454.20,29.70,88.68,-1,-1,-1,-1
499,169,413.57,456.42,42.66,115.37,-1,-1,-1,-1
500,4,1442.89,374.83,233.30,699.94,-1,-1,-1,-1
500,70,1228.17,421.03,212.77,590.45,-1,-1,-1,-1
500,98,968.68,446.37,115.93,232.87,-1,-1,-1,-1
500,108,865.07,406.93,54.31,90.39,-1,-1,-1,-1
500,114,860.54,440.93,92.50,286.37,-1,-1,-1,-1
500,118,681.01,431.88,91.01,271.37,-1,-1,-1,-1
500,133,1670.89,411.37,203.36,469.22,-1,-1,-1,-1
500,138,237.48,479.99,113.15,221.58,-1,-1,-1,-1
500,144,381.76,463.49,49.49,111.61,-1,-1,-1,-1
500,151,1109.66,429.66,48.83,158.13,-1,-1,-1,-1
500,154,568.35,453.04,28.56,81.11,-1,-1,-1,-1
500,155,1390.38,409.64,148.64,558.68,-1,-1,-1,-1
500,156,538.60,461.17,24.51,72.29,-1,-1,-1,-1
500,159,722.48,448.31,33.41,126.45,-1,-1,-1,-1
500,160,1163.99,437.23,24.27,91.72,-1,-1,-1,-1
500,162,1183.37,452.69,27.30,80.58,-1,-1,-1,-1
500,163,1488.07,377.42,225.50,583.05,-1,-1,-1,-1
500,168,631.94,453.66,29.42,88.72,-1,-1,-1,-1
500,169,414.05,454.92,42.14,117.02,-1,-1,-1,-1
501,4,1461.80,380.59,206.40,694.83,-1,-1,-1,-1
501,70,1239.13,420.11,205.35,590.88,-1,-1,-1,-1
501,98,970.14,448.13,115.89,231.25,-1,-1,-1,-1
501,108,865.05,407.05,56.11,92.68,-1,-1,-1,-1
501,114,863.97,441.71,93.02,285.39,-1,-1,-1,-1
501,118,694.56,431.43,78.87,271.15,-1,-1,-1,-1
501,133,1678.03,415.54,216.83,470.57,-1,-1,-1,-1
501,138,224.30,480.47,115.10,222.51,-1,-1,-1,-1
501,144,381.77,463.33,49.51,111.71,-1,-1,-1,-1
501,151,1108.89,429.60,50.05,159.94,-1,-1,-1,-1
501,154,569.50,454.36,27.45,79.66,-1,-1,-1,-1
501,155,1390.95,410.64,154.40,557.95,-1,-1,-1,-1
501,156,539.00,461.09,24.57,72.67,-1,-1,-1,-1
501,159,720.47,448.55,33.49,126.00,-1,-1,-1,-1
501,160,1163.39,437.27,24.82,91.70,-1,-1,-1,-1
501,162,1183.85,452.72,26.36,80.13,-1,-1,-1,-1
501,163,1493.33,375.40,222.49,638.08,-1,-1,-1,-1
501,168,632.36,452.74,29.09,89.99,-1,-1,-1,-1
501,169,414.63,455.37,41.85,116.19,-1,-1,-1,-1
501,170,1076.75,440.29,36.21,107.59,-1,-1,-1,-1
502,4,1483.86,389.01,177.73,686.78,-1,-1,-1,-1
502,70,1252.31,418.83,192.62,592.25,-1,-1,-1,-1
502,98,973.22,447.75,113.74,231.84,-1,-1,-1,-1
502,108,865.18,407.15,57.73,96.33,-1,-1,-1,-1
502,114,866.52,441.64,99.16,285.37,-1,-1,-1,-1
502,118,702.17,430.57,72.26,271.78,-1,-1,-1,-1
502,133,1684.74,415.62,227.65,473.59,-1,-1,-1,-1
502,138,214.28,481.31,118.73,227.72,-1,-1,-1,-1
502,144,381.78,463.19,49.53,111.82,-1,-1,-1,-1
502,151,1108.33,430.25,49.78,157.71,-1,-1,-1,-1
502,154,570.32,454.76,26.86,79.38,-1,-1,-1,-1
502,155,1393.11,411.65,161.57,556.61,-1,-1,-1,-1
502,156,538.75,461.41,24.93,72.59,-1,-1,-1,-1
502,159,718.46,448.79,33.57,125.55,-1,-1,-1,-1
502,160,1163.46,437.40,24.91,91.27,-1,-1,-1,-1
502,162,1183.52,453.12,26.28,79.51,-1,-1,-1,-1
502,163,1503.12,372.46,215.95,669.14,-1,-1,-1,-1
502,168,633.86,452.60,28.30,90.61,-1,-1,-1,-1
502,169,415.59,456.73,41.17,114.97,-1,-1,-1,-1
502,170,1074.33,442.53,35.57,104.79,-1,-1,-1,-1
503,4,1490.25,388.44,180.55,684.77,-1,-1,-1,-1
503,70,1268.73,416.78,181.75,599.85,-1,-1,-1,-1
503,98,977.30,446.28,110.26,233.80,-1,-1,-1,-1
503,108,864.90,407.16,59.23,99.95,-1,-1,-1,-1
503,114,872.09,438.89,100.29,287.99,-1,-1,-1,-1
503,118,708.44,429.57,68.93,272.66,-1,-1,-1,-1
503,133,1693.27,412.62,226.19,482.15,-1,-1,-1,-1
503,138,204.94,481.99,120.91,231.90,-1,-1,-1,-1
503,144,382.00,463.32,48.86,111.82,-1,-1,-1,-1
503,151,1107.69,430.16,51.64,157.52,-1,-1,-1,-1
503,154,570.51,453.49,28.50,80.73,-1,-1,-1,-1
503,155,1394.56,411.69,168.18,557.66,-1,-1,-1,-1
503,156,538.34,461.69,26.15,72.81,-1,-1,-1,-1
503,159,716.45,449.03,33.65,125.10,-1,-1,-1,-1
503,160,1163.98,437.24,24.30,91.67,-1,-1,-1,-1
503,162,1183.17,453.75,26.64,78.92,-1,-1,-1,-1
503,163,1510.20,371.98,213.02,685.37,-1,-1,-1,-1
503,168,634.71,452.46,28.05,90.81,-1,-1,-1,-1
503,169,414.93,456.32,41.89,114.61,-1,-1,-1,-1
503,170,1074.33,445.16,35.05,103.28,-1,-1,-1,-1
504,4,1496.65,387.87,183.36,682.76,-1,-1,-1,-1
504,70,1286.84,416.35,168.93,604.44,-1,-1,-1,-1
504,98,984.88,446.26,103.35,233.55,-1,-1,-1,-1
504,108,854.03,407.58,82.99,232.67,-1,-1,-1,-1
504,114,876.44,440.18,105.09,286.55,-1,-1,-1,-1
504,118,711.73,428.76,68.54,273.42,-1,-1,-1,-1
504,133,1703.57,411.22,216.43,488.22,-1,-1,-1,-1
504,138,192.95,481.57,116.78,232.30,-1,-1,-1,-1
504,144,381.90,463.27,48.68,111.77,-1,-1,-1,-1
504,151,1105.12,444.32,49.81,146.78,-1,-1,-1,-1
504,154,571.24,452.47,29.58,81.85,-1,-1,-1,-1
504,155,1401.88,411.94,164.58,557.20,-1,-1,-1,-1
504,156,537.87,462.05,26.80,72.60,-1,-1,-1,-1
504,159,714.44,449.27,33.74,124.65,-1,-1,-1,-1
504,160,1163.19,437.82,24.80,89.47,-1,-1,-1,-1
504,162,1181.89,452.98,26.52,79.39,-1,-1,-1,-1
504,163,1515.16,371.22,221.68,699.40,-1,-1,-1,-1
504,168,634.56,451.98,28.45,90.61,-1,-1,-1,-1
504,169,415.27,456.40,41.20,114.64,-1,-1,-1,-1
504,170,1074.27,445.63,34.73,103.56,-1,-1,-1,-1
505,4,1503.04,387.30,186.17,680.75,-1,-1,-1,-1
505,70,1299.85,413.59,162.03,608.97,-1,-1,-1,-1
505,98,994.06,455.19,94.12,224.15,-1,-1,-1,-1
505,108,861.10,406.97,72.27,270.68,-1,-1,-1,-1
505,114,891.37,439.55,107.04,287.63,-1,-1,-1,-1
505,118,715.10,427.78,69.74,274.27,-1,-1,-1,-1
505,133,1710.11,408.63,209.89,495.03,-1,-1,-1,-1
505,138,178.80,481.74,116.60,233.96,-1,-1,-1,-1
505,144,381.73,463.45,48.85,111.46,-1,-1,-1,-1
505,151,1103.30,450.26,49.88,141.75,-1,-1,-1,-1
505,154,571.36,452.65,30.30,81.67,-1,-1,-1,-1
505,155,1414.14,411.58,155.74,556.76,-1,-1,-1,-1
505,156,537.81,461.27,27.80,73.33,-1,-1,-1,-1
505,159,712.43,449.50,33.82,124.20,-1,-1,-1,-1
505,160,1163.65,437.96,24.05,89.52,-1,-1,-1,-1
505,162,1181.76,453.52,26.64,79.20,-1,-1,-1,-1
505,163,1519.43,372.59,222.28,701.70,-1,-1,-1,-1
505,168,634.44,451.48,28.34,91.45,-1,-1,-1,-1
505,169,415.41,455.99,40.92,114.88,-1,-1,-1,-1
505,170,1073.88,445.00,35.21,104.71,-1,-1,-1,-1
506,4,1509.44,386.73,188.98,678.73,-1,-1,-1,-1
506,70,1307.11,411.80,163.53,624.11,-1,-1,-1,-1
506,98,1004.27,456.90,84.73,222.17,-1,-1,-1,-1
506,108,866.04,407.18,65.93,291.41,-1,-1,-1,-1
506,114,899.39,439.98,114.72,286.44,-1,-1,-1,-1
506,118,717.84,427.82,75.36,274.58,-1,-1,-1,-1
506,133,1722.47,403.13,197.53,501.67,-1,-1,-1,-1
506,138,167.00,481.30,121.38,234.19,-1,-1,-1,-1
506,144,381.72,463.18,48.41,111.70,-1,-1,-1,-1
506,151,1101.32,449.54,49.21,142.49,-1,-1,-1,-1
506,154,571.79,451.47,30.55,82.39,-1,-1,-1,-1
506,155,1430.71,412.12,140.00,555.33,-1,-1,-1,-1
506,156,537.73,462.47,27.82,72.52,-1,-1,-1,-1
506,159,710.42,449.74,33.90,123.76,-1,-1,-1,-1
506,160,1163.14,437.99,24.41,89.54,-1,-1,-1,-1
506,162,1181.32,453.68,26.79,78.73,-1,-1,-1,-1
506,163,1522.42,371.93,220.04,697.61,-1,-1,-1,-1
506,168,635.28,451.94,26.39,90.58,-1,-1,-1,-1
506,169,415.65,458.33,40.68,112.81,-1,-1,-1,-1
506,170,1072.74,445.91,36.09,103.56,-1,-1,-1,-1
507,4,1515.83,386.16,191.79,676.72,-1,-1,-1,-1
507,70,1313.25,414.39,159.77,625.84,-1,-1,-1,-1
507,98,1015.48,457.33,74.77,222.03,-1,-1,-1,-1
507,108,867.62,407.16,65.13,299.90,-1,-1,-1,-1
507,114,902.94,443.36,123.30,284.23,-1,-1,-1,-1
507,118,718.29,427.24,87.79,275.87,-1,-1,-1,-1
507,133,1733.74,400.17,186.26,509.27,-1,-1,-1,-1
507,138,155.62,480.94,121.59,238.80,-1,-1,-1,-1
507,144,380.91,462.75,48.99,112.20,-1,-1,-1,-1
507,151,1100.50,449.72,48.08,142.83,-1,-1,-1,-1
507,154,572.16,450.58,30.07,83.22,-1,-1,-1,-1
507,155,1444.83,413.97,127.67,554.99,-1,-1,-1,-1
507,156,538.10,462.59,27.31,72.79,-1,-1,-1,-1
507,159,708.40,449.98,33.98,123.31,-1,-1,-1,-1
507,160,1163.15,438.04,24.18,89.71,-1,-1,-1,-1
507,162,1180.96,452.64,26.57,79.27,-1,-1,-1,-1
507,163,1525.46,370.01,218.51,696.30,-1,-1,-1,-1
507,168,635.75,452.12,25.62,91.13,-1,-1,-1,-1
507,169,414.41,457.76,41.80,113.60,-1,-1,-1,-1
507,170,1071.74,446.04,38.00,103.82,-1,-1,-1,-1
508,4,1522.23,385.59,194.61,674.71,-1,-1,-1,-1
508,70,1318.52,415.43,166.29,627.73,-1,-1,-1,-1
508,98,1025.46,442.53,66.78,237.52,-1,-1,-1,-1
508,108,869.12,407.74,64.87,302.14,-1,-1,-1,-1
508,114,904.64,444.95,131.98,283.11,-1,-1,-1,-1
508,118,722.27,426.64,93.59,276.45,-1,-1,-1,-1
508,133,1744.40,397.76,175.60,507.97,-1,-1,-1,-1
508,138,142.16,480.71,122.79,246.87,-1,-1,-1,-1
508,144,381.41,462.36,48.59,112.78,-1,-1,-1,-1
508,151,1101.27,454.37,48.89,137.90,-1,-1,-1,-1
508,154,572.43,449.42,29.93,84.53,-1,-1,-1,-1
508,155,1454.51,415.04,121.25,550.44,-1,-1,-1,-1
508,156,538.90,462.72,27.62,72.89,-1,-1,-1,-1
508,159,706.39,450.22,34.06,122.86,-1,-1,-1,-1
508,160,1163.45,437.83,23.84,89.98,-1,-1,-1,-1
508,162,1181.51,453.14,26.34,78.88,-1,-1,-1,-1
508,163,1528.87,370.53,219.50,696.50,-1,-1,-1,-1
508,168,636.09,452.16,25.07,91.25,-1,-1,-1,-1
508,169,414.01,456.53,42.26,114.41,-1,-1,-1,-1
508,170,1069.64,445.45,40.30,107.64,-1,-1,-1,-1
509,4,1528.63,385.02,197.42,672.70,-1,-1,-1,-1
509,70,1322.02,416.67,179.80,631.32,-1,-1,-1,-1
509,98,1030.53,443.39,63.50,236.34,-1,-1,-1,-1
509,108,870.67,408.57,63.95,301.49,-1,-1,-1,-1
509,114,905.18,444.55,138.08,281.53,-1,-1,-1,-1
509,118,723.98,428.09,100.99,274.82,-1,-1,-1,-1
509,133,1752.47,396.94,167.53,500.71,-1,-1,-1,-1
509,138,126.45,479.51,127.39,247.58,-1,-1,-1,-1
509,144,380.71,461.93,49.16,113.21,-1,-1,-1,-1
509,151,1100.10,442.69,49.16,150.09,-1,-1,-1,-1
509,154,572.70,452.59,29.08,80.99,-1,-1,-1,-1
509,155,1460.99,413.76,120.60,553.42,-1,-1,-1,-1
509,156,538.98,462.98,26.91,72.49,-1,-1,-1,-1
509,159,704.38,450.46,34.14,122.41,-1,-1,-1,-1
509,160,1163.74,437.89,23.64,90.12,-1,-1,-1,-1
509,162,1181.52,452.39,26.51,79.57,-1,-1,-1,-1
509,163,1533.48,368.04,220.13,697.39,-1,-1,-1,-1
509,168,637.00,453.07,23.82,89.80,-1,-1,-1,-1
509,169,413.72,456.59,42.77,114.35,-1,-1,-1,-1
509,170,1069.17,444.19,37.56,110.57,-1,-1,-1,-1
510,4,1535.02,384.45,200.23,670.69,-1,-1,-1,-1
510,70,1324.37,411.79,205.39,640.01,-1,-1,-1,-1
510,98,1036.09,457.55,64.96,222.14,-1,-1,-1,-1
510,108,872.09,408.20,67.35,304.21,-1,-1,-1,-1
510,114,904.83,444.03,142.36,281.78,-1,-1,-1,-1
510,118,725.07,427.86,104.99,275.23,-1,-1,-1,-1
510,133,1767.49,395.85,152.51,496.87,-1,-1,-1,-1
510,138,110.87,477.69,132.54,253.62,-1,-1,-1,-1
510,144,374.92,462.58,54.80,112.53,-1,-1,-1,-1
510,151,1099.41,447.21,51.04,147.39,-1,-1,-1,-1
510,154,572.26,451.27,29.69,82.69,-1,-1,-1,-1
510,155,1465.73,411.80,119.80,559.49,-1,-1,-1,-1
510,156,539.90,462.69,25.78,72.69,-1,-1,-1,-1
510,159,702.37,450.70,34.22,121.96,-1,-1,-1,-1
510,160,1163.35,438.16,24.45,90.60,-1,-1,-1,-1
510,162,1181.58,453.49,26.78,78.53,-1,-1,-1,-1
510,163,1538.68,369.80,223.31,698.28,-1,-1,-1,-1
510,168,637.28,453.61,24.24,89.00,-1,-1,-1,-1
510,169,413.54,457.82,42.51,114.12,-1,-1,-1,-1
511,4,1541.42,383.88,203.04,668.67,-1,-1,-1,-1
511,70,1325.16,407.64,220.14,645.45,-1,-1,-1,-1
511,98,1039.82,457.46,69.52,222.14,-1,-1,-1,-1
511,108,874.33,409.67,66.38,300.52,-1,-1,-1,-1
511,114,904.57,445.20,147.46,280.53,-1,-1,-1,-1
511,118,725.19,430.04,108.82,273.41,-1,-1,-1,-1
511,133,1777.92,394.53,142.08,499.11,-1,-1,-1,-1
511,138,96.15,477.56,137.30,253.81,-1,-1,-1,-1
511,144,377.93,462.37,52.29,112.64,-1,-1,-1,-1
511,151,1097.44,439.68,54.47,152.69,-1,-1,-1,-1
511,154,571.99,452.18,29.99,82.23,-1,-1,-1,-1
511,155,1470.92,412.08,118.22,532.45,-1,-1,-1,-1
511,156,540.59,462.12,26.12,73.05,-1,-1,-1,-1
511,159,700.36,450.93,34.31,121.51,-1,-1,-1,-1
511,160,1163.38,438.26,24.13,89.99,-1,-1,-1,-1
511,162,1181.19,452.93,27.03,78.65,-1,-1,-1,-1
511,163,1540.87,371.76,226.38,693.09,-1,-1,-1,-1
511,168,637.67,454.41,24.37,88.25,-1,-1,-1,-1
511,169,412.83,457.56,42.91,114.38,-1,-1,-1,-1
512,4,1547.81,383.31,205.86,666.66,-1,-1,-1,-1
512,70,1324.99,401.91,228.90,652.93,-1,-1,-1,-1
512,98,1042.46,445.12,78.91,234.62,-1,-1,-1,-1
512,108,875.22,409.87,70.95,298.50,-1,-1,-1,-1
512,114,904.32,447.36,150.20,278.57,-1,-1,-1,-1
512,118,726.19,430.56,109.33,272.77,-1,-1,-1,-1
512,133,1788.70,391.98,131.30,497.52,-1,-1,-1,-1
512,138,78.10,478.44,144.54,255.97,-1,-1,-1,-1
512,144,378.87,461.95,50.26,113.05,-1,-1,-1,-1
512,151,1095.56,443.17,56.07,148.34,-1,-1,-1,-1
512,154,571.57,452.63,29.39,81.93,-1,-1,-1,-1
512,155,1475.43,411.57,117.92,538.92,-1,-1,-1,-1
512,156,540.93,461.62,26.34,72.93,-1,-1,-1,-1
512,159,698.35,451.17,34.39,121.06,-1,-1,-1,-1
512,160,1162.89,438.59,24.55,88.89,-1,-1,-1,-1
512,162,1180.65,452.83,27.10,78.63,-1,-1,-1,-1
512,163,1545.07,374.30,221.47,692.51,-1,-1,-1,-1
512,168,638.14,455.39,24.31,88.23,-1,-1,-1,-1
512,169,412.72,457.96,42.62,113.75,-1,-1,-1,-1
513,4,1554.21,382.74,208.67,664.65,-1,-1,-1,-1
513,70,1324.79,404.51,234.07,653.80,-1,-1,-1,-1
513,98,1045.91,441.42,86.41,238.48,-1,-1,-1,-1
513,108,875.53,409.13,72.12,300.48,-1,-1,-1,-1
513,114,904.44,448.49,151.45,276.98,-1,-1,-1,-1
513,118,727.12,431.23,114.27,272.00,-1,-1,-1,-1
513,133,1801.02,389.33,118.98,498.38,-1,-1,-1,-1
513,138,62.72,479.13,148.69,255.44,-1,-1,-1,-1
513,144,379.04,461.68,49.63,113.27,-1,-1,-1,-1
513,151,1096.97,436.38,58.59,155.84,-1,-1,-1,-1
513,154,571.41,453.25,29.26,81.29,-1,-1,-1,-1
513,155,1481.36,415.28,116.87,539.46,-1,-1,-1,-1
513,156,541.30,461.41,26.23,73.05,-1,-1,-1,-1
513,159,697.04,452.19,35.63,119.89,-1,-1,-1,-1
513,160,1162.18,438.37,25.27,90.11,-1,-1,-1,-1
513,162,1180.75,452.82,26.83,78.58,-1,-1,-1,-1
513,163,1551.66,375.58,229.39,689.20,-1,-1,-1,-1
513,168,639.04,457.63,25.51,86.99,-1,-1,-1,-1
513,169,412.84,458.67,42.37,112.89,-1,-1,-1,-1
514,4,1560.60,382.17,211.48,662.64,-1,-1,-1,-1
514,70,1325.02,411.35,231.99,647.04,-1,-1,-1,-1
514,98,1046.80,457.02,94.66,222.56,-1,-1,-1,-1
514,108,875.54,408.54,75.52,300.07,-1,-1,-1,-1
514,114,903.54,455.39,152.98,268.88,-1,-1,-1,-1
514,118,728.16,430.79,113.71,271.93,-1,-1,-1,-1
514,133,1808.80,388.67,111.20,508.86,-1,-1,-1,-1
514,138,49.64,479.44,151.89,257.01,-1,-1,-1,-1
514,144,380.23,462.33,48.45,112.13,-1,-1,-1,-1
514,151,1098.33,434.05,58.88,158.64,-1,-1,-1,-1
514,154,571.21,452.42,29.60,82.15,-1,-1,-1,-1
514,155,1484.75,416.73,119.78,542.88,-1,-1,-1,-1
514,156,541.64,461.35,26.83,72.68,-1,-1,-1,-1
514,159,691.92,452.25,38.58,120.65,-1,-1,-1,-1
514,160,1161.94,438.58,25.38,89.30,-1,-1,-1,-1
514,162,1180.60,452.76,26.93,78.60,-1,-1,-1,-1
514,163,1557.08,375.22,225.79,676.54,-1,-1,-1,-1
514,168,639.66,457.10,29.08,88.18,-1,-1,-1,-1
514,169,413.20,458.89,42.01,112.66,-1,-1,-1,-1
515,4,1567.00,381.60,214.29,660.63,-1,-1,-1,-1
515,70,1325.71,415.72,227.42,643.68,-1,-1,-1,-1
515,98,1048.71,463.57,98.65,216.05,-1,-1,-1,-1
515,108,877.19,408.90,73.42,299.28,-1,-1,-1,-1
515,114,904.15,454.69,153.19,269.36,-1,-1,-1,-1
515,118,729.93,430.20,112.03,272.90,-1,-1,-1,-1
515,133,1819.15,387.51,100.85,499.78,-1,-1,-1,-1
515,138,41.89,479.44,151.26,255.83,-1,-1,-1,-1
515,144,377.60,461.98,51.34,112.71,-1,-1,-1,-1
515,151,1099.15,433.68,55.75,158.75,-1,-1,-1,-1
515,154,572.48,453.32,28.82,80.93,-1,-1,-1,-1
515,155,1490.40,420.78,117.58,540.92,-1,-1,-1,-1
515,156,541.69,461.37,26.41,72.69,-1,-1,-1,-1
515,159,689.08,451.50,38.91,120.92,-1,-1,-1,-1
515,160,1162.25,438.04,25.20,90.15,-1,-1,-1,-1
515,162,1181.80,452.16,26.40,79.45,-1,-1,-1,-1
515,163,1563.18,377.21,226.96,689.48,-1,-1,-1,-1
515,168,640.66,456.07,30.69,88.82,-1,-1,-1,-1
515,169,413.96,459.81,41.41,111.20,-1,-1,-1,-1
516,4,1573.39,381.03,217.11,658.62,-1,-1,-1,-1
516,70,1325.37,419.66,220.70,638.20,-1,-1,-1,-1
516,98,1048.68,445.53,102.09,234.39,-1,-1,-1,-1
516,108,879.36,408.12,73.99,299.84,-1,-1,-1,-1
516,114,905.01,452.03,152.79,271.12,-1,-1,-1,-1
516,118,730.64,429.51,112.34,272.44,-1,-1,-1,-1
516,133,1825.52,387.17,94.48,499.82,-1,-1,-1,-1
516,138,22.12,479.35,159.76,261.58,-1,-1,-1,-1
516,144,378.40,462.11,50.88,112.65,-1,-1,-1,-1
516,151,1102.04,439.84,52.60,150.63,-1,-1,-1,-1
516,154,572.68,453.20,28.78,81.35,-1,-1,-1,-1
516,155,1495.09,421.40,119.06,540.25,-1,-1,-1,-1
516,156,541.56,460.88,26.41,73.22,-1,-1,-1,-1
516,159,688.95,451.19,37.13,120.51,-1,-1,-1,-1
516,160,1162.29,437.92,25.45,90.35,-1,-1,-1,-1
516,162,1182.12,451.30,26.30,80.60,-1,-1,-1,-1
516,163,1570.14,378.54,282.34,691.76,-1,-1,-1,-1
516,168,641.37,455.34,31.01,89.24,-1,-1,-1,-1
516,169,412.82,458.34,42.53,112.93,-1,-1,-1,-1
517,4,1579.79,380.46,219.92,656.60,-1,-1,-1,-1
517,70,1327.04,420.76,223.64,636.97,-1,-1,-1,-1
517,98,1048.33,438.49,104.07,241.66,-1,-1,-1,-1
517,108,879.99,409.20,75.47,299.96,-1,-1,-1,-1
517,114,905.94,450.32,151.49,274.03,-1,-1,-1,-1
517,118,732.73,426.98,110.10,274.88,-1,-1,-1,-1
517,133,1835.83,387.67,84.17,492.51,-1,-1,-1,-1
517,138,13.59,478.96,157.79,265.90,-1,-1,-1,-1
517,144,379.56,462.01,49.59,112.78,-1,-1,-1,-1
517,151,1104.18,436.54,50.59,154.82,-1,-1,-1,-1
517,154,571.51,452.86,30.09,81.88,-1,-1,-1,-1
517,155,1498.51,418.62,125.61,542.01,-1,-1,-1,-1
517,156,541.39,460.07,27.01,73.31,-1,-1,-1,-1
517,159,689.32,451.51,35.31,119.29,-1,-1,-1,-1
517,160,1162.79,438.06,25.17,90.08,-1,-1,-1,-1
517,162,1182.31,451.53,25.80,79.97,-1,-1,-1,-1
517,163,1576.33,378.86,294.97,693.58,-1,-1,-1,-1
517,168,641.55,455.09,31.31,89.57,-1,-1,-1,-1
517,169,412.87,457.94,42.54,113.30,-1,-1,-1,-1
518,4,1585.09,383.68,219.34,676.96,-1,-1,-1,-1
518,70,1329.25,419.16,229.00,641.01,-1,-1,-1,-1
518,98,1049.21,435.60,105.28,244.31,-1,-1,-1,-1
518,108,877.68,407.86,80.69,299.97,-1,-1,-1,-1
518,114,909.81,448.83,147.31,275.69,-1,-1,-1,-1
518,118,738.52,429.30,104.99,273.11,-1,-1,-1,-1
518,133,1843.89,386.36,76.11,487.55,-1,-1,-1,-1
518,138,1.51,482.84,160.52,265.45,-1,-1,-1,-1
518,144,380.04,462.11,49.44,112.78,-1,-1,-1,-1
518,151,1107.10,435.34,48.13,152.78,-1,-1,-1,-1
518,154,571.44,453.24,30.33,81.53,-1,-1,-1,-1
518,155,1500.74,418.66,130.53,541.32,-1,-1,-1,-1
518,156,541.89,459.68,26.99,73.99,-1,-1,-1,-1
518,159,688.72,449.86,34.34,120.64,-1,-1,-1,-1
518,160,1164.11,438.22,23.43,89.64,-1,-1,-1,-1
518,162,1180.86,452.88,27.36,78.80,-1,-1,-1,-1
518,168,642.10,454.54,30.95,89.93,-1,-1,-1,-1
518,169,413.41,457.67,41.92,113.12,-1,-1,-1,-1
519,4,1583.48,389.98,203.88,678.75,-1,-1,-1,-1
519,70,1332.68,416.19,234.82,644.52,-1,-1,-1,-1
519,98,1049.51,456.83,105.29,222.61,-1,-1,-1,-1
519,108,876.53,407.08,82.67,298.90,-1,-1,-1,-1
519,114,915.06,448.86,142.08,273.25,-1,-1,-1,-1
519,118,744.70,429.65,100.20,272.19,-1,-1,-1,-1
519,133,1853.46,403.06,66.54,476.27,-1,-1,-1,-1
519,138,0.00,498.59,151.80,249.39,-1,-1,-1,-1
519,144,380.15,462.14,49.56,112.79,-1,-1,-1,-1
519,151,1108.45,435.00,45.89,151.92,-1,-1,-1,-1
519,154,573.47,453.21,28.48,82.00,-1,-1,-1,-1
519,155,1512.52,419.52,128.15,537.48,-1,-1,-1,-1
519,156,542.03,458.90,28.05,75.65,-1,-1,-1,-1
519,159,687.68,449.14,35.26,122.23,-1,-1,-1,-1
519,160,1164.80,438.22,22.60,89.39,-1,-1,-1,-1
519,162,1180.92,453.46,27.33,78.23,-1,-1,-1,-1
519,168,641.85,454.01,30.97,90.66,-1,-1,-1,-1
519,169,413.09,457.02,42.15,113.97,-1,-1,-1,-1
519,171,720.76,450.73,29.16,89.54,-1,-1,-1,-1
520,4,1598.18,384.63,211.13,662.86,-1,-1,-1,-1
520,70,1335.77,418.41,240.08,643.08,-1,-1,-1,-1
520,98,1049.15,460.80,104.35,218.41,-1,-1,-1,-1
520,108,877.68,407.28,84.34,300.52,-1,-1,-1,-1
520,114,921.27,447.63,137.99,273.43,-1,-1,-1,-1
520,118,752.36,428.19,93.75,267.31,-1,-1,-1,-1
520,133,1863.76,408.68,56.24,466.34,-1,-1,-1,-1
520,138,0.00,484.84,146.14,261.70,-1,-1,-1,-1
520,144,379.67,462.00,49.77,112.92,-1,-1,-1,-1
520,151,1109.64,435.61,43.60,151.91,-1,-1,-1,-1
520,154,572.60,453.31,29.23,82.10,-1,-1,-1,-1
520,155,1522.16,421.22,130.30,532.63,-1,-1,-1,-1
520,156,542.02,458.88,28.16,76.11,-1,-1,-1,-1
520,159,685.76,448.78,36.60,121.79,-1,-1,-1,-1
520,160,1164.93,438.27,22.23,89.22,-1,-1,-1,-1
520,162,1180.19,453.04,28.25,77.98,-1,-1,-1,-1
520,168,642.50,454.12,30.02,90.90,-1,-1,-1,-1
520,169,412.83,456.69,42.42,114.48,-1,-1,-1,-1
520,171,719.80,450.93,29.51,90.47,-1,-1,-1,-1
521,4,1616.32,382.88,217.56,662.96,-1,-1,-1,-1
521,70,1338.81,414.23,241.22,649.42,-1,-1,-1,-1
521,98,1049.57,448.03,104.42,231.12,-1,-1,-1,-1
521,108,877.28,408.12,88.58,299.88,-1,-1,-1,-1
521,114,929.50,446.87,132.04,272.81,-1,-1,-1,-1
521,118,758.16,425.65,88.14,265.27,-1,-1,-1,-1
521,133,1873.90,407.22,46.10,434.29,-1,-1,-1,-1
521,138,0.00,495.45,130.33,252.11,-1,-1,-1,-1
521,144,380.18,462.31,49.43,112.62,-1,-1,-1,-1
521,151,1113.96,436.20,40.73,149.96,-1,-1,-1,-1
521,154,572.33,453.37,29.54,81.86,-1,-1,-1,-1
521,155,1527.61,419.49,134.06,537.99,-1,-1,-1,-1
521,156,542.19,459.50,26.60,75.23,-1,-1,-1,-1
521,159,684.17,448.56,37.19,122.25,-1,-1,-1,-1
521,160,1164.77,438.25,23.05,89.73,-1,-1,-1,-1
521,162,1181.71,453.08,26.87,77.79,-1,-1,-1,-1
521,168,642.95,454.18,29.99,91.20,-1,-1,-1,-1
521,169,412.56,456.42,42.65,114.80,-1,-1,-1,-1
521,171,719.05,450.37,30.08,91.19,-1,-1,-1,-1
522,4,1601.88,379.86,242.66,682.98,-1,-1,-1,-1
522,70,1343.13,412.84,243.70,649.33,-1,-1,-1,-1
522,98,1049.63,438.97,104.34,240.19,-1,-1,-1,-1
522,108,878.32,408.57,87.41,298.55,-1,-1,-1,-1
522,114,946.70,446.00,120.07,272.81,-1,-1,-1,-1
522,118,765.26,427.97,81.63,261.05,-1,-1,-1,-1
522,133,1885.67,434.56,34.33,388.32,-1,-1,-1,-1
522,138,0.00,506.62,118.14,234.71,-1,-1,-1,-1
522,144,380.00,462.32,49.45,112.50,-1,-1,-1,-1
522,151,1117.01,436.24,39.43,138.19,-1,-1,-1,-1
522,154,573.03,453.80,29.24,81.33,-1,-1,-1,-1
522,155,1533.06,418.10,135.37,541.82,-1,-1,-1,-1
522,156,542.25,459.51,26.47,75.07,-1,-1,-1,-1
522,159,682.29,448.31,38.19,122.22,-1,-1,-1,-1
522,160,1164.80,438.43,23.43,89.99,-1,-1,-1,-1
522,162,1181.75,453.05,26.85,77.91,-1,-1,-1,-1
522,168,643.12,453.81,30.44,91.45,-1,-1,-1,-1
522,169,411.63,457.48,43.16,113.53,-1,-1,-1,-1
522,171,718.43,450.01,30.56,91.51,-1,-1,-1,-1
523,4,1625.79,377.61,229.59,678.33,-1,-1,-1,-1
523,70,1351.61,413.98,239.23,651.54,-1,-1,-1,-1
523,98,1051.31,435.79,103.62,242.98,-1,-1,-1,-1
523,108,881.07,406.67,87.82,302.16,-1,-1,-1,-1
523,114,954.76,445.89,114.27,274.30,-1,-1,-1,-1
523,118,776.00,429.44,74.94,258.70,-1,-1,-1,-1
523,138,0.00,517.80,109.67,231.74,-1,-1,-1,-1
523,144,380.98,462.40,48.83,112.07,-1,-1,-1,-1
523,151,1118.39,435.76,35.21,123.81,-1,-1,-1,-1
523,154,572.84,453.47,30.30,81.82,-1,-1,-1,-1
523,155,1539.02,417.84,138.28,544.92,-1,-1,-1,-1
523,156,542.90,459.56,26.04,75.29,-1,-1,-1,-1
523,159,680.03,449.45,38.75,121.44,-1,-1,-1,-1
523,160,1165.38,438.12,22.54,90.30,-1,-1,-1,-1
523,162,1181.53,453.23,26.41,77.61,-1,-1,-1,-1
523,168,642.72,453.04,32.24,92.31,-1,-1,-1,-1
523,169,413.38,457.68,41.42,112.96,-1,-1,-1,-1
523,171,718.28,449.11,30.97,92.01,-1,-1,-1,-1
524,4,1639.81,376.47,227.08,679.89,-1,-1,-1,-1
524,70,1361.87,413.72,236.35,653.05,-1,-1,-1,-1
524,98,1053.35,437.80,100.24,240.64,-1,-1,-1,-1
524,108,883.49,405.98,92.05,301.39,-1,-1,-1,-1
524,114,966.13,445.16,106.69,275.46,-1,-1,-1,-1
524,118,779.69,429.41,75.05,260.44,-1,-1,-1,-1
524,138,0.00,527.27,93.58,229.70,-1,-1,-1,-1
524,144,380.85,461.81,49.38,112.64,-1,-1,-1,-1
524,154,573.01,452.90,30.69,82.49,-1,-1,-1,-1
524,155,1543.44,415.91,143.14,555.09,-1,-1,-1,-1
524,156,543.19,459.40,26.02,74.79,-1,-1,-1,-1
524,159,676.51,448.97,41.37,121.74,-1,-1,-1,-1
524,160,1164.70,437.99,23.48,89.96,-1,-1,-1,-1
524,162,1182.37,453.26,25.53,77.29,-1,-1,-1,-1
524,168,643.11,452.88,33.79,93.49,-1,-1,-1,-1
524,169,413.49,459.29,41.55,111.33,-1,-1,-1,-1
524,171,717.44,448.48,31.57,92.35,-1,-1,-1,-1
525,4,1646.17,373.59,236.20,691.54,-1,-1,-1,-1
525,70,1377.90,412.76,223.98,654.48,-1,-1,-1,-1
525,98,1057.79,437.34,97.25,240.40,-1,-1,-1,-1
525,108,887.15,406.85,88.36,301.37,-1,-1,-1,-1
525,114,977.56,445.33,103.99,273.53,-1,-1,-1,-1
525,118,775.70,428.75,83.07,262.00,-1,-1,-1,-1
525,138,0.00,537.70,78.39,215.17,-1,-1,-1,-1
525,144,381.29,461.73,49.39,112.80,-1,-1,-1,-1
525,154,572.81,449.90,31.58,84.89,-1,-1,-1,-1
525,155,1545.84,415.22,145.50,561.70,-1,-1,-1,-1
525,156,543.48,459.45,26.18,75.36,-1,-1,-1,-1
525,159,673.71,450.16,42.81,120.22,-1,-1,-1,-1
525,160,1164.48,438.39,24.02,89.09,-1,-1,-1,-1
525,162,1182.69,450.40,25.13,80.13,-1,-1,-1,-1
525,168,644.46,453.71,33.74,92.54,-1,-1,-1,-1
525,169,414.02,459.94,41.83,111.05,-1,-1,-1,-1
525,171,717.20,448.06,31.81,93.33,-1,-1,-1,-1
526,4,1655.17,371.71,251.81,695.65,-1,-1,-1,-1
526,70,1395.45,412.46,209.58,653.45,-1,-1,-1,-1
526,98,1061.76,432.96,94.98,243.59,-1,-1,-1,-1
526,108,891.75,406.43,84.40,302.49,-1,-1,-1,-1
526,114,988.24,444.90,94.92,274.25,-1,-1,-1,-1
526,118,787.57,428.92,77.72,262.03,-1,-1,-1,-1
526,138,0.00,541.92,70.57,219.28,-1,-1,-1,-1
526,144,381.36,461.67,49.47,112.87,-1,-1,-1,-1
526,154,573.05,448.97,31.22,85.33,-1,-1,-1,-1
526,155,1547.20,414.81,159.81,566.63,-1,-1,-1,-1
526,156,543.58,459.67,26.12,75.15,-1,-1,-1,-1
526,159,672.33,451.03,43.83,119.02,-1,-1,-1,-1
526,160,1163.82,438.20,24.71,88.90,-1,-1,-1,-1
526,162,1183.06,451.93,24.68,77.93,-1,-1,-1,-1
526,168,645.27,454.49,32.86,92.05,-1,-1,-1,-1
526,169,414.09,460.04,42.11,111.01,-1,-1,-1,-1
526,171,716.73,447.69,32.56,93.90,-1,-1,-1,-1
527,4,1668.82,370.26,238.97,695.56,-1,-1,-1,-1
527,70,1416.36,411.50,195.52,655.32,-1,-1,-1,-1
527,98,1068.60,440.01,95.09,235.02,-1,-1,-1,-1
527,108,895.62,407.25,82.60,302.57,-1,-1,-1,-1
527,114,995.10,444.01,91.65,276.08,-1,-1,-1,-1
527,118,793.81,428.34,83.66,262.88,-1,-1,-1,-1
527,138,0.00,536.38,62.66,197.60,-1,-1,-1,-1
527,144,381.47,461.65,49.42,112.92,-1,-1,-1,-1
527,154,571.84,448.24,32.66,86.14,-1,-1,-1,-1
527,155,1547.27,415.00,170.51,572.52,-1,-1,-1,-1
527,156,543.75,459.80,26.26,75.06,-1,-1,-1,-1
527,159,670.44,451.25,45.85,119.36,-1,-1,-1,-1
527,160,1163.76,438.09,24.96,89.77,-1,-1,-1,-1
527,162,1182.42,452.38,25.26,77.48,-1,-1,-1,-1
527,168,645.89,455.75,31.38,90.71,-1,-1,-1,-1
527,169,413.99,460.11,42.50,110.96,-1,-1,-1,-1
527,171,716.54,447.37,32.56,94.41,-1,-1,-1,-1
528,4,1680.51,371.65,234.18,686.98,-1,-1,-1,-1
528,70,1433.56,411.64,183.10,652.93,-1,-1,-1,-1
528,98,1074.56,441.36,97.53,232.93,-1,-1,-1,-1
528,108,903.04,406.57,79.48,301.72,-1,-1,-1,-1
528,114,1000.92,444.27,93.32,278.00,-1,-1,-1,-1
528,118,797.98,430.97,94.72,258.35,-1,-1,-1,-1
528,138,0.00,547.65,51.46,131.83,-1,-1,-1,-1
528,144,381.19,462.19,50.27,112.08,-1,-1,-1,-1
528,154,573.43,448.86,31.75,85.13,-1,-1,-1,-1
528,155,1544.63,413.24,181.28,582.01,-1,-1,-1,-1
528,156,543.60,460.49,26.13,74.51,-1,-1,-1,-1
528,159,670.42,452.37,45.29,117.95,-1,-1,-1,-1
528,160,1162.82,439.04,26.21,89.35,-1,-1,-1,-1
528,162,1182.45,453.27,24.82,76.07,-1,-1,-1,-1
528,168,646.78,456.83,30.49,89.37,-1,-1,-1,-1
528,169,415.04,458.19,41.48,113.11,-1,-1,-1,-1
528,171,717.89,448.41,30.99,93.57,-1,-1,-1,-1
529,4,1687.46,372.17,232.54,545.58,-1,-1,-1,-1
529,70,1441.70,411.43,180.41,649.60,-1,-1,-1,-1
529,98,1082.13,436.69,99.15,236.88,-1,-1,-1,-1
529,108,913.64,405.43,72.74,304.44,-1,-1,-1,-1
529,114,1005.54,445.00,91.84,278.10,-1,-1,-1,-1
529,118,790.51,431.62,113.62,257.41,-1,-1,-1,-1
529,138,0.00,555.75,41.53,106.58,-1,-1,-1,-1
529,144,381.22,461.68,49.89,112.60,-1,-1,-1,-1
529,145,1009.78,449.05,31.33,39.38,-1,-1,-1,-1
529,154,574.60,448.79,30.83,85.45,-1,-1,-1,-1
529,155,1554.18,411.53,184.78,589.34,-1,-1,-1,-1
529,156,543.61,460.77,26.17,74.32,-1,-1,-1,-1
529,159,669.93,452.42,43.81,117.60,-1,-1,-1,-1
529,160,1162.21,438.08,27.30,93.04,-1,-1,-1,-1
529,162,1181.83,453.59,25.13,75.80,-1,-1,-1,-1
529,168,646.87,456.67,29.43,89.42,-1,-1,-1,-1
529,169,415.35,456.95,40.92,114.18,-1,-1,-1,-1
529,171,718.19,448.70,29.24,93.08,-1,-1,-1,-1
530,4,1696.63,372.14,223.37,489.76,-1,-1,-1,-1
530,70,1448.51,412.20,174.21,652.22,-1,-1,-1,-1
530,98,1090.62,440.26,95.10,233.21,-1,-1,-1,-1
530,108,917.89,405.45,70.57,302.91,-1,-1,-1,-1
530,114,1007.76,445.77,95.22,277.06,-1,-1,-1,-1
530,118,797.34,432.45,117.74,255.88,-1,-1,-1,-1
530,138,0.00,561.66,31.44,108.47,-1,-1,-1,-1
530,144,381.52,462.35,49.44,112.12,-1,-1,-1,-1
530,145,1009.34,449.28,33.19,40.30,-1,-1,-1,-1
530,154,576.09,450.27,29.35,84.20,-1,-1,-1,-1
530,155,1573.59,410.45,175.37,594.92,-1,-1,-1,-1
530,156,543.68,460.41,25.70,75.15,-1,-1,-1,-1
530,159,667.91,452.16,43.88,116.92,-1,-1,-1,-1
530,160,1154.64,439.32,34.61,105.20,-1,-1,-1,-1
530,162,1179.50,450.31,27.16,78.96,-1,-1,-1,-1
530,168,646.80,456.06,28.86,89.70,-1,-1,-1,-1
530,169,416.36,458.61,40.27,111.76,-1,-1,-1,-1
530,171,717.02,448.58,29.90,93.07,-1,-1,-1,-1
531,4,1703.08,382.37,216.92,482.28,-1,-1,-1,-1
531,70,1452.94,412.30,182.26,654.26,-1,-1,-1,-1
531,98,1096.61,443.50,76.67,230.93,-1,-1,-1,-1
531,108,920.41,405.62,70.61,301.17,-1,-1,-1,-1
531,114,1009.49,447.52,102.48,275.03,-1,-1,-1,-1
531,118,799.99,433.48,122.61,254.71,-1,-1,-1,-1
531,138,0.00,572.86,21.64,109.52,-1,-1,-1,-1
531,144,381.18,463.02,49.79,111.50,-1,-1,-1,-1
531,145,1008.89,449.40,33.27,41.48,-1,-1,-1,-1
531,154,576.51,449.17,29.23,85.94,-1,-1,-1,-1
531,155,1584.58,412.44,176.27,596.63,-1,-1,-1,-1
531,156,543.14,461.14,24.59,73.94,-1,-1,-1,-1
531,159,667.35,451.68,42.40,116.80,-1,-1,-1,-1
531,160,1155.99,437.84,32.61,110.94,-1,-1,-1,-1
531,162,1180.50,448.01,26.23,81.06,-1,-1,-1,-1
531,168,647.00,455.43,28.80,89.87,-1,-1,-1,-1
531,169,417.28,461.69,38.58,107.76,-1,-1,-1,-1
531,171,716.01,448.90,30.42,92.39,-1,-1,-1,-1
532,4,1710.60,371.26,209.40,514.18,-1,-1,-1,-1
532,70,1455.41,413.01,190.14,653.70,-1,-1,-1,-1
532,98,1099.56,444.84,79.34,230.54,-1,-1,-1,-1
532,108,921.97,404.71,72.11,303.92,-1,-1,-1,-1
532,114,1010.25,446.97,109.09,274.28,-1,-1,-1,-1
532,118,801.40,434.22,125.04,253.87,-1,-1,-1,-1
532,144,380.89,463.33,50.04,111.28,-1,-1,-1,-1
532,145,1009.01,449.21,35.22,44.83,-1,-1,-1,-1
532,154,577.26,451.79,29.52,83.84,-1,-1,-1,-1
532,155,1593.44,411.61,178.32,601.97,-1,-1,-1,-1
532,156,543.20,460.63,24.87,75.17,-1,-1,-1,-1
532,159,667.06,450.33,39.24,117.86,-1,-1,-1,-1
532,160,1154.55,442.54,34.40,108.94,-1,-1,-1,-1
532,162,1180.78,448.75,25.28,80.48,-1,-1,-1,-1
532,168,646.89,454.58,28.56,91.02,-1,-1,-1,-1
532,169,416.83,461.92,39.22,108.00,-1,-1,-1,-1
532,171,714.49,448.71,31.02,93.05,-1,-1,-1,-1
533,4,1718.95,367.08,201.05,597.78,-1,-1,-1,-1
533,70,1456.54,412.59,195.80,653.74,-1,-1,-1,-1
533,98,1103.00,448.72,69.83,226.93,-1,-1,-1,-1
533,108,922.64,405.19,80.29,304.59,-1,-1,-1,-1
533,114,1010.23,448.97,115.43,271.69,-1,-1,-1,-1
533,118,801.67,434.79,127.24,253.10,-1,-1,-1,-1
533,144,381.23,463.27,49.81,111.46,-1,-1,-1,-1
533,145,1009.16,449.04,34.97,50.13,-1,-1,-1,-1
533,154,577.79,453.05,29.62,82.85,-1,-1,-1,-1
533,155,1599.35,412.26,174.19,605.86,-1,-1,-1,-1
533,156,543.16,460.66,26.37,75.33,-1,-1,-1,-1
533,159,666.54,449.63,36.77,118.25,-1,-1,-1,-1
533,160,1156.43,443.21,34.77,109.31,-1,-1,-1,-1
533,162,1182.92,448.22,22.86,80.57,-1,-1,-1,-1
533,168,647.45,454.53,27.59,90.60,-1,-1,-1,-1
533,169,417.17,461.76,39.45,108.41,-1,-1,-1,-1
533,171,713.59,449.14,32.17,93.12,-1,-1,-1,-1
534,4,1728.45,365.40,191.55,646.91,-1,-1,-1,-1
534,70,1456.79,410.87,202.77,656.09,-1,-1,-1,-1
534,98,1105.64,450.29,73.46,226.94,-1,-1,-1,-1
534,108,922.66,406.09,88.18,304.51,-1,-1,-1,-1
534,114,1011.06,448.17,122.16,272.82,-1,-1,-1,-1
534,118,802.54,434.52,128.17,253.24,-1,-1,-1,-1
534,144,381.71,463.54,49.40,111.28,-1,-1,-1,-1
534,145,1009.63,448.84,36.58,52.63,-1,-1,-1,-1
534,154,578.08,453.36,29.90,83.14,-1,-1,-1,-1
534,155,1602.77,416.00,180.60,621.60,-1,-1,-1,-1
534,156,543.13,460.55,27.22,75.97,-1,-1,-1,-1
534,159,666.43,450.01,35.32,118.82,-1,-1,-1,-1
534,160,1158.60,440.91,33.96,109.80,-1,-1,-1,-1
534,162,1184.69,449.64,20.83,79.58,-1,-1,-1,-1
534,168,649.02,454.05,25.62,91.68,-1,-1,-1,-1
534,169,417.94,459.39,39.27,111.19,-1,-1,-1,-1
534,171,713.95,449.22,31.96,93.01,-1,-1,-1,-1
535,4,1739.02,365.04,180.98,660.68,-1,-1,-1,-1
535,70,1456.25,411.09,208.45,655.79,-1,-1,-1,-1
535,98,1106.88,441.13,80.00,235.12,-1,-1,-1,-1
535,108,922.55,406.24,92.35,305.26,-1,-1,-1,-1
535,114,1011.30,448.20,125.47,273.85,-1,-1,-1,-1
535,118,802.96,434.96,128.60,252.63,-1,-1,-1,-1
535,144,382.17,462.88,49.58,111.96,-1,-1,-1,-1
535,145,1010.06,448.80,35.51,58.38,-1,-1,-1,-1
535,154,578.39,453.31,29.86,83.40,-1,-1,-1,-1
535,155,1608.81,415.09,184.49,618.79,-1,-1,-1,-1
535,156,543.51,461.16,27.37,76.24,-1,-1,-1,-1
535,159,665.66,450.49,34.51,118.41,-1,-1,-1,-1
535,160,1158.70,442.03,33.73,107.33,-1,-1,-1,-1
535,162,1185.89,450.85,19.48,76.94,-1,-1,-1,-1
535,168,649.64,454.88,24.91,91.28,-1,-1,-1,-1
535,169,418.18,456.93,38.92,114.19,-1,-1,-1,-1
535,171,711.67,448.58,33.30,93.94,-1,-1,-1,-1
536,4,1745.66,370.84,174.34,682.86,-1,-1,-1,-1
536,70,1456.66,411.69,214.96,654.68,-1,-1,-1,-1
536,98,1111.09,436.59,75.60,240.15,-1,-1,-1,-1
536,108,923.21,406.82,96.62,305.04,-1,-1,-1,-1
536,114,1011.04,449.28,127.28,273.53,-1,-1,-1,-1
536,118,805.50,435.16,126.14,251.86,-1,-1,-1,-1
536,144,382.25,463.00,49.27,111.86,-1,-1,-1,-1
536,145,1009.96,448.38,37.35,62.33,-1,-1,-1,-1
536,154,579.33,454.23,29.01,82.47,-1,-1,-1,-1
536,155,1616.03,412.67,178.40,614.39,-1,-1,-1,-1
536,156,543.64,462.35,27.83,74.99,-1,-1,-1,-1
536,159,664.39,450.50,34.54,117.21,-1,-1,-1,-1
536,160,1163.49,439.76,33.33,103.20,-1,-1,-1,-1
536,168,649.86,454.65,24.65,89.82,-1,-1,-1,-1
536,169,417.76,457.78,39.02,113.36,-1,-1,-1,-1
536,171,711.10,447.83,33.25,94.77,-1,-1,-1,-1
537,4,1754.78,372.20,165.22,692.17,-1,-1,-1,-1
537,70,1457.10,411.63,216.42,654.54,-1,-1,-1,-1
537,98,1112.20,436.11,73.30,240.37,-1,-1,-1,-1
537,108,923.41,406.82,100.79,304.63,-1,-1,-1,-1
537,114,1010.18,449.18,129.24,274.10,-1,-1,-1,-1
537,118,803.86,435.30,128.11,251.58,-1,-1,-1,-1
537,144,382.19,462.57,49.30,112.26,-1,-1,-1,-1
537,145,1009.41,448.65,39.67,66.50,-1,-1,-1,-1
537,154,579.61,455.56,28.75,81.14,-1,-1,-1,-1
537,155,1619.62,409.45,179.38,613.66,-1,-1,-1,-1
537,156,544.48,463.86,27.19,73.45,-1,-1,-1,-1
537,159,662.87,450.49,35.56,117.09,-1,-1,-1,-1
537,160,1165.39,439.53,34.12,104.15,-1,-1,-1,-1
537,168,650.79,454.32,23.62,89.22,-1,-1,-1,-1
537,169,418.28,461.31,38.29,108.88,-1,-1,-1,-1
537,171,712.16,447.52,32.51,94.96,-1,-1,-1,-1
538,4,1763.42,366.47,156.58,703.92,-1,-1,-1,-1
538,70,1459.31,411.93,220.00,654.10,-1,-1,-1,-1
538,98,1113.12,440.50,73.13,236.79,-1,-1,-1,-1
538,108,923.39,407.94,104.21,302.72,-1,-1,-1,-1
538,114,1010.03,448.34,129.67,274.84,-1,-1,-1,-1
538,118,804.09,433.75,127.92,254.57,-1,-1,-1,-1
538,144,381.60,462.05,49.98,112.71,-1,-1,-1,-1
538,145,1009.38,448.30,38.47,69.51,-1,-1,-1,-1
538,154,579.94,455.90,28.76,80.73,-1,-1,-1,-1
538,155,1622.74,411.29,184.71,606.60,-1,-1,-1,-1
538,156,544.42,463.16,27.21,73.84,-1,-1,-1,-1
538,159,661.76,451.35,35.13,116.24,-1,-1,-1,-1
538,160,1166.89,438.93,34.68,102.16,-1,-1,-1,-1
538,168,651.63,455.07,23.00,89.74,-1,-1,-1,-1
538,169,418.39,460.54,38.02,109.95,-1,-1,-1,-1
538,171,712.72,447.81,31.87,94.12,-1,-1,-1,-1
539,4,1771.43,371.73,148.57,699.08,-1,-1,-1,-1
539,70,1461.13,412.55,225.97,653.33,-1,-1,-1,-1
539,98,1113.34,440.09,72.02,237.44,-1,-1,-1,-1
539,108,923.34,409.67,106.67,300.68,-1,-1,-1,-1
539,114,1011.01,445.12,128.82,278.26,-1,-1,-1,-1
539,118,806.05,432.76,126.19,254.26,-1,-1,-1,-1
539,144,381.64,462.94,49.84,111.92,-1,-1,-1,-1
539,145,1008.89,448.19,38.21,73.95,-1,-1,-1,-1
539,154,580.31,456.15,28.51,80.50,-1,-1,-1,-1
539,155,1630.52,413.40,185.18,598.90,-1,-1,-1,-1
539,156,544.65,463.22,27.16,74.01,-1,-1,-1,-1
539,159,659.08,452.12,36.49,115.07,-1,-1,-1,-1
539,160,1168.29,439.03,33.40,106.81,-1,-1,-1,-1
539,169,417.98,463.53,38.33,106.18,-1,-1,-1,-1
539,171,712.48,447.93,32.60,94.03,-1,-1,-1,-1
540,4,1779.33,375.71,140.67,695.19,-1,-1,-1,-1
540,70,1464.64,411.56,230.73,654.30,-1,-1,-1,-1
540,98,1114.19,443.09,70.75,234.70,-1,-1,-1,-1
540,108,922.45,412.53,108.16,297.61,-1,-1,-1,-1
540,114,1015.67,439.01,125.06,284.61,-1,-1,-1,-1
540,118,808.76,432.17,124.83,254.71,-1,-1,-1,-1
540,144,380.77,461.85,50.02,112.89,-1,-1,-1,-1
540,145,1008.39,448.28,36.74,75.55,-1,-1,-1,-1
540,154,580.71,455.64,28.83,81.61,-1,-1,-1,-1
540,155,1631.70,413.64,190.43,612.92,-1,-1,-1,-1
540,156,545.12,462.80,27.63,74.62,-1,-1,-1,-1
540,159,657.34,452.80,37.28,113.44,-1,-1,-1,-1
540,160,1170.09,439.19,32.99,108.25,-1,-1,-1,-1
540,169,415.84,459.70,40.55,109.30,-1,-1,-1,-1
540,171,711.53,447.79,32.75,94.14,-1,-1,-1,-1
541,4,1787.76,381.46,132.24,690.15,-1,-1,-1,-1
541,70,1469.44,410.56,230.32,657.79,-1,-1,-1,-1
541,98,1114.19,442.71,70.00,235.12,-1,-1,-1,-1
541,108,922.07,413.47,110.57,296.27,-1,-1,-1,-1
541,114,1024.34,441.60,116.52,283.46,-1,-1,-1,-1
541,118,813.92,432.26,119.68,254.19,-1,-1,-1,-1
541,144,380.33,461.64,50.95,113.00,-1,-1,-1,-1
541,145,1008.40,448.29,35.63,76.21,-1,-1,-1,-1
541,154,580.88,455.54,28.74,81.82,-1,-1,-1,-1
541,155,1635.94,413.78,189.49,623.13,-1,-1,-1,-1
541,156,545.11,462.34,27.54,75.51,-1,-1,-1,-1
541,159,655.81,453.62,39.18,112.60,-1,-1,-1,-1
541,160,1173.32,440.82,33.53,107.10,-1,-1,-1,-1
541,169,414.16,456.72,42.09,112.93,-1,-1,-1,-1
541,171,711.44,447.11,32.87,95.87,-1,-1,-1,-1
542,4,1797.24,386.68,122.76,686.29,-1,-1,-1,-1
542,70,1476.70,409.25,232.38,660.56,-1,-1,-1,-1
542,98,1116.26,440.24,68.14,237.69,-1,-1,-1,-1
542,108,922.63,413.53,126.53,295.80,-1,-1,-1,-1
542,114,1033.23,444.50,109.48,281.16,-1,-1,-1,-1
542,118,817.48,431.63,115.85,254.89,-1,-1,-1,-1
542,144,379.90,461.61,50.33,113.07,-1,-1,-1,-1
542,145,1008.60,448.28,34.84,76.97,-1,-1,-1,-1
542,154,581.47,455.29,28.45,82.50,-1,-1,-1,-1
542,155,1640.67,411.94,187.36,635.53,-1,-1,-1,-1
542,156,545.22,461.79,28.16,76.36,-1,-1,-1,-1
542,159,655.49,454.05,38.12,112.79,-1,-1,-1,-1
542,160,1169.37,438.89,39.20,108.54,-1,-1,-1,-1
542,169,412.31,456.03,43.74,113.98,-1,-1,-1,-1
542,171,711.73,447.13,32.66,96.56,-1,-1,-1,-1
543,4,1805.07,388.27,114.93,686.48,-1,-1,-1,-1
543,70,1485.05,409.21,237.37,654.98,-1,-1,-1,-1
543,98,1117.95,440.17,67.56,238.15,-1,-1,-1,-1
543,108,922.92,413.29,123.25,294.98,-1,-1,-1,-1
543,114,1037.81,440.67,108.72,283.65,-1,-1,-1,-1
543,118,824.76,430.21,108.78,255.83,-1,-1,-1,-1
543,144,379.75,462.38,49.99,112.21,-1,-1,-1,-1
543,145,1008.79,448.69,34.19,78.20,-1,-1,-1,-1
543,154,580.70,455.19,29.25,82.88,-1,-1,-1,-1
543,155,1645.74,411.97,188.47,632.98,-1,-1,-1,-1
543,156,544.61,461.16,29.21,77.06,-1,-1,-1,-1
543,159,654.93,454.07,38.71,112.76,-1,-1,-1,-1
543,160,1168.64,438.64,47.38,108.98,-1,-1,-1,-1
543,169,410.96,455.45,45.14,114.89,-1,-1,-1,-1
543,171,711.13,447.34,33.50,96.65,-1,-1,-1,-1
544,4,1814.29,387.45,105.71,688.85,-1,-1,-1,-1
544,70,1495.37,406.92,233.73,656.43,-1,-1,-1,-1
544,98,1121.19,441.36,66.39,236.77,-1,-1,-1,-1
544,108,924.09,413.08,125.51,294.01,-1,-1,-1,-1
544,114,1046.24,440.40,104.81,283.91,-1,-1,-1,-1
544,118,832.54,429.76,102.23,255.51,-1,-1,-1,-1
544,144,380.21,462.46,49.69,112.24,-1,-1,-1,-1
544,145,1010.16,448.55,32.40,78.49,-1,-1,-1,-1
544,154,581.01,454.97,29.80,82.54,-1,-1,-1,-1
544,155,1653.45,410.53,185.47,610.30,-1,-1,-1,-1
544,156,545.00,460.54,29.59,77.72,-1,-1,-1,-1
544,159,655.11,453.94,37.99,112.72,-1,-1,-1,-1
544,160,1171.20,439.87,49.89,107.69,-1,-1,-1,-1
544,169,410.35,455.33,45.76,114.32,-1,-1,-1,-1
544,171,712.06,447.58,32.68,96.17,-1,-1,-1,-1
545,4,1816.15,396.19,103.85,679.18,-1,-1,-1,-1
545,70,1516.10,405.69,218.10,657.46,-1,-1,-1,-1
545,98,1124.36,438.44,65.27,239.82,-1,-1,-1,-1
545,108,925.51,412.75,127.89,292.28,-1,-1,-1,-1
545,114,1058.41,442.78,97.79,280.66,-1,-1,-1,-1
545,118,842.67,428.70,96.00,256.01,-1,-1,-1,-1
545,144,380.63,463.76,48.96,111.26,-1,-1,-1,-1
545,145,1012.03,448.79,31.23,78.09,-1,-1,-1,-1
545,154,581.39,454.80,29.54,82.75,-1,-1,-1,-1
545,155,1656.96,410.26,189.22,603.13,-1,-1,-1,-1
545,156,547.07,460.29,28.56,77.78,-1,-1,-1,-1
545,159,655.40,453.59,38.48,111.79,-1,-1,-1,-1
545,160,1174.58,442.31,52.59,104.26,-1,-1,-1,-1
545,163,1838.82,382.42,81.18,640.35,-1,-1,-1,-1
545,169,412.11,454.45,44.79,115.48,-1,-1,-1,-1
545,171,713.04,448.12,32.03,95.83,-1,-1,-1,-1
546,4,1819.60,451.58,100.40,621.56,-1,-1,-1,-1
546,70,1531.36,406.49,202.41,654.11,-1,-1,-1,-1
546,98,1126.25,443.67,64.28,234.55,-1,-1,-1,-1
546,108,930.14,412.15,124.12,291.20,-1,-1,-1,-1
546,114,1069.71,444.77,87.60,278.58,-1,-1,-1,-1
546,118,851.26,427.40,92.39,256.84,-1,-1,-1,-1
546,144,380.64,463.39,49.08,111.41,-1,-1,-1,-1
546,154,581.63,454.39,29.89,82.67,-1,-1,-1,-1
546,155,1662.06,412.83,189.38,625.90,-1,-1,-1,-1
546,156,548.11,460.37,28.17,77.64,-1,-1,-1,-1
546,159,655.66,453.61,36.82,110.69,-1,-1,-1,-1
546,160,1176.38,443.31,54.60,104.54,-1,-1,-1,-1
546,163,1851.36,459.71,68.64,543.58,-1,-1,-1,-1
546,169,413.02,454.86,43.68,115.29,-1,-1,-1,-1
546,171,713.88,448.92,31.09,95.24,-1,-1,-1,-1
547,4,1822.83,432.68,97.17,639.05,-1,-1,-1,-1
547,70,1540.86,406.76,191.65,654.41,-1,-1,-1,-1
547,98,1129.17,444.80,62.43,233.38,-1,-1,-1,-1
547,108,934.42,411.56,120.34,291.65,-1,-1,-1,-1
547,114,1077.74,439.58,84.40,284.08,-1,-1,-1,-1
547,118,861.38,427.69,85.75,257.44,-1,-1,-1,-1
547,144,380.43,462.51,49.46,112.12,-1,-1,-1,-1
547,154,581.90,454.14,30.00,82.67,-1,-1,-1,-1
547,155,1667.73,413.02,188.44,612.27,-1,-1,-1,-1
547,156,548.83,460.89,27.85,77.10,-1,-1,-1,-1
547,159,655.35,453.19,36.87,110.70,-1,-1,-1,-1
547,160,1174.94,442.43,57.62,105.58,-1,-1,-1,-1
547,163,1860.37,424.61,59.63,597.70,-1,-1,-1,-1
547,169,413.00,454.64,43.67,115.42,-1,-1,-1,-1
547,171,713.97,449.28,31.27,95.16,-1,-1,-1,-1
548,4,1827.20,424.82,92.80,646.45,-1,-1,-1,-1
548,70,1545.79,406.98,199.07,657.65,-1,-1,-1,-1
548,98,1132.83,443.68,60.89,234.75,-1,-1,-1,-1
548,108,939.52,411.35,116.54,294.08,-1,-1,-1,-1
548,114,1082.82,437.32,85.29,285.31,-1,-1,-1,-1
548,118,868.13,427.66,89.01,257.50,-1,-1,-1,-1
548,144,380.49,462.03,49.64,112.46,-1,-1,-1,-1
548,154,582.41,454.04,29.68,82.41,-1,-1,-1,-1
548,155,1673.62,413.81,189.58,634.92,-1,-1,-1,-1
548,156,548.96,461.06,27.68,76.67,-1,-1,-1,-1
548,159,654.85,451.87,38.30,112.33,-1,-1,-1,-1
548,160,1185.11,448.29,48.41,99.98,-1,-1,-1,-1
548,163,1863.50,423.33,56.50,628.63,-1,-1,-1,-1
548,169,414.37,454.22,41.92,115.92,-1,-1,-1,-1
548,171,714.55,449.63,31.34,94.78,-1,-1,-1,-1
549,4,1830.37,410.42,89.63,661.93,-1,-1,-1,-1
549,70,1550.80,406.98,221.95,655.61,-1,-1,-1,-1
549,98,1135.48,440.05,59.77,238.05,-1,-1,-1,-1
549,108,946.76,411.14,109.62,293.04,-1,-1,-1,-1
549,114,1085.98,437.52,89.61,284.66,-1,-1,-1,-1
549,118,869.03,427.98,86.87,256.61,-1,-1,-1,-1
549,144,380.78,462.65,49.53,111.80,-1,-1,-1,-1
549,154,583.45,454.02,28.77,82.74,-1,-1,-1,-1
549,155,1680.69,414.04,187.87,637.11,-1,-1,-1,-1
549,156,548.99,458.72,27.80,79.47,-1,-1,-1,-1
549,159,654.61,452.19,36.89,111.93,-1,-1,-1,-1
549,160,1185.19,445.42,48.79,103.36,-1,-1,-1,-1
549,163,1866.04,399.50,53.96,659.87,-1,-1,-1,-1
549,169,414.57,454.06,41.48,115.59,-1,-1,-1,-1
549,171,714.18,449.57,32.02,94.89,-1,-1,-1,-1
550,4,1814.88,749.06,105.12,326.73,-1,-1,-1,-1
550,70,1554.17,406.48,202.47,650.36,-1,-1,-1,-1
550,98,1146.52,437.51,50.79,240.19,-1,-1,-1,-1
550,108,955.90,411.72,101.05,290.12,-1,-1,-1,-1
550,114,1088.52,436.63,93.98,287.29,-1,-1,-1,-1
550,118,874.36,427.49,81.12,256.70,-1,-1,-1,-1
550,144,380.60,462.51,49.41,112.02,-1,-1,-1,-1
550,154,584.28,454.26,28.06,82.25,-1,-1,-1,-1
550,155,1687.93,411.28,186.06,621.20,-1,-1,-1,-1
550,156,547.70,453.19,30.27,84.99,-1,-1,-1,-1
550,159,653.67,451.49,35.03,112.39,-1,-1,-1,-1
550,160,1186.99,445.94,47.42,103.00,-1,-1,-1,-1
550,163,1848.94,402.83,71.06,667.07,-1,-1,-1,-1
550,169,414.95,454.69,41.00,114.83,-1,-1,-1,-1
550,171,714.37,449.58,32.20,95.17,-1,-1,-1,-1
551,70,1557.69,406.20,200.53,648.60,-1,-1,-1,-1
551,98,1147.04,436.89,51.85,241.25,-1,-1,-1,-1
551,108,964.20,409.47,92.38,291.87,-1,-1,-1,-1
551,114,1090.00,435.92,100.02,287.66,-1,-1,-1,-1
551,118,883.30,427.40,76.52,256.72,-1,-1,-1,-1
551,144,380.37,461.98,50.23,112.64,-1,-1,-1,-1
551,154,584.22,454.06,28.27,82.31,-1,-1,-1,-1
551,155,1693.33,411.51,185.89,619.13,-1,-1,-1,-1
551,156,548.32,451.83,29.68,86.11,-1,-1,-1,-1
551,159,653.46,451.98,34.10,112.03,-1,-1,-1,-1
551,160,1187.86,449.85,46.50,99.06,-1,-1,-1,-1
551,169,414.70,454.08,41.91,115.82,-1,-1,-1,-1
551,171,714.77,449.42,32.34,95.56,-1,-1,-1,-1
552,70,1558.63,405.54,205.52,653.90,-1,-1,-1,-1
552,98,1147.99,435.48,53.44,241.20,-1,-1,-1,-1
552,108,974.72,409.62,82.46,288.51,-1,-1,-1,-1
552,114,1090.90,434.42,103.11,289.08,-1,-1,-1,-1
552,118,886.59,427.68,76.92,255.64,-1,-1,-1,-1
552,144,380.33,460.79,50.56,113.85,-1,-1,-1,-1
552,154,584.97,453.99,27.70,82.77,-1,-1,-1,-1
552,155,1700.76,411.64,186.33,621.89,-1,-1,-1,-1
552,156,549.03,454.51,28.97,83.35,-1,-1,-1,-1
552,159,652.08,452.14,34.97,111.97,-1,-1,-1,-1
552,160,1190.21,453.46,43.93,95.47,-1,-1,-1,-1
552,169,415.71,454.44,41.64,115.26,-1,-1,-1,-1
552,171,715.31,449.18,32.24,96.00,-1,-1,-1,-1
552,173,1047.96,448.94,31.51,81.52,-1,-1,-1,-1
553,70,1559.87,405.37,218.83,652.33,-1,-1,-1,-1
553,98,1159.60,434.57,48.27,240.56,-1,-1,-1,-1
553,108,985.54,408.96,74.64,283.68,-1,-1,-1,-1
553,114,1091.25,433.88,107.27,289.68,-1,-1,-1,-1
553,118,886.90,428.54,88.69,255.49,-1,-1,-1,-1
553,144,380.07,460.18,51.43,114.46,-1,-1,-1,-1
553,154,585.15,453.51,27.74,83.74,-1,-1,-1,-1
553,155,1705.10,409.82,192.84,630.05,-1,-1,-1,-1
553,156,549.29,454.57,29.70,83.92,-1,-1,-1,-1
553,159,651.07,452.22,35.08,111.87,-1,-1,-1,-1
553,160,1193.48,446.37,41.37,102.59,-1,-1,-1,-1
553,169,415.51,454.96,42.81,114.81,-1,-1,-1,-1
553,171,715.33,448.87,33.66,96.09,-1,-1,-1,-1
553,173,1048.91,448.82,30.77,86.32,-1,-1,-1,-1
554,70,1567.74,406.51,232.76,652.24,-1,-1,-1,-1
554,98,1164.59,435.68,48.72,239.26,-1,-1,-1,-1
554,108,996.25,409.48,69.22,288.10,-1,-1,-1,-1
554,114,1090.87,433.04,110.61,290.21,-1,-1,-1,-1
554,118,890.02,428.68,95.61,255.98,-1,-1,-1,-1
554,144,379.43,460.15,51.47,114.16,-1,-1,-1,-1
554,154,585.57,453.32,27.32,84.42,-1,-1,-1,-1
554,155,1712.29,409.42,191.25,631.14,-1,-1,-1,-1
554,156,549.25,455.91,30.15,82.91,-1,-1,-1,-1
554,159,650.19,452.69,34.56,111.28,-1,-1,-1,-1
554,160,1197.03,441.33,38.71,107.64,-1,-1,-1,-1
554,169,416.59,455.24,41.85,114.96,-1,-1,-1,-1
554,171,715.58,447.94,34.82,97.07,-1,-1,-1,-1
554,173,1047.88,449.35,31.41,88.30,-1,-1,-1,-1
555,70,1563.87,406.52,268.15,657.06,-1,-1,-1,-1
555,98,1164.41,436.43,54.24,237.87,-1,-1,-1,-1
555,108,1000.94,409.69,68.88,288.61,-1,-1,-1,-1
555,114,1090.62,432.74,113.55,290.26,-1,-1,-1,-1
555,118,892.63,430.15,99.53,254.73,-1,-1,-1,-1
555,144,373.38,458.68,56.78,115.76,-1,-1,-1,-1
555,154,585.40,453.51,27.43,84.87,-1,-1,-1,-1
555,155,1718.94,408.90,195.62,629.87,-1,-1,-1,-1
555,156,548.63,458.51,30.02,80.38,-1,-1,-1,-1
555,159,649.89,454.75,33.29,109.42,-1,-1,-1,-1
555,160,1200.01,444.53,36.10,104.22,-1,-1,-1,-1
555,169,415.62,455.31,41.59,115.80,-1,-1,-1,-1
555,171,715.04,447.17,35.38,97.70,-1,-1,-1,-1
555,173,1047.95,450.32,30.90,89.45,-1,-1,-1,-1
556,70,1563.42,406.30,278.97,659.33,-1,-1,-1,-1
556,98,1169.62,437.60,52.94,236.08,-1,-1,-1,-1
556,108,1003.50,411.98,74.75,285.71,-1,-1,-1,-1
556,114,1090.96,432.15,114.01,290.75,-1,-1,-1,-1
556,118,893.91,431.49,100.87,253.03,-1,-1,-1,-1
556,144,377.91,460.64,52.15,113.40,-1,-1,-1,-1
556,154,585.28,453.66,27.46,84.79,-1,-1,-1,-1
556,155,1722.40,407.84,197.60,482.27,-1,-1,-1,-1
556,156,549.09,459.82,28.57,79.12,-1,-1,-1,-1
556,159,649.36,456.83,32.99,107.62,-1,-1,-1,-1
556,160,1197.65,441.11,39.32,108.53,-1,-1,-1,-1
556,169,415.76,455.35,41.12,115.44,-1,-1,-1,-1
556,171,715.47,446.69,35.10,98.29,-1,-1,-1,-1
556,173,1049.39,450.15,28.39,88.06,-1,-1,-1,-1
557,70,1564.06,405.85,273.34,660.48,-1,-1,-1,-1
557,98,1170.50,433.18,55.24,241.31,-1,-1,-1,-1
557,108,1005.87,411.52,82.59,286.89,-1,-1,-1,-1
557,114,1091.24,431.68,115.66,291.14,-1,-1,-1,-1
557,118,894.06,432.41,101.97,251.65,-1,-1,-1,-1
557,144,377.95,461.28,52.28,112.89,-1,-1,-1,-1
557,154,585.74,453.37,26.70,85.03,-1,-1,-1,-1
557,155,1725.41,407.96,194.59,562.68,-1,-1,-1,-1
557,156,549.78,460.18,28.18,78.72,-1,-1,-1,-1
557,159,648.91,457.59,32.71,106.47,-1,-1,-1,-1
557,160,1197.72,441.33,39.25,108.07,-1,-1,-1,-1
557,169,415.85,454.71,41.65,115.21,-1,-1,-1,-1
557,171,715.33,446.93,34.46,98.40,-1,-1,-1,-1
557,173,1049.94,449.20,28.09,89.64,-1,-1,-1,-1
558,70,1565.24,404.98,272.52,661.85,-1,-1,-1,-1
558,98,1172.33,434.41,57.69,241.40,-1,-1,-1,-1
558,108,1006.84,411.34,91.61,286.74,-1,-1,-1,-1
558,114,1092.04,430.76,115.23,291.79,-1,-1,-1,-1
558,118,893.92,433.00,104.38,250.54,-1,-1,-1,-1
558,144,378.63,461.73,51.35,112.63,-1,-1,-1,-1
558,154,585.96,453.37,26.31,84.89,-1,-1,-1,-1
558,155,1733.67,408.35,186.33,529.91,-1,-1,-1,-1
558,156,550.13,460.11,28.10,78.40,-1,-1,-1,-1
558,159,647.67,457.37,34.38,106.68,-1,-1,-1,-1
558,160,1206.44,440.77,34.15,108.73,-1,-1,-1,-1
558,169,415.45,455.03,42.47,114.21,-1,-1,-1,-1
558,171,715.63,446.67,34.33,98.81,-1,-1,-1,-1
558,173,1050.96,447.19,27.57,93.48,-1,-1,-1,-1
559,70,1565.77,403.06,285.54,663.08,-1,-1,-1,-1
559,98,1168.54,437.54,63.76,238.05,-1,-1,-1,-1
559,108,1007.40,411.23,99.71,286.61,-1,-1,-1,-1
559,114,1092.55,431.61,116.48,290.44,-1,-1,-1,-1
559,118,893.24,432.47,107.66,251.59,-1,-1,-1,-1
559,144,379.29,461.90,50.45,112.60,-1,-1,-1,-1
559,154,585.38,453.23,26.86,84.70,-1,-1,-1,-1
559,155,1743.22,408.78,176.78,516.67,-1,-1,-1,-1
559,156,549.89,459.81,28.95,79.59,-1,-1,-1,-1
559,159,646.30,457.00,34.89,106.18,-1,-1,-1,-1
559,160,1209.92,440.71,31.83,108.02,-1,-1,-1,-1
559,169,415.20,455.44,42.98,113.28,-1,-1,-1,-1
559,171,715.50,447.11,33.92,98.64,-1,-1,-1,-1
560,70,1567.43,407.18,317.06,663.82,-1,-1,-1,-1
560,98,1161.90,438.97,70.55,236.88,-1,-1,-1,-1
560,108,1008.23,415.22,97.69,282.49,-1,-1,-1,-1
560,114,1095.85,433.50,119.67,288.02,-1,-1,-1,-1
560,118,893.77,432.56,108.28,248.68,-1,-1,-1,-1
560,144,379.80,460.69,50.35,113.90,-1,-1,-1,-1
560,154,584.78,453.03,27.36,84.67,-1,-1,-1,-1
560,155,1749.16,409.13,170.84,487.71,-1,-1,-1,-1
560,156,549.60,461.10,28.52,78.51,-1,-1,-1,-1
560,159,645.06,454.88,34.22,107.44,-1,-1,-1,-1
560,160,1212.41,440.51,31.83,108.50,-1,-1,-1,-1
560,169,415.61,455.45,41.96,113.30,-1,-1,-1,-1
560,171,715.88,447.72,32.94,98.36,-1,-1,-1,-1
561,70,1572.46,404.22,287.66,663.78,-1,-1,-1,-1
561,98,1161.23,438.47,70.71,238.67,-1,-1,-1,-1
561,108,1009.57,416.34,99.35,281.55,-1,-1,-1,-1
561,114,1103.12,433.65,116.25,286.52,-1,-1,-1,-1
561,118,897.46,432.89,105.93,245.47,-1,-1,-1,-1
561,144,380.43,462.58,50.31,111.30,-1,-1,-1,-1
561,154,584.85,453.28,27.49,84.93,-1,-1,-1,-1
561,155,1752.04,408.59,167.96,580.94,-1,-1,-1,-1
561,156,549.61,459.94,28.43,80.11,-1,-1,-1,-1
561,159,644.42,453.85,32.55,107.88,-1,-1,-1,-1
561,160,1213.92,440.63,36.04,109.19,-1,-1,-1,-1
561,168,669.25,456.29,27.86,98.36,-1,-1,-1,-1
561,169,416.31,456.74,41.55,112.40,-1,-1,-1,-1
561,171,716.23,448.36,33.08,98.09,-1,-1,-1,-1
562,70,1572.80,402.12,284.52,666.38,-1,-1,-1,-1
562,98,1160.56,437.98,70.88,240.46,-1,-1,-1,-1
562,108,1009.21,417.71,110.29,279.98,-1,-1,-1,-1
562,114,1114.21,436.32,106.38,282.74,-1,-1,-1,-1
562,118,904.99,432.02,98.50,244.48,-1,-1,-1,-1
562,144,380.57,462.32,50.34,110.48,-1,-1,-1,-1
562,154,584.73,453.22,28.18,84.93,-1,-1,-1,-1
562,155,1760.33,407.47,159.67,586.37,-1,-1,-1,-1
562,156,550.00,460.29,28.11,80.04,-1,-1,-1,-1
562,159,644.43,453.74,30.96,107.45,-1,-1,-1,-1
562,160,1216.15,440.60,39.86,109.53,-1,-1,-1,-1
562,168,669.86,455.90,27.79,98.54,-1,-1,-1,-1
562,169,414.95,455.92,43.35,113.15,-1,-1,-1,-1
562,171,716.40,448.36,34.09,97.97,-1,-1,-1,-1
563,70,1578.11,401.47,289.93,666.31,-1,-1,-1,-1
563,98,1159.89,437.49,71.04,242.25,-1,-1,-1,-1
563,108,1009.88,415.95,117.42,281.76,-1,-1,-1,-1
563,114,1122.99,435.60,102.49,280.87,-1,-1,-1,-1
563,118,910.42,432.62,92.74,248.09,-1,-1,-1,-1
563,144,380.57,463.82,50.78,109.34,-1,-1,-1,-1
563,154,583.45,453.08,29.94,85.22,-1,-1,-1,-1
563,155,1766.56,405.98,153.44,621.79,-1,-1,-1,-1
563,156,550.39,460.04,27.92,79.47,-1,-1,-1,-1
563,159,643.88,450.93,31.06,110.75,-1,-1,-1,-1
563,160,1217.82,441.13,43.27,109.44,-1,-1,-1,-1
563,168,669.73,455.72,27.82,97.67,-1,-1,-1,-1
563,169,415.87,456.90,42.42,111.81,-1,-1,-1,-1
563,171,716.81,448.48,35.77,97.97,-1,-1,-1,-1
564,70,1582.95,405.54,314.43,664.70,-1,-1,-1,-1
564,98,1159.23,436.99,71.20,244.04,-1,-1,-1,-1
564,108,1009.61,414.91,123.54,283.41,-1,-1,-1,-1
564,114,1130.21,437.30,100.24,276.99,-1,-1,-1,-1
564,118,923.66,431.80,79.09,245.84,-1,-1,-1,-1
564,144,377.30,461.06,55.03,112.70,-1,-1,-1,-1
564,154,582.96,452.75,30.79,85.67,-1,-1,-1,-1
564,155,1770.99,403.89,149.01,643.41,-1,-1,-1,-1
564,156,550.02,454.81,29.52,84.69,-1,-1,-1,-1
564,159,643.47,450.36,30.89,110.82,-1,-1,-1,-1
564,160,1219.34,441.98,44.04,108.67,-1,-1,-1,-1
564,168,670.00,455.95,27.20,95.92,-1,-1,-1,-1
564,169,416.86,456.70,41.84,112.48,-1,-1,-1,-1
564,171,716.81,449.06,35.90,97.66,-1,-1,-1,-1
565,70,1590.55,401.97,296.48,666.84,-1,-1,-1,-1
565,98,1158.56,436.50,71.37,245.82,-1,-1,-1,-1
565,108,1009.00,414.47,129.45,284.68,-1,-1,-1,-1
565,114,1142.18,436.42,91.53,276.84,-1,-1,-1,-1
565,118,931.37,432.09,71.92,243.82,-1,-1,-1,-1
565,144,375.77,459.84,56.88,114.10,-1,-1,-1,-1
565,154,583.02,452.50,31.15,85.88,-1,-1,-1,-1
565,155,1778.65,403.85,141.35,652.03,-1,-1,-1,-1
565,156,549.89,452.30,30.94,87.37,-1,-1,-1,-1
565,159,643.12,450.75,31.34,110.37,-1,-1,-1,-1
565,160,1219.80,442.25,44.47,108.11,-1,-1,-1,-1
565,168,669.55,455.70,27.34,96.49,-1,-1,-1,-1
565,169,416.26,456.32,41.19,114.24,-1,-1,-1,-1
565,171,717.19,449.34,35.38,97.51,-1,-1,-1,-1
566,70,1607.34,399.70,281.59,669.35,-1,-1,-1,-1
566,98,1157.89,436.00,71.53,247.61,-1,-1,-1,-1
566,108,1009.79,412.16,132.90,287.49,-1,-1,-1,-1
566,114,1149.08,436.62,88.39,278.60,-1,-1,-1,-1
566,118,936.02,430.36,71.55,244.75,-1,-1,-1,-1
566,144,377.71,460.05,54.42,114.25,-1,-1,-1,-1
566,154,582.73,452.04,31.67,86.49,-1,-1,-1,-1
566,155,1783.93,404.73,136.07,642.73,-1,-1,-1,-1
566,156,549.53,448.88,31.57,90.49,-1,-1,-1,-1
566,159,642.58,450.85,31.14,110.24,-1,-1,-1,-1
566,160,1223.72,442.81,40.89,108.08,-1,-1,-1,-1
566,168,669.80,455.25,27.06,96.68,-1,-1,-1,-1
566,169,416.34,456.39,41.81,113.89,-1,-1,-1,-1
566,171,717.68,449.17,35.44,98.09,-1,-1,-1,-1
567,70,1622.01,399.78,288.50,670.55,-1,-1,-1,-1
567,98,1157.22,435.51,71.70,249.40,-1,-1,-1,-1
567,108,1010.47,411.54,134.16,288.53,-1,-1,-1,-1
567,114,1154.14,436.15,86.06,278.50,-1,-1,-1,-1
567,118,938.60,430.18,73.52,244.96,-1,-1,-1,-1
567,144,379.65,461.75,51.75,112.60,-1,-1,-1,-1
567,154,583.21,451.55,31.38,87.94,-1,-1,-1,-1
567,155,1788.18,405.26,131.82,639.56,-1,-1,-1,-1
567,156,549.24,445.44,32.99,94.66,-1,-1,-1,-1
567,159,641.76,451.82,33.02,108.71,-1,-1,-1,-1
567,160,1225.48,442.30,40.10,110.00,-1,-1,-1,-1
567,168,669.66,455.45,27.16,97.16,-1,-1,-1,-1
567,169,416.34,456.75,42.19,113.62,-1,-1,-1,-1
567,171,718.64,448.72,34.68,98.35,-1,-1,-1,-1
568,70,1641.61,399.88,276.78,671.67,-1,-1,-1,-1
568,98,1156.56,435.02,71.86,251.19,-1,-1,-1,-1
568,108,1009.10,411.09,135.74,289.14,-1,-1,-1,-1
568,114,1156.96,434.86,86.00,279.92,-1,-1,-1,-1
568,118,942.54,429.81,76.31,245.01,-1,-1,-1,-1
568,144,380.08,462.30,51.01,112.53,-1,-1,-1,-1
568,154,584.43,452.05,30.02,87.43,-1,-1,-1,-1
568,155,1796.71,408.09,123.29,645.58,-1,-1,-1,-1
568,156,549.96,447.91,31.73,91.47,-1,-1,-1,-1
568,159,640.45,453.09,33.22,107.63,-1,-1,-1,-1
568,160,1227.07,441.10,39.87,111.85,-1,-1,-1,-1
568,168,669.82,455.79,26.26,96.75,-1,-1,-1,-1
568,169,416.31,458.03,42.38,112.81,-1,-1,-1,-1
568,171,718.48,448.38,34.93,98.88,-1,-1,-1,-1
569,70,1655.94,399.54,253.51,673.05,-1,-1,-1,-1
569,98,1155.89,434.52,72.03,252.98,-1,-1,-1,-1
569,108,1008.43,409.88,137.31,290.59,-1,-1,-1,-1
569,114,1157.86,434.73,90.43,279.84,-1,-1,-1,-1
569,118,939.29,430.16,80.54,244.20,-1,-1,-1,-1
569,144,379.29,462.84,51.28,112.38,-1,-1,-1,-1
569,154,585.12,452.49,29.45,87.46,-1,-1,-1,-1
569,155,1801.08,410.90,118.92,647.35,-1,-1,-1,-1
569,156,550.60,452.96,30.24,87.04,-1,-1,-1,-1
569,159,639.93,454.32,32.49,105.69,-1,-1,-1,-1
569,160,1231.94,441.07,36.10,111.41,-1,-1,-1,-1
569,168,669.65,456.09,25.96,96.41,-1,-1,-1,-1
569,169,415.85,458.50,42.70,112.49,-1,-1,-1,-1
569,171,718.09,447.58,34.95,100.18,-1,-1,-1,-1
570,70,1664.26,399.24,240.94,673.22,-1,-1,-1,-1
570,98,1155.22,434.03,72.19,254.77,-1,-1,-1,-1
570,108,1008.40,415.22,136.99,285.10,-1,-1,-1,-1
570,114,1158.96,434.64,103.49,280.77,-1,-1,-1,-1
570,118,940.13,430.89,82.35,244.36,-1,-1,-1,-1
570,144,380.51,463.88,50.19,111.19,-1,-1,-1,-1
570,145,1001.45,450.62,35.43,74.36,-1,-1,-1,-1
570,154,585.31,452.46,30.10,87.90,-1,-1,-1,-1
570,155,1806.77,413.00,113.23,599.80,-1,-1,-1,-1
570,156,551.21,453.78,29.86,86.66,-1,-1,-1,-1
570,159,639.40,454.86,31.83,104.95,-1,-1,-1,-1
570,160,1235.05,442.06,34.19,110.26,-1,-1,-1,-1
570,168,668.94,456.23,26.42,96.60,-1,-1,-1,-1
570,169,416.89,460.59,41.48,109.62,-1,-1,-1,-1
570,171,718.70,447.43,34.36,100.12,-1,-1,-1,-1
570,176,1117.86,430.34,34.61,146.57,-1,-1,-1,-1
571,70,1669.67,398.79,240.50,671.39,-1,-1,-1,-1
571,98,1154.55,433.54,72.35,256.56,-1,-1,-1,-1
571,108,1009.31,412.65,135.73,287.21,-1,-1,-1,-1
571,114,1160.89,434.25,114.36,280.30,-1,-1,-1,-1
571,118,950.69,431.00,76.06,244.26,-1,-1,-1,-1
571,144,381.10,463.81,48.73,111.65,-1,-1,-1,-1
571,145,1001.60,450.57,35.31,72.72,-1,-1,-1,-1
571,154,584.65,452.52,30.90,88.25,-1,-1,-1,-1
571,155,1811.70,416.05,108.30,512.67,-1,-1,-1,-1
571,156,551.29,457.56,29.34,83.34,-1,-1,-1,-1
571,159,638.94,455.07,31.34,104.93,-1,-1,-1,-1
571,160,1237.54,442.56,32.34,109.92,-1,-1,-1,-1
571,168,668.45,456.18,26.69,96.73,-1,-1,-1,-1
571,169,418.59,462.62,38.94,108.25,-1,-1,-1,-1
571,171,718.23,447.09,34.53,100.96,-1,-1,-1,-1
571,176,1115.84,430.22,37.32,146.25,-1,-1,-1,-1
572,70,1673.75,398.46,228.66,670.50,-1,-1,-1,-1
572,98,1153.89,433.04,72.52,258.35,-1,-1,-1,-1
572,108,1011.56,412.54,134.33,287.75,-1,-1,-1,-1
572,114,1161.49,436.68,119.58,277.25,-1,-1,-1,-1
572,118,949.10,430.60,79.82,243.79,-1,-1,-1,-1
572,144,381.08,464.41,47.71,111.04,-1,-1,-1,-1
572,145,1003.27,450.82,33.43,72.16,-1,-1,-1,-1
572,154,584.07,452.26,31.14,88.44,-1,-1,-1,-1
572,155,1820.34,413.70,99.66,473.32,-1,-1,-1,-1
572,156,551.04,456.41,29.95,84.77,-1,-1,-1,-1
572,159,638.58,455.02,31.54,104.88,-1,-1,-1,-1
572,160,1239.50,440.34,31.21,112.27,-1,-1,-1,-1
572,168,668.37,456.12,27.12,97.30,-1,-1,-1,-1
572,169,417.53,460.12,39.10,110.51,-1,-1,-1,-1
572,171,718.55,446.74,34.66,101.89,-1,-1,-1,-1
572,176,1115.78,430.55,37.50,145.56,-1,-1,-1,-1
573,70,1677.39,399.18,236.42,670.49,-1,-1,-1,-1
573,98,1153.22,432.55,72.68,260.14,-1,-1,-1,-1
573,108,1015.43,413.21,131.11,287.60,-1,-1,-1,-1
573,114,1162.50,436.59,123.96,277.08,-1,-1,-1,-1
573,118,953.15,431.00,81.31,243.53,-1,-1,-1,-1
573,144,380.99,463.09,47.63,112.30,-1,-1,-1,-1
573,145,1005.00,450.68,31.03,70.71,-1,-1,-1,-1
573,154,584.25,452.36,31.25,88.33,-1,-1,-1,-1
573,155,1828.67,417.32,91.33,451.48,-1,-1,-1,-1
573,156,551.35,459.67,29.86,81.78,-1,-1,-1,-1
573,159,638.34,454.88,31.48,104.95,-1,-1,-1,-1
573,160,1243.02,438.92,30.13,113.22,-1,-1,-1,-1
573,168,668.37,456.21,28.20,97.58,-1,-1,-1,-1
573,169,417.11,459.36,39.70,111.27,-1,-1,-1,-1
573,171,719.09,446.57,36.12,101.38,-1,-1,-1,-1
573,176,1116.71,430.38,36.36,146.01,-1,-1,-1,-1
574,70,1680.56,398.82,237.86,672.18,-1,-1,-1,-1
574,98,1152.55,432.06,72.85,261.93,-1,-1,-1,-1
574,108,1021.55,412.95,124.96,287.95,-1,-1,-1,-1
574,114,1158.37,432.65,132.97,281.22,-1,-1,-1,-1
574,118,954.53,433.66,85.61,240.30,-1,-1,-1,-1
574,144,380.94,464.18,46.49,111.14,-1,-1,-1,-1
574,145,1006.91,450.74,28.53,66.27,-1,-1,-1,-1
574,154,584.83,452.93,30.81,88.35,-1,-1,-1,-1
574,155,1836.98,396.73,83.02,481.59,-1,-1,-1,-1
574,156,552.35,461.15,29.59,80.40,-1,-1,-1,-1
574,159,638.09,454.41,31.81,104.84,-1,-1,-1,-1
574,160,1245.27,437.68,28.53,113.31,-1,-1,-1,-1
574,168,668.94,456.20,27.50,97.56,-1,-1,-1,-1
574,169,417.28,460.22,40.07,109.48,-1,-1,-1,-1
574,171,719.24,446.48,37.18,101.57,-1,-1,-1,-1
574,176,1116.25,430.08,36.68,146.63,-1,-1,-1,-1
575,70,1681.59,397.61,238.41,674.23,-1,-1,-1,-1
575,98,1151.88,431.56,73.01,263.72,-1,-1,-1,-1
575,108,1027.70,411.97,119.17,289.14,-1,-1,-1,-1
575,114,1162.08,437.38,131.31,276.42,-1,-1,-1,-1
575,118,956.40,431.99,90.01,242.35,-1,-1,-1,-1
575,144,381.23,463.87,46.31,111.07,-1,-1,-1,-1
575,154,584.38,453.43,31.71,86.77,-1,-1,-1,-1
575,155,1844.55,398.04,75.45,339.20,-1,-1,-1,-1
575,156,553.42,461.87,28.80,79.42,-1,-1,-1,-1
575,159,638.45,453.57,32.26,105.31,-1,-1,-1,-1
575,160,1248.66,437.47,28.12,112.27,-1,-1,-1,-1
575,168,669.36,456.63,27.36,97.91,-1,-1,-1,-1
575,169,415.48,461.11,41.50,108.76,-1,-1,-1,-1
575,171,719.00,446.87,37.78,101.39,-1,-1,-1,-1
575,176,1115.30,428.61,37.88,147.23,-1,-1,-1,-1
576,70,1680.65,398.11,239.35,674.52,-1,-1,-1,-1
576,98,1151.22,431.07,73.18,265.51,-1,-1,-1,-1
576,108,1035.38,412.96,111.24,287.73,-1,-1,-1,-1
576,114,1163.17,438.20,130.90,275.86,-1,-1,-1,-1
576,118,956.80,432.16,97.26,242.97,-1,-1,-1,-1
576,144,381.51,463.75,45.77,111.43,-1,-1,-1,-1
576,154,585.24,453.40,31.60,86.42,-1,-1,-1,-1
576,155,1853.89,421.60,65.92,249.16,-1,-1,-1,-1
576,156,554.89,462.42,27.80,78.94,-1,-1,-1,-1
576,159,638.37,452.92,32.42,106.29,-1,-1,-1,-1
576,160,1252.72,437.65,26.82,111.25,-1,-1,-1,-1
576,168,668.67,456.32,27.58,98.23,-1,-1,-1,-1
576,169,415.42,460.02,43.28,110.08,-1,-1,-1,-1
576,171,719.63,447.24,37.89,101.58,-1,-1,-1,-1
576,176,1115.94,429.04,37.38,146.35,-1,-1,-1,-1
577,70,1680.34,398.25,239.66,674.15,-1,-1,-1,-1
577,98,1150.55,430.58,73.34,267.30,-1,-1,-1,-1
577,108,1044.33,412.66,101.56,287.13,-1,-1,-1,-1
577,114,1164.07,441.21,130.63,272.94,-1,-1,-1,-1
577,118,958.44,432.62,108.64,245.23,-1,-1,-1,-1
577,144,381.62,464.16,44.86,111.14,-1,-1,-1,-1
577,154,585.98,453.30,31.39,86.61,-1,-1,-1,-1
577,155,1863.42,425.59,55.96,208.16,-1,-1,-1,-1
577,156,555.02,461.39,28.11,79.54,-1,-1,-1,-1
577,159,638.42,451.77,31.70,107.94,-1,-1,-1,-1
577,168,667.99,455.75,27.78,98.71,-1,-1,-1,-1
577,169,414.99,457.76,45.37,112.48,-1,-1,-1,-1
577,171,720.10,447.37,37.70,102.00,-1,-1,-1,-1
577,176,1118.32,429.76,34.99,145.56,-1,-1,-1,-1
578,70,1680.15,398.78,239.85,673.82,-1,-1,-1,-1
578,98,1154.36,429.86,65.92,259.51,-1,-1,-1,-1
578,108,1052.27,411.47,94.11,287.56,-1,-1,-1,-1
578,114,1164.63,441.21,128.93,272.99,-1,-1,-1,-1
578,118,960.35,434.51,108.82,240.87,-1,-1,-1,-1
578,144,381.68,465.41,43.12,110.38,-1,-1,-1,-1
578,154,587.03,453.00,30.67,87.41,-1,-1,-1,-1
578,155,1869.56,420.66,50.44,206.20,-1,-1,-1,-1
578,156,555.51,461.23,27.87,79.48,-1,-1,-1,-1
578,159,637.73,451.21,32.12,108.10,-1,-1,-1,-1
578,168,666.95,455.32,29.12,99.66,-1,-1,-1,-1
578,169,413.78,456.80,44.76,113.77,-1,-1,-1,-1
578,171,720.32,447.98,37.65,102.85,-1,-1,-1,-1
578,176,1119.86,430.53,33.68,143.37,-1,-1,-1,-1
578,177,1678.43,429.12,90.91,158.90,-1,-1,-1,-1
579,70,1680.88,401.78,239.12,671.66,-1,-1,-1,-1
579,98,1157.16,429.97,60.83,255.73,-1,-1,-1,-1
579,108,1058.94,411.51,87.44,288.06,-1,-1,-1,-1
579,114,1165.24,440.95,128.55,272.81,-1,-1,-1,-1
579,118,961.58,434.10,112.28,240.16,-1,-1,-1,-1
579,144,381.27,464.88,42.51,110.97,-1,-1,-1,-1
579,154,586.92,453.00,30.70,87.14,-1,-1,-1,-1
579,155,1874.00,396.12,46.00,228.08,-1,-1,-1,-1
579,156,554.91,460.77,28.25,80.15,-1,-1,-1,-1
579,159,637.15,450.94,31.51,107.95,-1,-1,-1,-1
579,168,665.98,455.52,30.00,99.96,-1,-1,-1,-1
579,169,412.78,455.98,45.31,114.77,-1,-1,-1,-1
579,171,720.81,448.67,38.11,102.20,-1,-1,-1,-1
579,176,1117.46,428.70,36.78,144.24,-1,-1,-1,-1
579,177,1677.69,429.32,98.57,161.62,-1,-1,-1,-1
580,70,1678.86,404.64,241.14,668.09,-1,-1,-1,-1
580,98,1159.75,430.65,57.68,257.34,-1,-1,-1,-1
580,108,1070.70,410.86,76.22,288.53,-1,-1,-1,-1
580,114,1167.65,438.94,127.12,274.56,-1,-1,-1,-1
580,118,962.71,434.44,112.26,239.10,-1,-1,-1,-1
580,144,381.34,464.02,42.31,112.31,-1,-1,-1,-1
580,154,587.35,453.22,30.56,86.99,-1,-1,-1,-1
580,156,555.45,460.47,28.68,80.42,-1,-1,-1,-1
580,159,636.59,450.68,30.49,108.15,-1,-1,-1,-1
580,168,665.58,455.00,31.10,100.41,-1,-1,-1,-1
580,169,412.68,455.49,45.99,115.38,-1,-1,-1,-1
580,171,721.73,449.56,37.26,101.32,-1,-1,-1,-1
580,176,1121.13,430.56,35.00,141.85,-1,-1,-1,-1
580,177,1677.19,429.35,105.66,161.54,-1,-1,-1,-1
581,70,1677.62,405.20,242.38,667.22,-1,-1,-1,-1
581,98,1154.52,431.25,71.48,251.42,-1,-1,-1,-1
581,108,1079.78,408.81,70.12,290.17,-1,-1,-1,-1
581,114,1173.43,435.52,122.73,278.22,-1,-1,-1,-1
581,118,962.37,435.41,112.56,237.11,-1,-1,-1,-1
581,144,381.13,463.71,42.22,112.09,-1,-1,-1,-1
581,154,587.80,453.37,30.46,86.35,-1,-1,-1,-1
581,156,555.84,460.53,29.33,80.69,-1,-1,-1,-1
581,159,635.61,452.09,30.94,106.04,-1,-1,-1,-1
581,168,665.30,453.44,31.57,102.26,-1,-1,-1,-1
581,169,414.12,456.35,44.16,114.65,-1,-1,-1,-1
581,171,721.97,450.19,37.05,100.45,-1,-1,-1,-1
581,176,1120.46,423.88,36.24,149.29,-1,-1,-1,-1
581,177,1676.20,427.09,110.51,161.23,-1,-1,-1,-1
582,70,1677.73,407.10,242.27,665.08,-1,-1,-1,-1
582,98,1153.12,431.35,78.41,251.94,-1,-1,-1,-1
582,108,1086.28,411.48,66.26,287.25,-1,-1,-1,-1
582,114,1181.99,434.39,115.76,279.04,-1,-1,-1,-1
582,118,962.85,434.70,111.62,237.97,-1,-1,-1,-1
582,144,380.96,463.49,42.67,112.04,-1,-1,-1,-1
582,154,588.77,453.40,29.43,85.63,-1,-1,-1,-1
582,156,555.71,460.31,29.69,80.68,-1,-1,-1,-1
582,159,634.36,452.67,31.25,104.75,-1,-1,-1,-1
582,168,665.27,452.98,31.86,102.41,-1,-1,-1,-1
582,169,414.52,456.23,44.08,115.04,-1,-1,-1,-1
582,171,722.50,450.38,38.25,100.20,-1,-1,-1,-1
582,176,1122.07,421.02,35.12,153.08,-1,-1,-1,-1
582,177,1677.17,428.83,108.56,158.41,-1,-1,-1,-1
583,70,1675.56,409.05,244.44,661.95,-1,-1,-1,-1
583,98,1153.46,430.97,81.33,250.25,-1,-1,-1,-1
583,108,1089.50,412.26,65.33,286.28,-1,-1,-1,-1
583,114,1191.41,434.50,109.89,278.76,-1,-1,-1,-1
583,118,964.55,433.86,109.81,238.54,-1,-1,-1,-1
583,144,379.59,463.86,44.30,111.24,-1,-1,-1,-1
583,154,588.45,452.41,29.82,87.73,-1,-1,-1,-1
583,156,556.19,459.86,28.33,81.08,-1,-1,-1,-1
583,159,633.63,453.27,30.50,103.80,-1,-1,-1,-1
583,168,665.36,453.00,31.52,102.54,-1,-1,-1,-1
583,169,413.52,455.95,44.77,115.98,-1,-1,-1,-1
583,171,722.33,450.32,37.85,100.40,-1,-1,-1,-1
583,176,1120.46,417.50,37.70,154.42,-1,-1,-1,-1
583,177,1676.60,427.33,109.70,161.38,-1,-1,-1,-1
584,70,1678.09,404.87,241.91,668.41,-1,-1,-1,-1
584,98,1156.12,431.94,78.29,245.92,-1,-1,-1,-1
584,108,1092.14,412.20,67.38,285.92,-1,-1,-1,-1
584,114,1197.87,434.55,106.46,278.44,-1,-1,-1,-1
584,118,966.70,434.62,107.50,237.90,-1,-1,-1,-1
584,144,379.30,463.84,44.95,111.67,-1,-1,-1,-1
584,154,588.54,452.33,29.77,88.14,-1,-1,-1,-1
584,156,556.62,460.14,27.66,80.94,-1,-1,-1,-1
584,159,633.46,453.90,29.31,103.44,-1,-1,-1,-1
584,168,663.48,453.67,32.77,101.74,-1,-1,-1,-1
584,169,414.10,456.34,44.06,115.95,-1,-1,-1,-1
584,171,722.77,449.57,38.15,101.10,-1,-1,-1,-1
584,176,1120.40,415.28,38.49,155.94,-1,-1,-1,-1
584,177,1676.39,427.16,110.09,158.50,-1,-1,-1,-1
585,70,1678.88,408.23,241.12,665.06,-1,-1,-1,-1
585,98,1158.70,431.06,79.43,245.72,-1,-1,-1,-1
585,108,1093.67,411.84,68.51,287.15,-1,-1,-1,-1
585,114,1211.69,435.19,97.15,278.40,-1,-1,-1,-1
585,118,970.70,433.90,103.90,237.58,-1,-1,-1,-1
585,144,379.39,463.97,44.89,111.63,-1,-1,-1,-1
585,154,587.52,452.03,31.11,88.75,-1,-1,-1,-1
585,156,556.52,460.47,27.38,81.48,-1,-1,-1,-1
585,159,632.58,453.97,29.31,103.35,-1,-1,-1,-1
585,168,662.89,453.35,34.19,101.60,-1,-1,-1,-1
585,169,414.34,455.33,43.59,116.35,-1,-1,-1,-1
585,171,722.84,448.68,39.20,101.38,-1,-1,-1,-1
585,176,1119.68,412.94,40.88,157.56,-1,-1,-1,-1
585,177,1676.12,430.33,108.80,156.20,-1,-1,-1,-1
585,178,1764.20,396.89,155.80,676.42,-1,-1,-1,-1
586,70,1681.41,404.20,238.59,668.81,-1,-1,-1,-1
586,98,1163.36,432.05,76.11,243.86,-1,-1,-1,-1
586,108,1095.59,412.23,80.51,287.18,-1,-1,-1,-1
586,114,1220.48,435.73,92.01,278.19,-1,-1,-1,-1
586,118,977.40,435.18,99.47,235.83,-1,-1,-1,-1
586,144,379.47,464.09,44.84,111.59,-1,-1,-1,-1
586,154,586.48,452.79,32.69,87.91,-1,-1,-1,-1
586,156,557.42,461.19,26.30,80.89,-1,-1,-1,-1
586,159,631.21,453.79,30.56,103.78,-1,-1,-1,-1
586,168,662.81,453.79,34.92,101.40,-1,-1,-1,-1
586,169,413.10,455.72,44.48,115.85,-1,-1,-1,-1
586,171,723.35,448.17,38.84,102.22,-1,-1,-1,-1
586,177,1676.25,430.03,107.74,156.04,-1,-1,-1,-1
586,178,1776.25,395.91,143.75,675.59,-1,-1,-1,-1
587,70,1688.16,406.73,231.84,666.31,-1,-1,-1,-1
587,98,1169.11,431.97,71.31,243.86,-1,-1,-1,-1
587,108,1096.86,412.88,90.07,286.10,-1,-1,-1,-1
587,114,1231.03,434.97,85.57,278.94,-1,-1,-1,-1
587,118,983.68,434.50,93.82,234.92,-1,-1,-1,-1
587,144,379.56,464.22,44.78,111.56,-1,-1,-1,-1
587,154,586.70,453.15,32.40,87.66,-1,-1,-1,-1
587,156,558.09,460.38,26.52,81.23,-1,-1,-1,-1
587,159,629.62,453.95,31.93,103.48,-1,-1,-1,-1
587,168,663.08,453.62,35.48,101.36,-1,-1,-1,-1
587,169,412.63,456.64,44.80,114.91,-1,-1,-1,-1
587,171,724.29,447.97,38.27,102.67,-1,-1,-1,-1
587,177,1676.31,431.01,109.17,156.68,-1,-1,-1,-1
587,178,1790.53,391.57,129.47,682.63,-1,-1,-1,-1
588,70,1694.24,397.63,225.76,676.77,-1,-1,-1,-1
588,98,1176.38,431.50,67.39,243.36,-1,-1,-1,-1
588,108,1097.52,412.76,94.12,286.68,-1,-1,-1,-1
588,114,1236.36,432.60,84.48,281.45,-1,-1,-1,-1
588,118,989.18,435.08,89.24,233.47,-1,-1,-1,-1
588,144,379.64,464.35,44.72,111.52,-1,-1,-1,-1
588,154,586.97,453.40,32.43,87.65,-1,-1,-1,-1
588,156,558.36,459.92,26.96,81.86,-1,-1,-1,-1
588,159,627.97,454.13,32.88,102.09,-1,-1,-1,-1
588,168,662.94,453.51,35.94,102.71,-1,-1,-1,-1
588,169,413.25,457.23,44.12,114.02,-1,-1,-1,-1
588,171,725.13,446.94,37.51,104.33,-1,-1,-1,-1
588,177,1677.28,430.36,107.89,156.79,-1,-1,-1,-1
588,178,1804.80,387.22,115.20,689.68,-1,-1,-1,-1
589,70,1702.06,401.69,217.94,672.59,-1,-1,-1,-1
589,98,1185.02,431.89,60.57,243.31,-1,-1,-1,-1
589,108,1097.38,411.64,97.29,287.96,-1,-1,-1,-1
589,114,1240.72,434.31,84.03,279.98,-1,-1,-1,-1
589,118,996.58,435.54,85.53,232.63,-1,-1,-1,-1
589,144,379.73,464.48,44.66,111.48,-1,-1,-1,-1
589,154,587.20,454.04,31.77,88.20,-1,-1,-1,-1
589,156,558.42,459.58,26.85,82.59,-1,-1,-1,-1
589,159,626.61,454.08,33.76,101.09,-1,-1,-1,-1
589,168,662.35,453.43,36.83,103.90,-1,-1,-1,-1
589,169,413.14,456.84,44.10,114.83,-1,-1,-1,-1
589,171,725.62,446.10,37.75,105.96,-1,-1,-1,-1
589,177,1678.21,430.18,107.78,156.68,-1,-1,-1,-1
589,178,1815.57,401.14,104.43,678.39,-1,-1,-1,-1
590,70,1713.52,448.77,206.48,625.43,-1,-1,-1,-1
590,98,1184.52,431.81,62.48,246.01,-1,-1,-1,-1
590,108,1096.09,410.59,100.00,289.02,-1,-1,-1,-1
590,114,1245.49,431.11,82.40,283.18,-1,-1,-1,-1
590,118,1003.20,434.27,83.53,234.21,-1,-1,-1,-1
590,144,379.81,464.61,44.60,111.45,-1,-1,-1,-1
590,154,586.28,454.30,31.81,87.88,-1,-1,-1,-1
590,156,558.51,460.14,26.58,82.03,-1,-1,-1,-1
590,159,624.97,454.15,34.75,100.59,-1,-1,-1,-1
590,168,662.20,453.63,37.20,103.48,-1,-1,-1,-1
590,169,412.05,457.20,44.75,114.80,-1,-1,-1,-1
590,171,725.71,446.37,37.25,106.25,-1,-1,-1,-1
590,177,1675.88,430.07,108.72,155.84,-1,-1,-1,-1
590,178,1830.89,410.22,89.11,654.10,-1,-1,-1,-1
591,70,1728.20,430.96,191.80,644.14,-1,-1,-1,-1
591,98,1187.72,432.04,62.82,245.43,-1,-1,-1,-1
591,108,1096.08,409.91,104.20,290.11,-1,-1,-1,-1
591,114,1248.34,430.57,81.41,283.52,-1,-1,-1,-1
591,118,1007.78,434.72,81.68,233.55,-1,-1,-1,-1
591,144,379.90,464.74,44.54,111.41,-1,-1,-1,-1
591,154,586.21,454.56,31.00,87.47,-1,-1,-1,-1
591,156,558.64,460.33,26.62,82.05,-1,-1,-1,-1
591,159,624.69,454.21,34.36,100.35,-1,-1,-1,-1
591,168,661.49,454.17,37.79,103.33,-1,-1,-1,-1
591,169,412.37,456.50,44.37,115.56,-1,-1,-1,-1
591,171,725.91,446.58,36.73,105.82,-1,-1,-1,-1
591,177,1675.07,430.09,109.65,156.30,-1,-1,-1,-1
591,178,1842.01,413.54,77.99,610.49,-1,-1,-1,-1
591,179,703.22,474.30,24.21,60.20,-1,-1,-1,-1
592,70,1748.92,442.31,171.08,633.11,-1,-1,-1,-1
592,98,1190.82,431.62,63.46,245.85,-1,-1,-1,-1
592,108,1096.32,411.26,104.90,288.74,-1,-1,-1,-1
592,114,1250.05,434.45,85.14,279.37,-1,-1,-1,-1
592,118,1013.18,435.58,76.65,232.31,-1,-1,-1,-1
592,144,379.99,464.87,44.48,111.38,-1,-1,-1,-1
592,154,586.34,454.87,30.95,87.42,-1,-1,-1,-1
592,156,558.56,460.50,26.50,81.92,-1,-1,-1,-1
592,159,624.85,453.95,34.46,100.99,-1,-1,-1,-1
592,168,661.40,454.46,38.23,102.99,-1,-1,-1,-1
592,169,411.91,456.72,44.93,115.71,-1,-1,-1,-1
592,171,726.06,446.61,36.80,105.55,-1,-1,-1,-1
592,177,1675.23,430.10,109.55,155.47,-1,-1,-1,-1
592,178,1850.56,413.20,69.44,643.51,-1,-1,-1,-1
592,179,703.16,473.91,24.69,60.69,-1,-1,-1,-1
593,70,1774.55,460.37,145.45,613.29,-1,-1,-1,-1
593,98,1192.98,431.82,64.90,245.97,-1,-1,-1,-1
593,108,1096.39,410.99,104.95,289.84,-1,-1,-1,-1
593,114,1251.95,437.47,89.65,276.33,-1,-1,-1,-1
593,118,1018.42,436.47,73.36,231.15,-1,-1,-1,-1
593,144,380.07,465.00,44.42,111.34,-1,-1,-1,-1
593,154,586.01,454.85,30.36,87.58,-1,-1,-1,-1
593,156,558.08,459.61,26.60,83.44,-1,-1,-1,-1
593,159,624.33,453.49,34.92,101.47,-1,-1,-1,-1
593,168,661.36,455.07,37.59,102.21,-1,-1,-1,-1
593,169,414.55,456.83,41.97,115.08,-1,-1,-1,-1
593,171,726.65,447.86,35.27,105.09,-1,-1,-1,-1
593,177,1675.57,430.18,109.45,154.74,-1,-1,-1,-1
593,178,1861.59,464.11,58.41,489.97,-1,-1,-1,-1
593,179,703.62,474.06,24.34,60.69,-1,-1,-1,-1
594,70,1807.39,468.59,112.61,604.98,-1,-1,-1,-1
594,98,1194.68,431.81,66.73,246.26,-1,-1,-1,-1
594,108,1096.61,411.26,104.17,289.69,-1,-1,-1,-1
594,114,1251.49,438.76,96.08,274.81,-1,-1,-1,-1
594,118,1015.57,436.71,76.77,231.05,-1,-1,-1,-1
594,144,380.16,465.13,44.36,111.30,-1,-1,-1,-1
594,154,585.55,454.67,30.30,87.68,-1,-1,-1,-1
594,156,557.55,458.65,26.76,84.59,-1,-1,-1,-1
594,159,624.15,453.27,35.03,101.41,-1,-1,-1,-1
594,168,661.31,454.65,37.32,103.12,-1,-1,-1,-1
594,169,415.25,457.07,40.82,114.42,-1,-1,-1,-1
594,171,727.06,448.60,33.89,104.52,-1,-1,-1,-1
594,177,1676.87,430.25,108.37,153.76,-1,-1,-1,-1
594,178,1870.20,490.18,49.80,393.88,-1,-1,-1,-1
594,179,703.98,474.49,23.83,60.24,-1,-1,-1,-1
595,98,1195.68,431.90,67.71,245.57,-1,-1,-1,-1
595,108,1097.16,412.23,103.54,288.31,-1,-1,-1,-1
595,114,1251.74,438.16,99.79,275.22,-1,-1,-1,-1
595,118,1019.87,436.54,74.92,231.26,-1,-1,-1,-1
595,144,380.24,465.26,44.30,111.27,-1,-1,-1,-1
595,154,586.13,455.02,29.31,87.19,-1,-1,-1,-1
595,156,557.46,457.15,26.94,86.33,-1,-1,-1,-1
595,159,624.55,453.42,34.71,101.03,-1,-1,-1,-1
595,168,661.33,454.24,36.87,103.35,-1,-1,-1,-1
595,169,414.50,456.87,41.43,114.61,-1,-1,-1,-1
595,171,727.38,448.13,33.66,105.53,-1,-1,-1,-1
595,177,1677.43,430.26,108.22,154.18,-1,-1,-1,-1
595,178,1878.15,476.73,41.85,362.95,-1,-1,-1,-1
595,179,702.05,473.50,24.67,60.47,-1,-1,-1,-1
596,98,1196.07,433.28,70.54,244.27,-1,-1,-1,-1
596,108,1097.91,413.40,103.25,285.55,-1,-1,-1,-1
596,114,1252.28,438.51,102.46,274.86,-1,-1,-1,-1
596,118,1027.81,438.15,72.88,230.79,-1,-1,-1,-1
596,144,380.33,465.39,44.25,111.23,-1,-1,-1,-1
596,154,586.00,454.99,29.62,86.99,-1,-1,-1,-1
596,156,557.21,458.59,26.80,84.70,-1,-1,-1,-1
596,159,625.16,453.66,34.15,100.70,-1,-1,-1,-1
596,168,661.29,453.88,36.75,103.68,-1,-1,-1,-1
596,169,414.18,456.45,41.09,114.81,-1,-1,-1,-1
596,171,727.12,447.73,35.34,106.70,-1,-1,-1,-1
596,177,1677.29,430.18,107.92,154.21,-1,-1,-1,-1
596,178,1885.81,472.77,34.19,352.33,-1,-1,-1,-1
596,179,703.39,473.50,24.16,61.11,-1,-1,-1,-1
597,98,1196.42,434.09,72.21,243.87,-1,-1,-1,-1
597,108,1098.69,413.97,102.39,284.24,-1,-1,-1,-1
597,114,1252.26,439.70,104.49,273.18,-1,-1,-1,-1
597,118,1029.20,441.76,77.76,226.78,-1,-1,-1,-1
597,144,380.41,465.51,44.19,111.19,-1,-1,-1,-1
597,154,585.21,454.41,29.97,87.90,-1,-1,-1,-1
597,156,557.05,458.86,26.25,84.57,-1,-1,-1,-1
597,159,626.40,453.89,32.82,100.44,-1,-1,-1,-1
597,168,661.57,453.47,36.38,104.04,-1,-1,-1,-1
597,169,414.38,456.19,41.23,115.14,-1,-1,-1,-1
597,171,726.75,447.72,35.02,107.75,-1,-1,-1,-1
597,177,1676.56,430.13,109.26,154.81,-1,-1,-1,-1
597,178,1892.90,485.33,27.10,328.49,-1,-1,-1,-1
597,179,703.25,472.93,23.79,61.77,-1,-1,-1,-1
598,98,1196.34,433.18,75.37,245.41,-1,-1,-1,-1
598,108,1101.20,414.72,100.68,284.65,-1,-1,-1,-1
598,114,1252.14,437.73,106.08,274.77,-1,-1,-1,-1
598,118,1026.10,440.31,89.36,228.13,-1,-1,-1,-1
598,144,380.50,465.64,44.13,111.16,-1,-1,-1,-1
598,154,584.89,454.14,30.33,88.16,-1,-1,-1,-1
598,156,556.86,458.29,26.04,84.88,-1,-1,-1,-1
598,159,626.18,454.48,33.66,99.97,-1,-1,-1,-1
598,168,661.06,452.88,36.27,104.59,-1,-1,-1,-1
598,169,414.93,455.75,40.65,115.92,-1,-1,-1,-1
598,171,727.04,447.30,34.84,109.06,-1,-1,-1,-1
598,177,1675.29,429.98,110.10,155.64,-1,-1,-1,-1
598,178,1897.69,471.47,22.31,346.04,-1,-1,-1,-1
598,179,703.01,473.28,23.86,61.47,-1,-1,-1,-1
599,98,1196.77,432.28,77.19,246.40,-1,-1,-1,-1
599,108,1103.25,415.62,99.78,284.07,-1,-1,-1,-1
599,114,1253.59,437.90,105.44,274.27,-1,-1,-1,-1
599,118,1025.51,437.76,93.78,230.48,-1,-1,-1,-1
599,144,381.69,464.68,42.83,102.61,-1,-1,-1,-1
599,154,585.04,454.77,29.85,87.73,-1,-1,-1,-1
599,156,556.46,458.56,26.67,84.59,-1,-1,-1,-1
599,159,626.17,454.94,33.42,99.41,-1,-1,-1,-1
599,168,660.88,453.39,36.69,104.05,-1,-1,-1,-1
599,169,414.50,456.43,41.00,115.26,-1,-1,-1,-1
599,171,727.00,447.18,35.50,108.92,-1,-1,-1,-1
599,177,1686.22,430.29,99.67,154.97,-1,-1,-1,-1
599,179,702.62,473.33,24.07,61.60,-1,-1,-1,-1
600,98,1196.87,432.66,81.48,246.53,-1,-1,-1,-1
600,108,1110.62,414.98,92.25,281.25,-1,-1,-1,-1
600,114,1257.46,436.63,103.11,275.64,-1,-1,-1,-1
600,118,1026.13,437.49,97.75,231.97,-1,-1,-1,-1
600,144,381.48,465.60,42.08,108.23,-1,-1,-1,-1
600,154,584.56,453.84,30.84,88.45,-1,-1,-1,-1
600,156,555.97,460.02,26.44,83.12,-1,-1,-1,-1
600,159,625.80,455.21,34.00,99.04,-1,-1,-1,-1
600,168,660.90,452.73,35.78,104.87,-1,-1,-1,-1
600,169,413.18,456.75,42.75,115.82,-1,-1,-1,-1
600,171,725.73,447.17,35.25,109.54,-1,-1,-1,-1
600,177,1684.24,430.33,101.71,154.65,-1,-1,-1,-1
600,179,700.55,473.98,25.45,60.33,-1,-1,-1,-1
