1,1,1522.25,563.25,47.27,113.44,-1,-1,-1,-1
1,2,0.06,670.51,49.80,212.45,-1,-1,-1,-1
1,3,1611.09,559.13,51.89,115.70,-1,-1,-1,-1
1,4,121.28,709.59,50.36,96.54,-1,-1,-1,-1
1,5,501.07,549.52,36.65,89.89,-1,-1,-1,-1
1,6,540.59,549.68,33.83,88.57,-1,-1,-1,-1
1,7,1369.84,515.21,34.28,96.11,-1,-1,-1,-1
1,8,195.79,571.71,40.80,153.89,-1,-1,-1,-1
1,9,276.04,585.40,37.60,143.46,-1,-1,-1,-1
1,10,1445.46,504.79,25.70,77.97,-1,-1,-1,-1
1,11,822.71,511.21,20.01,43.06,-1,-1,-1,-1
1,12,582.87,522.27,19.67,72.22,-1,-1,-1,-1
1,13,1486.01,519.15,24.79,75.23,-1,-1,-1,-1
1,14,0.02,574.24,41.03,132.73,-1,-1,-1,-1
2,1,1527.88,563.29,48.57,113.80,-1,-1,-1,-1
2,2,0.00,662.71,41.67,211.03,-1,-1,-1,-1
2,3,1615.45,557.93,54.81,116.98,-1,-1,-1,-1
2,4,111.33,701.62,49.78,97.50,-1,-1,-1,-1
2,5,499.75,538.28,38.54,90.92,-1,-1,-1,-1
2,6,539.49,535.11,32.89,93.81,-1,-1,-1,-1
2,7,1371.82,510.89,35.70,105.66,-1,-1,-1,-1
2,8,188.26,561.79,39.38,154.29,-1,-1,-1,-1
2,9,271.14,576.42,38.24,145.52,-1,-1,-1,-1
2,10,1448.56,504.12,26.10,76.63,-1,-1,-1,-1
2,11,822.21,503.26,20.39,42.82,-1,-1,-1,-1
2,12,582.46,514.06,18.99,69.99,-1,-1,-1,-1
2,13,1484.14,522.10,28.46,67.41,-1,-1,-1,-1
2,14,0.00,553.42,31.96,132.71,-1,-1,-1,-1
3,1,1534.25,557.79,49.44,113.58,-1,-1,-1,-1
3,2,0.00,672.81,35.17,220.98,-1,-1,-1,-1
3,3,1621.14,552.83,56.28,117.69,-1,-1,-1,-1
3,4,105.02,719.32,47.38,97.55,-1,-1,-1,-1
3,5,498.34,547.60,38.78,91.99,-1,-1,-1,-1
3,6,538.57,546.72,33.16,92.09,-1,-1,-1,-1
3,7,1373.99,507.67,36.37,108.39,-1,-1,-1,-1
3,8,180.81,578.20,40.47,153.93,-1,-1,-1,-1
3,9,266.93,590.94,36.88,146.69,-1,-1,-1,-1
3,10,1451.74,501.22,26.27,76.20,-1,-1,-1,-1
3,11,822.26,508.49,20.50,43.76,-1,-1,-1,-1
3,12,581.54,524.45,19.11,70.03,-1,-1,-1,-1
3,13,1491.18,516.81,25.92,69.05,-1,-1,-1,-1
4,1,1542.64,556.83,48.41,118.05,-1,-1,-1,-1
4,2,0.00,694.61,25.00,185.51,-1,-1,-1,-1
4,3,1628.92,552.92,58.38,121.00,-1,-1,-1,-1
4,4,94.38,723.48,46.48,97.73,-1,-1,-1,-1
4,5,497.85,546.77,39.05,94.67,-1,-1,-1,-1
4,6,539.00,547.31,33.57,92.99,-1,-1,-1,-1
4,7,1378.48,506.26,36.80,113.08,-1,-1,-1,-1
4,8,172.18,580.56,43.97,156.41,-1,-1,-1,-1
4,9,261.82,595.98,37.84,145.50,-1,-1,-1,-1
4,10,1456.92,496.77,27.41,79.46,-1,-1,-1,-1
4,11,823.96,507.29,21.04,45.04,-1,-1,-1,-1
4,12,581.77,524.79,18.96,68.79,-1,-1,-1,-1
4,13,1497.16,512.26,25.75,74.77,-1,-1,-1,-1
5,1,1548.22,563.79,51.18,118.89,-1,-1,-1,-1
5,3,1635.26,560.82,60.26,122.62,-1,-1,-1,-1
5,4,80.14,719.17,43.53,100.48,-1,-1,-1,-1
5,5,495.93,543.73,39.56,96.39,-1,-1,-1,-1
5,6,537.32,545.09,34.24,92.72,-1,-1,-1,-1
5,7,1382.97,511.76,35.61,105.22,-1,-1,-1,-1
5,8,162.47,577.06,41.84,154.28,-1,-1,-1,-1
5,9,251.35,587.41,40.15,150.22,-1,-1,-1,-1
5,10,1460.14,501.46,28.14,80.19,-1,-1,-1,-1
5,11,823.76,506.14,22.45,45.68,-1,-1,-1,-1
5,12,580.75,521.71,19.48,70.86,-1,-1,-1,-1
5,13,1501.39,517.47,25.87,74.44,-1,-1,-1,-1
6,1,1557.51,573.83,51.22,120.49,-1,-1,-1,-1
6,3,1643.59,572.00,61.23,123.21,-1,-1,-1,-1
6,4,66.20,730.23,41.79,105.99,-1,-1,-1,-1
6,5,496.56,551.08,37.77,96.20,-1,-1,-1,-1
6,6,536.63,552.45,35.14,92.79,-1,-1,-1,-1
6,7,1388.25,522.14,33.16,100.38,-1,-1,-1,-1
6,8,150.43,584.16,45.32,155.78,-1,-1,-1,-1
6,9,244.61,602.81,42.11,143.27,-1,-1,-1,-1
6,10,1464.88,510.44,27.17,80.31,-1,-1,-1,-1
6,11,824.36,506.33,21.98,45.73,-1,-1,-1,-1
6,12,580.85,529.39,19.98,67.97,-1,-1,-1,-1
6,13,1506.63,526.51,25.50,75.93,-1,-1,-1,-1
7,1,1564.36,573.59,51.80,122.38,-1,-1,-1,-1
7,3,1650.95,573.05,62.73,125.48,-1,-1,-1,-1
7,4,52.33,735.06,41.71,109.20,-1,-1,-1,-1
7,5,495.13,548.83,35.96,98.40,-1,-1,-1,-1
7,6,534.99,554.04,35.77,91.05,-1,-1,-1,-1
7,7,1391.06,518.57,32.95,102.65,-1,-1,-1,-1
7,8,140.30,580.72,47.00,163.14,-1,-1,-1,-1
7,9,238.86,611.99,40.23,137.49,-1,-1,-1,-1
7,10,1467.50,508.39,27.13,80.96,-1,-1,-1,-1
7,11,824.96,506.53,21.51,45.78,-1,-1,-1,-1
7,12,578.51,527.47,20.25,70.81,-1,-1,-1,-1
7,13,1511.28,523.90,24.89,76.10,-1,-1,-1,-1
7,17,776.69,504.56,18.16,56.81,-1,-1,-1,-1
8,1,1571.59,580.17,53.51,122.33,-1,-1,-1,-1
8,3,1657.79,580.23,64.31,126.95,-1,-1,-1,-1
8,4,35.92,741.69,44.54,108.13,-1,-1,-1,-1
8,5,493.35,551.09,35.15,98.48,-1,-1,-1,-1
8,6,533.53,552.59,36.98,97.67,-1,-1,-1,-1
8,7,1394.62,528.48,31.92,97.52,-1,-1,-1,-1
8,8,127.35,587.19,50.91,162.17,-1,-1,-1,-1
8,9,228.54,610.08,41.71,143.99,-1,-1,-1,-1
8,10,1471.02,515.76,27.12,79.32,-1,-1,-1,-1
8,11,825.56,506.72,21.04,45.82,-1,-1,-1,-1
8,12,577.57,529.91,21.84,70.20,-1,-1,-1,-1
8,13,1516.14,529.75,24.14,77.82,-1,-1,-1,-1
8,17,776.85,509.83,18.61,56.06,-1,-1,-1,-1
9,1,1578.68,586.34,51.87,124.32,-1,-1,-1,-1
9,3,1664.59,586.61,64.38,128.06,-1,-1,-1,-1
9,4,19.39,743.26,46.65,110.14,-1,-1,-1,-1
9,5,491.47,550.82,35.60,98.19,-1,-1,-1,-1
9,6,532.24,553.61,37.91,96.17,-1,-1,-1,-1
9,7,1397.19,531.33,32.28,98.87,-1,-1,-1,-1
9,8,118.18,587.24,52.31,162.31,-1,-1,-1,-1
9,9,219.87,605.51,43.34,150.37,-1,-1,-1,-1
9,10,1474.01,518.53,27.92,80.90,-1,-1,-1,-1
9,11,826.16,506.92,20.57,45.87,-1,-1,-1,-1
9,12,575.66,529.32,23.15,71.81,-1,-1,-1,-1
9,13,1515.97,533.34,27.11,80.76,-1,-1,-1,-1
9,17,776.88,511.19,18.44,56.00,-1,-1,-1,-1
9,19,648.25,533.84,24.93,69.41,-1,-1,-1,-1
9,20,676.49,528.67,23.58,73.65,-1,-1,-1,-1
10,1,1583.70,597.93,51.29,124.98,-1,-1,-1,-1
10,3,1670.07,598.23,65.24,128.86,-1,-1,-1,-1
10,4,2.26,736.11,47.21,112.66,-1,-1,-1,-1
10,5,489.09,546.44,36.15,98.90,-1,-1,-1,-1
10,6,529.98,550.57,36.13,95.45,-1,-1,-1,-1
10,7,1398.76,539.40,33.12,99.56,-1,-1,-1,-1
10,8,104.06,579.84,52.51,161.89,-1,-1,-1,-1
10,9,208.05,595.55,44.41,155.10,-1,-1,-1,-1
10,10,1476.40,527.16,27.82,80.75,-1,-1,-1,-1
10,11,826.76,507.11,20.10,45.91,-1,-1,-1,-1
10,12,573.83,523.84,25.87,73.54,-1,-1,-1,-1
10,13,1523.59,542.81,23.72,79.38,-1,-1,-1,-1
10,17,776.92,511.60,17.03,55.26,-1,-1,-1,-1
10,19,647.21,531.59,25.24,70.02,-1,-1,-1,-1
10,20,678.12,524.52,23.86,75.00,-1,-1,-1,-1
11,1,1591.00,593.11,53.60,126.52,-1,-1,-1,-1
11,3,1677.73,590.35,65.94,132.00,-1,-1,-1,-1
11,4,0.00,747.98,36.68,115.67,-1,-1,-1,-1
11,5,487.11,549.65,35.71,98.95,-1,-1,-1,-1
11,6,528.16,556.03,37.60,93.23,-1,-1,-1,-1
11,7,1401.29,532.49,33.15,101.58,-1,-1,-1,-1
11,8,92.33,587.21,53.30,166.24,-1,-1,-1,-1
11,9,199.85,601.97,45.04,157.91,-1,-1,-1,-1
11,10,1479.08,521.52,28.48,81.01,-1,-1,-1,-1
11,11,827.36,507.30,19.63,45.96,-1,-1,-1,-1
11,12,572.34,526.34,25.40,71.61,-1,-1,-1,-1
11,13,1524.45,540.71,25.22,76.43,-1,-1,-1,-1
11,19,645.00,534.35,25.55,70.30,-1,-1,-1,-1
11,20,676.52,526.66,24.22,74.88,-1,-1,-1,-1
12,1,1597.64,594.82,54.38,126.85,-1,-1,-1,-1
12,3,1685.95,590.97,65.01,132.21,-1,-1,-1,-1
12,5,485.37,553.09,35.57,98.15,-1,-1,-1,-1
12,6,525.85,554.90,38.38,96.23,-1,-1,-1,-1
12,7,1404.35,538.32,32.58,97.40,-1,-1,-1,-1
12,8,77.16,591.77,57.05,166.43,-1,-1,-1,-1
12,9,191.67,602.82,44.11,159.88,-1,-1,-1,-1
12,10,1481.95,521.75,28.06,81.67,-1,-1,-1,-1
12,11,827.96,507.50,19.16,46.00,-1,-1,-1,-1
12,12,572.92,529.26,24.12,73.37,-1,-1,-1,-1
12,13,1529.13,543.75,22.96,73.17,-1,-1,-1,-1
12,19,642.81,535.74,26.04,73.33,-1,-1,-1,-1
12,20,676.38,528.48,24.99,77.18,-1,-1,-1,-1
13,1,1604.08,595.46,54.73,128.01,-1,-1,-1,-1
13,3,1694.17,591.78,63.49,131.94,-1,-1,-1,-1
13,5,483.69,543.36,35.13,98.56,-1,-1,-1,-1
13,6,524.27,545.21,37.22,97.59,-1,-1,-1,-1
13,7,1406.60,536.89,32.93,97.54,-1,-1,-1,-1
13,8,68.55,581.93,55.65,166.99,-1,-1,-1,-1
13,9,181.00,593.26,44.55,160.62,-1,-1,-1,-1
13,10,1484.18,518.89,29.58,83.76,-1,-1,-1,-1
13,11,828.57,507.69,18.69,46.05,-1,-1,-1,-1
13,12,572.96,520.40,22.99,70.30,-1,-1,-1,-1
13,13,1533.86,534.87,23.29,81.99,-1,-1,-1,-1
13,19,641.64,525.38,26.78,73.99,-1,-1,-1,-1
13,20,675.91,519.50,25.09,78.10,-1,-1,-1,-1
14,1,1610.82,593.25,56.09,127.17,-1,-1,-1,-1
14,3,1702.45,585.43,61.70,135.57,-1,-1,-1,-1
14,5,481.05,546.10,34.85,98.22,-1,-1,-1,-1
14,6,522.02,545.51,35.86,99.89,-1,-1,-1,-1
14,7,1408.48,534.20,34.01,97.45,-1,-1,-1,-1
14,8,52.28,586.81,58.80,170.96,-1,-1,-1,-1
14,9,171.24,599.19,45.35,161.79,-1,-1,-1,-1
14,10,1487.17,520.52,28.83,77.95,-1,-1,-1,-1
14,11,826.35,510.37,18.70,45.39,-1,-1,-1,-1
14,12,572.75,521.78,22.19,71.06,-1,-1,-1,-1
14,13,1533.38,534.19,25.38,78.33,-1,-1,-1,-1
14,19,639.93,527.88,26.78,73.14,-1,-1,-1,-1
14,20,674.30,519.84,26.22,79.36,-1,-1,-1,-1
15,1,1619.41,593.07,55.68,128.66,-1,-1,-1,-1
15,3,1712.08,585.72,60.81,137.69,-1,-1,-1,-1
15,5,480.09,545.36,34.74,98.31,-1,-1,-1,-1
15,6,521.36,545.15,36.18,98.87,-1,-1,-1,-1
15,7,1412.17,534.92,33.58,96.62,-1,-1,-1,-1
15,8,42.17,584.36,57.94,174.18,-1,-1,-1,-1
15,9,160.41,595.24,46.75,166.30,-1,-1,-1,-1
15,10,1491.71,522.54,30.22,75.72,-1,-1,-1,-1
15,11,827.13,511.14,18.88,44.35,-1,-1,-1,-1
15,12,573.74,521.35,20.97,71.96,-1,-1,-1,-1
15,13,1541.06,539.28,22.39,75.14,-1,-1,-1,-1
15,19,639.49,528.06,26.91,71.99,-1,-1,-1,-1
15,20,674.64,519.26,25.92,78.86,-1,-1,-1,-1
16,1,1627.68,594.66,52.87,130.71,-1,-1,-1,-1
16,3,1719.24,588.24,60.47,139.51,-1,-1,-1,-1
16,5,478.29,542.53,35.62,100.72,-1,-1,-1,-1
16,6,520.15,544.86,34.12,98.18,-1,-1,-1,-1
16,7,1414.94,535.71,33.97,98.03,-1,-1,-1,-1
16,8,27.25,582.21,61.07,179.35,-1,-1,-1,-1
16,9,149.79,596.39,46.68,167.02,-1,-1,-1,-1
16,10,1494.60,523.67,29.33,75.84,-1,-1,-1,-1
16,11,827.03,511.11,19.19,44.22,-1,-1,-1,-1
16,12,572.23,520.85,21.32,73.18,-1,-1,-1,-1
16,13,1546.24,543.96,20.38,72.17,-1,-1,-1,-1
16,19,638.58,527.60,27.12,71.80,-1,-1,-1,-1
16,20,673.72,518.94,26.28,78.55,-1,-1,-1,-1
17,1,1635.10,593.53,52.74,133.63,-1,-1,-1,-1
17,3,1726.45,589.46,59.89,140.97,-1,-1,-1,-1
17,5,475.76,544.94,36.17,100.87,-1,-1,-1,-1
17,6,517.53,545.74,33.79,99.92,-1,-1,-1,-1
17,7,1417.61,535.66,34.62,98.50,-1,-1,-1,-1
17,8,10.23,586.86,64.41,181.83,-1,-1,-1,-1
17,9,136.97,600.86,47.06,168.36,-1,-1,-1,-1
17,10,1497.29,521.86,26.96,76.81,-1,-1,-1,-1
17,11,824.35,512.05,20.82,44.03,-1,-1,-1,-1
17,12,569.61,522.15,20.59,74.80,-1,-1,-1,-1
17,13,1549.24,545.12,19.68,70.08,-1,-1,-1,-1
17,19,637.40,527.54,27.07,72.18,-1,-1,-1,-1
17,20,672.51,521.33,26.44,78.61,-1,-1,-1,-1
18,1,1643.97,592.71,51.76,135.91,-1,-1,-1,-1
18,3,1734.74,591.13,58.81,141.83,-1,-1,-1,-1
18,5,473.59,544.67,36.87,101.99,-1,-1,-1,-1
18,6,515.81,545.10,33.43,101.47,-1,-1,-1,-1
18,7,1420.78,535.44,34.87,98.82,-1,-1,-1,-1
18,8,2.83,589.48,58.30,180.91,-1,-1,-1,-1
18,9,126.59,603.41,49.48,169.10,-1,-1,-1,-1
18,10,1501.40,523.76,26.08,74.47,-1,-1,-1,-1
18,11,825.56,511.47,19.96,44.90,-1,-1,-1,-1
18,12,566.00,522.49,22.60,75.85,-1,-1,-1,-1
18,13,1554.39,544.68,19.79,70.70,-1,-1,-1,-1
18,19,636.72,526.51,26.78,74.59,-1,-1,-1,-1
18,20,671.71,521.54,26.80,77.53,-1,-1,-1,-1
19,1,1652.53,592.89,49.91,137.87,-1,-1,-1,-1
19,3,1742.61,593.04,60.09,141.88,-1,-1,-1,-1
19,5,471.47,543.90,37.44,103.36,-1,-1,-1,-1
19,6,513.55,544.63,34.39,102.55,-1,-1,-1,-1
19,7,1423.04,535.24,35.30,100.63,-1,-1,-1,-1
19,8,0.00,589.08,48.43,184.17,-1,-1,-1,-1
19,9,116.43,602.41,45.03,180.09,-1,-1,-1,-1
19,10,1504.14,521.80,28.41,75.78,-1,-1,-1,-1
19,11,826.52,511.05,19.09,45.21,-1,-1,-1,-1
19,12,565.23,522.44,22.79,76.01,-1,-1,-1,-1
19,13,1558.29,542.75,19.77,74.44,-1,-1,-1,-1
19,19,635.74,527.06,26.83,74.79,-1,-1,-1,-1
19,20,671.33,521.51,26.82,77.20,-1,-1,-1,-1
20,1,1659.46,592.77,50.21,138.81,-1,-1,-1,-1
20,3,1752.65,594.89,58.15,141.26,-1,-1,-1,-1
20,5,469.70,546.95,36.64,101.94,-1,-1,-1,-1
20,6,511.07,548.32,34.44,100.50,-1,-1,-1,-1
20,7,1424.82,534.97,36.27,101.79,-1,-1,-1,-1
20,8,0.00,595.65,36.60,182.94,-1,-1,-1,-1
20,9,103.33,606.19,46.07,182.64,-1,-1,-1,-1
20,10,1509.71,523.51,25.09,72.69,-1,-1,-1,-1
20,11,826.53,512.00,18.90,45.33,-1,-1,-1,-1
20,12,564.65,523.29,23.07,76.22,-1,-1,-1,-1
20,13,1562.29,543.45,19.16,73.60,-1,-1,-1,-1
20,19,633.27,533.25,26.72,70.59,-1,-1,-1,-1
20,20,670.60,522.38,26.68,78.29,-1,-1,-1,-1
21,1,1667.10,593.43,51.73,141.59,-1,-1,-1,-1
21,3,1762.05,598.03,58.66,141.62,-1,-1,-1,-1
21,5,467.19,546.58,37.38,102.55,-1,-1,-1,-1
21,6,508.61,551.49,34.85,98.76,-1,-1,-1,-1
21,7,1427.37,535.11,36.58,103.99,-1,-1,-1,-1
21,8,0.00,603.70,25.45,178.22,-1,-1,-1,-1
21,10,1512.35,524.35,25.71,72.78,-1,-1,-1,-1
21,11,826.53,512.94,18.71,45.46,-1,-1,-1,-1
21,12,564.07,524.14,23.35,76.42,-1,-1,-1,-1
21,13,1565.84,542.17,19.64,75.85,-1,-1,-1,-1
21,19,631.67,536.82,27.18,67.41,-1,-1,-1,-1
21,20,670.65,522.20,26.20,79.08,-1,-1,-1,-1
22,1,1674.12,595.95,52.60,143.11,-1,-1,-1,-1
22,3,1770.65,599.10,59.72,142.75,-1,-1,-1,-1
22,5,463.69,548.42,39.74,103.75,-1,-1,-1,-1
22,6,505.64,552.34,36.69,100.44,-1,-1,-1,-1
22,7,1430.01,535.14,36.41,105.28,-1,-1,-1,-1
22,10,1515.74,527.47,25.17,70.13,-1,-1,-1,-1
22,11,826.53,513.88,18.53,45.59,-1,-1,-1,-1
22,12,563.48,524.99,23.62,76.63,-1,-1,-1,-1
22,13,1564.66,542.85,24.25,76.99,-1,-1,-1,-1
22,19,630.13,534.90,28.03,72.44,-1,-1,-1,-1
22,20,669.72,524.93,25.83,78.35,-1,-1,-1,-1
22,22,1068.97,489.85,16.97,35.60,-1,-1,-1,-1
23,1,1680.85,598.13,54.90,146.02,-1,-1,-1,-1
23,3,1779.15,598.82,62.50,146.90,-1,-1,-1,-1
23,5,461.76,546.76,39.19,106.20,-1,-1,-1,-1
23,6,502.01,548.29,39.92,105.63,-1,-1,-1,-1
23,7,1432.75,537.73,36.42,104.42,-1,-1,-1,-1
23,10,1518.86,525.52,26.14,73.73,-1,-1,-1,-1
23,11,826.54,514.83,18.34,45.72,-1,-1,-1,-1
23,12,562.90,525.85,23.90,76.84,-1,-1,-1,-1
23,13,1571.83,546.45,20.96,74.52,-1,-1,-1,-1
23,19,629.01,536.75,27.64,72.03,-1,-1,-1,-1
23,20,668.55,525.29,26.54,79.79,-1,-1,-1,-1
23,22,1068.87,490.16,16.99,35.51,-1,-1,-1,-1
24,1,1687.77,598.57,58.79,147.03,-1,-1,-1,-1
24,3,1788.48,597.08,64.58,147.89,-1,-1,-1,-1
24,5,458.86,551.34,40.37,104.84,-1,-1,-1,-1
24,6,500.46,557.15,39.39,99.87,-1,-1,-1,-1
24,7,1434.89,534.72,37.06,106.66,-1,-1,-1,-1
24,10,1521.98,523.57,27.12,77.33,-1,-1,-1,-1
24,11,826.54,515.77,18.15,45.85,-1,-1,-1,-1
24,12,562.32,526.70,24.18,77.04,-1,-1,-1,-1
24,13,1575.32,547.69,21.74,71.96,-1,-1,-1,-1
24,19,627.66,535.45,27.82,76.42,-1,-1,-1,-1
24,20,666.44,526.75,27.43,80.58,-1,-1,-1,-1
24,22,1067.87,490.95,17.24,35.41,-1,-1,-1,-1
25,1,1695.22,604.98,60.34,148.30,-1,-1,-1,-1
25,3,1798.23,602.11,66.28,150.46,-1,-1,-1,-1
25,5,457.56,553.79,40.37,105.71,-1,-1,-1,-1
25,6,499.96,560.22,39.48,99.50,-1,-1,-1,-1
25,7,1438.33,538.82,37.44,106.81,-1,-1,-1,-1
25,10,1525.10,521.62,28.10,80.93,-1,-1,-1,-1
25,11,826.55,516.71,17.96,45.98,-1,-1,-1,-1
25,12,561.73,527.55,24.46,77.25,-1,-1,-1,-1
25,13,1575.68,552.33,24.64,72.49,-1,-1,-1,-1
25,19,627.67,540.27,26.67,73.46,-1,-1,-1,-1
25,20,665.78,529.67,27.80,79.74,-1,-1,-1,-1
25,22,1067.77,493.34,16.58,34.81,-1,-1,-1,-1
26,1,1702.76,609.24,60.68,150.03,-1,-1,-1,-1
26,3,1807.49,605.75,68.93,152.14,-1,-1,-1,-1
26,5,455.12,553.73,41.58,107.56,-1,-1,-1,-1
26,6,497.69,560.03,40.93,102.03,-1,-1,-1,-1
26,7,1441.51,541.95,37.86,107.20,-1,-1,-1,-1
26,10,1528.96,522.78,29.80,81.52,-1,-1,-1,-1
26,11,826.55,517.66,17.78,46.11,-1,-1,-1,-1
26,12,561.15,528.41,24.74,77.45,-1,-1,-1,-1
26,13,1576.98,556.25,26.28,61.92,-1,-1,-1,-1
26,19,626.70,542.11,26.80,73.35,-1,-1,-1,-1
26,20,665.06,532.67,28.13,79.30,-1,-1,-1,-1
26,22,1068.45,494.87,15.79,34.25,-1,-1,-1,-1
27,1,1710.11,613.58,61.20,151.81,-1,-1,-1,-1
27,3,1813.83,608.45,73.00,155.63,-1,-1,-1,-1
27,5,452.09,556.37,41.94,107.58,-1,-1,-1,-1
27,6,496.99,563.82,41.54,100.75,-1,-1,-1,-1
27,7,1443.63,544.54,39.11,107.44,-1,-1,-1,-1
27,10,1531.44,525.04,31.69,81.29,-1,-1,-1,-1
27,11,826.55,518.60,17.59,46.24,-1,-1,-1,-1
27,12,560.56,529.26,25.02,77.66,-1,-1,-1,-1
27,13,1581.14,558.54,26.82,66.02,-1,-1,-1,-1
27,19,624.14,537.85,27.94,81.14,-1,-1,-1,-1
27,20,663.66,536.26,28.84,78.89,-1,-1,-1,-1
27,22,1068.20,497.44,15.15,33.72,-1,-1,-1,-1
27,24,605.44,539.93,21.02,77.88,-1,-1,-1,-1
27,25,593.13,534.25,17.24,76.25,-1,-1,-1,-1
28,1,1718.59,615.36,61.90,154.19,-1,-1,-1,-1
28,3,1822.18,610.23,74.58,157.98,-1,-1,-1,-1
28,5,449.77,558.95,42.12,107.27,-1,-1,-1,-1
28,6,496.39,565.85,39.67,101.10,-1,-1,-1,-1
28,7,1447.00,544.22,39.66,109.92,-1,-1,-1,-1
28,10,1534.60,526.36,32.80,81.89,-1,-1,-1,-1
28,11,826.56,519.54,17.40,46.37,-1,-1,-1,-1
28,12,559.98,530.11,25.30,77.86,-1,-1,-1,-1
28,13,1584.46,557.34,26.82,68.59,-1,-1,-1,-1
28,19,623.81,549.45,26.99,71.66,-1,-1,-1,-1
28,20,662.87,538.46,28.82,79.00,-1,-1,-1,-1
28,22,1068.20,500.02,14.39,32.09,-1,-1,-1,-1
28,24,603.83,543.16,21.80,76.94,-1,-1,-1,-1
28,25,592.54,535.44,16.94,80.32,-1,-1,-1,-1
29,1,1726.60,622.48,60.97,155.75,-1,-1,-1,-1
29,3,1830.04,618.62,76.86,158.65,-1,-1,-1,-1
29,5,447.27,559.64,42.50,107.94,-1,-1,-1,-1
29,6,495.22,566.75,38.98,101.44,-1,-1,-1,-1
29,7,1450.25,548.89,39.56,110.95,-1,-1,-1,-1
29,10,1537.79,531.94,33.48,81.85,-1,-1,-1,-1
29,11,826.56,520.49,17.22,46.50,-1,-1,-1,-1
29,12,559.40,530.96,25.58,78.07,-1,-1,-1,-1
29,13,1589.01,563.50,25.69,60.95,-1,-1,-1,-1
29,19,623.17,555.65,26.36,67.28,-1,-1,-1,-1
29,20,662.13,538.53,29.41,80.79,-1,-1,-1,-1
29,22,1068.47,503.45,14.42,30.95,-1,-1,-1,-1
29,24,603.06,547.20,21.55,73.07,-1,-1,-1,-1
29,25,591.71,535.65,16.04,78.90,-1,-1,-1,-1
30,1,1734.27,624.47,60.66,157.16,-1,-1,-1,-1
30,3,1838.24,620.69,78.21,141.40,-1,-1,-1,-1
30,5,443.83,564.51,43.85,109.00,-1,-1,-1,-1
30,6,491.76,569.77,39.83,104.94,-1,-1,-1,-1
30,7,1453.30,552.78,39.24,110.35,-1,-1,-1,-1
30,10,1540.98,533.31,32.99,82.96,-1,-1,-1,-1
30,11,826.57,521.43,17.03,46.62,-1,-1,-1,-1
30,12,558.81,531.82,25.85,78.28,-1,-1,-1,-1
30,13,1592.95,565.26,25.79,65.30,-1,-1,-1,-1
30,19,619.33,559.13,28.08,67.68,-1,-1,-1,-1
30,20,660.45,542.53,29.70,79.70,-1,-1,-1,-1
30,22,1067.38,505.47,15.02,30.94,-1,-1,-1,-1
30,24,601.34,553.89,20.11,70.42,-1,-1,-1,-1
31,1,1743.34,628.02,61.74,159.46,-1,-1,-1,-1
31,3,1847.37,624.94,72.63,150.93,-1,-1,-1,-1
31,5,441.12,574.95,44.41,109.18,-1,-1,-1,-1
31,6,488.89,576.66,41.50,107.95,-1,-1,-1,-1
31,7,1457.52,556.36,39.13,112.53,-1,-1,-1,-1
31,10,1545.08,535.07,33.12,85.55,-1,-1,-1,-1
31,11,826.57,522.38,16.84,46.75,-1,-1,-1,-1
31,12,558.23,532.67,26.13,78.48,-1,-1,-1,-1
31,13,1597.04,569.19,26.57,67.07,-1,-1,-1,-1
31,19,618.80,570.28,28.57,66.40,-1,-1,-1,-1
31,20,659.60,552.64,30.39,79.64,-1,-1,-1,-1
31,22,1066.80,510.84,14.23,32.00,-1,-1,-1,-1
31,24,600.05,563.16,20.79,72.27,-1,-1,-1,-1
32,1,1752.04,630.78,62.57,161.20,-1,-1,-1,-1
32,3,1856.45,630.95,63.55,159.66,-1,-1,-1,-1
32,5,440.09,576.26,42.16,106.56,-1,-1,-1,-1
32,6,486.43,573.29,41.40,110.83,-1,-1,-1,-1
32,7,1461.74,560.09,38.70,110.91,-1,-1,-1,-1
32,10,1548.76,533.36,33.88,89.46,-1,-1,-1,-1
32,11,826.57,523.32,16.65,46.88,-1,-1,-1,-1
32,12,557.65,533.52,26.41,78.69,-1,-1,-1,-1
32,13,1601.53,569.56,25.41,71.15,-1,-1,-1,-1
32,19,616.54,566.16,30.22,70.68,-1,-1,-1,-1
32,20,657.82,553.76,29.10,79.07,-1,-1,-1,-1
32,22,1065.68,512.81,14.52,31.75,-1,-1,-1,-1
32,24,597.13,562.54,22.28,72.69,-1,-1,-1,-1
33,1,1761.16,624.80,64.18,154.69,-1,-1,-1,-1
33,3,1866.17,626.84,53.83,165.09,-1,-1,-1,-1
33,5,438.13,568.74,40.94,107.90,-1,-1,-1,-1
33,6,484.94,568.53,41.21,109.83,-1,-1,-1,-1
33,7,1464.09,552.82,38.68,113.81,-1,-1,-1,-1
33,10,1551.74,524.40,34.70,91.78,-1,-1,-1,-1
33,11,826.58,524.26,16.47,47.01,-1,-1,-1,-1
33,12,557.06,534.38,26.69,78.89,-1,-1,-1,-1
33,13,1604.17,557.56,28.48,81.37,-1,-1,-1,-1
33,19,615.07,560.03,30.19,70.54,-1,-1,-1,-1
33,20,657.28,548.00,26.10,78.95,-1,-1,-1,-1
33,24,595.32,555.90,23.04,72.80,-1,-1,-1,-1
34,1,1771.83,623.98,65.41,153.68,-1,-1,-1,-1
34,3,1877.22,625.83,42.78,149.21,-1,-1,-1,-1
34,5,435.94,569.07,39.71,107.66,-1,-1,-1,-1
34,6,482.99,569.12,40.18,109.55,-1,-1,-1,-1
34,7,1468.44,552.58,38.52,113.86,-1,-1,-1,-1
34,10,1556.26,524.87,33.62,89.22,-1,-1,-1,-1
34,11,825.88,527.17,17.08,47.02,-1,-1,-1,-1
34,12,556.48,535.23,26.97,79.10,-1,-1,-1,-1
34,13,1608.71,552.91,28.63,86.78,-1,-1,-1,-1
34,19,615.46,565.68,28.59,65.73,-1,-1,-1,-1
34,20,655.58,549.10,26.22,78.63,-1,-1,-1,-1
34,24,593.75,557.55,21.75,71.30,-1,-1,-1,-1
35,1,1781.47,622.31,66.81,156.91,-1,-1,-1,-1
35,3,1888.41,633.29,31.59,125.95,-1,-1,-1,-1
35,5,433.90,562.96,39.54,107.54,-1,-1,-1,-1
35,6,480.04,561.64,40.97,111.49,-1,-1,-1,-1
35,7,1471.83,549.96,39.13,113.97,-1,-1,-1,-1
35,10,1561.64,524.35,32.84,86.62,-1,-1,-1,-1
35,11,827.04,523.01,16.27,47.25,-1,-1,-1,-1
35,12,555.90,536.08,27.25,79.30,-1,-1,-1,-1
35,13,1612.79,548.88,27.71,84.90,-1,-1,-1,-1
35,19,614.63,551.04,29.83,75.17,-1,-1,-1,-1
35,20,652.59,539.09,29.10,82.84,-1,-1,-1,-1
35,24,592.17,547.52,22.33,75.63,-1,-1,-1,-1
35,27,526.92,534.56,24.89,82.56,-1,-1,-1,-1
36,1,1790.98,621.22,69.54,163.23,-1,-1,-1,-1
36,5,432.22,560.95,39.45,106.42,-1,-1,-1,-1
36,6,477.47,559.76,41.46,111.17,-1,-1,-1,-1
36,7,1476.87,547.86,38.60,113.45,-1,-1,-1,-1
36,10,1567.61,520.94,31.85,87.34,-1,-1,-1,-1
36,11,827.28,520.49,15.86,47.61,-1,-1,-1,-1
36,12,554.70,537.26,26.45,78.21,-1,-1,-1,-1
36,13,1618.31,549.11,26.72,81.17,-1,-1,-1,-1
36,19,614.37,546.08,29.27,77.90,-1,-1,-1,-1
36,20,653.08,536.54,28.40,82.64,-1,-1,-1,-1
36,24,591.44,543.71,21.71,74.37,-1,-1,-1,-1
36,27,524.68,532.01,26.42,83.75,-1,-1,-1,-1
37,1,1801.96,622.46,69.50,166.98,-1,-1,-1,-1
37,5,429.46,557.36,39.70,106.48,-1,-1,-1,-1
37,6,474.66,549.73,42.59,116.66,-1,-1,-1,-1
37,7,1480.53,546.60,38.66,113.08,-1,-1,-1,-1
37,10,1571.21,519.03,32.54,88.03,-1,-1,-1,-1
37,11,826.92,516.36,16.15,47.73,-1,-1,-1,-1
37,12,551.46,536.68,25.58,74.87,-1,-1,-1,-1
37,13,1623.95,547.86,25.10,80.68,-1,-1,-1,-1
37,19,613.52,541.67,29.56,79.25,-1,-1,-1,-1
37,20,655.67,531.75,24.74,83.65,-1,-1,-1,-1
37,24,591.01,541.82,20.85,69.97,-1,-1,-1,-1
37,27,522.12,528.30,25.82,83.04,-1,-1,-1,-1
38,1,1811.37,621.96,73.57,171.62,-1,-1,-1,-1
38,5,427.14,556.32,39.50,106.72,-1,-1,-1,-1
38,6,471.74,546.49,44.93,118.52,-1,-1,-1,-1
38,7,1484.39,543.70,38.80,113.79,-1,-1,-1,-1
38,10,1575.53,512.89,32.91,89.84,-1,-1,-1,-1
38,11,825.42,514.11,17.29,48.25,-1,-1,-1,-1
38,12,547.65,537.47,24.77,73.51,-1,-1,-1,-1
38,13,1626.65,542.77,24.79,78.28,-1,-1,-1,-1
38,19,612.21,538.81,30.22,81.29,-1,-1,-1,-1
38,20,657.21,531.62,21.77,82.63,-1,-1,-1,-1
38,24,588.04,531.69,20.06,77.81,-1,-1,-1,-1
38,27,518.39,526.80,26.67,82.17,-1,-1,-1,-1
39,1,1821.82,626.22,74.38,174.47,-1,-1,-1,-1
39,5,425.91,549.97,38.78,109.09,-1,-1,-1,-1
39,6,470.37,545.50,43.95,114.50,-1,-1,-1,-1
39,7,1489.04,544.00,38.29,115.22,-1,-1,-1,-1
39,10,1581.13,513.38,33.37,90.60,-1,-1,-1,-1
39,11,826.21,510.72,16.97,48.13,-1,-1,-1,-1
39,12,546.23,532.76,25.97,74.32,-1,-1,-1,-1
39,13,1630.47,546.54,25.62,77.25,-1,-1,-1,-1
39,19,611.71,537.40,29.92,78.36,-1,-1,-1,-1
39,20,656.11,526.02,23.35,84.72,-1,-1,-1,-1
39,24,587.30,526.83,20.01,80.15,-1,-1,-1,-1
39,27,516.50,521.76,27.15,83.17,-1,-1,-1,-1
40,1,1832.26,626.37,75.61,176.80,-1,-1,-1,-1
40,5,423.78,549.83,38.69,110.82,-1,-1,-1,-1
40,6,467.69,547.89,44.79,112.66,-1,-1,-1,-1
40,7,1492.24,540.08,39.64,118.41,-1,-1,-1,-1
40,10,1585.57,508.90,32.57,94.37,-1,-1,-1,-1
40,11,824.84,509.64,17.95,48.95,-1,-1,-1,-1
40,12,542.99,537.47,24.71,70.67,-1,-1,-1,-1
40,13,1634.80,545.08,25.48,76.94,-1,-1,-1,-1
40,19,610.12,539.29,30.23,76.87,-1,-1,-1,-1
40,20,653.38,524.88,25.90,85.54,-1,-1,-1,-1
40,24,585.89,536.31,20.46,74.20,-1,-1,-1,-1
40,27,513.12,523.41,27.71,83.77,-1,-1,-1,-1
40,29,791.36,503.57,17.24,53.06,-1,-1,-1,-1
41,1,1843.97,632.07,75.03,177.83,-1,-1,-1,-1
41,5,422.12,547.84,38.78,112.52,-1,-1,-1,-1
41,6,464.24,546.15,45.28,113.54,-1,-1,-1,-1
41,7,1496.63,542.24,39.25,117.81,-1,-1,-1,-1
41,10,1589.96,505.08,33.37,99.74,-1,-1,-1,-1
41,11,824.46,509.02,18.76,49.41,-1,-1,-1,-1
41,12,540.98,538.03,26.92,69.76,-1,-1,-1,-1
41,13,1637.89,546.73,26.85,77.26,-1,-1,-1,-1
41,19,609.42,539.23,30.75,77.32,-1,-1,-1,-1
41,20,650.73,522.65,29.11,88.09,-1,-1,-1,-1
41,24,585.40,540.52,20.93,70.52,-1,-1,-1,-1
41,27,510.42,520.63,29.03,86.51,-1,-1,-1,-1
41,29,791.16,502.99,17.36,53.47,-1,-1,-1,-1
42,1,1855.91,636.05,64.09,181.04,-1,-1,-1,-1
42,5,420.54,547.69,39.36,113.50,-1,-1,-1,-1
42,6,461.97,545.97,45.16,114.66,-1,-1,-1,-1
42,7,1502.09,543.78,39.15,120.14,-1,-1,-1,-1
42,10,1594.11,504.81,35.29,102.03,-1,-1,-1,-1
42,11,824.24,510.03,19.33,49.64,-1,-1,-1,-1
42,12,538.93,538.96,28.41,69.71,-1,-1,-1,-1
42,13,1642.58,549.60,27.02,69.02,-1,-1,-1,-1
42,19,608.52,538.24,31.61,80.13,-1,-1,-1,-1
42,20,649.60,523.43,30.26,88.83,-1,-1,-1,-1
42,24,583.69,530.15,25.36,84.85,-1,-1,-1,-1
42,27,507.59,521.92,29.61,87.23,-1,-1,-1,-1
42,29,791.58,503.88,17.43,53.27,-1,-1,-1,-1
43,1,1868.53,640.01,51.47,178.96,-1,-1,-1,-1
43,5,416.98,550.06,42.16,113.19,-1,-1,-1,-1
43,6,460.41,552.05,43.68,110.98,-1,-1,-1,-1
43,7,1506.23,545.98,42.77,121.98,-1,-1,-1,-1
43,10,1597.50,513.27,35.49,96.11,-1,-1,-1,-1
43,11,821.77,511.82,21.18,49.52,-1,-1,-1,-1
43,12,536.26,540.47,27.80,69.25,-1,-1,-1,-1
43,13,1647.79,550.59,25.05,75.79,-1,-1,-1,-1
43,19,607.00,538.13,32.86,81.73,-1,-1,-1,-1
43,20,647.96,524.63,31.00,89.22,-1,-1,-1,-1
43,24,581.00,526.71,29.73,91.61,-1,-1,-1,-1
43,27,506.10,524.06,28.92,88.29,-1,-1,-1,-1
43,29,791.49,507.05,17.72,53.06,-1,-1,-1,-1
44,1,1880.00,642.32,40.00,177.60,-1,-1,-1,-1
44,5,413.74,552.30,43.34,113.98,-1,-1,-1,-1
44,6,458.75,554.73,43.28,111.44,-1,-1,-1,-1
44,7,1510.97,547.24,42.57,123.54,-1,-1,-1,-1
44,10,1600.52,508.77,37.42,102.15,-1,-1,-1,-1
44,11,822.01,513.04,21.00,49.74,-1,-1,-1,-1
44,12,533.59,541.99,27.19,68.80,-1,-1,-1,-1
44,19,605.90,540.05,32.83,81.60,-1,-1,-1,-1
44,20,646.90,527.63,31.18,88.11,-1,-1,-1,-1
44,24,580.36,527.00,29.00,93.30,-1,-1,-1,-1
44,27,503.73,526.37,29.17,89.46,-1,-1,-1,-1
44,29,791.56,508.95,17.09,52.35,-1,-1,-1,-1
45,1,1892.14,655.11,27.86,172.07,-1,-1,-1,-1
45,5,414.80,550.63,40.97,114.16,-1,-1,-1,-1
45,6,457.98,550.84,43.27,115.57,-1,-1,-1,-1
45,7,1515.90,549.85,44.80,125.40,-1,-1,-1,-1
45,10,1605.35,515.24,37.91,99.61,-1,-1,-1,-1
45,11,822.30,513.39,21.22,49.64,-1,-1,-1,-1
45,12,530.92,543.51,26.58,68.34,-1,-1,-1,-1
45,19,604.82,540.23,33.58,81.98,-1,-1,-1,-1
45,20,646.46,527.92,31.11,88.20,-1,-1,-1,-1
45,24,580.63,530.97,27.41,89.20,-1,-1,-1,-1
45,27,501.90,525.80,29.70,91.11,-1,-1,-1,-1
45,29,792.40,509.16,16.62,52.32,-1,-1,-1,-1
46,5,412.77,552.84,40.53,113.25,-1,-1,-1,-1
46,6,456.48,551.46,42.09,117.25,-1,-1,-1,-1
46,7,1520.00,551.01,46.30,128.53,-1,-1,-1,-1
46,10,1611.13,523.50,36.52,91.97,-1,-1,-1,-1
46,11,822.77,514.56,20.74,49.89,-1,-1,-1,-1
46,12,528.25,545.02,25.96,67.89,-1,-1,-1,-1
46,19,603.55,540.84,33.98,83.09,-1,-1,-1,-1
46,20,645.29,530.57,31.13,87.25,-1,-1,-1,-1
46,24,578.71,529.01,28.43,93.74,-1,-1,-1,-1
46,27,498.73,527.21,30.82,91.96,-1,-1,-1,-1
46,29,791.78,510.18,17.08,52.36,-1,-1,-1,-1
46,30,566.63,535.09,17.44,74.06,-1,-1,-1,-1
47,5,412.98,553.10,39.63,113.36,-1,-1,-1,-1
47,6,453.83,549.05,42.57,120.18,-1,-1,-1,-1
47,7,1525.19,553.94,47.75,130.05,-1,-1,-1,-1
47,10,1616.68,529.53,34.65,87.85,-1,-1,-1,-1
47,11,822.97,514.81,20.52,49.43,-1,-1,-1,-1
47,12,525.58,546.54,25.35,67.43,-1,-1,-1,-1
47,19,602.58,540.79,34.00,83.24,-1,-1,-1,-1
47,20,644.05,532.11,30.96,86.45,-1,-1,-1,-1
47,24,577.54,528.84,29.13,91.90,-1,-1,-1,-1
47,27,497.03,528.47,29.20,90.42,-1,-1,-1,-1
47,29,791.75,510.22,16.72,52.18,-1,-1,-1,-1
47,30,564.63,534.12,18.30,76.18,-1,-1,-1,-1
47,31,359.17,551.78,27.68,113.13,-1,-1,-1,-1
48,5,409.59,556.63,39.84,113.55,-1,-1,-1,-1
48,6,451.22,556.01,43.71,116.87,-1,-1,-1,-1
48,7,1528.94,556.55,48.56,131.40,-1,-1,-1,-1
48,10,1621.16,531.83,33.10,86.75,-1,-1,-1,-1
48,11,824.18,516.95,18.97,49.49,-1,-1,-1,-1
48,12,522.91,548.05,24.74,66.98,-1,-1,-1,-1
48,19,600.05,544.45,34.50,83.10,-1,-1,-1,-1
48,20,641.26,534.09,31.40,86.79,-1,-1,-1,-1
48,24,575.29,531.70,27.87,94.15,-1,-1,-1,-1
48,27,494.07,530.11,29.19,91.51,-1,-1,-1,-1
48,29,789.95,511.93,17.76,52.97,-1,-1,-1,-1
48,30,562.95,537.33,17.51,76.05,-1,-1,-1,-1
48,31,354.77,555.86,28.62,111.94,-1,-1,-1,-1
49,5,408.04,557.73,39.28,114.31,-1,-1,-1,-1
49,6,449.00,559.16,44.88,116.10,-1,-1,-1,-1
49,7,1532.96,560.41,49.63,131.94,-1,-1,-1,-1
49,10,1626.71,535.30,31.27,86.51,-1,-1,-1,-1
49,11,824.57,518.19,18.38,50.03,-1,-1,-1,-1
49,12,520.24,549.57,24.13,66.52,-1,-1,-1,-1
49,19,598.29,545.27,34.76,84.36,-1,-1,-1,-1
49,20,639.64,535.67,31.55,87.73,-1,-1,-1,-1
49,24,573.24,533.36,27.65,92.60,-1,-1,-1,-1
49,27,490.91,530.94,29.87,93.62,-1,-1,-1,-1
49,29,788.75,513.16,18.80,53.58,-1,-1,-1,-1
49,30,560.84,539.64,18.33,78.92,-1,-1,-1,-1
49,31,351.06,558.31,28.64,111.34,-1,-1,-1,-1
49,33,1053.26,493.07,21.59,38.16,-1,-1,-1,-1
50,5,404.48,558.59,40.62,114.39,-1,-1,-1,-1
50,6,446.58,561.05,45.30,113.82,-1,-1,-1,-1
50,7,1537.65,560.69,50.05,132.20,-1,-1,-1,-1
50,10,1631.96,534.39,30.42,87.04,-1,-1,-1,-1
50,11,824.84,517.87,18.01,49.99,-1,-1,-1,-1
50,12,517.57,551.09,23.52,66.07,-1,-1,-1,-1
50,19,597.09,545.01,34.41,84.05,-1,-1,-1,-1
50,20,638.84,536.03,32.29,87.37,-1,-1,-1,-1
50,24,570.80,531.67,29.59,95.11,-1,-1,-1,-1
50,27,488.17,531.27,30.23,93.16,-1,-1,-1,-1
50,29,788.43,512.46,19.63,54.67,-1,-1,-1,-1
50,30,557.95,539.13,18.41,80.16,-1,-1,-1,-1
50,31,346.20,559.19,30.71,109.23,-1,-1,-1,-1
50,33,1052.65,494.92,18.00,35.32,-1,-1,-1,-1
51,5,401.33,559.31,40.95,114.05,-1,-1,-1,-1
51,6,443.85,561.52,46.82,113.47,-1,-1,-1,-1
51,7,1542.16,563.40,49.78,133.55,-1,-1,-1,-1
51,10,1636.45,536.11,29.71,87.30,-1,-1,-1,-1
51,11,824.70,518.54,18.22,49.91,-1,-1,-1,-1
51,12,514.89,552.60,22.90,65.61,-1,-1,-1,-1
51,19,595.53,545.64,33.01,84.69,-1,-1,-1,-1
51,20,637.78,536.45,31.91,87.85,-1,-1,-1,-1
51,24,568.92,532.29,29.51,96.12,-1,-1,-1,-1
51,27,483.06,530.71,32.58,93.12,-1,-1,-1,-1
51,29,788.26,513.31,20.68,54.84,-1,-1,-1,-1
51,30,555.97,541.65,18.73,80.07,-1,-1,-1,-1
51,31,342.15,559.52,31.77,106.12,-1,-1,-1,-1
51,33,1053.30,501.60,13.55,28.64,-1,-1,-1,-1
52,5,397.93,561.43,42.06,113.39,-1,-1,-1,-1
52,6,440.68,562.55,47.47,114.89,-1,-1,-1,-1
52,7,1546.77,564.62,49.23,132.86,-1,-1,-1,-1
52,10,1640.89,535.45,29.19,88.85,-1,-1,-1,-1
52,11,823.74,518.71,18.87,50.55,-1,-1,-1,-1
52,12,512.47,554.20,23.66,66.74,-1,-1,-1,-1
52,19,593.88,544.47,32.81,86.46,-1,-1,-1,-1
52,20,636.92,536.76,32.21,88.53,-1,-1,-1,-1
52,24,567.46,532.95,30.43,97.86,-1,-1,-1,-1
52,27,480.41,531.17,32.46,94.90,-1,-1,-1,-1
52,29,787.42,513.22,21.14,55.90,-1,-1,-1,-1
52,30,553.05,546.61,18.84,74.42,-1,-1,-1,-1
52,31,338.58,560.61,32.51,105.45,-1,-1,-1,-1
52,33,1053.07,503.29,12.52,27.39,-1,-1,-1,-1
53,5,393.84,561.86,44.02,115.04,-1,-1,-1,-1
53,6,436.49,561.89,50.37,117.58,-1,-1,-1,-1
53,7,1551.00,564.98,49.78,136.73,-1,-1,-1,-1
53,10,1644.54,536.07,30.56,88.90,-1,-1,-1,-1
53,11,823.50,518.68,18.99,50.60,-1,-1,-1,-1
53,12,509.92,554.67,22.71,66.78,-1,-1,-1,-1
53,19,591.29,546.04,30.78,83.29,-1,-1,-1,-1
53,20,636.34,537.34,32.19,88.60,-1,-1,-1,-1
53,24,564.98,534.46,29.04,98.63,-1,-1,-1,-1
53,27,477.98,530.82,31.94,96.55,-1,-1,-1,-1
53,29,787.09,513.18,21.04,56.29,-1,-1,-1,-1
53,30,550.46,543.61,19.77,77.96,-1,-1,-1,-1
53,31,334.04,560.28,34.81,109.31,-1,-1,-1,-1
53,33,1053.24,502.09,12.53,28.77,-1,-1,-1,-1
54,5,390.58,561.74,43.69,115.48,-1,-1,-1,-1
54,6,432.67,561.63,53.70,118.62,-1,-1,-1,-1
54,7,1555.09,564.30,50.53,142.28,-1,-1,-1,-1
54,10,1648.45,535.01,31.26,89.49,-1,-1,-1,-1
54,11,822.87,518.52,18.73,50.41,-1,-1,-1,-1
54,12,507.34,553.78,22.73,67.89,-1,-1,-1,-1
54,19,589.10,545.93,29.69,86.31,-1,-1,-1,-1
54,20,634.86,537.28,33.09,88.90,-1,-1,-1,-1
54,24,562.59,535.87,29.81,97.98,-1,-1,-1,-1
54,27,474.67,530.00,32.47,97.15,-1,-1,-1,-1
54,29,786.97,512.45,20.90,56.67,-1,-1,-1,-1
54,30,546.19,542.60,21.15,79.68,-1,-1,-1,-1
54,31,329.80,559.62,37.48,109.47,-1,-1,-1,-1
54,33,1051.96,498.71,13.08,31.03,-1,-1,-1,-1
55,5,389.20,560.37,42.15,116.42,-1,-1,-1,-1
55,6,431.69,560.67,52.45,120.49,-1,-1,-1,-1
55,7,1560.17,562.49,50.88,146.22,-1,-1,-1,-1
55,10,1653.00,535.46,34.78,89.75,-1,-1,-1,-1
55,11,822.30,518.68,18.92,50.28,-1,-1,-1,-1
55,12,502.99,553.38,24.04,68.66,-1,-1,-1,-1
55,19,586.83,544.24,29.36,88.71,-1,-1,-1,-1
55,20,633.32,537.37,34.17,88.53,-1,-1,-1,-1
55,24,560.15,535.98,28.93,99.97,-1,-1,-1,-1
55,27,473.04,530.29,30.64,95.77,-1,-1,-1,-1
55,29,786.91,512.01,20.92,56.94,-1,-1,-1,-1
55,30,543.74,539.58,22.35,83.41,-1,-1,-1,-1
55,31,325.37,559.34,40.91,110.63,-1,-1,-1,-1
55,33,1050.71,499.13,13.71,30.87,-1,-1,-1,-1
55,34,608.80,542.92,23.47,89.63,-1,-1,-1,-1
56,5,384.94,559.03,43.48,118.90,-1,-1,-1,-1
56,6,429.03,561.34,51.18,120.89,-1,-1,-1,-1
56,7,1563.96,561.88,50.92,147.60,-1,-1,-1,-1
56,10,1657.03,535.23,36.59,91.56,-1,-1,-1,-1
56,11,821.77,518.95,18.57,50.26,-1,-1,-1,-1
56,12,500.50,554.44,23.66,68.61,-1,-1,-1,-1
56,19,584.00,544.85,29.14,88.68,-1,-1,-1,-1
56,20,632.10,537.56,33.90,88.97,-1,-1,-1,-1
56,24,557.71,542.56,27.92,94.31,-1,-1,-1,-1
56,27,469.64,531.71,30.43,94.71,-1,-1,-1,-1
56,29,786.65,511.68,20.80,57.55,-1,-1,-1,-1
56,30,541.87,548.22,19.84,74.66,-1,-1,-1,-1
56,31,320.59,558.27,43.39,113.06,-1,-1,-1,-1
56,33,1049.12,498.28,15.31,31.62,-1,-1,-1,-1
56,34,607.47,542.87,23.78,89.68,-1,-1,-1,-1
56,35,1380.68,511.40,22.71,61.88,-1,-1,-1,-1
57,5,380.97,556.87,44.70,121.35,-1,-1,-1,-1
57,6,425.94,559.98,50.61,122.71,-1,-1,-1,-1
57,7,1568.73,552.23,50.78,156.89,-1,-1,-1,-1
57,10,1661.06,532.02,38.39,92.98,-1,-1,-1,-1
57,11,820.90,517.36,19.05,51.19,-1,-1,-1,-1
57,12,497.90,553.22,24.29,69.17,-1,-1,-1,-1
57,19,580.22,544.70,30.50,89.25,-1,-1,-1,-1
57,20,630.81,537.53,33.15,88.70,-1,-1,-1,-1
57,24,555.79,537.52,28.48,99.34,-1,-1,-1,-1
57,27,463.67,530.97,33.03,95.64,-1,-1,-1,-1
57,29,785.79,510.81,19.99,57.63,-1,-1,-1,-1
57,30,539.62,545.03,19.97,78.08,-1,-1,-1,-1
57,31,316.29,557.44,44.97,113.35,-1,-1,-1,-1
57,33,1047.94,496.68,14.64,31.57,-1,-1,-1,-1
57,34,604.69,542.01,25.46,91.20,-1,-1,-1,-1
57,35,1382.09,509.73,23.81,62.00,-1,-1,-1,-1
58,5,378.05,555.39,42.91,121.41,-1,-1,-1,-1
58,6,423.09,559.00,48.57,122.76,-1,-1,-1,-1
58,7,1573.32,551.07,50.51,157.95,-1,-1,-1,-1
58,10,1664.32,521.05,40.58,102.52,-1,-1,-1,-1
58,11,819.46,515.86,20.19,51.21,-1,-1,-1,-1
58,12,494.23,552.55,24.69,69.08,-1,-1,-1,-1
58,19,577.74,540.70,30.89,92.15,-1,-1,-1,-1
58,20,628.60,535.74,33.39,90.12,-1,-1,-1,-1
58,24,552.96,543.64,26.91,91.84,-1,-1,-1,-1
58,27,460.95,529.62,31.51,96.15,-1,-1,-1,-1
58,29,785.05,509.46,19.51,57.16,-1,-1,-1,-1
58,30,535.42,544.05,21.06,78.03,-1,-1,-1,-1
58,31,310.84,555.38,48.09,116.34,-1,-1,-1,-1
58,33,1046.61,495.37,14.09,31.82,-1,-1,-1,-1
58,34,603.33,541.55,25.48,89.14,-1,-1,-1,-1
58,35,1384.22,508.51,22.47,61.71,-1,-1,-1,-1
59,5,374.46,552.36,42.90,122.88,-1,-1,-1,-1
59,6,421.20,559.16,48.43,120.36,-1,-1,-1,-1
59,7,1577.52,551.24,50.52,155.89,-1,-1,-1,-1
59,10,1668.82,520.63,40.43,102.17,-1,-1,-1,-1
59,11,818.93,514.03,20.25,51.14,-1,-1,-1,-1
59,12,490.86,550.98,25.01,69.32,-1,-1,-1,-1
59,19,575.70,538.24,31.22,93.11,-1,-1,-1,-1
59,20,627.09,533.64,33.18,91.05,-1,-1,-1,-1
59,24,550.50,534.60,28.77,99.24,-1,-1,-1,-1
59,27,458.44,528.47,30.57,94.00,-1,-1,-1,-1
59,29,784.24,507.42,19.61,56.50,-1,-1,-1,-1
59,30,532.91,544.65,21.10,75.69,-1,-1,-1,-1
59,31,306.97,553.51,49.46,117.98,-1,-1,-1,-1
59,33,1045.62,493.63,15.06,32.77,-1,-1,-1,-1
59,34,602.91,539.67,24.16,87.09,-1,-1,-1,-1
59,35,1386.28,512.19,20.60,56.66,-1,-1,-1,-1
60,5,371.21,551.69,42.32,122.37,-1,-1,-1,-1
60,6,419.32,559.59,46.37,119.37,-1,-1,-1,-1
60,7,1582.61,558.73,49.81,150.63,-1,-1,-1,-1
60,10,1672.56,527.09,38.59,95.08,-1,-1,-1,-1
60,11,817.46,513.02,20.75,51.73,-1,-1,-1,-1
60,12,488.05,550.97,24.29,69.38,-1,-1,-1,-1
60,19,572.68,537.77,31.75,96.49,-1,-1,-1,-1
60,20,625.64,533.40,32.64,89.68,-1,-1,-1,-1
60,24,547.04,540.00,26.84,89.15,-1,-1,-1,-1
60,27,454.50,528.62,29.60,94.76,-1,-1,-1,-1
60,29,783.29,505.93,20.06,57.06,-1,-1,-1,-1
60,30,529.80,546.30,21.40,74.15,-1,-1,-1,-1
60,31,302.04,553.87,51.17,119.34,-1,-1,-1,-1
60,33,1043.11,492.47,17.24,33.30,-1,-1,-1,-1
60,34,600.12,538.42,25.49,90.56,-1,-1,-1,-1
60,35,1387.02,514.25,20.09,53.99,-1,-1,-1,-1
61,5,366.90,547.75,42.95,127.71,-1,-1,-1,-1
61,6,414.36,558.83,48.28,120.67,-1,-1,-1,-1
61,7,1586.48,556.55,50.73,149.86,-1,-1,-1,-1
61,10,1674.14,524.06,39.31,94.64,-1,-1,-1,-1
61,11,816.25,511.78,20.64,52.20,-1,-1,-1,-1
61,12,484.13,551.36,25.53,69.61,-1,-1,-1,-1
61,19,569.38,538.98,31.77,96.61,-1,-1,-1,-1
61,20,623.39,532.74,32.86,90.32,-1,-1,-1,-1
61,24,543.97,548.28,26.13,81.34,-1,-1,-1,-1
61,27,451.27,528.11,28.45,96.17,-1,-1,-1,-1
61,29,782.49,505.77,19.72,56.64,-1,-1,-1,-1
61,30,526.26,547.48,21.44,73.51,-1,-1,-1,-1
61,31,299.90,555.03,49.92,116.19,-1,-1,-1,-1
61,33,1035.99,488.95,22.98,35.59,-1,-1,-1,-1
61,34,598.02,540.62,26.40,90.26,-1,-1,-1,-1
61,35,1387.83,511.86,19.76,53.04,-1,-1,-1,-1
62,5,364.90,548.54,40.85,124.10,-1,-1,-1,-1
62,6,412.14,554.65,45.62,121.96,-1,-1,-1,-1
62,7,1590.84,558.59,54.54,150.11,-1,-1,-1,-1
62,10,1678.62,531.02,36.87,90.61,-1,-1,-1,-1
62,11,816.31,510.98,20.35,51.50,-1,-1,-1,-1
62,12,480.20,549.68,25.00,68.89,-1,-1,-1,-1
62,19,566.52,536.98,32.51,99.70,-1,-1,-1,-1
62,20,622.12,530.44,31.96,89.22,-1,-1,-1,-1
62,24,541.18,540.32,26.58,85.76,-1,-1,-1,-1
62,27,449.13,526.75,24.94,94.46,-1,-1,-1,-1
62,29,782.23,504.63,18.29,56.56,-1,-1,-1,-1
62,30,522.09,545.01,22.53,74.35,-1,-1,-1,-1
62,31,297.37,551.81,48.34,116.64,-1,-1,-1,-1
62,33,1036.50,489.07,20.80,35.50,-1,-1,-1,-1
62,34,595.81,539.27,30.32,92.37,-1,-1,-1,-1
62,35,1389.47,513.35,20.19,53.23,-1,-1,-1,-1
63,5,362.46,561.76,39.74,122.65,-1,-1,-1,-1
63,6,410.82,563.38,43.52,121.71,-1,-1,-1,-1
63,7,1596.74,551.12,58.76,148.08,-1,-1,-1,-1
63,10,1683.45,520.19,35.66,91.11,-1,-1,-1,-1
63,11,815.23,514.64,20.64,51.46,-1,-1,-1,-1
63,12,477.37,559.13,25.06,69.71,-1,-1,-1,-1
63,19,564.69,543.75,33.25,100.89,-1,-1,-1,-1
63,20,621.05,537.25,31.16,88.13,-1,-1,-1,-1
63,24,540.65,555.25,25.01,81.70,-1,-1,-1,-1
63,27,446.17,540.59,23.05,91.00,-1,-1,-1,-1
63,29,781.51,508.72,16.81,55.71,-1,-1,-1,-1
63,30,519.19,557.55,22.59,69.93,-1,-1,-1,-1
63,31,294.74,563.70,48.04,116.15,-1,-1,-1,-1
63,33,1037.14,491.19,17.45,33.50,-1,-1,-1,-1
63,34,593.37,543.40,34.27,97.54,-1,-1,-1,-1
63,35,1388.20,503.88,22.57,56.38,-1,-1,-1,-1
64,5,360.49,555.51,38.86,121.78,-1,-1,-1,-1
64,6,406.03,554.83,43.41,122.32,-1,-1,-1,-1
64,7,1601.00,559.95,59.83,150.18,-1,-1,-1,-1
64,10,1688.18,528.39,33.92,90.89,-1,-1,-1,-1
64,11,814.90,512.02,20.74,51.05,-1,-1,-1,-1
64,12,473.61,552.12,26.33,69.81,-1,-1,-1,-1
64,19,563.23,542.51,32.87,97.49,-1,-1,-1,-1
64,20,621.26,532.50,29.70,87.92,-1,-1,-1,-1
64,24,538.27,547.11,25.54,86.02,-1,-1,-1,-1
64,27,442.94,532.11,24.07,90.97,-1,-1,-1,-1
64,29,781.76,506.48,16.85,55.73,-1,-1,-1,-1
64,30,518.48,550.44,21.30,68.96,-1,-1,-1,-1
64,31,291.58,555.52,46.45,117.35,-1,-1,-1,-1
64,33,1037.80,489.90,16.59,34.47,-1,-1,-1,-1
64,34,590.82,536.32,35.89,100.53,-1,-1,-1,-1
64,35,1389.87,506.00,22.37,58.90,-1,-1,-1,-1
65,5,354.60,555.15,40.00,127.15,-1,-1,-1,-1
65,6,400.88,558.40,44.48,122.31,-1,-1,-1,-1
65,7,1605.46,562.76,58.60,149.48,-1,-1,-1,-1
65,10,1690.42,528.25,34.12,90.32,-1,-1,-1,-1
65,11,812.25,513.39,21.05,51.55,-1,-1,-1,-1
65,12,468.67,554.39,26.44,69.17,-1,-1,-1,-1
65,19,559.13,545.44,33.75,97.07,-1,-1,-1,-1
65,20,617.63,534.11,29.33,89.73,-1,-1,-1,-1
65,24,534.28,553.17,25.46,83.36,-1,-1,-1,-1
65,27,437.93,534.17,25.17,93.50,-1,-1,-1,-1
65,29,781.00,506.97,16.01,56.16,-1,-1,-1,-1
65,30,513.97,552.11,22.71,69.78,-1,-1,-1,-1
65,31,287.39,558.49,45.08,116.72,-1,-1,-1,-1
65,34,588.10,538.16,37.27,102.13,-1,-1,-1,-1
65,35,1389.65,504.93,22.00,61.02,-1,-1,-1,-1
66,5,352.67,563.34,40.57,124.29,-1,-1,-1,-1
66,6,398.67,566.09,45.92,119.79,-1,-1,-1,-1
66,7,1611.57,559.98,56.20,151.94,-1,-1,-1,-1
66,10,1695.37,523.18,34.27,91.88,-1,-1,-1,-1
66,11,811.68,515.56,21.02,51.56,-1,-1,-1,-1
66,12,465.50,558.99,26.10,69.17,-1,-1,-1,-1
66,19,557.17,550.05,33.96,97.12,-1,-1,-1,-1
66,20,615.67,538.26,29.97,89.25,-1,-1,-1,-1
66,24,531.41,555.10,26.67,87.74,-1,-1,-1,-1
66,27,434.67,544.82,24.79,85.62,-1,-1,-1,-1
66,29,780.66,508.69,16.86,57.85,-1,-1,-1,-1
66,30,509.54,559.69,20.45,68.09,-1,-1,-1,-1
66,31,285.10,564.84,44.09,117.37,-1,-1,-1,-1
66,34,586.34,541.64,37.85,103.49,-1,-1,-1,-1
66,35,1391.38,502.98,20.81,61.09,-1,-1,-1,-1
67,5,349.26,554.65,42.09,126.75,-1,-1,-1,-1
67,6,394.42,564.12,46.68,116.27,-1,-1,-1,-1
67,7,1614.97,568.82,55.51,152.27,-1,-1,-1,-1
67,10,1699.22,531.73,35.08,91.80,-1,-1,-1,-1
67,11,809.81,512.90,21.90,53.01,-1,-1,-1,-1
67,12,460.68,553.45,26.94,69.14,-1,-1,-1,-1
67,19,554.31,546.42,33.19,97.13,-1,-1,-1,-1
67,20,613.59,534.33,30.01,91.35,-1,-1,-1,-1
67,24,527.17,542.34,29.74,97.15,-1,-1,-1,-1
67,27,430.48,533.73,23.82,92.88,-1,-1,-1,-1
67,29,780.90,506.62,16.96,57.40,-1,-1,-1,-1
67,30,504.97,554.13,19.78,69.23,-1,-1,-1,-1
67,31,280.48,555.76,42.74,117.13,-1,-1,-1,-1
67,34,582.89,538.72,37.71,103.32,-1,-1,-1,-1
67,35,1393.05,508.06,20.24,61.20,-1,-1,-1,-1
68,5,345.07,557.45,42.93,127.84,-1,-1,-1,-1
68,6,389.57,565.70,47.18,118.73,-1,-1,-1,-1
68,7,1618.81,566.96,55.04,151.98,-1,-1,-1,-1
68,10,1701.09,528.04,36.48,92.66,-1,-1,-1,-1
68,11,808.57,514.13,21.07,53.32,-1,-1,-1,-1
68,12,455.41,556.99,27.32,69.34,-1,-1,-1,-1
68,19,550.69,548.93,33.35,97.49,-1,-1,-1,-1
68,20,610.24,537.36,29.24,90.52,-1,-1,-1,-1
68,24,523.83,546.29,29.12,94.33,-1,-1,-1,-1
68,27,425.87,538.36,21.96,90.03,-1,-1,-1,-1
68,29,777.70,508.19,18.42,57.15,-1,-1,-1,-1
68,30,498.67,557.25,21.59,67.78,-1,-1,-1,-1
68,31,275.69,559.26,42.20,116.61,-1,-1,-1,-1
68,34,579.12,540.38,36.80,104.42,-1,-1,-1,-1
68,35,1392.37,508.34,20.47,60.39,-1,-1,-1,-1
69,5,341.13,553.94,42.82,129.05,-1,-1,-1,-1
69,6,386.23,561.31,46.74,121.24,-1,-1,-1,-1
69,7,1622.88,572.35,55.64,154.84,-1,-1,-1,-1
69,10,1703.88,533.80,37.61,93.74,-1,-1,-1,-1
69,11,807.45,514.47,20.89,53.10,-1,-1,-1,-1
69,12,450.28,555.57,28.53,69.75,-1,-1,-1,-1
69,19,546.58,549.88,34.45,94.77,-1,-1,-1,-1
69,20,606.01,535.14,31.23,91.97,-1,-1,-1,-1
69,24,519.94,549.50,28.01,90.87,-1,-1,-1,-1
69,29,776.28,508.56,18.87,56.20,-1,-1,-1,-1
69,30,494.95,556.93,21.36,66.78,-1,-1,-1,-1
69,31,270.98,555.80,41.46,117.31,-1,-1,-1,-1
69,34,577.33,539.04,35.94,104.23,-1,-1,-1,-1
69,35,1394.79,514.23,18.90,58.17,-1,-1,-1,-1
70,5,336.58,552.61,43.95,131.14,-1,-1,-1,-1
70,6,381.05,565.09,46.44,118.85,-1,-1,-1,-1
70,7,1626.97,572.60,56.95,156.34,-1,-1,-1,-1
70,10,1705.73,533.71,38.80,94.50,-1,-1,-1,-1
70,11,804.26,513.72,21.96,53.64,-1,-1,-1,-1
70,12,444.34,556.20,29.18,69.85,-1,-1,-1,-1
70,19,542.61,550.43,34.43,94.58,-1,-1,-1,-1
70,20,602.00,534.77,31.74,92.67,-1,-1,-1,-1
70,24,516.12,554.37,28.69,88.17,-1,-1,-1,-1
70,29,773.84,507.36,19.52,57.00,-1,-1,-1,-1
70,30,488.04,556.25,23.46,69.56,-1,-1,-1,-1
70,31,265.75,553.72,40.69,122.49,-1,-1,-1,-1
70,34,576.15,538.30,34.37,105.98,-1,-1,-1,-1
70,35,1395.45,515.80,17.59,55.98,-1,-1,-1,-1
70,38,510.09,531.93,37.84,111.48,-1,-1,-1,-1
71,5,330.59,551.82,46.04,130.94,-1,-1,-1,-1
71,6,377.06,561.83,46.29,121.53,-1,-1,-1,-1
71,7,1630.48,573.97,58.56,159.23,-1,-1,-1,-1
71,10,1707.50,535.20,40.06,94.68,-1,-1,-1,-1
71,11,802.39,512.32,21.45,54.33,-1,-1,-1,-1
71,12,438.00,555.35,29.88,70.82,-1,-1,-1,-1
71,19,538.75,548.22,34.71,96.66,-1,-1,-1,-1
71,20,599.74,533.96,29.87,90.68,-1,-1,-1,-1
71,24,511.57,546.97,29.96,93.61,-1,-1,-1,-1
71,29,771.57,506.12,19.50,57.29,-1,-1,-1,-1
71,30,482.16,558.59,24.43,67.73,-1,-1,-1,-1
71,31,260.82,550.67,38.92,123.21,-1,-1,-1,-1
71,34,575.50,537.41,33.18,106.33,-1,-1,-1,-1
71,35,1393.87,516.24,18.78,56.95,-1,-1,-1,-1
71,38,505.19,529.78,38.60,111.02,-1,-1,-1,-1
71,39,1569.92,518.52,19.94,50.16,-1,-1,-1,-1
72,5,326.22,552.52,46.43,132.09,-1,-1,-1,-1
72,6,373.49,561.49,45.46,123.91,-1,-1,-1,-1
72,7,1633.40,572.43,61.53,161.40,-1,-1,-1,-1
72,10,1708.59,534.50,41.07,94.25,-1,-1,-1,-1
72,11,799.33,513.20,21.82,53.74,-1,-1,-1,-1
72,12,432.94,556.82,29.46,71.42,-1,-1,-1,-1
72,19,534.54,549.92,34.99,95.99,-1,-1,-1,-1
72,20,597.11,535.74,28.76,89.25,-1,-1,-1,-1
72,24,506.39,544.87,30.67,98.26,-1,-1,-1,-1
72,29,769.86,507.88,18.13,56.27,-1,-1,-1,-1
72,30,475.72,559.32,25.46,69.74,-1,-1,-1,-1
72,31,255.11,552.67,38.50,123.28,-1,-1,-1,-1
72,34,573.51,538.87,31.70,106.62,-1,-1,-1,-1
72,35,1393.95,515.30,18.92,57.73,-1,-1,-1,-1
72,38,499.90,530.37,39.09,112.75,-1,-1,-1,-1
72,39,1569.29,517.66,18.49,49.47,-1,-1,-1,-1
73,5,319.58,550.78,48.69,132.90,-1,-1,-1,-1
73,6,367.79,561.03,47.02,122.25,-1,-1,-1,-1
73,7,1636.26,573.67,63.56,163.70,-1,-1,-1,-1
73,10,1709.88,536.86,42.35,95.24,-1,-1,-1,-1
73,11,796.25,511.96,22.96,54.38,-1,-1,-1,-1
73,12,427.44,554.69,29.29,70.08,-1,-1,-1,-1
73,19,529.89,549.37,35.58,94.81,-1,-1,-1,-1
73,20,591.85,533.33,30.16,91.29,-1,-1,-1,-1
73,24,502.54,548.08,29.85,93.57,-1,-1,-1,-1
73,29,768.69,506.06,18.23,57.38,-1,-1,-1,-1
73,30,470.77,555.78,26.74,72.08,-1,-1,-1,-1
73,31,250.07,551.97,37.72,124.38,-1,-1,-1,-1
73,34,569.06,536.90,31.96,108.57,-1,-1,-1,-1
73,38,496.36,528.80,37.78,113.18,-1,-1,-1,-1
73,39,1567.76,519.76,18.31,48.75,-1,-1,-1,-1
74,5,316.76,550.67,46.04,133.10,-1,-1,-1,-1
74,6,363.30,559.43,47.71,124.75,-1,-1,-1,-1
74,7,1639.16,572.98,65.63,164.19,-1,-1,-1,-1
74,10,1711.31,535.97,43.07,95.13,-1,-1,-1,-1
74,11,793.62,511.92,23.26,54.43,-1,-1,-1,-1
74,12,421.42,554.76,29.79,70.31,-1,-1,-1,-1
74,19,525.45,550.26,35.44,94.46,-1,-1,-1,-1
74,20,588.34,531.49,30.36,92.26,-1,-1,-1,-1
74,24,498.27,548.57,29.93,92.06,-1,-1,-1,-1
74,29,766.74,505.91,18.06,57.20,-1,-1,-1,-1
74,30,467.23,555.31,27.72,73.61,-1,-1,-1,-1
74,31,244.68,551.22,38.05,129.02,-1,-1,-1,-1
74,34,566.73,537.64,30.10,108.11,-1,-1,-1,-1
74,38,491.47,528.78,38.16,113.39,-1,-1,-1,-1
74,39,1566.15,518.13,20.16,50.15,-1,-1,-1,-1
75,5,310.02,551.69,46.57,133.03,-1,-1,-1,-1
75,6,357.97,561.11,48.80,123.73,-1,-1,-1,-1
75,7,1645.40,575.37,64.10,165.18,-1,-1,-1,-1
75,10,1712.01,538.21,43.49,95.04,-1,-1,-1,-1
75,11,791.98,512.83,22.44,53.55,-1,-1,-1,-1
75,12,415.14,554.54,29.35,69.96,-1,-1,-1,-1
75,19,519.92,550.55,36.14,93.82,-1,-1,-1,-1
75,20,585.19,531.92,28.88,91.89,-1,-1,-1,-1
75,24,492.66,546.84,29.79,95.37,-1,-1,-1,-1
75,29,764.27,505.51,18.15,57.52,-1,-1,-1,-1
75,30,461.71,556.31,26.77,73.79,-1,-1,-1,-1
75,31,239.50,553.94,37.31,125.46,-1,-1,-1,-1
75,34,563.08,533.50,28.41,112.32,-1,-1,-1,-1
75,38,490.52,532.03,33.01,106.11,-1,-1,-1,-1
75,39,1564.39,518.58,21.34,51.08,-1,-1,-1,-1
76,5,304.20,550.80,47.12,133.85,-1,-1,-1,-1
76,6,352.46,558.05,50.37,126.24,-1,-1,-1,-1
76,7,1652.10,576.82,61.45,165.13,-1,-1,-1,-1
76,10,1712.59,538.90,43.71,94.78,-1,-1,-1,-1
76,11,789.99,510.95,21.80,53.98,-1,-1,-1,-1
76,12,408.72,553.40,29.69,71.20,-1,-1,-1,-1
76,19,514.91,549.89,36.49,94.56,-1,-1,-1,-1
76,20,579.76,532.19,30.30,90.87,-1,-1,-1,-1
76,24,487.05,545.10,29.65,98.67,-1,-1,-1,-1
76,29,761.81,505.12,18.24,57.83,-1,-1,-1,-1
76,30,456.42,554.65,27.04,75.91,-1,-1,-1,-1
76,31,234.10,551.99,35.61,128.05,-1,-1,-1,-1
76,34,559.24,539.13,28.38,106.93,-1,-1,-1,-1
76,38,488.51,535.03,30.11,103.88,-1,-1,-1,-1
76,39,1561.92,518.47,21.06,51.28,-1,-1,-1,-1
76,40,195.82,553.82,29.95,123.09,-1,-1,-1,-1
77,5,296.74,550.72,49.19,134.23,-1,-1,-1,-1
77,6,345.28,557.60,51.50,127.01,-1,-1,-1,-1
77,7,1654.40,579.27,63.08,165.78,-1,-1,-1,-1
77,10,1713.01,540.33,43.04,93.84,-1,-1,-1,-1
77,11,786.56,511.46,22.11,54.12,-1,-1,-1,-1
77,12,401.71,553.57,29.38,72.72,-1,-1,-1,-1
77,19,509.15,550.33,36.84,96.41,-1,-1,-1,-1
77,20,576.01,531.38,30.16,92.85,-1,-1,-1,-1
77,24,481.44,543.36,29.51,101.97,-1,-1,-1,-1
77,29,759.34,504.72,18.34,58.15,-1,-1,-1,-1
77,30,450.51,553.07,26.96,78.67,-1,-1,-1,-1
77,31,228.77,550.91,36.00,128.37,-1,-1,-1,-1
77,34,554.89,538.89,28.29,109.12,-1,-1,-1,-1
77,38,478.07,531.91,34.54,112.56,-1,-1,-1,-1
77,39,1558.77,518.82,21.53,51.23,-1,-1,-1,-1
77,40,188.10,549.79,31.47,128.81,-1,-1,-1,-1
78,5,291.59,549.29,48.40,135.50,-1,-1,-1,-1
78,6,339.65,557.85,54.27,128.18,-1,-1,-1,-1
78,7,1657.20,581.35,63.93,165.36,-1,-1,-1,-1
78,10,1713.75,540.40,41.85,93.69,-1,-1,-1,-1
78,11,783.49,511.32,21.85,54.83,-1,-1,-1,-1
78,12,394.35,554.80,30.25,70.87,-1,-1,-1,-1
78,19,503.78,550.25,36.79,98.39,-1,-1,-1,-1
78,20,570.51,532.39,30.89,93.77,-1,-1,-1,-1
78,24,476.58,543.84,29.90,102.05,-1,-1,-1,-1
78,29,756.87,504.33,18.43,58.47,-1,-1,-1,-1
78,30,445.29,551.79,26.53,83.20,-1,-1,-1,-1
78,31,222.27,552.07,33.69,128.55,-1,-1,-1,-1
78,34,549.81,542.76,28.15,105.86,-1,-1,-1,-1
78,38,471.90,531.86,35.60,114.62,-1,-1,-1,-1
78,39,1556.65,519.01,20.91,51.14,-1,-1,-1,-1
78,40,178.73,549.14,33.64,130.70,-1,-1,-1,-1
79,5,283.94,549.01,50.16,132.57,-1,-1,-1,-1
79,6,334.33,556.64,56.45,128.07,-1,-1,-1,-1
79,7,1659.02,582.82,64.78,164.20,-1,-1,-1,-1
79,10,1713.91,540.73,40.72,93.05,-1,-1,-1,-1
79,11,780.22,508.71,21.94,56.39,-1,-1,-1,-1
79,12,386.88,553.70,30.71,70.59,-1,-1,-1,-1
79,19,497.53,550.04,37.29,98.92,-1,-1,-1,-1
79,20,565.82,531.19,30.88,94.45,-1,-1,-1,-1
79,24,470.09,545.10,30.00,102.44,-1,-1,-1,-1
79,29,754.40,503.93,18.52,58.78,-1,-1,-1,-1
79,30,441.05,551.91,25.03,81.18,-1,-1,-1,-1
79,31,217.24,549.56,37.47,132.73,-1,-1,-1,-1
79,34,544.11,543.39,30.12,105.43,-1,-1,-1,-1
79,38,465.72,531.81,36.66,116.68,-1,-1,-1,-1
79,39,1553.03,518.72,21.42,50.91,-1,-1,-1,-1
79,40,169.28,548.98,35.67,131.12,-1,-1,-1,-1
80,5,276.96,551.41,49.96,131.16,-1,-1,-1,-1
80,6,328.11,557.84,56.22,129.05,-1,-1,-1,-1
80,7,1660.19,582.02,67.55,165.77,-1,-1,-1,-1
80,10,1713.98,538.23,40.36,94.42,-1,-1,-1,-1
80,11,775.12,508.64,23.63,55.93,-1,-1,-1,-1
80,12,379.94,555.82,30.62,69.39,-1,-1,-1,-1
80,19,491.52,550.74,37.29,99.76,-1,-1,-1,-1
80,20,561.06,532.63,31.38,94.56,-1,-1,-1,-1
80,24,464.08,548.79,31.51,101.48,-1,-1,-1,-1
80,29,750.54,505.84,20.55,56.77,-1,-1,-1,-1
80,30,434.28,551.48,25.52,84.13,-1,-1,-1,-1
80,31,211.88,549.60,46.69,138.16,-1,-1,-1,-1
80,34,539.13,540.98,30.00,110.72,-1,-1,-1,-1
80,38,457.41,531.42,40.01,120.05,-1,-1,-1,-1
80,39,1550.31,517.08,20.22,52.42,-1,-1,-1,-1
80,40,160.42,553.75,38.21,131.26,-1,-1,-1,-1
81,5,270.64,551.36,49.51,131.14,-1,-1,-1,-1
81,6,320.67,558.07,59.72,129.33,-1,-1,-1,-1
81,7,1661.98,582.34,68.03,164.75,-1,-1,-1,-1
81,10,1713.59,536.28,39.41,95.81,-1,-1,-1,-1
81,11,772.13,507.90,23.54,56.38,-1,-1,-1,-1
81,12,372.21,556.78,30.94,68.90,-1,-1,-1,-1
81,19,484.95,549.94,38.06,101.76,-1,-1,-1,-1
81,20,555.68,533.99,32.32,93.72,-1,-1,-1,-1
81,24,456.91,548.78,31.36,102.03,-1,-1,-1,-1
81,29,747.52,504.74,18.91,58.19,-1,-1,-1,-1
81,30,429.26,554.46,23.42,80.16,-1,-1,-1,-1
81,31,205.36,550.78,50.78,138.79,-1,-1,-1,-1
81,34,533.83,542.94,30.15,108.05,-1,-1,-1,-1
81,38,450.60,534.10,39.81,118.40,-1,-1,-1,-1
81,39,1548.10,515.26,20.42,53.65,-1,-1,-1,-1
81,40,151.38,555.62,40.16,130.43,-1,-1,-1,-1
82,5,264.63,550.27,48.13,132.34,-1,-1,-1,-1
82,6,315.04,558.32,60.66,129.81,-1,-1,-1,-1
82,7,1663.53,583.30,68.99,167.16,-1,-1,-1,-1
82,10,1712.72,535.44,39.05,96.79,-1,-1,-1,-1
82,11,768.91,507.43,23.39,56.90,-1,-1,-1,-1
82,12,364.63,556.17,30.78,70.30,-1,-1,-1,-1
82,19,478.73,549.97,38.63,102.72,-1,-1,-1,-1
82,20,552.54,533.70,30.69,95.84,-1,-1,-1,-1
82,24,450.22,549.57,32.23,100.16,-1,-1,-1,-1
82,29,743.97,504.15,19.35,58.77,-1,-1,-1,-1
82,30,422.62,557.35,23.49,79.08,-1,-1,-1,-1
82,31,198.37,550.41,52.49,140.36,-1,-1,-1,-1
82,34,527.91,541.21,31.11,109.99,-1,-1,-1,-1
82,38,444.77,531.55,40.01,119.64,-1,-1,-1,-1
82,39,1545.69,516.06,19.12,52.85,-1,-1,-1,-1
82,40,141.91,556.73,44.17,130.81,-1,-1,-1,-1
83,5,256.91,552.42,48.46,133.14,-1,-1,-1,-1
83,6,307.25,560.68,59.32,129.15,-1,-1,-1,-1
83,7,1665.12,583.99,69.20,168.36,-1,-1,-1,-1
83,10,1712.00,534.38,38.48,97.93,-1,-1,-1,-1
83,11,766.60,508.52,21.59,52.90,-1,-1,-1,-1
83,12,357.47,558.00,30.02,72.24,-1,-1,-1,-1
83,19,472.30,551.12,39.21,104.34,-1,-1,-1,-1
83,20,549.16,535.99,29.35,94.28,-1,-1,-1,-1
83,24,443.60,550.56,34.14,101.73,-1,-1,-1,-1
83,29,740.29,505.01,19.27,58.75,-1,-1,-1,-1
83,30,415.80,557.73,23.88,80.72,-1,-1,-1,-1
83,31,191.72,554.28,54.16,138.61,-1,-1,-1,-1
83,34,520.70,541.34,32.03,110.94,-1,-1,-1,-1
83,38,436.72,532.37,43.04,121.72,-1,-1,-1,-1
83,39,1543.22,515.55,17.84,53.27,-1,-1,-1,-1
83,40,132.79,558.53,46.35,131.80,-1,-1,-1,-1
84,5,249.58,553.45,48.66,134.15,-1,-1,-1,-1
84,6,302.79,561.53,56.59,130.54,-1,-1,-1,-1
84,7,1666.98,582.10,70.20,172.56,-1,-1,-1,-1
84,10,1711.18,533.26,37.28,98.24,-1,-1,-1,-1
84,11,762.91,509.56,21.97,54.67,-1,-1,-1,-1
84,12,350.65,558.43,28.81,75.35,-1,-1,-1,-1
84,19,466.30,551.87,38.83,103.07,-1,-1,-1,-1
84,20,543.15,536.09,30.34,97.49,-1,-1,-1,-1
84,24,435.89,550.56,33.17,102.80,-1,-1,-1,-1
84,29,736.61,505.87,19.19,58.73,-1,-1,-1,-1
84,30,408.55,559.18,24.63,81.17,-1,-1,-1,-1
84,31,184.37,554.54,54.11,141.31,-1,-1,-1,-1
84,34,516.26,541.06,33.08,112.43,-1,-1,-1,-1
84,38,429.98,533.32,44.09,121.90,-1,-1,-1,-1
84,39,1540.67,514.47,17.29,53.63,-1,-1,-1,-1
84,40,126.10,559.30,46.66,133.77,-1,-1,-1,-1
85,5,241.41,554.70,49.38,134.85,-1,-1,-1,-1
85,6,295.53,563.35,55.77,130.71,-1,-1,-1,-1
85,7,1668.76,582.86,71.10,175.44,-1,-1,-1,-1
85,10,1710.45,532.72,37.04,99.93,-1,-1,-1,-1
85,11,759.25,512.01,21.91,53.81,-1,-1,-1,-1
85,12,342.53,559.38,29.42,79.05,-1,-1,-1,-1
85,19,459.98,553.18,39.36,104.69,-1,-1,-1,-1
85,20,538.88,537.50,29.65,98.21,-1,-1,-1,-1
85,24,428.57,546.01,34.36,109.28,-1,-1,-1,-1
85,29,732.93,506.73,19.11,58.70,-1,-1,-1,-1
85,30,401.07,562.36,25.76,79.92,-1,-1,-1,-1
85,31,176.59,556.73,54.51,142.61,-1,-1,-1,-1
85,34,510.94,541.75,32.98,113.82,-1,-1,-1,-1
85,38,423.60,533.91,45.22,123.64,-1,-1,-1,-1
85,39,1538.64,514.89,16.25,54.12,-1,-1,-1,-1
85,40,119.04,560.45,46.66,134.65,-1,-1,-1,-1
86,5,232.94,554.87,49.75,137.03,-1,-1,-1,-1
86,6,288.86,564.01,52.38,130.34,-1,-1,-1,-1
86,7,1670.66,583.10,72.45,176.88,-1,-1,-1,-1
86,10,1709.29,532.27,36.83,100.54,-1,-1,-1,-1
86,11,754.34,513.17,22.77,53.38,-1,-1,-1,-1
86,12,334.37,560.59,29.44,80.28,-1,-1,-1,-1
86,19,453.23,554.40,39.46,105.18,-1,-1,-1,-1
86,20,532.50,538.68,30.52,98.96,-1,-1,-1,-1
86,24,422.01,549.72,33.40,107.95,-1,-1,-1,-1
86,29,729.25,507.59,19.02,58.68,-1,-1,-1,-1
86,30,393.53,564.09,26.73,81.94,-1,-1,-1,-1
86,31,168.57,561.78,54.50,139.69,-1,-1,-1,-1
86,34,505.16,542.85,33.75,114.68,-1,-1,-1,-1
86,38,417.48,534.52,44.14,124.06,-1,-1,-1,-1
86,39,1535.71,513.51,15.44,54.75,-1,-1,-1,-1
86,40,110.87,561.08,48.18,135.25,-1,-1,-1,-1
87,5,224.79,557.65,51.07,136.34,-1,-1,-1,-1
87,6,282.73,564.10,52.23,131.81,-1,-1,-1,-1
87,7,1672.76,585.12,72.75,178.34,-1,-1,-1,-1
87,10,1708.27,532.60,37.39,101.30,-1,-1,-1,-1
87,11,751.82,514.36,22.31,53.21,-1,-1,-1,-1
87,12,326.95,561.88,29.08,80.00,-1,-1,-1,-1
87,19,445.69,556.72,40.68,105.20,-1,-1,-1,-1
87,20,525.83,538.65,31.54,100.39,-1,-1,-1,-1
87,24,412.69,551.55,36.82,106.81,-1,-1,-1,-1
87,29,725.57,508.45,18.94,58.65,-1,-1,-1,-1
87,30,385.28,565.11,28.10,83.70,-1,-1,-1,-1
87,31,161.49,551.88,53.79,149.81,-1,-1,-1,-1
87,34,499.21,545.16,32.89,115.63,-1,-1,-1,-1
87,38,408.84,532.86,45.94,126.17,-1,-1,-1,-1
87,39,1532.53,515.87,17.61,54.44,-1,-1,-1,-1
87,40,102.80,561.91,49.43,134.86,-1,-1,-1,-1
88,5,220.26,561.83,48.97,136.13,-1,-1,-1,-1
88,6,274.61,567.35,51.50,131.59,-1,-1,-1,-1
88,7,1675.27,586.95,73.10,178.93,-1,-1,-1,-1
88,10,1707.22,533.39,36.79,93.66,-1,-1,-1,-1
88,11,746.84,515.32,23.50,53.99,-1,-1,-1,-1
88,12,319.48,564.65,28.50,79.71,-1,-1,-1,-1
88,19,438.67,558.78,40.57,106.29,-1,-1,-1,-1
88,20,520.06,540.43,31.54,100.97,-1,-1,-1,-1
88,24,408.33,558.50,34.06,100.41,-1,-1,-1,-1
88,29,721.89,509.31,18.86,58.63,-1,-1,-1,-1
88,30,377.58,568.09,30.12,85.02,-1,-1,-1,-1
88,31,154.18,553.60,53.56,149.01,-1,-1,-1,-1
88,34,494.23,545.91,32.78,117.86,-1,-1,-1,-1
88,38,405.46,534.16,42.44,127.46,-1,-1,-1,-1
88,39,1529.69,517.48,17.31,52.50,-1,-1,-1,-1
88,40,94.73,564.65,50.21,133.08,-1,-1,-1,-1
89,5,216.96,565.47,46.26,133.42,-1,-1,-1,-1
89,6,268.12,567.65,50.96,131.80,-1,-1,-1,-1
89,7,1677.45,588.80,73.28,181.44,-1,-1,-1,-1
89,10,1706.29,534.78,36.16,90.61,-1,-1,-1,-1
89,11,742.23,517.40,23.54,52.70,-1,-1,-1,-1
89,12,311.35,565.69,28.24,80.51,-1,-1,-1,-1
89,19,432.63,559.86,40.01,106.90,-1,-1,-1,-1
89,20,515.07,541.38,31.22,101.49,-1,-1,-1,-1
89,24,401.69,562.06,33.10,96.75,-1,-1,-1,-1
89,29,717.74,509.26,18.99,58.91,-1,-1,-1,-1
89,30,370.46,569.00,29.45,86.06,-1,-1,-1,-1
89,31,146.86,555.31,53.33,148.22,-1,-1,-1,-1
89,34,489.94,547.13,29.84,116.96,-1,-1,-1,-1
89,38,399.09,532.76,41.18,128.51,-1,-1,-1,-1
89,39,1525.97,517.12,18.41,53.14,-1,-1,-1,-1
89,40,86.69,565.24,50.95,132.02,-1,-1,-1,-1
90,5,210.21,568.31,46.30,134.96,-1,-1,-1,-1
90,6,263.31,570.47,48.60,133.05,-1,-1,-1,-1
90,7,1680.25,591.01,72.77,183.40,-1,-1,-1,-1
90,10,1704.82,537.08,35.67,76.88,-1,-1,-1,-1
90,11,738.09,518.79,23.84,54.57,-1,-1,-1,-1
90,12,303.98,569.88,27.16,81.25,-1,-1,-1,-1
90,19,426.25,563.89,39.52,107.83,-1,-1,-1,-1
90,20,508.33,543.86,32.00,102.34,-1,-1,-1,-1
90,24,394.51,564.87,33.89,102.91,-1,-1,-1,-1
90,29,712.82,510.64,20.33,60.53,-1,-1,-1,-1
90,30,362.31,574.16,29.67,80.94,-1,-1,-1,-1
90,31,139.55,557.02,53.09,147.42,-1,-1,-1,-1
90,34,481.71,550.42,32.33,119.48,-1,-1,-1,-1
90,38,390.25,536.86,44.29,130.55,-1,-1,-1,-1
90,39,1522.72,516.93,19.70,56.99,-1,-1,-1,-1
90,40,78.86,567.90,51.23,132.77,-1,-1,-1,-1
91,5,204.39,570.30,46.01,136.07,-1,-1,-1,-1
91,6,254.92,572.35,49.38,134.44,-1,-1,-1,-1
91,7,1683.39,596.62,73.72,183.57,-1,-1,-1,-1
91,10,1703.66,540.10,34.28,72.08,-1,-1,-1,-1
91,11,733.99,519.56,24.25,55.84,-1,-1,-1,-1
91,12,295.26,573.27,27.50,80.67,-1,-1,-1,-1
91,19,419.32,566.24,39.16,108.58,-1,-1,-1,-1
91,20,501.96,544.99,31.63,103.90,-1,-1,-1,-1
91,24,387.29,563.18,32.69,107.66,-1,-1,-1,-1
91,29,708.28,512.88,20.93,60.41,-1,-1,-1,-1
91,30,355.21,576.96,30.40,83.89,-1,-1,-1,-1
91,31,132.24,558.74,52.86,146.62,-1,-1,-1,-1
91,34,475.72,554.21,31.66,119.53,-1,-1,-1,-1
91,38,384.40,543.49,42.85,128.28,-1,-1,-1,-1
91,39,1519.04,516.77,19.43,59.55,-1,-1,-1,-1
91,40,68.93,569.98,53.56,134.13,-1,-1,-1,-1
91,44,1549.00,520.14,23.81,54.86,-1,-1,-1,-1
92,5,196.98,572.08,46.81,137.36,-1,-1,-1,-1
92,6,247.96,575.51,49.08,135.68,-1,-1,-1,-1
92,7,1686.09,600.54,74.66,184.35,-1,-1,-1,-1
92,10,1702.43,542.23,34.81,73.45,-1,-1,-1,-1
92,11,729.55,521.32,24.39,55.71,-1,-1,-1,-1
92,12,287.08,576.52,26.88,79.97,-1,-1,-1,-1
92,19,412.08,568.93,39.28,109.78,-1,-1,-1,-1
92,20,496.15,547.26,31.35,104.52,-1,-1,-1,-1
92,24,380.01,563.55,33.19,112.35,-1,-1,-1,-1
92,29,703.61,513.84,22.49,61.36,-1,-1,-1,-1
92,30,347.98,580.61,28.82,84.67,-1,-1,-1,-1
92,31,124.92,560.45,52.63,145.83,-1,-1,-1,-1
92,34,470.21,557.71,32.56,120.01,-1,-1,-1,-1
92,38,378.10,546.80,42.33,130.21,-1,-1,-1,-1
92,39,1516.66,517.07,18.76,58.85,-1,-1,-1,-1
92,40,60.52,572.11,58.45,137.79,-1,-1,-1,-1
92,44,1546.90,521.31,22.40,55.31,-1,-1,-1,-1
92,45,660.03,515.38,22.91,57.33,-1,-1,-1,-1
93,5,189.25,574.04,48.04,137.69,-1,-1,-1,-1
93,6,242.09,577.13,48.18,137.38,-1,-1,-1,-1
93,7,1688.88,602.67,74.44,187.32,-1,-1,-1,-1
93,10,1700.54,543.48,35.67,77.02,-1,-1,-1,-1
93,11,725.45,523.07,24.32,55.66,-1,-1,-1,-1
93,12,278.02,577.77,26.67,80.83,-1,-1,-1,-1
93,19,405.06,571.94,39.13,110.65,-1,-1,-1,-1
93,20,490.36,548.54,30.83,105.54,-1,-1,-1,-1
93,24,372.40,563.15,36.28,119.24,-1,-1,-1,-1
93,29,701.31,516.09,21.21,60.91,-1,-1,-1,-1
93,30,339.95,583.56,30.20,84.53,-1,-1,-1,-1
93,31,117.61,562.17,52.40,145.03,-1,-1,-1,-1
93,34,464.15,561.39,30.47,120.10,-1,-1,-1,-1
93,38,371.13,549.84,42.22,130.78,-1,-1,-1,-1
93,39,1512.75,518.14,19.29,59.53,-1,-1,-1,-1
93,40,49.87,575.17,58.39,138.99,-1,-1,-1,-1
93,44,1547.76,522.74,19.50,55.01,-1,-1,-1,-1
93,45,655.80,514.89,22.45,58.92,-1,-1,-1,-1
93,46,1590.75,514.69,19.60,62.01,-1,-1,-1,-1
94,5,184.40,576.17,46.59,138.77,-1,-1,-1,-1
94,6,235.30,580.27,46.99,137.89,-1,-1,-1,-1
94,7,1691.37,605.13,73.55,188.70,-1,-1,-1,-1
94,10,1698.86,543.87,35.99,82.18,-1,-1,-1,-1
94,11,721.31,525.07,24.57,55.27,-1,-1,-1,-1
94,12,269.07,580.32,27.46,82.09,-1,-1,-1,-1
94,19,397.83,574.83,39.84,112.26,-1,-1,-1,-1
94,20,483.02,551.01,31.18,106.31,-1,-1,-1,-1
94,24,364.08,568.59,36.78,114.50,-1,-1,-1,-1
94,29,697.43,517.96,21.07,61.01,-1,-1,-1,-1
94,30,332.47,586.11,30.29,84.85,-1,-1,-1,-1
94,31,110.29,563.88,52.17,144.24,-1,-1,-1,-1
94,34,456.83,563.58,32.44,121.39,-1,-1,-1,-1
94,38,364.16,552.88,42.11,131.35,-1,-1,-1,-1
94,39,1506.94,519.84,21.26,59.18,-1,-1,-1,-1
94,40,43.02,579.02,59.25,139.13,-1,-1,-1,-1
94,44,1545.54,522.65,18.24,55.38,-1,-1,-1,-1
94,45,650.80,517.04,23.02,58.42,-1,-1,-1,-1
94,46,1581.15,515.81,26.11,73.01,-1,-1,-1,-1
95,5,177.56,577.66,46.77,139.76,-1,-1,-1,-1
95,6,227.93,581.90,46.86,138.72,-1,-1,-1,-1
95,7,1694.18,608.93,73.34,190.23,-1,-1,-1,-1
95,10,1696.92,545.02,37.19,87.24,-1,-1,-1,-1
95,11,717.15,526.95,24.01,54.76,-1,-1,-1,-1
95,12,260.25,580.39,27.28,84.63,-1,-1,-1,-1
95,19,390.23,576.60,39.89,112.95,-1,-1,-1,-1
95,20,476.67,552.13,31.23,107.25,-1,-1,-1,-1
95,24,356.90,572.45,35.18,114.20,-1,-1,-1,-1
95,29,692.97,518.67,20.77,61.49,-1,-1,-1,-1
95,30,324.22,585.26,31.82,88.31,-1,-1,-1,-1
95,31,102.98,565.59,51.93,143.44,-1,-1,-1,-1
95,34,449.71,565.13,32.57,121.50,-1,-1,-1,-1
95,38,357.19,555.92,42.00,131.93,-1,-1,-1,-1
95,39,1503.23,521.29,21.84,59.49,-1,-1,-1,-1
95,40,37.66,581.30,55.88,139.65,-1,-1,-1,-1
95,44,1542.62,523.97,17.54,54.86,-1,-1,-1,-1
95,45,646.12,519.90,23.25,57.83,-1,-1,-1,-1
95,46,1575.68,518.05,27.99,74.11,-1,-1,-1,-1
96,5,171.09,580.34,45.76,139.43,-1,-1,-1,-1
96,6,220.32,584.30,48.93,140.44,-1,-1,-1,-1
96,7,1697.96,610.61,72.90,192.09,-1,-1,-1,-1
96,10,1695.25,545.58,38.48,91.99,-1,-1,-1,-1
96,11,713.16,528.27,23.94,55.86,-1,-1,-1,-1
96,12,253.06,583.41,25.17,82.14,-1,-1,-1,-1
96,19,382.85,578.97,40.61,114.00,-1,-1,-1,-1
96,20,470.91,554.67,30.87,108.17,-1,-1,-1,-1
96,24,349.43,573.58,36.06,116.36,-1,-1,-1,-1
96,29,688.93,520.76,21.36,62.04,-1,-1,-1,-1
96,30,316.40,587.63,33.12,89.10,-1,-1,-1,-1
96,31,95.67,567.31,51.70,142.65,-1,-1,-1,-1
96,34,443.69,566.23,34.19,123.94,-1,-1,-1,-1
96,39,1500.04,521.01,22.29,60.87,-1,-1,-1,-1
96,40,24.90,584.58,61.12,139.80,-1,-1,-1,-1
96,44,1538.25,524.48,19.80,55.30,-1,-1,-1,-1
96,45,641.41,520.20,23.65,60.06,-1,-1,-1,-1
96,46,1572.67,518.87,28.91,67.09,-1,-1,-1,-1
97,5,162.84,579.87,47.63,140.15,-1,-1,-1,-1
97,6,212.79,584.12,49.56,140.78,-1,-1,-1,-1
97,7,1701.36,612.53,73.46,193.11,-1,-1,-1,-1
97,10,1693.22,546.77,39.85,96.82,-1,-1,-1,-1
97,11,709.46,528.72,23.60,55.45,-1,-1,-1,-1
97,12,243.20,582.24,26.31,84.23,-1,-1,-1,-1
97,19,374.63,579.40,42.60,114.20,-1,-1,-1,-1
97,20,464.51,555.77,30.75,106.99,-1,-1,-1,-1
97,24,341.16,572.51,38.08,119.63,-1,-1,-1,-1
97,29,685.73,520.09,20.39,62.30,-1,-1,-1,-1
97,30,308.81,585.42,32.35,91.46,-1,-1,-1,-1
97,31,88.35,569.02,51.47,141.85,-1,-1,-1,-1
97,34,437.56,567.99,32.47,122.45,-1,-1,-1,-1
97,39,1496.91,521.01,22.82,61.33,-1,-1,-1,-1
97,40,15.99,581.10,62.02,144.02,-1,-1,-1,-1
97,44,1535.46,525.20,19.73,55.62,-1,-1,-1,-1
97,45,637.11,519.59,23.19,60.31,-1,-1,-1,-1
97,46,1568.88,518.83,29.52,63.55,-1,-1,-1,-1
98,5,152.44,582.18,51.41,140.75,-1,-1,-1,-1
98,6,205.53,585.38,50.75,142.24,-1,-1,-1,-1
98,7,1704.58,613.32,74.42,194.81,-1,-1,-1,-1
98,10,1691.20,548.29,41.27,99.41,-1,-1,-1,-1
98,11,704.85,530.37,23.81,55.44,-1,-1,-1,-1
98,19,366.40,580.06,44.96,116.21,-1,-1,-1,-1
98,20,458.45,558.39,30.32,107.22,-1,-1,-1,-1
98,24,333.97,573.94,39.04,121.66,-1,-1,-1,-1
98,29,683.18,521.75,19.21,62.34,-1,-1,-1,-1
98,30,300.38,587.95,33.06,90.49,-1,-1,-1,-1
98,31,81.04,570.73,51.24,141.06,-1,-1,-1,-1
98,34,430.18,569.84,33.48,124.38,-1,-1,-1,-1
98,39,1494.28,522.78,23.41,61.12,-1,-1,-1,-1
98,40,4.20,581.80,67.09,147.06,-1,-1,-1,-1
98,44,1533.21,526.26,18.80,56.19,-1,-1,-1,-1
98,45,632.87,522.10,22.84,59.59,-1,-1,-1,-1
98,46,1564.97,519.64,29.31,65.79,-1,-1,-1,-1
98,47,1353.64,532.01,22.37,65.71,-1,-1,-1,-1
99,5,141.55,581.31,56.65,141.06,-1,-1,-1,-1
99,6,197.48,583.87,52.41,142.80,-1,-1,-1,-1
99,7,1707.68,613.61,76.10,197.74,-1,-1,-1,-1
99,10,1688.60,549.85,42.23,100.30,-1,-1,-1,-1
99,11,700.83,529.81,22.77,55.99,-1,-1,-1,-1
99,19,359.18,580.07,45.38,116.06,-1,-1,-1,-1
99,20,450.93,557.46,31.19,108.58,-1,-1,-1,-1
99,24,324.87,576.26,37.73,120.58,-1,-1,-1,-1
99,29,677.12,522.32,19.90,62.42,-1,-1,-1,-1
99,30,290.44,588.07,34.13,91.17,-1,-1,-1,-1
99,31,73.73,572.45,51.01,140.26,-1,-1,-1,-1
99,34,422.37,570.37,34.09,125.58,-1,-1,-1,-1
99,39,1491.03,524.71,20.99,60.24,-1,-1,-1,-1
99,40,0.00,577.27,59.95,151.25,-1,-1,-1,-1
99,44,1531.03,527.05,16.83,54.53,-1,-1,-1,-1
99,45,627.71,519.67,22.33,61.37,-1,-1,-1,-1
99,46,1561.92,520.68,26.90,64.54,-1,-1,-1,-1
99,47,1350.96,534.21,22.34,64.16,-1,-1,-1,-1
100,5,128.75,583.70,62.25,139.39,-1,-1,-1,-1
100,6,190.40,585.69,54.14,142.91,-1,-1,-1,-1
100,7,1710.05,614.04,77.82,200.32,-1,-1,-1,-1
100,10,1686.81,550.41,42.06,100.88,-1,-1,-1,-1
100,11,697.37,530.17,22.35,56.92,-1,-1,-1,-1
100,19,351.23,580.94,46.66,116.94,-1,-1,-1,-1
100,20,442.45,558.74,32.95,108.43,-1,-1,-1,-1
100,24,317.56,579.63,36.58,118.44,-1,-1,-1,-1
100,29,673.56,523.80,19.36,62.18,-1,-1,-1,-1
100,30,282.42,589.37,34.11,93.26,-1,-1,-1,-1
100,31,66.41,574.16,50.77,139.46,-1,-1,-1,-1
100,34,412.12,573.04,35.75,125.92,-1,-1,-1,-1
100,39,1487.56,524.36,21.51,60.59,-1,-1,-1,-1
100,40,0.00,581.94,49.95,149.93,-1,-1,-1,-1
100,44,1527.65,527.33,17.05,53.85,-1,-1,-1,-1
100,45,622.87,520.89,22.51,61.04,-1,-1,-1,-1
100,46,1558.79,521.09,25.83,68.36,-1,-1,-1,-1
100,47,1347.31,533.33,23.39,65.05,-1,-1,-1,-1
101,5,121.50,582.50,61.53,138.85,-1,-1,-1,-1
101,6,182.37,584.28,56.37,144.46,-1,-1,-1,-1
101,7,1711.77,616.48,79.91,201.87,-1,-1,-1,-1
101,10,1685.96,551.71,41.04,101.47,-1,-1,-1,-1
101,11,690.65,529.77,24.47,57.34,-1,-1,-1,-1
101,19,343.06,580.75,47.51,117.48,-1,-1,-1,-1
101,20,435.63,557.82,33.19,109.81,-1,-1,-1,-1
101,24,308.60,580.46,37.51,118.66,-1,-1,-1,-1
101,29,671.67,523.63,17.13,61.88,-1,-1,-1,-1
101,30,273.74,589.95,33.93,92.93,-1,-1,-1,-1
101,31,59.10,575.87,50.54,138.67,-1,-1,-1,-1
101,34,403.18,571.83,38.22,127.80,-1,-1,-1,-1
101,39,1483.35,523.19,25.15,62.07,-1,-1,-1,-1
101,44,1518.14,528.13,23.92,55.58,-1,-1,-1,-1
101,45,618.28,520.68,22.49,61.58,-1,-1,-1,-1
101,46,1554.52,522.78,25.31,64.06,-1,-1,-1,-1
101,47,1344.73,534.06,22.97,65.55,-1,-1,-1,-1
102,5,114.20,583.30,60.54,139.98,-1,-1,-1,-1
102,6,173.56,583.96,59.20,146.29,-1,-1,-1,-1
102,7,1714.12,618.03,79.98,203.19,-1,-1,-1,-1
102,10,1684.59,551.81,40.20,102.14,-1,-1,-1,-1
102,11,686.57,529.60,24.06,57.79,-1,-1,-1,-1
102,19,335.21,581.89,47.90,118.01,-1,-1,-1,-1
102,20,429.97,558.95,31.61,108.59,-1,-1,-1,-1
102,24,300.70,581.69,36.73,119.59,-1,-1,-1,-1
102,29,666.92,523.99,17.18,61.61,-1,-1,-1,-1
102,30,264.86,591.64,35.56,94.41,-1,-1,-1,-1
102,31,51.79,577.59,50.31,137.87,-1,-1,-1,-1
102,34,397.14,574.66,37.21,126.58,-1,-1,-1,-1
102,39,1480.96,524.57,24.38,61.94,-1,-1,-1,-1
102,44,1515.89,528.28,22.04,55.81,-1,-1,-1,-1
102,45,613.17,521.12,23.08,61.80,-1,-1,-1,-1
102,46,1553.24,522.62,22.20,63.24,-1,-1,-1,-1
102,47,1344.33,536.95,21.91,63.14,-1,-1,-1,-1
103,5,105.34,582.65,61.21,142.19,-1,-1,-1,-1
103,6,165.82,584.41,61.23,146.69,-1,-1,-1,-1
103,7,1716.64,618.99,81.14,205.73,-1,-1,-1,-1
103,10,1683.33,551.23,38.78,102.91,-1,-1,-1,-1
103,11,680.33,529.47,25.63,57.93,-1,-1,-1,-1
103,19,327.20,581.90,48.35,117.34,-1,-1,-1,-1
103,20,423.81,560.59,31.53,107.11,-1,-1,-1,-1
103,24,290.84,584.41,37.07,117.37,-1,-1,-1,-1
103,29,662.96,523.51,16.96,63.02,-1,-1,-1,-1
103,30,256.14,592.83,35.84,94.59,-1,-1,-1,-1
103,31,44.47,579.30,50.08,137.08,-1,-1,-1,-1
103,34,388.58,576.88,37.67,124.81,-1,-1,-1,-1
103,39,1476.56,525.62,23.45,60.81,-1,-1,-1,-1
103,44,1514.82,527.54,20.04,52.47,-1,-1,-1,-1
103,45,608.58,522.86,22.84,59.84,-1,-1,-1,-1
103,46,1548.89,521.75,22.29,63.18,-1,-1,-1,-1
103,47,1337.56,529.68,25.94,70.79,-1,-1,-1,-1
104,5,97.20,578.88,61.09,148.87,-1,-1,-1,-1
104,6,156.88,582.38,63.23,148.15,-1,-1,-1,-1
104,7,1718.80,621.65,82.34,208.36,-1,-1,-1,-1
104,10,1681.61,552.72,37.01,103.71,-1,-1,-1,-1
104,11,676.74,528.95,25.15,58.37,-1,-1,-1,-1
104,19,318.59,581.15,49.21,117.07,-1,-1,-1,-1
104,20,416.29,559.33,32.96,108.16,-1,-1,-1,-1
104,24,281.14,585.46,37.03,115.88,-1,-1,-1,-1
104,29,660.24,523.67,16.43,62.01,-1,-1,-1,-1
104,30,247.82,592.18,34.77,91.39,-1,-1,-1,-1
104,31,37.16,581.01,49.85,136.28,-1,-1,-1,-1
104,34,380.34,576.80,38.42,124.12,-1,-1,-1,-1
104,39,1472.35,526.86,24.98,60.82,-1,-1,-1,-1
104,44,1512.40,528.62,17.34,47.90,-1,-1,-1,-1
104,45,604.13,522.98,23.03,58.49,-1,-1,-1,-1
104,46,1545.06,522.93,23.10,62.74,-1,-1,-1,-1
104,47,1334.39,531.27,26.78,70.01,-1,-1,-1,-1
105,5,89.36,579.27,60.53,147.52,-1,-1,-1,-1
105,6,148.10,579.43,63.31,152.46,-1,-1,-1,-1
105,7,1720.99,622.55,83.58,212.22,-1,-1,-1,-1
105,10,1679.81,551.26,35.69,105.30,-1,-1,-1,-1
105,11,673.72,529.21,23.85,58.38,-1,-1,-1,-1
105,19,311.19,583.18,48.34,117.47,-1,-1,-1,-1
105,20,409.45,560.53,32.84,109.17,-1,-1,-1,-1
105,24,271.59,589.09,39.47,114.61,-1,-1,-1,-1
105,29,653.17,523.78,18.86,63.21,-1,-1,-1,-1
105,30,238.54,592.95,35.05,93.99,-1,-1,-1,-1
105,31,26.87,583.17,50.64,137.86,-1,-1,-1,-1
105,34,370.83,574.58,39.43,128.52,-1,-1,-1,-1
105,39,1468.36,527.72,25.07,59.35,-1,-1,-1,-1
105,44,1506.85,528.29,18.32,53.93,-1,-1,-1,-1
105,45,599.10,523.13,23.48,59.81,-1,-1,-1,-1
105,46,1538.58,522.30,26.36,63.98,-1,-1,-1,-1
105,47,1330.55,529.57,29.64,72.21,-1,-1,-1,-1
106,5,78.87,576.72,61.73,148.31,-1,-1,-1,-1
106,6,139.26,577.36,66.00,154.16,-1,-1,-1,-1
106,7,1724.13,624.47,83.37,213.98,-1,-1,-1,-1
106,10,1678.85,552.12,34.09,105.11,-1,-1,-1,-1
106,11,671.20,528.25,21.98,57.87,-1,-1,-1,-1
106,19,302.34,582.14,49.08,119.73,-1,-1,-1,-1
106,20,402.31,559.72,33.74,109.38,-1,-1,-1,-1
106,24,262.67,589.28,40.79,115.46,-1,-1,-1,-1
106,29,649.44,523.04,18.12,61.65,-1,-1,-1,-1
106,30,230.10,591.53,34.56,94.86,-1,-1,-1,-1
106,31,17.24,581.29,52.11,140.70,-1,-1,-1,-1
106,34,362.18,575.67,39.61,127.99,-1,-1,-1,-1
106,39,1464.35,525.21,27.18,60.58,-1,-1,-1,-1
106,44,1504.34,528.72,16.92,54.57,-1,-1,-1,-1
106,45,594.82,521.48,23.27,60.66,-1,-1,-1,-1
106,46,1534.32,522.25,28.22,64.15,-1,-1,-1,-1
106,47,1330.94,530.27,26.84,72.15,-1,-1,-1,-1
107,5,68.74,575.74,63.02,149.70,-1,-1,-1,-1
107,6,128.68,573.56,67.52,158.53,-1,-1,-1,-1
107,7,1726.82,624.69,83.79,216.70,-1,-1,-1,-1
107,10,1676.02,550.29,34.52,105.56,-1,-1,-1,-1
107,11,666.11,527.89,22.61,58.36,-1,-1,-1,-1
107,19,294.01,583.20,49.36,119.95,-1,-1,-1,-1
107,20,395.59,559.83,34.08,109.63,-1,-1,-1,-1
107,24,254.52,589.70,40.07,117.12,-1,-1,-1,-1
107,29,644.99,522.92,18.17,61.23,-1,-1,-1,-1
107,30,220.00,591.42,36.82,98.12,-1,-1,-1,-1
107,31,7.02,580.91,55.36,139.77,-1,-1,-1,-1
107,34,354.00,574.31,39.80,130.27,-1,-1,-1,-1
107,39,1458.93,521.32,30.26,62.61,-1,-1,-1,-1
107,44,1495.55,527.46,21.80,57.18,-1,-1,-1,-1
107,45,590.23,520.49,23.12,61.24,-1,-1,-1,-1
107,46,1530.64,521.58,29.39,64.08,-1,-1,-1,-1
107,47,1330.41,530.44,26.41,71.64,-1,-1,-1,-1
108,5,56.50,573.75,67.21,151.54,-1,-1,-1,-1
108,6,121.84,569.75,65.64,162.03,-1,-1,-1,-1
108,7,1729.06,628.92,84.34,217.56,-1,-1,-1,-1
108,10,1674.02,551.65,33.88,105.76,-1,-1,-1,-1
108,11,661.72,526.98,23.00,58.96,-1,-1,-1,-1
108,19,285.08,582.54,49.46,120.88,-1,-1,-1,-1
108,20,387.61,558.80,35.14,110.94,-1,-1,-1,-1
108,24,245.39,589.82,40.89,116.34,-1,-1,-1,-1
108,29,641.03,521.91,17.80,60.63,-1,-1,-1,-1
108,30,210.45,589.17,36.24,100.23,-1,-1,-1,-1
108,31,0.00,578.46,54.19,143.59,-1,-1,-1,-1
108,34,344.82,570.54,41.54,134.01,-1,-1,-1,-1
108,39,1456.89,522.00,28.82,63.24,-1,-1,-1,-1
108,44,1493.26,527.26,20.48,58.84,-1,-1,-1,-1
108,45,585.23,520.68,23.29,59.62,-1,-1,-1,-1
108,46,1526.87,522.55,30.52,61.99,-1,-1,-1,-1
108,52,785.55,487.50,20.40,43.45,-1,-1,-1,-1
109,5,47.13,576.24,67.59,151.13,-1,-1,-1,-1
109,6,113.53,573.01,66.10,159.67,-1,-1,-1,-1
109,7,1731.04,631.17,84.69,217.75,-1,-1,-1,-1
109,10,1670.89,552.38,34.68,105.51,-1,-1,-1,-1
109,11,654.43,527.16,25.44,59.10,-1,-1,-1,-1
109,19,275.66,584.36,49.02,121.90,-1,-1,-1,-1
109,20,380.98,559.28,35.26,111.62,-1,-1,-1,-1
109,24,235.37,590.03,38.29,116.87,-1,-1,-1,-1
109,29,636.71,522.36,17.70,60.82,-1,-1,-1,-1
109,30,201.13,590.06,35.66,100.90,-1,-1,-1,-1
109,31,0.00,579.27,44.52,144.82,-1,-1,-1,-1
109,34,336.65,572.45,41.71,134.15,-1,-1,-1,-1
109,39,1452.08,522.61,30.05,63.86,-1,-1,-1,-1
109,44,1491.75,527.31,18.48,58.78,-1,-1,-1,-1
109,45,580.14,517.44,23.74,63.46,-1,-1,-1,-1
109,46,1523.37,522.62,29.91,61.56,-1,-1,-1,-1
109,52,781.64,488.58,20.14,43.09,-1,-1,-1,-1
109,53,1180.40,508.18,21.98,58.24,-1,-1,-1,-1
110,5,36.77,577.59,67.75,150.55,-1,-1,-1,-1
110,6,104.21,574.56,66.29,157.71,-1,-1,-1,-1
110,7,1731.79,633.35,86.01,219.63,-1,-1,-1,-1
110,10,1669.00,556.15,34.28,103.23,-1,-1,-1,-1
110,11,650.77,527.88,24.31,57.99,-1,-1,-1,-1
110,19,266.01,583.43,50.37,123.40,-1,-1,-1,-1
110,20,374.59,557.90,34.67,112.45,-1,-1,-1,-1
110,24,224.51,589.46,38.32,119.44,-1,-1,-1,-1
110,29,630.35,522.23,19.24,61.47,-1,-1,-1,-1
110,30,191.54,589.96,35.87,101.95,-1,-1,-1,-1
110,31,0.00,578.25,33.83,146.04,-1,-1,-1,-1
110,34,327.52,571.04,40.86,136.66,-1,-1,-1,-1
110,39,1449.52,523.83,33.49,63.67,-1,-1,-1,-1
110,44,1488.45,528.07,18.38,52.50,-1,-1,-1,-1
110,45,575.20,515.83,24.13,65.12,-1,-1,-1,-1
110,46,1519.27,523.22,30.24,61.66,-1,-1,-1,-1
110,52,778.80,486.71,19.25,44.21,-1,-1,-1,-1
110,53,1178.99,512.52,20.43,53.48,-1,-1,-1,-1
111,5,33.31,578.88,60.74,150.79,-1,-1,-1,-1
111,6,94.15,574.20,65.70,160.29,-1,-1,-1,-1
111,7,1733.05,634.47,86.94,221.97,-1,-1,-1,-1
111,10,1664.84,562.45,35.12,97.25,-1,-1,-1,-1
111,11,646.55,528.01,23.11,57.20,-1,-1,-1,-1
111,19,256.52,583.27,49.67,124.87,-1,-1,-1,-1
111,20,364.55,558.28,37.32,113.72,-1,-1,-1,-1
111,24,214.77,589.60,36.64,119.55,-1,-1,-1,-1
111,29,626.03,522.58,19.69,60.66,-1,-1,-1,-1
111,30,182.10,591.17,35.74,101.43,-1,-1,-1,-1
111,31,0.00,579.63,24.73,147.83,-1,-1,-1,-1
111,34,319.20,570.17,41.48,139.70,-1,-1,-1,-1
111,39,1444.65,525.01,29.50,62.10,-1,-1,-1,-1
111,44,1486.60,528.07,16.54,53.84,-1,-1,-1,-1
111,45,570.03,516.78,22.79,63.83,-1,-1,-1,-1
111,46,1514.37,523.29,28.83,61.69,-1,-1,-1,-1
111,52,775.18,486.78,18.41,43.42,-1,-1,-1,-1
111,53,1173.07,508.84,22.12,57.62,-1,-1,-1,-1
112,5,24.54,580.47,58.54,151.62,-1,-1,-1,-1
112,6,84.91,574.18,64.14,162.15,-1,-1,-1,-1
112,7,1734.32,635.74,88.69,224.56,-1,-1,-1,-1
112,10,1661.64,567.51,35.36,93.47,-1,-1,-1,-1
112,11,640.04,528.05,24.70,58.28,-1,-1,-1,-1
112,19,246.53,584.12,49.67,125.69,-1,-1,-1,-1
112,20,355.69,559.72,39.29,113.34,-1,-1,-1,-1
112,24,204.36,589.32,36.29,120.61,-1,-1,-1,-1
112,29,624.30,523.56,17.27,60.35,-1,-1,-1,-1
112,30,171.19,593.12,36.58,102.37,-1,-1,-1,-1
112,31,0.00,588.75,19.49,139.73,-1,-1,-1,-1
112,34,310.53,572.15,39.25,139.23,-1,-1,-1,-1
112,39,1441.93,526.84,24.62,59.87,-1,-1,-1,-1
112,44,1481.19,528.80,17.35,55.81,-1,-1,-1,-1
112,45,564.26,516.32,23.38,65.02,-1,-1,-1,-1
112,46,1510.97,523.47,26.36,62.61,-1,-1,-1,-1
112,52,771.02,486.65,18.24,44.64,-1,-1,-1,-1
112,53,1169.10,509.68,22.65,58.07,-1,-1,-1,-1
113,5,13.88,581.51,59.16,151.76,-1,-1,-1,-1
113,6,75.24,572.16,61.19,164.98,-1,-1,-1,-1
113,7,1735.75,635.37,89.53,228.26,-1,-1,-1,-1
113,10,1658.74,571.13,35.06,90.41,-1,-1,-1,-1
113,11,637.10,527.98,22.79,59.25,-1,-1,-1,-1
113,19,236.43,586.87,48.97,125.30,-1,-1,-1,-1
113,20,347.05,560.58,40.77,114.68,-1,-1,-1,-1
113,24,193.21,590.08,36.60,123.71,-1,-1,-1,-1
113,29,619.99,523.18,16.59,61.00,-1,-1,-1,-1
113,30,161.95,595.21,34.45,103.29,-1,-1,-1,-1
113,31,0.00,570.78,30.41,158.20,-1,-1,-1,-1
113,34,300.98,572.70,38.75,141.17,-1,-1,-1,-1
113,39,1437.54,527.46,22.72,59.17,-1,-1,-1,-1
113,44,1473.15,529.62,21.07,57.56,-1,-1,-1,-1
113,45,559.15,516.24,22.40,65.64,-1,-1,-1,-1
113,46,1506.43,523.76,27.54,63.17,-1,-1,-1,-1
113,52,766.25,485.21,18.83,46.57,-1,-1,-1,-1
113,53,1163.90,509.66,24.18,59.45,-1,-1,-1,-1
114,5,9.86,582.60,52.67,151.97,-1,-1,-1,-1
114,6,64.31,573.75,59.82,165.38,-1,-1,-1,-1
114,7,1737.81,635.61,90.32,229.75,-1,-1,-1,-1
114,11,629.63,526.49,24.95,60.93,-1,-1,-1,-1
114,19,225.85,588.78,49.36,126.09,-1,-1,-1,-1
114,20,339.78,560.93,40.61,115.25,-1,-1,-1,-1
114,24,182.29,591.88,35.69,114.93,-1,-1,-1,-1
114,29,613.84,521.89,17.88,63.70,-1,-1,-1,-1
114,30,152.00,597.59,33.08,102.62,-1,-1,-1,-1
114,31,0.00,570.45,25.58,161.17,-1,-1,-1,-1
114,34,289.75,574.76,38.51,141.21,-1,-1,-1,-1
114,39,1434.80,527.09,20.79,59.50,-1,-1,-1,-1
114,44,1466.36,530.09,23.44,57.73,-1,-1,-1,-1
114,45,553.25,518.20,22.76,64.13,-1,-1,-1,-1
114,46,1502.32,522.82,26.04,64.12,-1,-1,-1,-1
114,52,763.43,486.60,17.23,45.10,-1,-1,-1,-1
114,53,1158.76,507.05,24.12,61.61,-1,-1,-1,-1
115,5,1.40,583.47,53.24,152.92,-1,-1,-1,-1
115,6,53.43,572.91,59.85,166.85,-1,-1,-1,-1
115,7,1738.83,634.96,92.29,231.83,-1,-1,-1,-1
115,11,625.14,526.84,25.17,60.65,-1,-1,-1,-1
115,19,215.27,588.78,50.10,127.90,-1,-1,-1,-1
115,20,333.74,561.69,38.96,115.75,-1,-1,-1,-1
115,24,171.18,592.78,35.71,107.01,-1,-1,-1,-1
115,29,610.07,521.19,16.97,63.68,-1,-1,-1,-1
115,30,142.77,597.90,31.91,103.47,-1,-1,-1,-1
115,31,0.00,579.06,17.76,154.42,-1,-1,-1,-1
115,34,279.44,576.30,38.01,140.92,-1,-1,-1,-1
115,39,1431.35,527.29,21.74,59.77,-1,-1,-1,-1
115,44,1464.23,530.11,22.64,57.52,-1,-1,-1,-1
115,45,547.88,519.15,22.73,64.33,-1,-1,-1,-1
115,46,1498.55,522.99,24.80,64.49,-1,-1,-1,-1
115,52,758.38,488.24,17.37,43.10,-1,-1,-1,-1
115,53,1157.15,510.47,22.55,58.13,-1,-1,-1,-1
116,5,0.00,586.13,45.69,152.00,-1,-1,-1,-1
116,6,43.46,577.76,58.13,164.41,-1,-1,-1,-1
116,7,1740.39,635.91,93.61,233.20,-1,-1,-1,-1
116,11,618.54,527.32,26.01,60.76,-1,-1,-1,-1
116,19,204.60,590.52,50.59,129.22,-1,-1,-1,-1
116,20,324.42,563.57,40.38,115.69,-1,-1,-1,-1
116,24,159.58,596.13,35.76,105.80,-1,-1,-1,-1
116,29,605.65,522.98,16.90,61.79,-1,-1,-1,-1
116,30,132.16,600.11,31.81,103.30,-1,-1,-1,-1
116,34,270.71,578.08,36.79,141.90,-1,-1,-1,-1
116,39,1426.86,527.12,22.70,61.01,-1,-1,-1,-1
116,44,1460.53,530.04,22.39,58.39,-1,-1,-1,-1
116,45,542.10,519.73,23.44,65.12,-1,-1,-1,-1
116,46,1495.55,523.81,23.93,63.69,-1,-1,-1,-1
116,52,755.66,489.76,15.48,42.84,-1,-1,-1,-1
116,53,1152.03,510.05,24.89,59.87,-1,-1,-1,-1
117,5,0.00,586.48,36.72,152.71,-1,-1,-1,-1
117,6,33.07,580.55,58.48,162.73,-1,-1,-1,-1
117,7,1741.40,637.95,94.91,237.12,-1,-1,-1,-1
117,11,611.99,527.32,27.38,60.53,-1,-1,-1,-1
117,19,193.04,589.41,52.39,131.84,-1,-1,-1,-1
117,20,318.13,562.96,38.83,116.85,-1,-1,-1,-1
117,24,147.19,597.08,39.09,117.80,-1,-1,-1,-1
117,29,602.24,523.79,16.56,62.32,-1,-1,-1,-1
117,30,121.88,601.02,30.93,102.00,-1,-1,-1,-1
117,34,260.61,578.55,37.41,143.73,-1,-1,-1,-1
117,39,1422.38,527.71,22.08,60.69,-1,-1,-1,-1
117,44,1454.17,529.40,25.47,59.75,-1,-1,-1,-1
117,45,536.28,520.74,24.65,64.75,-1,-1,-1,-1
117,46,1490.87,523.39,22.96,64.42,-1,-1,-1,-1
117,52,751.42,489.70,15.94,43.44,-1,-1,-1,-1
117,53,1146.77,508.76,23.75,60.61,-1,-1,-1,-1
118,5,0.00,586.96,28.15,153.84,-1,-1,-1,-1
118,6,23.36,580.74,57.55,166.15,-1,-1,-1,-1
118,7,1743.14,639.00,96.42,239.83,-1,-1,-1,-1
118,11,608.03,527.00,25.76,61.91,-1,-1,-1,-1
118,19,182.87,592.95,52.63,130.80,-1,-1,-1,-1
118,20,308.75,563.47,39.92,117.34,-1,-1,-1,-1
118,24,136.07,598.80,39.44,122.32,-1,-1,-1,-1
118,29,597.33,523.52,16.16,59.97,-1,-1,-1,-1
118,30,110.94,601.50,31.51,101.49,-1,-1,-1,-1
118,34,250.40,578.91,39.56,146.37,-1,-1,-1,-1
118,39,1418.15,528.08,22.27,59.91,-1,-1,-1,-1
118,44,1451.88,528.77,21.66,57.44,-1,-1,-1,-1
118,45,530.51,520.72,24.63,65.01,-1,-1,-1,-1
118,46,1486.66,522.49,21.33,64.18,-1,-1,-1,-1
118,52,747.82,489.46,15.48,43.14,-1,-1,-1,-1
118,53,1143.69,507.20,24.94,61.36,-1,-1,-1,-1
119,5,0.00,591.62,23.99,152.81,-1,-1,-1,-1
119,6,14.18,580.36,57.28,169.01,-1,-1,-1,-1
119,7,1745.41,641.35,98.17,241.39,-1,-1,-1,-1
119,11,602.38,526.64,25.67,62.21,-1,-1,-1,-1
119,19,173.02,594.31,52.79,132.04,-1,-1,-1,-1
119,20,299.92,564.08,41.14,118.45,-1,-1,-1,-1
119,24,124.62,599.73,41.27,125.38,-1,-1,-1,-1
119,29,592.14,523.94,16.83,53.84,-1,-1,-1,-1
119,30,100.26,602.78,32.15,103.33,-1,-1,-1,-1
119,34,240.59,580.05,40.21,147.42,-1,-1,-1,-1
119,39,1414.50,527.17,22.52,61.02,-1,-1,-1,-1
119,44,1449.87,527.96,19.49,56.92,-1,-1,-1,-1
119,45,524.78,522.65,24.65,63.86,-1,-1,-1,-1
119,46,1482.35,522.50,21.18,63.97,-1,-1,-1,-1
119,52,743.79,488.52,15.34,44.10,-1,-1,-1,-1
119,53,1139.44,507.20,26.32,61.59,-1,-1,-1,-1
119,59,1749.69,556.96,40.47,116.31,-1,-1,-1,-1
120,6,3.72,570.49,58.82,180.97,-1,-1,-1,-1
120,7,1748.37,643.09,101.22,244.47,-1,-1,-1,-1
120,11,597.96,527.19,24.06,61.99,-1,-1,-1,-1
120,19,162.46,596.61,52.70,133.29,-1,-1,-1,-1
120,20,293.69,565.57,39.16,118.57,-1,-1,-1,-1
120,24,112.65,601.41,42.06,127.94,-1,-1,-1,-1
120,29,586.60,524.17,17.90,59.02,-1,-1,-1,-1
120,30,89.73,603.69,32.15,107.03,-1,-1,-1,-1
120,34,229.75,581.73,41.62,147.48,-1,-1,-1,-1
120,39,1410.82,527.61,21.55,58.85,-1,-1,-1,-1
120,44,1444.43,527.48,19.28,55.31,-1,-1,-1,-1
120,45,519.34,523.99,24.45,62.58,-1,-1,-1,-1
120,46,1476.91,521.80,22.16,64.24,-1,-1,-1,-1
120,52,739.58,490.44,14.69,43.64,-1,-1,-1,-1
120,53,1135.46,506.42,24.70,62.30,-1,-1,-1,-1
120,59,1749.92,555.82,38.32,120.04,-1,-1,-1,-1
121,6,0.00,568.15,53.28,184.26,-1,-1,-1,-1
121,7,1751.33,644.64,102.45,246.74,-1,-1,-1,-1
121,11,588.26,526.94,28.86,62.47,-1,-1,-1,-1
121,19,151.71,597.56,52.94,134.45,-1,-1,-1,-1
121,20,283.85,565.70,40.74,118.49,-1,-1,-1,-1
121,24,103.65,602.49,40.96,129.84,-1,-1,-1,-1
121,30,78.89,603.75,31.97,110.21,-1,-1,-1,-1
121,34,219.39,581.59,43.69,149.59,-1,-1,-1,-1
121,39,1408.60,527.09,19.12,58.99,-1,-1,-1,-1
121,44,1440.78,526.50,19.25,57.33,-1,-1,-1,-1
121,45,513.20,523.78,25.52,62.50,-1,-1,-1,-1
121,46,1473.05,521.29,21.86,64.59,-1,-1,-1,-1
121,52,734.34,489.27,15.72,44.30,-1,-1,-1,-1
121,53,1130.51,505.54,24.82,63.55,-1,-1,-1,-1
121,59,1746.74,554.90,39.29,118.44,-1,-1,-1,-1
122,6,0.00,566.74,45.80,187.58,-1,-1,-1,-1
122,7,1754.67,645.69,102.56,251.44,-1,-1,-1,-1
122,11,583.18,526.16,29.50,63.04,-1,-1,-1,-1
122,19,141.61,602.64,53.73,132.76,-1,-1,-1,-1
122,20,275.06,566.11,41.33,120.33,-1,-1,-1,-1
122,24,91.33,604.49,42.12,131.37,-1,-1,-1,-1
122,30,68.01,605.74,31.67,111.32,-1,-1,-1,-1
122,34,207.72,582.74,46.32,151.29,-1,-1,-1,-1
122,39,1405.28,526.65,18.13,56.22,-1,-1,-1,-1
122,44,1437.58,525.30,17.82,58.36,-1,-1,-1,-1
122,45,507.84,521.59,25.43,65.00,-1,-1,-1,-1
122,46,1467.70,520.19,23.94,65.26,-1,-1,-1,-1
122,52,730.03,488.67,16.23,45.07,-1,-1,-1,-1
122,53,1126.78,505.60,26.73,63.02,-1,-1,-1,-1
122,59,1743.48,554.03,40.24,117.59,-1,-1,-1,-1
123,6,0.00,567.00,37.10,189.03,-1,-1,-1,-1
123,7,1759.19,647.62,101.03,255.81,-1,-1,-1,-1
123,11,575.56,525.61,31.43,62.91,-1,-1,-1,-1
123,19,131.17,603.80,54.03,135.49,-1,-1,-1,-1
123,20,268.64,567.29,40.40,121.09,-1,-1,-1,-1
123,24,80.28,606.61,43.23,132.23,-1,-1,-1,-1
123,30,56.47,608.45,31.39,110.34,-1,-1,-1,-1
123,34,196.84,584.41,48.36,152.28,-1,-1,-1,-1
123,39,1402.31,527.78,21.17,57.08,-1,-1,-1,-1
123,44,1433.54,525.07,17.21,58.08,-1,-1,-1,-1
123,45,502.04,521.31,25.84,66.00,-1,-1,-1,-1
123,46,1463.22,520.14,24.57,65.48,-1,-1,-1,-1
123,53,1123.40,505.01,21.23,64.03,-1,-1,-1,-1
123,59,1741.43,553.21,41.58,118.56,-1,-1,-1,-1
124,6,0.00,578.26,28.06,179.37,-1,-1,-1,-1
124,7,1762.85,649.20,100.10,259.47,-1,-1,-1,-1
124,11,571.87,525.95,30.31,62.35,-1,-1,-1,-1
124,19,120.66,604.25,53.56,138.41,-1,-1,-1,-1
124,20,259.31,568.64,41.47,122.03,-1,-1,-1,-1
124,24,69.67,609.06,41.89,132.31,-1,-1,-1,-1
124,30,45.14,610.84,31.08,111.40,-1,-1,-1,-1
124,34,185.61,587.52,49.58,152.06,-1,-1,-1,-1
124,39,1398.99,528.16,21.51,57.36,-1,-1,-1,-1
124,44,1428.90,525.14,17.60,58.27,-1,-1,-1,-1
124,45,496.46,522.20,25.35,65.62,-1,-1,-1,-1
124,46,1458.55,519.87,25.57,66.16,-1,-1,-1,-1
124,53,1119.26,508.15,19.94,60.77,-1,-1,-1,-1
124,59,1740.20,553.02,42.05,119.41,-1,-1,-1,-1
125,7,1767.58,650.39,101.71,261.66,-1,-1,-1,-1
125,11,565.66,525.95,31.13,63.67,-1,-1,-1,-1
125,19,109.83,606.17,54.02,139.96,-1,-1,-1,-1
125,20,250.76,568.62,41.63,123.14,-1,-1,-1,-1
125,24,58.27,611.17,42.44,131.90,-1,-1,-1,-1
125,30,33.56,613.18,31.37,111.93,-1,-1,-1,-1
125,34,175.05,587.67,49.63,153.69,-1,-1,-1,-1
125,39,1395.15,526.26,22.76,59.10,-1,-1,-1,-1
125,44,1424.71,524.54,17.81,60.27,-1,-1,-1,-1
125,45,490.93,522.29,25.03,65.30,-1,-1,-1,-1
125,46,1452.74,519.73,26.27,66.08,-1,-1,-1,-1
125,53,1115.82,507.86,23.54,61.04,-1,-1,-1,-1
125,59,1735.95,552.16,44.49,120.45,-1,-1,-1,-1
126,7,1772.18,651.94,102.48,264.41,-1,-1,-1,-1
126,11,559.79,525.79,31.17,64.99,-1,-1,-1,-1
126,19,98.29,606.70,54.86,141.50,-1,-1,-1,-1
126,20,242.65,569.55,41.80,124.06,-1,-1,-1,-1
126,24,47.70,613.22,41.02,131.25,-1,-1,-1,-1
126,30,21.94,614.90,32.32,112.59,-1,-1,-1,-1
126,34,164.74,589.39,47.72,155.30,-1,-1,-1,-1
126,39,1392.04,527.70,22.91,57.34,-1,-1,-1,-1
126,44,1420.82,524.52,18.74,60.40,-1,-1,-1,-1
126,45,485.36,521.74,24.83,68.02,-1,-1,-1,-1
126,46,1449.22,519.72,24.65,66.26,-1,-1,-1,-1
126,53,1119.88,510.02,20.82,58.21,-1,-1,-1,-1
126,59,1733.74,552.60,44.42,123.57,-1,-1,-1,-1
127,7,1776.97,654.57,103.93,266.28,-1,-1,-1,-1
127,11,554.34,525.72,31.37,68.52,-1,-1,-1,-1
127,19,86.64,608.65,54.82,140.10,-1,-1,-1,-1
127,20,234.45,571.98,41.32,123.93,-1,-1,-1,-1
127,24,31.10,615.57,46.56,132.42,-1,-1,-1,-1
127,30,9.94,617.50,32.43,110.96,-1,-1,-1,-1
127,34,153.96,591.92,46.13,155.96,-1,-1,-1,-1
127,39,1391.31,527.20,21.86,58.38,-1,-1,-1,-1
127,44,1417.49,525.09,18.84,60.18,-1,-1,-1,-1
127,45,479.97,524.69,23.97,66.17,-1,-1,-1,-1
127,46,1444.76,519.98,25.00,66.95,-1,-1,-1,-1
127,53,1111.10,507.00,20.14,61.55,-1,-1,-1,-1
127,59,1730.95,553.74,45.17,123.72,-1,-1,-1,-1
128,7,1780.87,655.70,106.54,267.80,-1,-1,-1,-1
128,11,549.09,526.50,30.53,69.01,-1,-1,-1,-1
128,19,74.88,609.97,56.02,140.63,-1,-1,-1,-1
128,20,225.60,572.83,41.67,124.78,-1,-1,-1,-1
128,24,21.38,616.29,44.04,134.42,-1,-1,-1,-1
128,30,0.00,618.52,30.96,114.07,-1,-1,-1,-1
128,34,142.30,593.52,43.87,156.58,-1,-1,-1,-1
128,39,1387.81,525.83,26.00,61.60,-1,-1,-1,-1
128,44,1413.47,525.62,18.68,59.63,-1,-1,-1,-1
128,45,474.42,524.92,24.01,66.74,-1,-1,-1,-1
128,46,1439.52,520.47,25.31,66.55,-1,-1,-1,-1
128,53,1106.32,510.06,23.11,59.15,-1,-1,-1,-1
128,59,1729.44,553.37,44.16,124.28,-1,-1,-1,-1
129,7,1786.69,656.85,107.41,271.05,-1,-1,-1,-1
129,11,543.81,526.79,30.70,69.63,-1,-1,-1,-1
129,19,64.24,611.02,55.73,140.76,-1,-1,-1,-1
129,20,219.16,574.29,40.32,125.13,-1,-1,-1,-1
129,24,11.10,617.26,42.60,127.66,-1,-1,-1,-1
129,30,0.00,620.49,20.14,113.24,-1,-1,-1,-1
129,34,130.26,595.81,45.36,157.69,-1,-1,-1,-1
129,39,1383.37,526.75,27.25,61.40,-1,-1,-1,-1
129,44,1408.58,525.93,19.16,59.03,-1,-1,-1,-1
129,45,468.67,526.12,23.64,65.79,-1,-1,-1,-1
129,46,1435.50,520.61,24.52,66.74,-1,-1,-1,-1
129,53,1100.67,506.70,20.44,62.82,-1,-1,-1,-1
129,59,1724.21,553.21,47.05,123.61,-1,-1,-1,-1
130,7,1790.01,658.51,110.64,274.60,-1,-1,-1,-1
130,11,538.93,527.83,30.67,69.95,-1,-1,-1,-1
130,19,52.16,613.19,55.82,142.94,-1,-1,-1,-1
130,20,209.99,575.85,40.74,125.94,-1,-1,-1,-1
130,24,0.08,619.80,41.32,129.68,-1,-1,-1,-1
130,34,119.16,598.90,44.61,157.54,-1,-1,-1,-1
130,39,1379.81,526.41,23.36,62.45,-1,-1,-1,-1
130,44,1405.54,526.37,18.47,60.73,-1,-1,-1,-1
130,45,463.04,527.87,24.51,64.84,-1,-1,-1,-1
130,46,1430.98,520.93,25.17,68.18,-1,-1,-1,-1
130,53,1097.06,505.23,18.34,63.91,-1,-1,-1,-1
130,59,1721.82,553.61,46.98,123.44,-1,-1,-1,-1
131,7,1794.39,661.47,112.78,277.68,-1,-1,-1,-1
131,11,534.51,527.83,30.38,70.63,-1,-1,-1,-1
131,19,40.82,614.87,55.54,143.33,-1,-1,-1,-1
131,20,200.50,575.51,41.76,127.38,-1,-1,-1,-1
131,24,0.00,621.03,30.46,135.42,-1,-1,-1,-1
131,34,107.57,601.09,47.14,158.33,-1,-1,-1,-1
131,39,1375.85,527.33,23.19,62.17,-1,-1,-1,-1
131,44,1401.69,527.05,18.38,59.95,-1,-1,-1,-1
131,45,457.38,528.07,25.10,64.75,-1,-1,-1,-1
131,46,1426.12,521.34,25.22,69.03,-1,-1,-1,-1
131,53,1093.21,510.06,17.74,60.56,-1,-1,-1,-1
131,59,1721.43,554.07,45.02,125.05,-1,-1,-1,-1
131,61,87.08,566.67,33.27,117.22,-1,-1,-1,-1
132,7,1798.46,662.34,116.61,284.40,-1,-1,-1,-1
132,11,529.45,528.19,30.11,70.32,-1,-1,-1,-1
132,19,28.75,617.32,56.14,140.79,-1,-1,-1,-1
132,20,191.92,575.66,41.95,127.92,-1,-1,-1,-1
132,34,96.19,602.75,47.69,160.25,-1,-1,-1,-1
132,39,1372.37,527.57,22.36,62.23,-1,-1,-1,-1
132,44,1397.23,526.75,19.10,60.19,-1,-1,-1,-1
132,45,452.21,528.43,25.48,65.43,-1,-1,-1,-1
132,46,1422.07,520.99,25.89,69.05,-1,-1,-1,-1
132,53,1089.20,506.80,17.51,64.53,-1,-1,-1,-1
132,59,1719.68,553.38,44.71,124.29,-1,-1,-1,-1
132,61,77.50,567.56,32.25,116.82,-1,-1,-1,-1
133,7,1802.56,664.94,117.34,290.81,-1,-1,-1,-1
133,11,524.71,529.04,29.87,70.47,-1,-1,-1,-1
133,19,17.02,619.78,56.20,144.78,-1,-1,-1,-1
133,20,183.05,577.10,42.09,128.45,-1,-1,-1,-1
133,34,84.78,603.92,48.48,164.00,-1,-1,-1,-1
133,39,1368.32,528.02,21.16,62.22,-1,-1,-1,-1
133,44,1393.51,526.11,18.31,60.04,-1,-1,-1,-1
133,45,446.25,528.74,25.38,66.11,-1,-1,-1,-1
133,46,1417.54,521.47,27.02,68.48,-1,-1,-1,-1
133,53,1085.49,505.45,17.35,66.03,-1,-1,-1,-1
133,59,1718.34,557.63,43.82,120.32,-1,-1,-1,-1
133,61,68.29,568.70,31.61,111.61,-1,-1,-1,-1
133,63,0.00,589.19,42.74,162.79,-1,-1,-1,-1
134,7,1806.81,668.49,113.19,294.21,-1,-1,-1,-1
134,11,519.64,530.54,29.14,70.48,-1,-1,-1,-1
134,19,4.61,622.63,57.57,146.25,-1,-1,-1,-1
134,20,174.58,579.89,41.76,127.32,-1,-1,-1,-1
134,34,72.55,606.98,48.79,163.92,-1,-1,-1,-1
134,39,1363.47,528.88,21.11,61.95,-1,-1,-1,-1
134,44,1389.80,526.44,17.92,61.63,-1,-1,-1,-1
134,45,440.04,531.47,25.42,65.44,-1,-1,-1,-1
134,46,1412.69,521.59,27.81,68.95,-1,-1,-1,-1
134,59,1717.01,556.72,42.72,121.44,-1,-1,-1,-1
134,61,59.79,570.67,30.31,79.75,-1,-1,-1,-1
134,63,0.00,589.06,35.30,170.08,-1,-1,-1,-1
135,7,1811.64,671.05,108.36,298.32,-1,-1,-1,-1
135,11,514.53,530.93,28.57,70.47,-1,-1,-1,-1
135,19,0.00,623.60,49.28,147.67,-1,-1,-1,-1
135,20,165.85,581.21,40.71,128.44,-1,-1,-1,-1
135,34,58.04,608.31,49.96,164.63,-1,-1,-1,-1
135,39,1356.35,529.78,23.22,61.55,-1,-1,-1,-1
135,44,1385.22,526.35,18.92,60.59,-1,-1,-1,-1
135,45,433.66,532.70,25.75,64.88,-1,-1,-1,-1
135,46,1407.75,521.72,28.63,68.80,-1,-1,-1,-1
135,59,1711.43,556.13,45.97,120.86,-1,-1,-1,-1
136,7,1815.79,673.27,104.21,301.29,-1,-1,-1,-1
136,11,508.93,529.69,28.73,71.95,-1,-1,-1,-1
136,19,0.00,624.11,36.93,149.61,-1,-1,-1,-1
136,20,156.94,581.73,40.93,128.57,-1,-1,-1,-1
136,34,45.62,610.23,49.25,165.27,-1,-1,-1,-1
136,39,1352.41,530.28,22.87,60.98,-1,-1,-1,-1
136,44,1380.73,525.60,19.14,59.93,-1,-1,-1,-1
136,45,427.82,533.25,25.94,64.60,-1,-1,-1,-1
136,46,1402.94,521.74,29.54,68.14,-1,-1,-1,-1
136,59,1708.92,558.07,46.58,117.78,-1,-1,-1,-1
136,65,1580.58,568.74,40.32,94.81,-1,-1,-1,-1
137,7,1821.40,678.76,98.60,303.67,-1,-1,-1,-1
137,11,504.51,529.37,28.06,72.42,-1,-1,-1,-1
137,19,0.00,626.75,25.56,148.53,-1,-1,-1,-1
137,20,148.16,583.39,41.46,129.16,-1,-1,-1,-1
137,34,31.54,610.02,50.98,167.82,-1,-1,-1,-1
137,39,1348.11,528.74,23.99,62.71,-1,-1,-1,-1
137,44,1377.15,526.38,18.51,60.79,-1,-1,-1,-1
137,45,421.90,533.32,26.25,64.32,-1,-1,-1,-1
137,46,1397.35,522.29,31.27,68.50,-1,-1,-1,-1
137,59,1708.21,560.96,47.15,115.49,-1,-1,-1,-1
137,65,1577.45,567.51,40.95,96.62,-1,-1,-1,-1
138,7,1827.16,684.78,92.84,302.61,-1,-1,-1,-1
138,11,499.65,528.83,28.94,72.74,-1,-1,-1,-1
138,20,139.51,582.86,41.26,130.01,-1,-1,-1,-1
138,34,16.84,609.31,54.64,169.69,-1,-1,-1,-1
138,39,1343.00,527.21,26.50,65.49,-1,-1,-1,-1
138,44,1373.15,525.91,18.35,60.12,-1,-1,-1,-1
138,45,416.20,532.78,26.82,64.91,-1,-1,-1,-1
138,46,1393.25,522.11,30.61,68.26,-1,-1,-1,-1
138,59,1705.91,561.80,48.97,114.35,-1,-1,-1,-1
138,65,1573.83,560.49,41.26,103.26,-1,-1,-1,-1
139,7,1832.52,683.03,87.48,310.23,-1,-1,-1,-1
139,11,494.80,528.26,29.58,73.32,-1,-1,-1,-1
139,20,129.98,573.97,42.49,139.56,-1,-1,-1,-1
139,34,3.73,600.88,54.75,179.01,-1,-1,-1,-1
139,39,1340.91,526.66,25.00,64.84,-1,-1,-1,-1
139,44,1368.94,524.75,18.79,61.19,-1,-1,-1,-1
139,45,410.62,531.73,26.85,65.73,-1,-1,-1,-1
139,46,1389.44,521.38,30.22,68.59,-1,-1,-1,-1
139,59,1704.64,569.53,45.68,106.52,-1,-1,-1,-1
139,65,1570.09,556.12,41.09,107.98,-1,-1,-1,-1
140,7,1837.97,688.40,82.03,308.46,-1,-1,-1,-1
140,11,490.68,528.29,29.23,73.63,-1,-1,-1,-1
140,20,121.79,577.70,42.25,137.54,-1,-1,-1,-1
140,34,0.00,594.82,47.56,189.32,-1,-1,-1,-1
140,39,1338.18,527.30,23.67,62.72,-1,-1,-1,-1
140,44,1365.18,525.20,18.83,60.48,-1,-1,-1,-1
140,45,405.76,531.67,26.41,65.22,-1,-1,-1,-1
140,46,1385.77,520.85,29.91,68.63,-1,-1,-1,-1
140,59,1704.90,573.42,43.02,101.93,-1,-1,-1,-1
140,65,1567.41,552.40,40.39,111.49,-1,-1,-1,-1
140,67,1003.54,504.84,15.21,42.29,-1,-1,-1,-1
141,7,1844.90,689.78,75.10,302.39,-1,-1,-1,-1
141,11,486.28,528.22,29.16,73.94,-1,-1,-1,-1
141,20,113.86,589.16,41.90,127.10,-1,-1,-1,-1
141,34,0.00,589.68,36.84,198.47,-1,-1,-1,-1
141,39,1336.34,528.17,22.64,51.49,-1,-1,-1,-1
141,44,1362.84,524.65,19.19,60.94,-1,-1,-1,-1
141,45,400.88,532.56,27.07,64.97,-1,-1,-1,-1
141,46,1382.14,520.86,30.27,67.96,-1,-1,-1,-1
141,59,1704.48,573.41,42.11,100.82,-1,-1,-1,-1
141,65,1563.82,550.61,37.04,112.60,-1,-1,-1,-1
141,67,1001.43,505.25,14.94,41.37,-1,-1,-1,-1
142,7,1852.44,685.43,67.56,301.84,-1,-1,-1,-1
142,11,482.47,528.84,29.17,73.08,-1,-1,-1,-1
142,20,106.99,603.16,40.53,114.37,-1,-1,-1,-1
142,34,0.00,579.80,30.29,209.80,-1,-1,-1,-1
142,39,1332.85,526.77,22.53,56.14,-1,-1,-1,-1
142,44,1360.61,523.80,18.46,61.21,-1,-1,-1,-1
142,45,395.76,533.42,27.76,64.46,-1,-1,-1,-1
142,46,1380.16,520.48,29.21,67.36,-1,-1,-1,-1
142,59,1703.91,571.25,40.76,101.28,-1,-1,-1,-1
142,65,1561.02,548.62,37.05,113.06,-1,-1,-1,-1
142,67,997.74,503.64,15.88,41.98,-1,-1,-1,-1
143,7,1858.65,700.78,61.35,292.06,-1,-1,-1,-1
143,11,478.70,527.96,28.29,71.95,-1,-1,-1,-1
143,20,97.89,584.10,42.84,132.90,-1,-1,-1,-1
143,39,1330.08,524.90,21.05,59.27,-1,-1,-1,-1
143,44,1358.20,524.15,18.61,62.61,-1,-1,-1,-1
143,45,390.67,531.05,28.09,65.10,-1,-1,-1,-1
143,46,1376.48,520.17,27.82,67.27,-1,-1,-1,-1
143,59,1702.62,571.68,40.09,101.44,-1,-1,-1,-1
143,65,1558.00,548.41,36.81,113.94,-1,-1,-1,-1
143,67,995.01,502.35,16.12,42.92,-1,-1,-1,-1
144,7,1864.30,717.37,55.70,272.44,-1,-1,-1,-1
144,11,473.59,527.96,28.42,72.76,-1,-1,-1,-1
144,20,88.99,582.49,43.18,135.45,-1,-1,-1,-1
144,39,1327.92,525.89,21.65,60.58,-1,-1,-1,-1
144,44,1355.31,525.51,18.97,62.89,-1,-1,-1,-1
144,45,385.83,530.24,27.59,67.04,-1,-1,-1,-1
144,46,1373.62,521.42,25.90,66.76,-1,-1,-1,-1
144,59,1701.24,574.86,38.20,99.94,-1,-1,-1,-1
144,65,1554.17,550.69,37.60,113.26,-1,-1,-1,-1
144,67,991.37,503.49,16.08,42.34,-1,-1,-1,-1
145,7,1870.40,725.45,49.60,253.68,-1,-1,-1,-1
145,11,469.19,528.32,28.07,72.46,-1,-1,-1,-1
145,20,79.61,580.54,42.99,136.97,-1,-1,-1,-1
145,39,1327.60,527.61,21.31,61.41,-1,-1,-1,-1
145,44,1351.73,527.36,19.90,63.08,-1,-1,-1,-1
145,45,380.74,528.68,27.07,67.56,-1,-1,-1,-1
145,46,1370.99,522.63,24.44,67.00,-1,-1,-1,-1
145,59,1697.43,577.17,40.32,100.51,-1,-1,-1,-1
145,65,1549.85,552.17,37.87,114.40,-1,-1,-1,-1
145,67,988.43,505.89,15.40,40.15,-1,-1,-1,-1
146,7,1878.88,739.16,41.12,209.67,-1,-1,-1,-1
146,11,464.99,527.64,27.97,72.77,-1,-1,-1,-1
146,20,70.96,573.19,44.05,144.99,-1,-1,-1,-1
146,39,1323.95,527.72,21.60,62.62,-1,-1,-1,-1
146,44,1349.14,527.22,19.80,62.89,-1,-1,-1,-1
146,45,375.87,527.27,27.33,68.92,-1,-1,-1,-1
146,46,1368.21,522.41,23.52,67.04,-1,-1,-1,-1
146,59,1693.64,578.69,41.95,98.93,-1,-1,-1,-1
146,65,1545.84,553.15,37.84,113.70,-1,-1,-1,-1
146,67,984.77,505.66,15.73,40.93,-1,-1,-1,-1
147,7,1886.78,754.76,33.22,147.73,-1,-1,-1,-1
147,11,459.88,528.71,28.67,72.63,-1,-1,-1,-1
147,20,61.76,577.27,44.27,142.71,-1,-1,-1,-1
147,39,1320.66,529.47,21.85,61.72,-1,-1,-1,-1
147,44,1346.13,527.83,20.37,60.95,-1,-1,-1,-1
147,45,369.85,528.89,27.71,68.12,-1,-1,-1,-1
147,46,1361.69,523.96,26.72,66.73,-1,-1,-1,-1
147,59,1692.93,580.86,39.94,99.96,-1,-1,-1,-1
147,65,1541.39,555.76,38.22,113.32,-1,-1,-1,-1
147,67,981.08,504.75,16.04,43.81,-1,-1,-1,-1
148,7,1895.31,774.32,24.69,112.68,-1,-1,-1,-1
148,11,454.45,528.93,29.10,73.53,-1,-1,-1,-1
148,20,52.51,580.38,45.95,141.82,-1,-1,-1,-1
148,39,1317.41,530.67,21.20,60.53,-1,-1,-1,-1
148,44,1341.97,527.68,19.01,60.28,-1,-1,-1,-1
148,45,364.70,530.62,27.13,67.09,-1,-1,-1,-1
148,46,1357.72,524.78,29.08,66.20,-1,-1,-1,-1
148,59,1689.14,582.31,41.02,99.11,-1,-1,-1,-1
148,65,1531.69,557.13,44.63,112.24,-1,-1,-1,-1
148,67,977.98,505.88,16.22,42.76,-1,-1,-1,-1
149,11,448.93,528.77,28.87,73.92,-1,-1,-1,-1
149,20,42.76,583.48,48.61,141.65,-1,-1,-1,-1
149,39,1313.03,529.89,21.64,61.89,-1,-1,-1,-1
149,44,1338.01,528.36,19.19,59.79,-1,-1,-1,-1
149,45,358.97,531.82,26.79,66.58,-1,-1,-1,-1
149,46,1353.86,525.02,30.24,66.45,-1,-1,-1,-1
149,59,1683.30,578.87,43.80,102.36,-1,-1,-1,-1
149,65,1522.48,557.72,51.12,112.18,-1,-1,-1,-1
149,67,973.89,506.37,16.51,42.90,-1,-1,-1,-1
150,11,444.29,528.48,28.30,74.24,-1,-1,-1,-1
150,20,33.32,584.70,51.86,141.95,-1,-1,-1,-1
150,39,1310.06,531.06,21.20,60.09,-1,-1,-1,-1
150,44,1335.19,526.42,19.87,62.24,-1,-1,-1,-1
150,45,353.44,532.44,26.68,66.04,-1,-1,-1,-1
150,46,1349.61,525.39,30.98,66.11,-1,-1,-1,-1
150,59,1680.76,578.74,43.12,100.98,-1,-1,-1,-1
150,65,1516.09,558.27,54.22,111.80,-1,-1,-1,-1
150,67,969.93,503.65,17.43,46.10,-1,-1,-1,-1
151,11,440.07,530.79,26.37,73.57,-1,-1,-1,-1
151,20,23.07,586.84,51.60,143.49,-1,-1,-1,-1
151,39,1306.82,534.78,18.84,55.57,-1,-1,-1,-1
151,44,1330.11,525.58,21.40,62.11,-1,-1,-1,-1
151,45,347.19,533.97,26.60,66.43,-1,-1,-1,-1
151,46,1344.50,525.14,31.01,66.31,-1,-1,-1,-1
151,59,1680.68,575.92,39.52,103.64,-1,-1,-1,-1
151,65,1509.21,558.36,56.53,111.87,-1,-1,-1,-1
151,67,966.34,506.53,16.76,43.06,-1,-1,-1,-1
152,11,433.73,531.83,26.97,74.78,-1,-1,-1,-1
152,20,13.39,590.02,52.64,142.67,-1,-1,-1,-1
152,39,1302.28,531.76,19.25,60.44,-1,-1,-1,-1
152,44,1325.78,526.05,20.97,61.45,-1,-1,-1,-1
152,45,341.88,535.84,25.77,66.37,-1,-1,-1,-1
152,46,1333.41,524.57,36.84,67.29,-1,-1,-1,-1
152,59,1677.59,577.98,39.06,100.36,-1,-1,-1,-1
152,65,1505.85,557.89,55.69,112.28,-1,-1,-1,-1
152,67,962.34,508.22,15.98,41.59,-1,-1,-1,-1
153,11,427.42,532.55,27.53,74.19,-1,-1,-1,-1
153,20,3.82,588.49,47.36,145.76,-1,-1,-1,-1
153,39,1296.74,532.27,18.96,59.68,-1,-1,-1,-1
153,44,1321.45,525.96,18.39,55.09,-1,-1,-1,-1
153,45,335.15,536.35,26.39,66.76,-1,-1,-1,-1
153,46,1326.92,523.84,37.64,67.76,-1,-1,-1,-1
153,59,1674.35,574.64,38.62,102.70,-1,-1,-1,-1
153,65,1500.51,553.92,56.84,115.18,-1,-1,-1,-1
153,67,957.70,505.47,16.71,44.35,-1,-1,-1,-1
154,11,420.43,534.59,27.64,74.06,-1,-1,-1,-1
154,20,0.00,589.43,37.69,146.74,-1,-1,-1,-1
154,44,1317.82,524.52,20.26,60.03,-1,-1,-1,-1
154,45,328.82,538.76,26.07,65.36,-1,-1,-1,-1
154,46,1322.00,523.56,30.96,67.39,-1,-1,-1,-1
154,59,1672.85,568.41,36.82,108.65,-1,-1,-1,-1
154,65,1495.18,552.25,55.63,116.81,-1,-1,-1,-1
154,67,953.49,506.23,16.81,43.54,-1,-1,-1,-1
155,11,413.86,535.31,27.77,73.83,-1,-1,-1,-1
155,20,0.00,587.99,27.53,148.98,-1,-1,-1,-1
155,45,321.75,539.40,26.90,65.81,-1,-1,-1,-1
155,46,1315.71,523.11,30.42,66.61,-1,-1,-1,-1
155,59,1674.75,571.89,29.77,102.56,-1,-1,-1,-1
155,65,1492.63,550.75,49.91,116.93,-1,-1,-1,-1
155,67,948.86,506.63,16.65,42.96,-1,-1,-1,-1
156,11,407.18,536.22,28.30,74.60,-1,-1,-1,-1
156,45,315.14,541.04,26.91,65.59,-1,-1,-1,-1
156,46,1309.76,522.50,31.05,68.83,-1,-1,-1,-1
156,59,1667.49,573.00,33.48,101.10,-1,-1,-1,-1
156,65,1488.73,548.89,45.07,118.40,-1,-1,-1,-1
156,67,944.43,505.77,16.19,43.92,-1,-1,-1,-1
157,11,400.06,536.55,28.96,75.48,-1,-1,-1,-1
157,45,307.57,542.45,27.97,65.97,-1,-1,-1,-1
157,46,1305.09,521.77,28.66,69.54,-1,-1,-1,-1
157,59,1661.02,572.65,36.71,99.58,-1,-1,-1,-1
157,65,1482.72,546.44,42.73,119.60,-1,-1,-1,-1
157,67,940.37,506.06,16.16,43.37,-1,-1,-1,-1
158,11,394.60,538.40,28.32,75.62,-1,-1,-1,-1
158,45,301.21,543.19,28.55,66.91,-1,-1,-1,-1
158,46,1298.07,521.60,29.75,70.19,-1,-1,-1,-1
158,65,1477.56,545.93,41.36,119.13,-1,-1,-1,-1
158,67,935.98,505.86,16.60,44.97,-1,-1,-1,-1
159,11,388.62,540.93,27.84,72.28,-1,-1,-1,-1
159,45,294.95,544.86,28.71,66.83,-1,-1,-1,-1
159,46,1292.88,520.31,30.17,70.71,-1,-1,-1,-1
159,65,1472.38,545.02,40.67,118.29,-1,-1,-1,-1
159,67,932.46,505.93,16.03,43.66,-1,-1,-1,-1
160,11,382.80,542.85,27.70,73.28,-1,-1,-1,-1
160,45,288.90,547.01,28.69,67.50,-1,-1,-1,-1
160,46,1287.39,519.68,27.74,68.03,-1,-1,-1,-1
160,65,1467.28,545.18,40.73,118.01,-1,-1,-1,-1
160,67,928.93,508.67,16.16,40.58,-1,-1,-1,-1
161,11,377.17,543.17,28.31,74.50,-1,-1,-1,-1
161,45,283.73,547.94,27.61,67.81,-1,-1,-1,-1
161,46,1282.47,519.53,29.00,68.93,-1,-1,-1,-1
161,65,1462.71,545.89,41.19,117.23,-1,-1,-1,-1
161,67,925.17,509.74,16.22,39.95,-1,-1,-1,-1
162,11,372.48,544.06,27.62,74.09,-1,-1,-1,-1
162,45,278.69,548.61,27.77,67.29,-1,-1,-1,-1
162,46,1278.34,518.90,32.60,71.21,-1,-1,-1,-1
162,65,1457.62,547.38,42.12,116.34,-1,-1,-1,-1
162,67,922.33,508.60,16.32,41.77,-1,-1,-1,-1
163,11,367.41,545.75,27.90,74.80,-1,-1,-1,-1
163,45,272.55,549.43,27.21,68.47,-1,-1,-1,-1
163,46,1272.80,518.64,33.78,72.48,-1,-1,-1,-1
163,65,1451.90,549.07,43.25,115.32,-1,-1,-1,-1
163,67,918.34,508.44,16.49,42.51,-1,-1,-1,-1
164,11,362.06,545.79,28.68,74.48,-1,-1,-1,-1
164,45,267.34,548.92,27.14,69.12,-1,-1,-1,-1
164,46,1267.62,519.76,35.46,71.38,-1,-1,-1,-1
164,65,1446.78,549.41,44.75,114.77,-1,-1,-1,-1
164,67,915.55,507.03,16.76,43.87,-1,-1,-1,-1
165,11,356.79,546.73,29.16,75.13,-1,-1,-1,-1
165,45,261.25,549.61,26.95,69.81,-1,-1,-1,-1
165,46,1265.67,520.62,30.30,70.19,-1,-1,-1,-1
165,65,1441.57,549.07,45.89,115.06,-1,-1,-1,-1
165,67,911.82,505.71,16.75,45.62,-1,-1,-1,-1
166,11,350.92,547.11,29.73,75.93,-1,-1,-1,-1
166,45,255.94,548.35,27.57,72.87,-1,-1,-1,-1
166,46,1257.25,520.73,30.06,70.14,-1,-1,-1,-1
166,65,1437.44,548.98,44.85,115.38,-1,-1,-1,-1
166,67,908.23,506.84,16.08,44.73,-1,-1,-1,-1
167,11,345.70,547.74,29.48,75.65,-1,-1,-1,-1
167,45,250.31,547.63,27.76,74.08,-1,-1,-1,-1
167,46,1252.71,519.55,31.34,72.55,-1,-1,-1,-1
167,65,1434.23,548.16,42.98,116.78,-1,-1,-1,-1
167,67,905.56,507.10,15.93,44.39,-1,-1,-1,-1
168,11,340.59,547.62,30.70,75.47,-1,-1,-1,-1
168,45,244.95,546.50,27.50,74.52,-1,-1,-1,-1
168,46,1247.17,519.97,31.61,72.83,-1,-1,-1,-1
168,65,1431.43,546.32,40.19,114.18,-1,-1,-1,-1
168,67,903.04,506.87,15.62,43.38,-1,-1,-1,-1
169,11,335.77,547.69,30.89,75.54,-1,-1,-1,-1
169,45,239.89,546.82,28.73,74.19,-1,-1,-1,-1
169,46,1245.20,520.34,28.43,71.89,-1,-1,-1,-1
169,65,1427.97,545.55,38.72,113.50,-1,-1,-1,-1
169,67,899.84,505.56,15.97,44.87,-1,-1,-1,-1
170,11,331.32,546.93,30.06,75.91,-1,-1,-1,-1
170,45,235.00,547.20,28.35,73.60,-1,-1,-1,-1
170,46,1245.32,519.16,24.50,72.69,-1,-1,-1,-1
170,65,1424.24,543.97,37.75,115.14,-1,-1,-1,-1
170,67,897.23,504.10,15.58,46.89,-1,-1,-1,-1
171,11,326.36,546.27,29.98,76.45,-1,-1,-1,-1
171,45,230.31,546.88,28.14,73.47,-1,-1,-1,-1
171,46,1245.19,519.92,21.57,71.69,-1,-1,-1,-1
171,65,1419.08,541.90,38.73,118.14,-1,-1,-1,-1
171,67,894.55,502.78,16.39,48.69,-1,-1,-1,-1
172,11,322.53,546.09,29.47,76.45,-1,-1,-1,-1
172,45,224.91,546.45,29.77,73.11,-1,-1,-1,-1
172,46,1241.41,519.95,22.30,72.39,-1,-1,-1,-1
172,65,1414.65,540.38,39.41,119.21,-1,-1,-1,-1
172,67,892.48,502.72,16.57,48.61,-1,-1,-1,-1
173,11,318.52,545.52,29.85,77.35,-1,-1,-1,-1
173,45,220.44,545.38,27.92,74.41,-1,-1,-1,-1
173,46,1237.64,519.97,23.04,73.10,-1,-1,-1,-1
173,65,1410.04,537.96,40.46,123.10,-1,-1,-1,-1
173,67,891.07,502.74,15.59,48.21,-1,-1,-1,-1
174,11,313.41,545.62,29.96,76.91,-1,-1,-1,-1
174,45,215.12,543.43,28.66,76.26,-1,-1,-1,-1
174,46,1233.86,519.99,23.78,73.80,-1,-1,-1,-1
174,65,1403.62,535.97,44.00,125.49,-1,-1,-1,-1
174,67,887.99,502.41,16.05,48.76,-1,-1,-1,-1
175,11,309.43,545.47,29.82,76.93,-1,-1,-1,-1
175,45,210.69,544.84,28.58,74.90,-1,-1,-1,-1
175,46,1230.08,520.01,24.52,74.50,-1,-1,-1,-1
175,65,1394.83,536.69,49.72,125.59,-1,-1,-1,-1
175,67,885.64,503.34,16.29,48.48,-1,-1,-1,-1
176,11,304.69,545.44,30.98,77.38,-1,-1,-1,-1
176,45,205.17,545.92,28.16,74.03,-1,-1,-1,-1
176,46,1226.31,520.04,25.26,75.20,-1,-1,-1,-1
176,65,1389.91,542.26,51.97,120.55,-1,-1,-1,-1
176,67,882.78,504.39,16.18,47.36,-1,-1,-1,-1
177,11,300.64,544.98,30.09,77.30,-1,-1,-1,-1
177,45,200.63,546.23,28.72,72.87,-1,-1,-1,-1
177,46,1222.53,520.06,26.00,75.91,-1,-1,-1,-1
177,65,1385.10,545.30,53.88,118.29,-1,-1,-1,-1
177,67,880.71,504.86,16.00,46.14,-1,-1,-1,-1
178,11,295.98,545.64,30.44,77.27,-1,-1,-1,-1
178,45,196.11,546.41,28.18,73.84,-1,-1,-1,-1
178,46,1218.76,520.08,26.74,76.61,-1,-1,-1,-1
178,65,1383.42,544.60,53.47,120.41,-1,-1,-1,-1
178,67,878.55,505.51,15.25,43.12,-1,-1,-1,-1
179,11,291.46,544.93,30.52,78.31,-1,-1,-1,-1
179,45,191.14,545.25,29.33,75.25,-1,-1,-1,-1
179,46,1214.98,520.10,27.48,77.31,-1,-1,-1,-1
179,65,1382.17,540.84,53.10,125.38,-1,-1,-1,-1
179,67,875.89,505.13,15.95,45.48,-1,-1,-1,-1
180,11,287.68,546.33,29.54,78.41,-1,-1,-1,-1
180,45,186.28,546.58,29.20,74.87,-1,-1,-1,-1
180,46,1211.20,520.13,28.22,78.02,-1,-1,-1,-1
180,65,1381.74,539.43,50.21,127.72,-1,-1,-1,-1
180,67,873.94,505.13,16.14,46.96,-1,-1,-1,-1
181,11,283.08,547.07,30.33,78.63,-1,-1,-1,-1
181,45,180.85,547.56,29.71,75.01,-1,-1,-1,-1
181,46,1207.43,520.15,28.96,78.72,-1,-1,-1,-1
181,65,1380.85,538.28,46.65,128.99,-1,-1,-1,-1
181,67,871.42,506.60,16.24,46.03,-1,-1,-1,-1
181,75,1173.58,534.51,37.30,101.32,-1,-1,-1,-1
182,11,278.08,547.24,31.25,79.11,-1,-1,-1,-1
182,45,175.80,549.63,29.70,73.49,-1,-1,-1,-1
182,46,1204.72,520.62,28.80,79.53,-1,-1,-1,-1
182,65,1379.25,538.21,44.12,128.83,-1,-1,-1,-1
182,67,869.42,507.14,16.56,45.84,-1,-1,-1,-1
182,75,1174.89,535.73,34.63,100.77,-1,-1,-1,-1
182,76,1611.45,565.76,37.08,109.98,-1,-1,-1,-1
183,11,273.98,548.23,31.21,79.87,-1,-1,-1,-1
183,45,171.50,550.90,30.17,74.10,-1,-1,-1,-1
183,65,1376.79,538.37,42.76,128.83,-1,-1,-1,-1
183,67,868.04,508.05,15.37,45.04,-1,-1,-1,-1
183,75,1173.82,538.15,33.78,98.86,-1,-1,-1,-1
183,76,1610.84,556.97,42.61,119.90,-1,-1,-1,-1
183,78,1023.15,522.23,21.35,57.41,-1,-1,-1,-1
184,11,268.56,548.93,32.65,80.64,-1,-1,-1,-1
184,45,166.56,552.26,30.72,74.93,-1,-1,-1,-1
184,65,1374.10,538.28,41.70,128.57,-1,-1,-1,-1
184,67,864.49,508.06,16.00,45.80,-1,-1,-1,-1
184,75,1172.21,539.83,33.35,97.97,-1,-1,-1,-1
184,76,1610.43,554.10,44.81,123.24,-1,-1,-1,-1
184,78,1020.68,523.38,21.43,56.42,-1,-1,-1,-1
185,11,264.57,550.25,31.89,80.84,-1,-1,-1,-1
185,45,162.07,556.69,30.23,71.61,-1,-1,-1,-1
185,65,1371.22,538.48,42.13,127.77,-1,-1,-1,-1
185,67,861.92,507.29,16.76,46.87,-1,-1,-1,-1
185,75,1170.80,540.32,32.95,98.25,-1,-1,-1,-1
185,76,1610.34,552.22,46.59,125.04,-1,-1,-1,-1
185,78,1016.25,522.76,22.45,57.74,-1,-1,-1,-1
185,80,1036.86,522.67,24.54,56.21,-1,-1,-1,-1
186,11,260.19,549.84,32.73,81.85,-1,-1,-1,-1
186,45,157.28,556.65,30.78,72.72,-1,-1,-1,-1
186,65,1368.56,539.20,41.65,127.47,-1,-1,-1,-1
186,67,860.12,508.54,15.43,46.10,-1,-1,-1,-1
186,75,1171.07,538.09,31.59,100.12,-1,-1,-1,-1
186,76,1610.67,561.49,44.66,116.27,-1,-1,-1,-1
186,78,1013.35,522.52,23.05,58.42,-1,-1,-1,-1
186,80,1033.42,522.51,25.10,57.04,-1,-1,-1,-1
187,11,255.63,551.48,33.47,82.18,-1,-1,-1,-1
187,45,151.93,557.18,30.79,73.85,-1,-1,-1,-1
187,65,1365.47,540.39,43.23,126.89,-1,-1,-1,-1
187,67,858.00,509.93,15.96,44.81,-1,-1,-1,-1
187,75,1173.59,535.90,28.81,101.88,-1,-1,-1,-1
187,76,1611.72,564.73,43.86,112.44,-1,-1,-1,-1
187,78,1011.06,522.87,22.44,58.31,-1,-1,-1,-1
187,80,1030.75,522.25,26.26,57.28,-1,-1,-1,-1
188,11,250.62,552.74,33.54,82.21,-1,-1,-1,-1
188,45,147.62,556.42,30.56,76.35,-1,-1,-1,-1
188,65,1362.56,542.41,45.49,125.68,-1,-1,-1,-1
188,67,856.22,510.58,16.39,45.05,-1,-1,-1,-1
188,75,1171.98,536.24,30.51,102.88,-1,-1,-1,-1
188,76,1609.40,559.31,47.90,118.44,-1,-1,-1,-1
188,78,1009.58,523.43,22.19,57.48,-1,-1,-1,-1
188,80,1027.77,523.68,25.81,55.89,-1,-1,-1,-1
188,82,1085.47,520.05,23.66,60.33,-1,-1,-1,-1
189,11,246.69,554.46,33.53,81.44,-1,-1,-1,-1
189,45,143.56,559.20,31.12,75.01,-1,-1,-1,-1
189,65,1360.07,545.10,46.21,123.12,-1,-1,-1,-1
189,67,854.36,511.71,15.44,43.54,-1,-1,-1,-1
189,75,1170.38,536.58,32.21,103.88,-1,-1,-1,-1
189,76,1610.46,562.48,47.41,114.63,-1,-1,-1,-1
189,78,1006.85,522.51,21.37,57.76,-1,-1,-1,-1
189,80,1026.41,524.63,23.30,55.44,-1,-1,-1,-1
189,82,1083.08,520.74,26.29,60.60,-1,-1,-1,-1
190,11,243.37,554.60,33.76,81.95,-1,-1,-1,-1
190,45,138.22,558.23,31.63,76.74,-1,-1,-1,-1
190,65,1357.72,547.33,43.22,121.18,-1,-1,-1,-1
190,67,852.14,512.03,15.74,43.56,-1,-1,-1,-1
190,75,1168.78,536.92,33.92,104.87,-1,-1,-1,-1
190,76,1610.92,562.29,48.48,114.17,-1,-1,-1,-1
190,78,1003.69,522.42,21.87,58.37,-1,-1,-1,-1
190,80,1024.77,524.64,22.93,55.57,-1,-1,-1,-1
190,82,1080.82,522.03,26.65,59.80,-1,-1,-1,-1
191,11,239.22,557.66,33.97,80.56,-1,-1,-1,-1
191,45,133.61,556.97,31.34,80.22,-1,-1,-1,-1
191,65,1356.05,549.35,43.68,119.82,-1,-1,-1,-1
191,67,850.41,511.27,16.05,44.68,-1,-1,-1,-1
191,75,1167.17,537.26,35.62,105.87,-1,-1,-1,-1
191,76,1611.74,562.39,48.13,114.37,-1,-1,-1,-1
191,78,1000.54,522.32,22.37,58.97,-1,-1,-1,-1
191,80,1022.39,525.19,22.87,55.36,-1,-1,-1,-1
191,82,1077.96,520.44,26.44,61.88,-1,-1,-1,-1
192,11,235.83,558.34,34.06,81.23,-1,-1,-1,-1
192,45,128.78,557.92,31.34,80.78,-1,-1,-1,-1
192,65,1353.98,549.58,43.32,119.94,-1,-1,-1,-1
192,67,848.74,511.29,15.35,45.25,-1,-1,-1,-1
192,75,1165.57,537.60,37.32,106.87,-1,-1,-1,-1
192,76,1610.11,557.98,51.35,118.67,-1,-1,-1,-1
192,78,997.38,522.23,22.88,59.58,-1,-1,-1,-1
192,80,1019.58,524.88,25.49,55.97,-1,-1,-1,-1
192,82,1075.80,519.16,25.99,63.24,-1,-1,-1,-1
193,11,232.17,559.50,34.12,82.18,-1,-1,-1,-1
193,45,124.60,559.13,32.15,80.66,-1,-1,-1,-1
193,65,1352.59,548.82,42.56,121.36,-1,-1,-1,-1
193,67,847.13,511.45,15.52,45.70,-1,-1,-1,-1
193,75,1163.97,537.94,39.03,107.87,-1,-1,-1,-1
193,76,1614.99,555.42,47.71,123.04,-1,-1,-1,-1
193,78,994.22,522.14,23.38,60.19,-1,-1,-1,-1
193,80,1016.74,525.06,24.84,56.77,-1,-1,-1,-1
193,82,1074.02,521.01,25.36,62.20,-1,-1,-1,-1
194,11,226.73,562.48,29.91,81.43,-1,-1,-1,-1
194,45,120.23,562.57,32.43,79.58,-1,-1,-1,-1
194,65,1351.10,547.84,42.40,123.03,-1,-1,-1,-1
194,67,845.74,512.38,15.74,45.76,-1,-1,-1,-1
194,76,1616.46,553.34,47.76,125.69,-1,-1,-1,-1
194,78,991.07,522.04,23.88,60.79,-1,-1,-1,-1
194,80,1013.55,525.48,24.18,56.92,-1,-1,-1,-1
194,82,1071.06,521.31,23.80,61.69,-1,-1,-1,-1
195,11,223.75,562.80,33.01,82.34,-1,-1,-1,-1
195,45,115.91,563.98,32.35,79.15,-1,-1,-1,-1
195,65,1349.71,546.20,41.94,124.36,-1,-1,-1,-1
195,67,843.67,511.07,15.86,46.31,-1,-1,-1,-1
195,76,1617.57,552.54,47.38,127.26,-1,-1,-1,-1
195,78,987.91,521.95,24.38,61.40,-1,-1,-1,-1
195,80,1010.62,525.17,23.65,57.27,-1,-1,-1,-1
195,82,1067.17,520.72,22.32,61.01,-1,-1,-1,-1
196,11,222.42,563.91,31.56,83.16,-1,-1,-1,-1
196,45,111.26,565.78,31.74,79.29,-1,-1,-1,-1
196,65,1348.30,545.28,42.83,124.76,-1,-1,-1,-1
196,67,841.89,511.57,15.51,45.75,-1,-1,-1,-1
196,76,1619.04,552.43,46.56,127.14,-1,-1,-1,-1
196,78,986.33,522.35,24.78,61.91,-1,-1,-1,-1
196,80,1008.41,525.50,23.25,56.67,-1,-1,-1,-1
196,82,1064.31,520.71,20.20,62.20,-1,-1,-1,-1
197,11,216.47,564.06,32.66,83.09,-1,-1,-1,-1
197,45,106.84,567.12,32.05,78.70,-1,-1,-1,-1
197,65,1347.01,544.32,43.60,125.42,-1,-1,-1,-1
197,67,839.95,511.37,15.61,46.57,-1,-1,-1,-1
197,76,1620.77,552.41,45.49,127.49,-1,-1,-1,-1
197,78,984.55,521.75,24.43,62.85,-1,-1,-1,-1
197,80,1006.43,525.69,22.57,56.90,-1,-1,-1,-1
197,82,1061.59,520.87,18.80,62.88,-1,-1,-1,-1
198,11,213.21,564.86,33.52,83.66,-1,-1,-1,-1
198,45,102.09,564.95,33.00,81.57,-1,-1,-1,-1
198,65,1346.40,544.02,43.27,125.73,-1,-1,-1,-1
198,67,838.94,511.20,15.26,47.44,-1,-1,-1,-1
198,76,1621.46,552.31,46.12,127.41,-1,-1,-1,-1
198,78,984.00,522.42,23.46,62.29,-1,-1,-1,-1
198,80,1004.66,525.71,21.56,57.35,-1,-1,-1,-1
198,82,1058.11,519.20,20.05,65.88,-1,-1,-1,-1
199,11,209.59,565.54,33.36,84.16,-1,-1,-1,-1
199,45,97.09,564.47,33.66,82.78,-1,-1,-1,-1
199,65,1345.34,543.64,42.84,125.93,-1,-1,-1,-1
199,67,837.88,510.81,14.60,49.42,-1,-1,-1,-1
199,76,1622.24,551.42,46.95,128.38,-1,-1,-1,-1
199,78,982.86,523.75,22.02,61.30,-1,-1,-1,-1
199,80,1002.33,525.16,21.15,58.39,-1,-1,-1,-1
199,82,1055.18,520.34,20.12,65.28,-1,-1,-1,-1
200,11,204.33,566.61,35.68,84.12,-1,-1,-1,-1
200,45,92.50,566.59,34.51,81.98,-1,-1,-1,-1
200,65,1343.98,543.41,43.18,126.68,-1,-1,-1,-1
200,67,836.57,510.40,14.62,50.80,-1,-1,-1,-1
200,76,1623.48,550.12,47.78,128.31,-1,-1,-1,-1
200,78,979.37,522.16,21.27,62.04,-1,-1,-1,-1
200,80,1000.77,526.28,20.80,57.51,-1,-1,-1,-1
200,82,1051.25,520.73,22.62,64.67,-1,-1,-1,-1
201,11,200.23,567.45,36.53,84.71,-1,-1,-1,-1
201,45,87.06,565.81,37.88,83.48,-1,-1,-1,-1
201,65,1342.22,544.47,43.92,125.64,-1,-1,-1,-1
201,67,835.83,510.68,14.49,51.33,-1,-1,-1,-1
201,76,1626.56,547.90,46.78,129.25,-1,-1,-1,-1
201,78,977.10,522.18,19.80,61.57,-1,-1,-1,-1
201,80,998.41,527.47,21.03,56.58,-1,-1,-1,-1
201,82,1046.85,522.01,25.99,63.89,-1,-1,-1,-1
202,11,195.66,568.20,35.62,85.08,-1,-1,-1,-1
202,45,82.72,568.17,37.82,82.18,-1,-1,-1,-1
202,65,1340.54,546.14,44.72,125.11,-1,-1,-1,-1
202,67,834.62,511.80,14.65,51.31,-1,-1,-1,-1
202,76,1627.79,547.33,47.62,129.96,-1,-1,-1,-1
202,78,974.40,523.46,20.18,60.12,-1,-1,-1,-1
202,80,996.64,528.45,21.44,56.41,-1,-1,-1,-1
202,82,1045.57,523.38,26.01,62.83,-1,-1,-1,-1
203,11,191.07,568.83,33.97,86.56,-1,-1,-1,-1
203,45,77.93,568.50,38.19,83.74,-1,-1,-1,-1
203,65,1338.43,547.56,45.81,124.76,-1,-1,-1,-1
203,67,833.88,512.60,14.24,50.64,-1,-1,-1,-1
203,76,1629.23,546.79,47.86,131.46,-1,-1,-1,-1
203,78,972.92,523.91,20.50,60.58,-1,-1,-1,-1
203,80,993.05,530.11,22.88,54.42,-1,-1,-1,-1
203,82,1044.31,525.39,24.59,61.08,-1,-1,-1,-1
204,11,186.60,569.74,35.33,87.42,-1,-1,-1,-1
204,45,73.15,568.30,40.09,85.80,-1,-1,-1,-1
204,65,1337.35,548.18,45.36,124.58,-1,-1,-1,-1
204,67,832.89,512.26,15.15,51.45,-1,-1,-1,-1
204,76,1631.60,546.82,47.41,130.84,-1,-1,-1,-1
204,78,971.64,524.04,20.48,60.32,-1,-1,-1,-1
204,80,991.06,528.01,23.81,57.22,-1,-1,-1,-1
204,82,1042.57,522.77,23.70,64.19,-1,-1,-1,-1
205,11,185.64,570.26,34.92,87.79,-1,-1,-1,-1
205,45,68.08,571.95,39.49,83.96,-1,-1,-1,-1
205,65,1336.92,548.43,44.89,124.97,-1,-1,-1,-1
205,67,831.51,512.64,14.36,49.03,-1,-1,-1,-1
205,76,1635.17,547.32,45.80,129.49,-1,-1,-1,-1
205,78,970.87,522.96,19.61,61.57,-1,-1,-1,-1
205,80,989.15,525.76,24.67,59.87,-1,-1,-1,-1
205,82,1040.42,522.00,23.36,65.34,-1,-1,-1,-1
206,11,179.49,572.60,29.66,86.19,-1,-1,-1,-1
206,45,63.79,574.87,38.82,81.76,-1,-1,-1,-1
206,65,1336.11,549.33,44.50,124.62,-1,-1,-1,-1
206,67,830.30,513.96,13.08,44.56,-1,-1,-1,-1
206,76,1638.47,548.36,45.48,129.78,-1,-1,-1,-1
206,78,970.01,523.80,19.28,61.48,-1,-1,-1,-1
206,80,986.92,526.10,25.27,59.69,-1,-1,-1,-1
206,82,1038.06,523.74,25.55,64.16,-1,-1,-1,-1
207,11,174.80,573.36,31.55,87.11,-1,-1,-1,-1
207,45,56.84,576.06,34.32,81.76,-1,-1,-1,-1
207,65,1335.18,550.33,43.50,124.89,-1,-1,-1,-1
207,67,828.74,513.27,13.75,47.10,-1,-1,-1,-1
207,76,1641.27,550.12,45.58,129.09,-1,-1,-1,-1
207,78,967.43,523.89,19.95,63.45,-1,-1,-1,-1
207,80,986.15,527.98,23.41,58.99,-1,-1,-1,-1
207,82,1037.17,526.71,25.32,62.33,-1,-1,-1,-1
207,85,190.56,571.91,28.95,87.06,-1,-1,-1,-1
208,11,170.49,574.59,29.50,87.26,-1,-1,-1,-1
208,45,50.50,576.80,36.35,81.75,-1,-1,-1,-1
208,65,1333.77,548.41,43.37,127.86,-1,-1,-1,-1
208,67,827.32,515.10,14.16,48.13,-1,-1,-1,-1
208,76,1644.30,552.16,44.84,128.67,-1,-1,-1,-1
208,78,965.99,525.58,19.14,62.96,-1,-1,-1,-1
208,80,984.37,529.32,24.25,58.60,-1,-1,-1,-1
208,82,1033.65,525.35,23.92,64.45,-1,-1,-1,-1
208,85,187.02,573.29,28.85,86.44,-1,-1,-1,-1
209,11,166.67,573.97,32.61,87.87,-1,-1,-1,-1
209,45,44.94,577.87,41.17,81.41,-1,-1,-1,-1
209,65,1332.75,546.17,43.82,130.79,-1,-1,-1,-1
209,67,826.08,515.86,15.01,49.35,-1,-1,-1,-1
209,76,1648.64,553.09,45.39,129.53,-1,-1,-1,-1
209,78,964.35,526.45,19.27,62.55,-1,-1,-1,-1
209,80,982.69,530.60,23.72,58.37,-1,-1,-1,-1
209,82,1030.58,523.18,23.26,68.01,-1,-1,-1,-1
209,85,178.77,573.79,33.92,85.77,-1,-1,-1,-1
210,11,163.72,575.28,35.07,87.85,-1,-1,-1,-1
210,45,40.75,580.00,38.59,80.26,-1,-1,-1,-1
210,65,1331.98,543.74,44.24,133.66,-1,-1,-1,-1
210,67,825.01,516.29,15.55,50.39,-1,-1,-1,-1
210,76,1652.29,553.45,45.26,130.55,-1,-1,-1,-1
210,78,962.38,527.41,20.35,62.41,-1,-1,-1,-1
210,80,979.59,531.03,24.56,58.77,-1,-1,-1,-1
210,82,1028.50,523.49,21.90,68.87,-1,-1,-1,-1
210,85,179.39,576.14,29.82,73.46,-1,-1,-1,-1
210,87,881.64,518.39,19.95,72.62,-1,-1,-1,-1
211,11,159.37,576.85,28.61,86.99,-1,-1,-1,-1
211,45,36.14,581.76,34.54,79.31,-1,-1,-1,-1
211,65,1331.03,543.31,44.83,136.43,-1,-1,-1,-1
211,67,824.40,519.10,15.33,49.70,-1,-1,-1,-1
211,76,1654.77,554.31,48.16,132.08,-1,-1,-1,-1
211,78,960.91,529.47,19.85,59.52,-1,-1,-1,-1
211,80,978.51,532.22,24.30,58.88,-1,-1,-1,-1
211,82,1025.35,524.02,22.75,69.48,-1,-1,-1,-1
211,85,165.15,576.95,36.50,84.03,-1,-1,-1,-1
211,87,879.84,520.26,19.81,71.96,-1,-1,-1,-1
211,88,1090.57,546.92,27.21,69.66,-1,-1,-1,-1
212,11,156.27,577.67,26.84,86.94,-1,-1,-1,-1
212,45,31.95,583.11,32.29,79.03,-1,-1,-1,-1
212,65,1330.70,543.40,45.31,137.50,-1,-1,-1,-1
212,67,824.05,520.61,15.07,48.73,-1,-1,-1,-1
212,76,1658.69,555.19,49.61,131.11,-1,-1,-1,-1
212,78,959.95,530.25,20.70,60.94,-1,-1,-1,-1
212,80,978.47,532.17,23.86,59.76,-1,-1,-1,-1
212,82,1022.33,524.31,23.91,69.83,-1,-1,-1,-1
212,85,163.80,577.62,35.56,86.43,-1,-1,-1,-1
212,87,878.48,517.70,20.56,75.42,-1,-1,-1,-1
212,88,1089.04,547.23,27.54,69.85,-1,-1,-1,-1
213,11,152.85,578.83,26.94,88.05,-1,-1,-1,-1
213,45,29.31,584.87,31.46,78.10,-1,-1,-1,-1
213,65,1330.56,544.74,45.90,137.54,-1,-1,-1,-1
213,67,823.45,521.39,14.22,46.36,-1,-1,-1,-1
213,76,1660.36,556.02,53.34,131.83,-1,-1,-1,-1
213,78,958.80,531.09,21.46,62.86,-1,-1,-1,-1
213,80,978.66,533.59,23.24,60.41,-1,-1,-1,-1
213,82,1020.26,526.29,24.15,69.03,-1,-1,-1,-1
213,85,164.80,578.54,31.41,87.39,-1,-1,-1,-1
213,87,877.63,516.54,21.26,77.59,-1,-1,-1,-1
213,88,1086.30,548.08,30.67,71.40,-1,-1,-1,-1
214,11,149.54,581.14,29.65,89.02,-1,-1,-1,-1
214,45,26.18,585.89,32.13,80.11,-1,-1,-1,-1
214,65,1330.93,545.43,46.14,138.01,-1,-1,-1,-1
214,67,823.13,521.78,14.03,46.00,-1,-1,-1,-1
214,76,1663.37,554.52,55.42,133.92,-1,-1,-1,-1
214,78,958.72,532.38,21.55,62.77,-1,-1,-1,-1
214,80,978.60,534.21,23.48,60.86,-1,-1,-1,-1
214,82,1019.10,527.56,23.17,69.20,-1,-1,-1,-1
214,85,162.50,580.52,30.40,88.49,-1,-1,-1,-1
214,87,876.99,517.52,20.55,77.44,-1,-1,-1,-1
214,88,1080.17,546.98,34.31,73.31,-1,-1,-1,-1
215,11,146.89,579.02,29.48,89.53,-1,-1,-1,-1
215,45,25.28,584.29,28.84,79.53,-1,-1,-1,-1
215,65,1331.64,546.54,46.38,138.32,-1,-1,-1,-1
215,67,823.23,522.14,15.00,47.48,-1,-1,-1,-1
215,76,1666.97,552.76,57.44,137.51,-1,-1,-1,-1
215,78,958.71,533.15,21.61,62.61,-1,-1,-1,-1
215,80,978.62,533.94,22.50,61.62,-1,-1,-1,-1
215,82,1017.93,528.54,23.73,67.95,-1,-1,-1,-1
215,85,161.73,578.95,31.22,88.32,-1,-1,-1,-1
215,87,876.54,517.65,20.24,77.12,-1,-1,-1,-1
215,88,1077.65,546.17,36.46,74.69,-1,-1,-1,-1
216,11,145.19,579.85,26.53,89.80,-1,-1,-1,-1
216,45,24.55,587.04,30.12,80.03,-1,-1,-1,-1
216,65,1332.36,548.89,47.05,137.84,-1,-1,-1,-1
216,67,822.85,522.67,14.64,48.62,-1,-1,-1,-1
216,76,1676.03,553.27,53.75,137.35,-1,-1,-1,-1
216,78,958.36,533.17,22.01,63.62,-1,-1,-1,-1
216,80,978.24,533.93,22.22,62.12,-1,-1,-1,-1
216,82,1016.79,530.23,25.39,67.58,-1,-1,-1,-1
216,85,158.95,579.27,31.01,89.04,-1,-1,-1,-1
216,87,875.98,517.11,20.44,78.00,-1,-1,-1,-1
216,88,1077.21,546.57,35.00,74.25,-1,-1,-1,-1
217,11,143.61,579.91,26.52,90.43,-1,-1,-1,-1
217,45,22.07,587.28,28.97,80.75,-1,-1,-1,-1
217,65,1333.82,550.78,47.25,136.83,-1,-1,-1,-1
217,67,822.92,523.33,14.50,48.66,-1,-1,-1,-1
217,76,1683.78,553.92,52.01,136.80,-1,-1,-1,-1
217,78,959.02,532.92,22.09,63.46,-1,-1,-1,-1
217,80,978.89,533.17,20.99,62.09,-1,-1,-1,-1
217,82,1015.42,530.03,26.76,68.03,-1,-1,-1,-1
217,85,156.95,579.26,31.66,89.03,-1,-1,-1,-1
217,87,875.55,516.41,19.87,78.48,-1,-1,-1,-1
217,88,1076.56,547.17,32.05,72.25,-1,-1,-1,-1
218,11,141.18,578.85,30.60,91.76,-1,-1,-1,-1
218,45,17.38,586.69,28.57,79.95,-1,-1,-1,-1
218,65,1335.60,553.80,47.25,134.40,-1,-1,-1,-1
218,67,823.15,521.85,17.12,50.63,-1,-1,-1,-1
218,76,1690.35,553.63,51.52,138.02,-1,-1,-1,-1
218,78,958.80,531.67,22.42,64.21,-1,-1,-1,-1
218,80,979.48,531.97,20.26,62.40,-1,-1,-1,-1
218,82,1014.37,531.39,27.17,66.69,-1,-1,-1,-1
218,85,153.60,578.77,32.26,90.05,-1,-1,-1,-1
218,87,875.35,516.65,19.31,77.68,-1,-1,-1,-1
218,88,1073.77,546.54,30.61,74.41,-1,-1,-1,-1
218,90,0.07,583.36,21.37,76.31,-1,-1,-1,-1
219,11,139.92,578.55,32.50,92.75,-1,-1,-1,-1
219,45,15.49,584.87,29.35,83.21,-1,-1,-1,-1
219,65,1337.16,555.41,46.87,132.40,-1,-1,-1,-1
219,67,823.35,521.11,18.08,51.78,-1,-1,-1,-1
219,76,1697.14,555.78,50.45,136.83,-1,-1,-1,-1
219,78,959.08,530.70,23.18,64.56,-1,-1,-1,-1
219,80,980.52,531.83,19.16,62.28,-1,-1,-1,-1
219,82,1014.45,532.54,25.49,65.34,-1,-1,-1,-1
219,85,150.51,578.69,32.51,90.97,-1,-1,-1,-1
219,87,875.47,516.91,19.09,77.23,-1,-1,-1,-1
219,88,1071.52,546.54,29.39,73.75,-1,-1,-1,-1
219,90,0.00,583.47,18.43,76.66,-1,-1,-1,-1
220,11,138.15,580.25,35.36,92.12,-1,-1,-1,-1
220,45,15.28,583.35,34.09,86.53,-1,-1,-1,-1
220,65,1339.17,554.16,46.82,133.14,-1,-1,-1,-1
220,67,823.57,523.50,18.84,49.51,-1,-1,-1,-1
220,76,1701.90,555.63,51.86,136.46,-1,-1,-1,-1
220,78,959.32,530.79,24.13,64.56,-1,-1,-1,-1
220,80,981.42,532.18,18.18,62.07,-1,-1,-1,-1
220,82,1013.75,532.30,25.00,65.14,-1,-1,-1,-1
220,85,147.61,580.90,31.36,90.25,-1,-1,-1,-1
220,87,875.69,516.13,18.92,78.29,-1,-1,-1,-1
220,88,1069.83,545.21,27.31,73.65,-1,-1,-1,-1
220,90,0.00,586.19,13.82,78.36,-1,-1,-1,-1
221,11,134.00,581.59,30.48,90.66,-1,-1,-1,-1
221,45,19.32,579.22,32.53,91.47,-1,-1,-1,-1
221,65,1341.68,552.14,47.30,135.68,-1,-1,-1,-1
221,67,823.18,522.22,19.09,50.56,-1,-1,-1,-1
221,76,1708.88,559.48,50.54,133.83,-1,-1,-1,-1
221,78,960.67,529.47,22.32,64.87,-1,-1,-1,-1
221,80,981.27,532.19,19.02,61.95,-1,-1,-1,-1
221,82,1013.04,532.06,24.51,64.94,-1,-1,-1,-1
221,85,141.57,580.60,33.24,91.24,-1,-1,-1,-1
221,87,876.03,515.34,18.39,79.13,-1,-1,-1,-1
221,88,1067.40,543.43,28.20,77.61,-1,-1,-1,-1
221,90,0.00,592.18,12.18,71.66,-1,-1,-1,-1
222,11,131.07,582.15,28.73,90.24,-1,-1,-1,-1
222,45,9.62,585.09,30.87,85.30,-1,-1,-1,-1
222,65,1344.39,550.29,46.44,136.16,-1,-1,-1,-1
222,67,822.41,520.61,19.20,51.40,-1,-1,-1,-1
222,76,1712.66,555.95,53.93,135.11,-1,-1,-1,-1
222,78,961.42,528.16,21.09,65.89,-1,-1,-1,-1
222,80,981.15,530.17,19.60,63.36,-1,-1,-1,-1
222,82,1012.33,531.82,24.03,64.74,-1,-1,-1,-1
222,85,141.63,580.14,31.54,92.30,-1,-1,-1,-1
222,87,876.30,512.63,18.11,81.29,-1,-1,-1,-1
222,88,1065.76,541.61,28.84,80.55,-1,-1,-1,-1
222,90,0.00,600.17,10.88,65.29,-1,-1,-1,-1
223,11,128.88,582.05,28.74,90.78,-1,-1,-1,-1
223,45,4.75,585.76,28.98,85.25,-1,-1,-1,-1
223,65,1346.27,549.44,46.62,136.99,-1,-1,-1,-1
223,67,822.54,521.06,19.11,50.94,-1,-1,-1,-1
223,76,1718.25,557.77,53.86,131.52,-1,-1,-1,-1
223,78,961.91,527.41,20.45,66.21,-1,-1,-1,-1
223,80,980.38,529.30,21.15,64.59,-1,-1,-1,-1
223,82,1011.95,530.05,23.61,67.13,-1,-1,-1,-1
223,85,139.70,580.32,30.71,92.60,-1,-1,-1,-1
223,87,876.62,512.16,17.73,82.04,-1,-1,-1,-1
223,88,1065.11,541.06,28.61,82.15,-1,-1,-1,-1
224,11,127.48,583.19,27.06,88.25,-1,-1,-1,-1
224,45,2.77,586.14,32.77,87.58,-1,-1,-1,-1
224,65,1348.05,547.17,48.12,139.04,-1,-1,-1,-1
224,67,822.93,521.36,17.96,50.04,-1,-1,-1,-1
224,76,1725.97,552.89,52.56,136.20,-1,-1,-1,-1
224,78,962.19,527.94,20.78,65.81,-1,-1,-1,-1
224,80,980.73,529.41,21.52,64.66,-1,-1,-1,-1
224,82,1011.99,527.40,23.32,70.13,-1,-1,-1,-1
224,85,138.07,581.10,33.80,93.17,-1,-1,-1,-1
224,88,1062.65,542.33,30.46,81.19,-1,-1,-1,-1
225,11,125.00,583.27,29.26,91.03,-1,-1,-1,-1
225,45,0.25,586.74,35.49,87.81,-1,-1,-1,-1
225,65,1349.85,548.51,47.75,137.93,-1,-1,-1,-1
225,67,823.86,521.74,16.45,49.36,-1,-1,-1,-1
225,76,1733.46,548.10,51.37,139.59,-1,-1,-1,-1
225,78,962.40,529.79,20.53,65.42,-1,-1,-1,-1
225,80,980.77,530.01,22.02,64.38,-1,-1,-1,-1
225,82,1011.38,528.59,23.31,69.17,-1,-1,-1,-1
225,85,135.40,581.74,34.30,93.20,-1,-1,-1,-1
225,88,1058.91,543.28,34.29,81.24,-1,-1,-1,-1
226,11,123.07,586.05,31.08,92.72,-1,-1,-1,-1
226,45,0.00,588.75,30.31,88.90,-1,-1,-1,-1
226,65,1351.72,547.35,48.02,139.13,-1,-1,-1,-1
226,67,824.64,522.07,15.41,48.96,-1,-1,-1,-1
226,76,1741.33,546.24,50.26,140.26,-1,-1,-1,-1
226,78,962.79,526.60,21.63,69.78,-1,-1,-1,-1
226,80,980.75,529.17,22.63,67.11,-1,-1,-1,-1
226,82,1010.96,528.18,23.78,70.53,-1,-1,-1,-1
226,85,132.92,584.29,35.00,94.09,-1,-1,-1,-1
226,88,1056.60,544.48,36.83,81.28,-1,-1,-1,-1
227,11,122.49,586.80,30.01,95.00,-1,-1,-1,-1
227,45,0.00,588.84,28.70,90.02,-1,-1,-1,-1
227,65,1354.12,549.30,47.10,137.77,-1,-1,-1,-1
227,67,825.32,522.01,14.66,47.44,-1,-1,-1,-1
227,76,1748.65,546.01,50.48,141.48,-1,-1,-1,-1
227,78,963.49,526.30,21.49,71.58,-1,-1,-1,-1
227,80,980.88,530.37,23.07,67.16,-1,-1,-1,-1
227,82,1011.59,528.76,23.84,70.44,-1,-1,-1,-1
227,85,129.39,585.48,36.20,95.40,-1,-1,-1,-1
227,88,1055.90,545.29,38.15,81.79,-1,-1,-1,-1
228,11,120.58,587.28,33.27,97.38,-1,-1,-1,-1
228,45,0.00,587.68,29.28,93.46,-1,-1,-1,-1
228,65,1356.73,549.88,46.49,138.57,-1,-1,-1,-1
228,67,825.77,522.31,14.49,46.27,-1,-1,-1,-1
228,76,1756.69,545.21,50.06,143.31,-1,-1,-1,-1
228,78,963.48,526.95,21.95,71.79,-1,-1,-1,-1
228,80,980.61,531.22,23.56,66.55,-1,-1,-1,-1
228,82,1012.52,530.85,24.28,68.32,-1,-1,-1,-1
228,85,125.60,587.08,39.19,96.53,-1,-1,-1,-1
228,88,1057.44,545.44,37.90,82.40,-1,-1,-1,-1
228,92,1122.77,530.74,33.78,94.11,-1,-1,-1,-1
229,11,119.51,588.09,35.31,96.83,-1,-1,-1,-1
229,45,0.00,588.23,27.63,94.11,-1,-1,-1,-1
229,65,1359.12,551.35,46.76,138.25,-1,-1,-1,-1
229,67,826.34,521.94,14.80,45.48,-1,-1,-1,-1
229,76,1763.61,545.42,50.13,141.95,-1,-1,-1,-1
229,78,965.46,523.68,22.10,75.29,-1,-1,-1,-1
229,80,978.93,530.90,24.86,66.94,-1,-1,-1,-1
229,82,1012.32,533.81,25.89,65.54,-1,-1,-1,-1
229,85,121.86,587.37,39.98,96.88,-1,-1,-1,-1
229,88,1059.16,546.21,37.73,81.94,-1,-1,-1,-1
229,92,1126.11,529.97,31.75,95.74,-1,-1,-1,-1
230,11,117.63,589.55,36.18,96.57,-1,-1,-1,-1
230,45,0.00,590.02,26.44,93.59,-1,-1,-1,-1
230,65,1361.18,552.82,47.61,137.06,-1,-1,-1,-1
230,67,827.23,521.19,16.61,47.09,-1,-1,-1,-1
230,76,1772.47,546.18,49.64,139.93,-1,-1,-1,-1
230,78,967.92,525.62,21.23,73.42,-1,-1,-1,-1
230,80,976.72,531.70,27.12,65.93,-1,-1,-1,-1
230,82,1010.58,534.35,28.90,65.02,-1,-1,-1,-1
230,85,118.13,587.65,40.78,97.23,-1,-1,-1,-1
230,88,1060.84,546.80,36.04,81.23,-1,-1,-1,-1
230,92,1128.28,531.00,29.90,94.64,-1,-1,-1,-1
230,94,1212.35,563.65,51.38,115.20,-1,-1,-1,-1
231,11,116.89,589.35,36.10,96.80,-1,-1,-1,-1
231,45,0.00,589.40,24.75,93.56,-1,-1,-1,-1
231,65,1362.54,554.77,48.11,136.29,-1,-1,-1,-1
231,67,828.13,520.12,17.40,49.22,-1,-1,-1,-1
231,76,1780.79,550.14,50.33,136.17,-1,-1,-1,-1
231,78,969.56,528.35,23.82,71.39,-1,-1,-1,-1
231,80,974.78,530.85,28.23,67.26,-1,-1,-1,-1
231,82,1008.03,533.48,32.91,66.76,-1,-1,-1,-1
231,85,114.39,587.93,41.57,97.58,-1,-1,-1,-1
231,88,1062.26,546.68,35.15,81.55,-1,-1,-1,-1
231,92,1128.03,530.29,32.12,95.40,-1,-1,-1,-1
231,94,1219.49,564.68,46.03,112.05,-1,-1,-1,-1
232,11,116.16,589.15,36.03,97.04,-1,-1,-1,-1
232,45,0.00,586.51,22.77,97.04,-1,-1,-1,-1
232,65,1364.76,555.81,48.19,135.15,-1,-1,-1,-1
232,67,829.71,520.09,16.41,48.04,-1,-1,-1,-1
232,76,1789.38,549.45,50.49,139.40,-1,-1,-1,-1
232,80,972.69,528.57,30.70,69.54,-1,-1,-1,-1
232,82,1007.85,533.14,34.73,67.25,-1,-1,-1,-1
232,88,1061.16,545.32,33.02,82.04,-1,-1,-1,-1
232,92,1125.04,529.68,35.81,96.17,-1,-1,-1,-1
232,94,1221.45,566.07,45.82,109.54,-1,-1,-1,-1
233,11,115.42,588.95,35.96,97.27,-1,-1,-1,-1
233,45,0.00,590.74,20.58,92.39,-1,-1,-1,-1
233,65,1368.02,555.50,47.77,135.44,-1,-1,-1,-1
233,67,831.09,521.03,15.27,45.34,-1,-1,-1,-1
233,76,1797.70,546.57,52.10,142.95,-1,-1,-1,-1
233,80,974.10,525.28,29.22,72.34,-1,-1,-1,-1
233,82,1006.59,531.09,34.98,69.30,-1,-1,-1,-1
233,88,1060.31,544.87,32.35,81.61,-1,-1,-1,-1
233,92,1122.87,530.21,37.27,95.45,-1,-1,-1,-1
233,94,1221.78,565.30,48.48,110.49,-1,-1,-1,-1
234,11,114.59,589.37,35.78,96.72,-1,-1,-1,-1
234,45,0.00,594.29,18.83,89.00,-1,-1,-1,-1
234,65,1371.02,554.98,48.85,136.54,-1,-1,-1,-1
234,67,832.36,521.59,15.65,48.10,-1,-1,-1,-1
234,76,1806.44,546.98,53.19,142.44,-1,-1,-1,-1
234,80,976.11,525.63,27.59,71.69,-1,-1,-1,-1
234,82,1006.61,530.03,34.86,70.25,-1,-1,-1,-1
234,88,1059.99,545.01,37.34,81.38,-1,-1,-1,-1
234,92,1122.03,530.89,37.58,94.53,-1,-1,-1,-1
234,94,1223.03,561.41,51.63,115.41,-1,-1,-1,-1
235,11,111.75,588.19,36.96,96.99,-1,-1,-1,-1
235,45,0.00,596.00,18.30,86.33,-1,-1,-1,-1
235,65,1373.75,553.80,49.95,137.16,-1,-1,-1,-1
235,67,833.62,522.42,16.31,47.35,-1,-1,-1,-1
235,76,1817.02,546.00,53.09,143.76,-1,-1,-1,-1
235,80,979.52,528.19,25.33,67.52,-1,-1,-1,-1
235,82,1008.22,530.56,33.00,68.42,-1,-1,-1,-1
235,88,1060.47,544.38,39.97,82.21,-1,-1,-1,-1
235,92,1123.01,530.27,34.31,94.86,-1,-1,-1,-1
235,94,1232.02,562.85,49.65,117.64,-1,-1,-1,-1
235,96,1050.88,522.30,18.50,56.85,-1,-1,-1,-1
236,11,109.06,588.52,39.03,97.63,-1,-1,-1,-1
236,45,0.00,599.38,17.09,82.83,-1,-1,-1,-1
236,65,1376.67,552.36,50.88,138.68,-1,-1,-1,-1
236,67,835.19,522.97,15.81,45.50,-1,-1,-1,-1
236,76,1827.76,543.40,55.08,144.13,-1,-1,-1,-1
236,80,981.64,526.93,24.87,67.33,-1,-1,-1,-1
236,82,1009.38,528.53,32.15,69.54,-1,-1,-1,-1
236,88,1062.43,544.90,39.59,81.85,-1,-1,-1,-1
236,92,1122.26,528.92,34.47,96.11,-1,-1,-1,-1
236,94,1241.02,564.29,47.67,119.87,-1,-1,-1,-1
236,96,1051.39,519.93,19.39,64.40,-1,-1,-1,-1
237,11,108.54,587.26,39.62,98.80,-1,-1,-1,-1
237,45,0.00,599.87,15.83,81.40,-1,-1,-1,-1
237,65,1380.06,550.68,50.21,139.59,-1,-1,-1,-1
237,67,836.59,522.23,15.62,45.22,-1,-1,-1,-1
237,76,1837.63,542.18,57.04,144.87,-1,-1,-1,-1
237,80,984.32,525.53,23.33,61.91,-1,-1,-1,-1
237,82,1011.14,528.00,31.18,69.15,-1,-1,-1,-1
237,88,1062.70,545.31,39.87,81.01,-1,-1,-1,-1
237,92,1124.79,528.37,32.66,95.12,-1,-1,-1,-1
237,94,1250.01,565.74,45.69,122.10,-1,-1,-1,-1
237,98,1095.19,533.84,26.91,90.94,-1,-1,-1,-1
238,11,108.17,586.55,39.23,99.57,-1,-1,-1,-1
238,45,0.00,599.83,14.24,81.28,-1,-1,-1,-1
238,65,1383.51,550.06,50.59,140.38,-1,-1,-1,-1
238,67,838.17,521.30,15.76,42.89,-1,-1,-1,-1
238,76,1850.12,540.26,55.08,147.15,-1,-1,-1,-1
238,80,986.80,523.38,22.25,59.55,-1,-1,-1,-1
238,82,1012.42,527.06,27.83,70.60,-1,-1,-1,-1
238,88,1063.99,545.90,38.25,80.30,-1,-1,-1,-1
238,92,1122.79,526.67,29.13,95.90,-1,-1,-1,-1
238,94,1259.00,567.18,43.71,124.32,-1,-1,-1,-1
238,98,1096.37,532.97,25.69,92.12,-1,-1,-1,-1
239,11,107.10,583.53,39.68,101.19,-1,-1,-1,-1
239,45,0.00,599.26,13.15,81.40,-1,-1,-1,-1
239,65,1386.91,547.96,49.84,142.12,-1,-1,-1,-1
239,67,840.76,521.42,14.34,38.10,-1,-1,-1,-1
239,76,1861.14,539.54,55.87,148.05,-1,-1,-1,-1
239,80,989.60,521.18,21.06,57.86,-1,-1,-1,-1
239,82,1014.66,525.05,24.30,64.70,-1,-1,-1,-1
239,88,1067.16,545.78,34.73,78.54,-1,-1,-1,-1
239,92,1126.08,527.43,26.34,96.28,-1,-1,-1,-1
239,94,1263.24,567.96,45.98,126.29,-1,-1,-1,-1
239,98,1097.88,531.02,27.89,94.59,-1,-1,-1,-1
240,11,105.94,582.99,39.75,101.54,-1,-1,-1,-1
240,45,0.00,601.72,11.87,78.72,-1,-1,-1,-1
240,65,1391.19,545.93,49.34,143.31,-1,-1,-1,-1
240,67,843.07,520.22,14.32,35.72,-1,-1,-1,-1
240,76,1872.13,538.48,47.87,149.08,-1,-1,-1,-1
240,80,992.45,520.28,19.75,55.66,-1,-1,-1,-1
240,82,1016.92,523.34,23.38,59.95,-1,-1,-1,-1
240,88,1068.88,544.42,30.37,68.18,-1,-1,-1,-1
240,92,1127.93,528.58,27.80,95.05,-1,-1,-1,-1
240,94,1267.48,568.74,48.25,128.26,-1,-1,-1,-1
240,98,1100.13,530.87,30.57,93.69,-1,-1,-1,-1
241,11,105.38,580.74,39.39,104.03,-1,-1,-1,-1
241,45,0.00,603.70,11.03,76.70,-1,-1,-1,-1
241,65,1394.95,545.50,49.63,144.38,-1,-1,-1,-1
241,67,844.55,517.89,16.93,45.27,-1,-1,-1,-1
241,76,1883.00,538.64,37.00,151.02,-1,-1,-1,-1
241,80,995.60,520.51,18.55,54.47,-1,-1,-1,-1
241,82,1020.20,523.79,21.38,53.65,-1,-1,-1,-1
241,88,1068.20,542.69,33.81,61.00,-1,-1,-1,-1
241,92,1127.38,525.92,30.03,97.61,-1,-1,-1,-1
241,94,1271.72,569.52,50.52,130.23,-1,-1,-1,-1
241,98,1101.84,529.81,27.75,87.34,-1,-1,-1,-1
242,11,105.20,580.80,39.80,104.18,-1,-1,-1,-1
242,45,0.00,604.38,10.75,75.94,-1,-1,-1,-1
242,65,1399.81,545.31,49.43,146.65,-1,-1,-1,-1
242,67,847.51,517.99,15.89,47.03,-1,-1,-1,-1
242,76,1894.56,553.59,25.44,133.81,-1,-1,-1,-1
242,80,1000.34,522.44,16.49,52.84,-1,-1,-1,-1
242,82,1022.65,525.26,21.00,49.32,-1,-1,-1,-1
242,88,1069.12,543.39,38.21,58.08,-1,-1,-1,-1
242,92,1129.66,526.60,31.06,97.81,-1,-1,-1,-1
242,94,1275.96,570.30,52.79,132.21,-1,-1,-1,-1
242,98,1103.22,530.80,28.17,79.09,-1,-1,-1,-1
243,11,105.43,580.68,39.42,104.38,-1,-1,-1,-1
243,45,0.00,602.86,12.66,77.76,-1,-1,-1,-1
243,65,1404.97,545.31,48.41,147.66,-1,-1,-1,-1
243,67,850.36,518.59,14.86,43.46,-1,-1,-1,-1
243,80,1004.66,522.02,15.84,53.40,-1,-1,-1,-1
243,82,1023.80,525.37,22.87,48.05,-1,-1,-1,-1
243,88,1070.53,543.26,37.71,53.11,-1,-1,-1,-1
243,92,1132.37,529.05,30.67,95.72,-1,-1,-1,-1
243,94,1280.20,571.08,55.06,134.18,-1,-1,-1,-1
243,98,1106.56,533.28,25.20,69.01,-1,-1,-1,-1
244,11,105.64,579.70,40.06,105.27,-1,-1,-1,-1
244,45,0.00,600.79,12.55,79.76,-1,-1,-1,-1
244,65,1410.34,546.84,49.23,146.78,-1,-1,-1,-1
244,67,853.69,519.11,14.27,39.19,-1,-1,-1,-1
244,82,1025.02,526.04,26.22,47.18,-1,-1,-1,-1
244,88,1076.29,544.55,31.59,45.18,-1,-1,-1,-1
244,92,1135.25,527.62,33.01,97.08,-1,-1,-1,-1
244,94,1284.44,571.85,57.33,136.15,-1,-1,-1,-1
244,98,1107.24,534.10,28.74,63.51,-1,-1,-1,-1
245,11,107.00,580.09,39.92,105.48,-1,-1,-1,-1
245,45,0.00,603.67,11.16,77.30,-1,-1,-1,-1
245,65,1416.10,549.01,48.28,145.58,-1,-1,-1,-1
245,67,856.08,517.77,16.14,46.37,-1,-1,-1,-1
245,92,1137.29,526.25,30.72,83.59,-1,-1,-1,-1
245,94,1288.68,572.63,59.61,138.12,-1,-1,-1,-1
245,98,1108.53,533.79,29.68,57.18,-1,-1,-1,-1
246,11,107.71,580.39,39.62,105.92,-1,-1,-1,-1
246,45,0.00,604.34,11.08,77.20,-1,-1,-1,-1
246,65,1421.72,551.32,46.84,146.31,-1,-1,-1,-1
246,67,858.84,518.77,16.71,48.26,-1,-1,-1,-1
246,92,1140.59,525.20,27.28,76.73,-1,-1,-1,-1
246,94,1296.56,572.97,61.28,140.34,-1,-1,-1,-1
246,98,1112.23,532.93,31.93,56.12,-1,-1,-1,-1
247,11,108.94,583.42,39.25,103.54,-1,-1,-1,-1
247,45,0.00,607.96,10.58,74.03,-1,-1,-1,-1
247,65,1428.09,551.51,45.92,147.34,-1,-1,-1,-1
247,67,861.55,518.64,16.62,47.23,-1,-1,-1,-1
247,92,1136.96,524.78,29.91,63.21,-1,-1,-1,-1
247,94,1304.69,572.95,61.63,143.46,-1,-1,-1,-1
248,11,111.08,585.47,38.24,102.03,-1,-1,-1,-1
248,45,0.00,609.79,10.51,72.26,-1,-1,-1,-1
248,65,1434.13,551.20,46.30,148.72,-1,-1,-1,-1
248,67,865.24,520.04,16.32,42.99,-1,-1,-1,-1
248,94,1312.69,571.00,63.00,146.60,-1,-1,-1,-1
249,11,113.08,587.01,37.27,102.49,-1,-1,-1,-1
249,45,0.00,611.49,10.41,74.40,-1,-1,-1,-1
249,65,1440.83,550.28,46.07,150.10,-1,-1,-1,-1
249,67,868.33,520.03,17.51,44.47,-1,-1,-1,-1
249,94,1321.29,570.86,63.49,148.16,-1,-1,-1,-1
250,11,112.80,588.02,38.83,104.51,-1,-1,-1,-1
250,45,0.00,613.12,11.17,74.70,-1,-1,-1,-1
250,65,1447.54,547.91,46.10,152.72,-1,-1,-1,-1
250,67,872.25,520.53,16.64,44.29,-1,-1,-1,-1
250,94,1329.76,568.82,64.52,151.62,-1,-1,-1,-1
251,11,113.24,589.53,40.81,104.92,-1,-1,-1,-1
251,45,0.00,614.17,14.11,75.50,-1,-1,-1,-1
251,65,1453.86,547.55,46.00,153.01,-1,-1,-1,-1
251,67,875.51,520.80,17.32,44.90,-1,-1,-1,-1
251,94,1337.94,570.00,62.20,148.00,-1,-1,-1,-1
252,11,115.04,590.71,41.38,105.07,-1,-1,-1,-1
252,45,0.07,614.98,16.45,76.66,-1,-1,-1,-1
252,65,1461.24,546.13,45.70,153.77,-1,-1,-1,-1
252,67,879.48,521.27,17.53,45.62,-1,-1,-1,-1
252,94,1347.16,573.92,60.56,141.89,-1,-1,-1,-1
252,103,930.41,530.36,21.33,63.97,-1,-1,-1,-1
253,11,116.57,593.02,40.26,104.48,-1,-1,-1,-1
253,45,0.12,613.26,18.78,81.45,-1,-1,-1,-1
253,65,1468.02,543.83,45.52,155.42,-1,-1,-1,-1
253,67,883.39,520.90,18.26,46.21,-1,-1,-1,-1
253,94,1355.49,580.73,60.00,132.36,-1,-1,-1,-1
253,103,933.49,529.31,22.82,65.19,-1,-1,-1,-1
254,11,118.24,593.58,43.31,104.89,-1,-1,-1,-1
254,45,0.11,613.62,19.52,82.50,-1,-1,-1,-1
254,65,1475.43,542.70,45.21,155.53,-1,-1,-1,-1
254,67,887.94,521.54,17.95,44.17,-1,-1,-1,-1
254,94,1365.85,582.66,58.27,121.50,-1,-1,-1,-1
254,103,939.35,528.97,22.10,65.14,-1,-1,-1,-1
255,11,122.24,595.10,40.77,106.10,-1,-1,-1,-1
255,45,0.12,613.14,21.15,85.22,-1,-1,-1,-1
255,65,1481.80,541.43,45.07,154.18,-1,-1,-1,-1
255,67,892.74,521.77,18.86,45.26,-1,-1,-1,-1
255,94,1378.20,580.39,56.94,125.57,-1,-1,-1,-1
255,103,943.36,530.47,23.40,64.04,-1,-1,-1,-1
256,11,125.93,598.06,39.91,105.58,-1,-1,-1,-1
256,45,0.15,612.68,23.24,88.74,-1,-1,-1,-1
256,65,1489.50,541.73,43.74,154.33,-1,-1,-1,-1
256,67,897.10,522.22,18.86,44.19,-1,-1,-1,-1
256,94,1390.55,578.12,55.60,129.64,-1,-1,-1,-1
256,103,949.54,529.79,23.44,66.23,-1,-1,-1,-1
257,11,127.70,599.05,39.36,106.41,-1,-1,-1,-1
257,45,0.14,610.09,24.39,92.69,-1,-1,-1,-1
257,65,1497.00,542.56,43.96,152.27,-1,-1,-1,-1
257,67,902.65,521.62,17.96,44.07,-1,-1,-1,-1
257,94,1402.90,575.85,54.26,133.70,-1,-1,-1,-1
257,103,954.84,529.40,22.79,65.75,-1,-1,-1,-1
258,11,133.27,600.20,39.71,105.13,-1,-1,-1,-1
258,45,0.20,609.86,26.73,94.80,-1,-1,-1,-1
258,65,1503.42,547.05,47.15,147.85,-1,-1,-1,-1
258,67,907.44,520.89,18.24,45.39,-1,-1,-1,-1
258,94,1415.25,573.58,52.92,137.77,-1,-1,-1,-1
258,103,960.18,528.16,23.72,66.47,-1,-1,-1,-1
258,105,1118.35,543.89,36.54,92.63,-1,-1,-1,-1
259,11,135.31,600.78,40.14,105.45,-1,-1,-1,-1
259,45,0.25,608.75,29.11,96.71,-1,-1,-1,-1
259,65,1504.15,551.48,55.70,142.82,-1,-1,-1,-1
259,67,912.25,520.77,18.95,45.98,-1,-1,-1,-1
259,94,1427.02,575.36,51.86,141.38,-1,-1,-1,-1
259,103,964.98,528.76,23.29,65.85,-1,-1,-1,-1
259,105,1123.50,544.52,37.96,92.35,-1,-1,-1,-1
260,11,138.37,600.88,41.19,107.10,-1,-1,-1,-1
260,45,0.28,609.70,31.51,97.01,-1,-1,-1,-1
260,65,1505.16,555.54,65.86,141.37,-1,-1,-1,-1
260,67,917.42,521.00,18.83,46.56,-1,-1,-1,-1
260,94,1438.79,577.13,50.80,144.99,-1,-1,-1,-1
260,103,968.70,528.68,24.85,66.24,-1,-1,-1,-1
260,105,1129.52,545.69,37.76,92.12,-1,-1,-1,-1
260,106,1158.59,540.78,35.50,91.02,-1,-1,-1,-1
261,11,140.13,600.98,41.23,107.58,-1,-1,-1,-1
261,45,0.30,611.15,34.31,97.93,-1,-1,-1,-1
261,65,1509.70,554.67,72.32,143.00,-1,-1,-1,-1
261,67,922.50,519.27,19.10,48.56,-1,-1,-1,-1
261,94,1450.57,578.90,49.74,148.60,-1,-1,-1,-1
261,103,975.30,529.13,23.32,65.75,-1,-1,-1,-1
261,105,1134.97,543.13,38.98,94.53,-1,-1,-1,-1
261,106,1160.79,538.61,40.83,95.20,-1,-1,-1,-1
262,11,141.42,601.35,39.35,108.07,-1,-1,-1,-1
262,45,0.33,611.81,36.52,97.93,-1,-1,-1,-1
262,65,1516.79,561.65,77.27,137.67,-1,-1,-1,-1
262,67,927.32,518.47,19.73,51.50,-1,-1,-1,-1
262,94,1462.34,580.67,48.68,152.21,-1,-1,-1,-1
262,103,979.84,529.17,23.62,65.54,-1,-1,-1,-1
262,105,1140.24,543.32,39.27,95.08,-1,-1,-1,-1
262,106,1164.79,536.51,43.67,97.67,-1,-1,-1,-1
262,107,1193.93,532.92,36.28,101.52,-1,-1,-1,-1
263,11,147.14,600.86,37.15,107.45,-1,-1,-1,-1
263,45,0.60,612.20,36.17,98.82,-1,-1,-1,-1
263,65,1528.64,565.30,76.82,137.23,-1,-1,-1,-1
263,67,931.83,518.75,19.51,50.67,-1,-1,-1,-1
263,94,1474.11,582.44,47.61,155.82,-1,-1,-1,-1
263,103,985.82,530.33,23.06,65.36,-1,-1,-1,-1
263,105,1153.18,543.86,32.20,96.55,-1,-1,-1,-1
263,106,1167.96,535.79,45.20,100.40,-1,-1,-1,-1
263,107,1198.39,532.12,39.81,104.16,-1,-1,-1,-1
264,11,152.39,601.36,37.79,106.69,-1,-1,-1,-1
264,45,0.21,613.31,26.62,97.02,-1,-1,-1,-1
264,65,1537.13,566.67,79.37,138.44,-1,-1,-1,-1
264,67,937.51,519.63,19.05,48.33,-1,-1,-1,-1
264,94,1485.88,584.22,46.55,159.42,-1,-1,-1,-1
264,103,990.46,529.35,22.60,66.58,-1,-1,-1,-1
264,106,1172.38,538.02,39.63,98.62,-1,-1,-1,-1
264,107,1206.48,565.87,30.84,72.22,-1,-1,-1,-1
265,11,153.23,601.62,40.10,106.81,-1,-1,-1,-1
265,45,0.00,614.35,24.15,95.96,-1,-1,-1,-1
265,65,1549.77,567.80,77.59,139.24,-1,-1,-1,-1
265,67,942.50,521.02,19.28,47.00,-1,-1,-1,-1
265,80,1034.49,523.04,29.12,74.94,-1,-1,-1,-1
265,94,1497.66,585.99,45.49,163.03,-1,-1,-1,-1
265,103,994.87,528.72,23.95,67.39,-1,-1,-1,-1
265,106,1181.22,539.19,32.89,100.09,-1,-1,-1,-1
265,107,1211.53,578.69,28.94,60.23,-1,-1,-1,-1
266,11,156.20,601.28,44.02,106.74,-1,-1,-1,-1
266,45,9.52,613.26,29.11,96.86,-1,-1,-1,-1
266,65,1564.25,569.17,74.29,140.06,-1,-1,-1,-1
266,67,948.37,521.85,19.03,46.82,-1,-1,-1,-1
266,80,1038.60,525.66,32.00,74.96,-1,-1,-1,-1
266,94,1509.43,587.76,44.43,166.64,-1,-1,-1,-1
266,103,1000.80,531.00,22.89,65.78,-1,-1,-1,-1
266,106,1184.31,539.35,33.38,101.57,-1,-1,-1,-1
266,107,1216.33,582.33,33.57,58.88,-1,-1,-1,-1
267,11,156.65,601.13,42.96,108.41,-1,-1,-1,-1
267,45,13.56,612.28,32.57,98.91,-1,-1,-1,-1
267,65,1576.72,556.75,72.79,154.23,-1,-1,-1,-1
267,67,953.33,521.89,18.39,47.26,-1,-1,-1,-1
267,80,1043.25,527.90,30.51,74.83,-1,-1,-1,-1
267,94,1521.20,589.53,43.37,170.25,-1,-1,-1,-1
267,103,1006.46,529.82,24.09,68.48,-1,-1,-1,-1
267,106,1187.40,539.51,33.88,103.05,-1,-1,-1,-1
267,107,1216.19,546.46,42.71,96.60,-1,-1,-1,-1
268,11,161.53,602.00,42.33,108.44,-1,-1,-1,-1
268,45,12.35,612.27,38.38,100.03,-1,-1,-1,-1
268,65,1588.64,551.89,69.83,162.30,-1,-1,-1,-1
268,67,958.26,521.50,18.87,46.04,-1,-1,-1,-1
268,80,1047.05,530.48,31.22,73.40,-1,-1,-1,-1
268,94,1532.98,591.30,42.30,173.86,-1,-1,-1,-1
268,103,1012.53,530.45,23.08,69.20,-1,-1,-1,-1
268,106,1190.50,539.67,34.38,104.52,-1,-1,-1,-1
268,107,1223.32,539.49,41.04,105.99,-1,-1,-1,-1
269,11,162.00,601.33,44.02,108.99,-1,-1,-1,-1
269,45,13.06,612.15,40.00,99.49,-1,-1,-1,-1
269,65,1598.98,551.48,67.21,154.74,-1,-1,-1,-1
269,67,963.92,522.22,20.79,49.93,-1,-1,-1,-1
269,80,1052.58,531.89,30.29,73.46,-1,-1,-1,-1
269,94,1549.19,592.84,44.73,178.61,-1,-1,-1,-1
269,103,1018.10,526.00,24.20,74.37,-1,-1,-1,-1
269,106,1193.59,539.82,34.88,106.00,-1,-1,-1,-1
269,107,1228.35,539.51,40.73,106.33,-1,-1,-1,-1
270,11,163.93,599.40,45.50,110.36,-1,-1,-1,-1
270,45,19.77,611.13,35.69,98.79,-1,-1,-1,-1
270,65,1609.31,551.06,64.60,147.18,-1,-1,-1,-1
270,67,969.37,520.43,19.89,44.28,-1,-1,-1,-1
270,80,1058.88,529.07,30.29,75.56,-1,-1,-1,-1
270,94,1564.22,592.06,50.31,184.56,-1,-1,-1,-1
270,103,1024.16,526.69,23.45,71.74,-1,-1,-1,-1
270,106,1196.68,539.98,35.38,107.47,-1,-1,-1,-1
270,107,1233.38,539.53,40.42,106.66,-1,-1,-1,-1
271,11,166.13,597.58,45.50,111.65,-1,-1,-1,-1
271,45,19.77,607.77,37.09,100.65,-1,-1,-1,-1
271,65,1619.65,550.65,61.98,139.61,-1,-1,-1,-1
271,67,974.60,521.07,20.09,40.63,-1,-1,-1,-1
271,80,1065.09,529.85,28.27,74.56,-1,-1,-1,-1
271,94,1579.84,591.36,53.09,189.74,-1,-1,-1,-1
271,103,1030.43,517.87,24.15,80.40,-1,-1,-1,-1
271,106,1199.78,540.14,35.88,108.95,-1,-1,-1,-1
271,107,1238.42,539.56,40.12,107.00,-1,-1,-1,-1
272,11,170.00,596.39,46.15,110.69,-1,-1,-1,-1
272,45,24.27,606.65,34.48,99.81,-1,-1,-1,-1
272,65,1629.98,550.24,59.37,132.05,-1,-1,-1,-1
272,80,1070.18,527.17,28.90,77.43,-1,-1,-1,-1
272,94,1596.29,592.52,54.91,194.80,-1,-1,-1,-1
272,103,1036.00,514.93,23.83,83.86,-1,-1,-1,-1
272,106,1202.87,540.30,36.37,110.42,-1,-1,-1,-1
272,107,1243.45,539.58,39.81,107.34,-1,-1,-1,-1
273,11,173.71,595.23,43.97,112.31,-1,-1,-1,-1
273,45,29.62,606.80,33.10,99.98,-1,-1,-1,-1
273,65,1640.32,549.82,56.75,124.49,-1,-1,-1,-1
273,80,1076.06,527.78,28.58,76.71,-1,-1,-1,-1
273,94,1610.18,593.81,58.95,198.90,-1,-1,-1,-1
273,103,1041.35,515.10,25.54,83.96,-1,-1,-1,-1
273,106,1205.96,540.46,36.87,111.90,-1,-1,-1,-1
273,107,1248.48,539.60,39.50,107.68,-1,-1,-1,-1
273,109,10.14,606.74,30.26,100.60,-1,-1,-1,-1
274,11,176.19,594.08,45.18,111.50,-1,-1,-1,-1
274,45,32.22,604.54,31.86,99.18,-1,-1,-1,-1
274,65,1650.65,549.41,54.14,116.93,-1,-1,-1,-1
274,80,1081.86,528.23,28.47,74.92,-1,-1,-1,-1
274,94,1623.99,595.07,63.60,205.44,-1,-1,-1,-1
274,103,1047.31,512.18,24.62,85.99,-1,-1,-1,-1
274,106,1209.06,540.61,37.37,113.38,-1,-1,-1,-1
274,107,1253.51,539.62,39.19,108.02,-1,-1,-1,-1
274,109,13.76,604.00,31.64,101.26,-1,-1,-1,-1
275,11,180.94,593.61,42.86,112.95,-1,-1,-1,-1
275,45,35.56,604.53,30.16,99.59,-1,-1,-1,-1
275,65,1660.99,549.00,51.52,109.37,-1,-1,-1,-1
275,80,1087.84,528.85,27.65,73.79,-1,-1,-1,-1
275,94,1638.47,588.64,69.93,217.69,-1,-1,-1,-1
275,103,1053.78,511.98,24.32,85.84,-1,-1,-1,-1
275,106,1212.15,540.77,37.87,114.85,-1,-1,-1,-1
275,107,1258.54,539.64,38.88,108.35,-1,-1,-1,-1
275,109,15.11,603.92,32.09,102.58,-1,-1,-1,-1
276,11,185.28,593.92,40.72,111.93,-1,-1,-1,-1
276,45,37.73,604.28,29.87,100.24,-1,-1,-1,-1
276,65,1671.32,548.58,48.91,101.80,-1,-1,-1,-1
276,80,1091.21,527.59,29.93,75.65,-1,-1,-1,-1
276,94,1652.94,594.05,74.16,220.59,-1,-1,-1,-1
276,103,1059.74,512.74,23.85,85.21,-1,-1,-1,-1
276,106,1215.24,540.93,38.37,116.33,-1,-1,-1,-1
276,107,1263.57,539.67,38.57,108.69,-1,-1,-1,-1
276,109,17.74,602.98,35.52,103.63,-1,-1,-1,-1
277,11,185.94,593.36,42.54,113.25,-1,-1,-1,-1
277,45,39.34,603.09,31.40,102.30,-1,-1,-1,-1
277,65,1681.66,548.17,46.29,94.24,-1,-1,-1,-1
277,80,1096.28,527.45,30.60,76.58,-1,-1,-1,-1
277,94,1667.52,600.11,78.60,217.81,-1,-1,-1,-1
277,103,1065.13,510.99,24.31,86.22,-1,-1,-1,-1
277,106,1218.34,541.09,38.87,117.80,-1,-1,-1,-1
277,107,1268.60,539.69,38.26,109.03,-1,-1,-1,-1
277,109,18.91,602.48,35.95,104.84,-1,-1,-1,-1
278,11,186.07,594.66,46.94,113.52,-1,-1,-1,-1
278,45,40.31,603.92,33.51,102.70,-1,-1,-1,-1
278,65,1692.84,548.92,45.75,97.48,-1,-1,-1,-1
278,80,1100.89,526.81,30.05,76.85,-1,-1,-1,-1
278,94,1681.95,604.52,82.47,220.83,-1,-1,-1,-1
278,103,1071.60,514.98,23.44,81.91,-1,-1,-1,-1
278,106,1221.43,541.25,39.37,119.28,-1,-1,-1,-1
278,107,1273.63,539.71,37.95,109.37,-1,-1,-1,-1
278,109,20.50,602.88,35.04,105.62,-1,-1,-1,-1
279,11,185.90,595.96,47.71,113.48,-1,-1,-1,-1
279,45,42.69,604.27,33.29,103.65,-1,-1,-1,-1
279,65,1702.60,549.55,47.07,106.31,-1,-1,-1,-1
279,80,1106.21,526.62,31.16,77.02,-1,-1,-1,-1
279,94,1696.63,608.73,87.04,222.46,-1,-1,-1,-1
279,103,1078.39,513.04,21.96,83.35,-1,-1,-1,-1
279,106,1224.52,541.40,39.86,120.75,-1,-1,-1,-1
279,107,1278.66,539.73,37.64,109.70,-1,-1,-1,-1
279,109,22.48,603.44,36.20,106.63,-1,-1,-1,-1
280,11,185.84,598.01,49.67,113.83,-1,-1,-1,-1
280,45,44.77,605.68,32.45,104.99,-1,-1,-1,-1
280,65,1712.35,550.18,48.40,115.14,-1,-1,-1,-1
280,80,1113.05,528.49,28.91,74.86,-1,-1,-1,-1
280,94,1707.03,612.72,95.81,226.31,-1,-1,-1,-1
280,103,1084.72,518.68,21.23,77.48,-1,-1,-1,-1
280,106,1227.62,541.56,40.36,122.23,-1,-1,-1,-1
280,107,1283.69,539.75,37.33,110.04,-1,-1,-1,-1
280,109,25.39,605.58,36.69,106.87,-1,-1,-1,-1
281,11,188.63,600.51,38.53,114.99,-1,-1,-1,-1
281,45,47.39,608.46,30.56,104.96,-1,-1,-1,-1
281,65,1725.04,548.86,49.30,128.76,-1,-1,-1,-1
281,80,1116.83,524.97,33.76,78.30,-1,-1,-1,-1
281,94,1724.04,611.45,104.53,231.63,-1,-1,-1,-1
281,103,1089.07,521.08,22.26,74.61,-1,-1,-1,-1
281,106,1231.82,545.17,43.87,119.03,-1,-1,-1,-1
281,107,1288.72,539.77,37.03,110.38,-1,-1,-1,-1
281,109,27.29,607.66,36.34,107.72,-1,-1,-1,-1
282,11,188.84,601.38,38.63,115.34,-1,-1,-1,-1
282,45,36.07,608.45,43.54,106.89,-1,-1,-1,-1
282,65,1727.79,547.97,58.64,162.02,-1,-1,-1,-1
282,80,1123.54,527.15,30.67,76.86,-1,-1,-1,-1
282,94,1745.37,612.62,106.10,236.34,-1,-1,-1,-1
282,106,1238.07,547.46,42.80,117.46,-1,-1,-1,-1
282,107,1293.75,539.80,36.72,110.72,-1,-1,-1,-1
282,109,28.92,608.13,36.13,107.93,-1,-1,-1,-1
283,11,192.20,603.05,32.63,115.52,-1,-1,-1,-1
283,45,44.67,608.17,38.75,108.06,-1,-1,-1,-1
283,65,1736.77,548.08,62.22,176.00,-1,-1,-1,-1
283,80,1130.22,525.97,28.25,77.84,-1,-1,-1,-1
283,94,1767.93,612.25,106.70,240.47,-1,-1,-1,-1
283,106,1243.45,552.00,42.49,113.80,-1,-1,-1,-1
283,107,1298.78,539.82,36.41,111.05,-1,-1,-1,-1
283,109,30.18,610.38,35.42,107.78,-1,-1,-1,-1
284,11,194.08,605.08,33.39,116.04,-1,-1,-1,-1
284,45,48.75,611.93,37.99,106.54,-1,-1,-1,-1
284,65,1747.72,547.96,62.46,183.78,-1,-1,-1,-1
284,80,1135.15,525.93,28.58,76.91,-1,-1,-1,-1
284,94,1791.44,610.98,104.05,244.42,-1,-1,-1,-1
284,106,1247.97,554.23,49.59,112.93,-1,-1,-1,-1
284,107,1303.81,539.84,36.10,111.39,-1,-1,-1,-1
284,109,30.88,612.93,34.42,107.10,-1,-1,-1,-1
285,11,195.22,606.12,35.52,116.59,-1,-1,-1,-1
285,45,51.67,614.00,38.19,105.54,-1,-1,-1,-1
285,65,1759.37,548.04,69.05,190.19,-1,-1,-1,-1
285,80,1140.71,525.90,27.96,75.36,-1,-1,-1,-1
285,94,1817.96,613.23,99.43,246.92,-1,-1,-1,-1
285,106,1252.00,557.49,50.55,110.11,-1,-1,-1,-1
285,107,1311.84,538.61,42.20,116.59,-1,-1,-1,-1
285,109,32.14,614.24,36.70,108.40,-1,-1,-1,-1
286,11,196.31,606.76,35.75,117.01,-1,-1,-1,-1
286,45,54.43,616.48,37.43,104.63,-1,-1,-1,-1
286,65,1773.09,547.70,72.17,194.52,-1,-1,-1,-1
286,80,1134.60,526.88,39.42,76.47,-1,-1,-1,-1
286,94,1841.55,611.81,78.45,252.17,-1,-1,-1,-1
286,106,1256.69,557.04,49.43,110.60,-1,-1,-1,-1
286,107,1312.70,537.38,49.35,118.23,-1,-1,-1,-1
286,109,34.69,615.77,37.59,108.81,-1,-1,-1,-1
287,11,196.51,608.02,37.78,117.22,-1,-1,-1,-1
287,45,56.95,617.98,35.67,104.72,-1,-1,-1,-1
287,65,1786.25,547.93,74.81,196.97,-1,-1,-1,-1
287,80,1147.15,528.51,31.07,74.28,-1,-1,-1,-1
287,94,1864.48,614.80,55.52,252.30,-1,-1,-1,-1
287,106,1262.59,556.79,45.90,111.25,-1,-1,-1,-1
287,107,1328.98,537.39,39.62,113.67,-1,-1,-1,-1
287,109,36.12,616.34,35.89,110.11,-1,-1,-1,-1
288,11,201.91,608.99,36.82,117.70,-1,-1,-1,-1
288,45,59.78,618.35,33.93,106.11,-1,-1,-1,-1
288,65,1800.17,547.05,77.41,198.86,-1,-1,-1,-1
288,80,1150.88,528.36,32.96,74.87,-1,-1,-1,-1
288,94,1887.28,638.97,32.72,225.44,-1,-1,-1,-1
288,106,1267.95,556.34,52.36,111.97,-1,-1,-1,-1
288,107,1338.00,535.32,35.17,112.58,-1,-1,-1,-1
288,109,38.01,616.40,37.35,112.31,-1,-1,-1,-1
288,114,1316.02,533.06,34.16,122.65,-1,-1,-1,-1
289,11,206.01,609.97,36.05,119.04,-1,-1,-1,-1
289,45,61.52,621.03,34.00,106.11,-1,-1,-1,-1
289,65,1814.62,545.56,77.73,201.27,-1,-1,-1,-1
289,80,1156.85,527.87,31.85,72.66,-1,-1,-1,-1
289,106,1274.80,556.83,43.96,112.91,-1,-1,-1,-1
289,107,1344.52,536.02,36.39,118.94,-1,-1,-1,-1
289,109,38.97,619.25,38.77,111.60,-1,-1,-1,-1
289,114,1319.54,533.97,35.47,124.35,-1,-1,-1,-1
290,11,207.56,609.77,36.67,119.44,-1,-1,-1,-1
290,45,62.88,620.42,34.16,107.35,-1,-1,-1,-1
290,65,1829.35,544.30,77.88,202.72,-1,-1,-1,-1
290,80,1163.90,525.65,29.29,70.13,-1,-1,-1,-1
290,106,1281.59,554.87,57.74,113.26,-1,-1,-1,-1
290,107,1350.56,534.95,35.88,117.39,-1,-1,-1,-1
290,109,40.03,618.18,39.09,113.19,-1,-1,-1,-1
290,114,1326.09,533.95,39.20,125.98,-1,-1,-1,-1
291,11,209.36,611.75,35.83,120.24,-1,-1,-1,-1
291,45,64.05,622.86,35.48,107.20,-1,-1,-1,-1
291,65,1845.12,543.79,74.86,204.22,-1,-1,-1,-1
291,80,1169.75,525.71,29.69,68.11,-1,-1,-1,-1
291,106,1280.48,554.28,62.20,118.77,-1,-1,-1,-1
291,107,1358.17,534.55,33.04,120.45,-1,-1,-1,-1
291,109,42.33,620.95,40.54,113.17,-1,-1,-1,-1
291,114,1332.03,533.10,39.12,129.23,-1,-1,-1,-1
291,115,232.85,607.99,33.52,114.15,-1,-1,-1,-1
291,116,1217.67,516.10,28.56,85.98,-1,-1,-1,-1
292,11,209.24,613.20,36.24,121.32,-1,-1,-1,-1
292,45,65.58,624.64,36.01,107.00,-1,-1,-1,-1
292,65,1859.49,542.22,60.51,206.23,-1,-1,-1,-1
292,80,1172.40,525.66,31.62,62.87,-1,-1,-1,-1
292,106,1284.86,553.30,59.03,120.89,-1,-1,-1,-1
292,107,1366.43,535.36,30.48,119.70,-1,-1,-1,-1
292,109,43.72,623.53,41.24,112.63,-1,-1,-1,-1
292,114,1336.23,536.17,45.09,127.77,-1,-1,-1,-1
292,115,231.57,609.17,35.61,117.28,-1,-1,-1,-1
292,116,1223.45,519.02,26.28,81.55,-1,-1,-1,-1
293,11,209.49,614.69,37.75,120.00,-1,-1,-1,-1
293,45,66.69,625.63,36.47,108.51,-1,-1,-1,-1
293,65,1874.38,542.81,45.62,206.15,-1,-1,-1,-1
293,80,1178.48,525.72,32.40,59.01,-1,-1,-1,-1
293,106,1292.32,552.74,51.83,123.04,-1,-1,-1,-1
293,107,1369.58,540.25,29.93,115.51,-1,-1,-1,-1
293,109,43.95,624.92,39.21,113.81,-1,-1,-1,-1
293,114,1334.64,538.29,54.57,128.10,-1,-1,-1,-1
293,115,230.55,611.24,37.57,117.23,-1,-1,-1,-1
293,116,1227.05,520.04,27.45,82.94,-1,-1,-1,-1
294,11,211.95,614.67,39.51,120.61,-1,-1,-1,-1
294,45,67.34,625.59,37.49,110.20,-1,-1,-1,-1
294,65,1889.39,542.11,30.61,207.19,-1,-1,-1,-1
294,80,1181.10,524.83,34.07,55.55,-1,-1,-1,-1
294,106,1299.87,556.74,48.77,117.83,-1,-1,-1,-1
294,107,1378.37,542.74,27.09,114.16,-1,-1,-1,-1
294,109,44.19,626.11,39.03,113.85,-1,-1,-1,-1
294,114,1340.70,539.73,54.99,127.06,-1,-1,-1,-1
294,115,233.23,611.67,38.27,116.53,-1,-1,-1,-1
294,116,1234.04,519.79,25.79,83.38,-1,-1,-1,-1
295,11,213.83,615.29,40.08,121.33,-1,-1,-1,-1
295,45,68.14,627.09,36.21,109.79,-1,-1,-1,-1
295,80,1187.67,526.25,33.49,52.38,-1,-1,-1,-1
295,106,1308.52,561.28,42.09,111.35,-1,-1,-1,-1
295,107,1380.94,542.27,31.43,116.92,-1,-1,-1,-1
295,109,44.62,626.12,39.03,114.95,-1,-1,-1,-1
295,114,1344.55,540.62,56.60,127.81,-1,-1,-1,-1
295,115,238.87,611.44,34.62,118.88,-1,-1,-1,-1
295,116,1238.86,521.13,25.68,83.27,-1,-1,-1,-1
296,11,215.44,616.16,39.37,122.90,-1,-1,-1,-1
296,45,68.57,627.60,37.06,110.40,-1,-1,-1,-1
296,67,1103.45,514.31,21.08,53.14,-1,-1,-1,-1
296,80,1192.43,527.30,34.97,50.81,-1,-1,-1,-1
296,106,1312.95,564.05,42.44,113.82,-1,-1,-1,-1
296,107,1390.11,546.65,28.49,113.32,-1,-1,-1,-1
296,109,45.36,627.53,38.87,114.57,-1,-1,-1,-1
296,114,1346.77,544.59,46.54,125.90,-1,-1,-1,-1
296,115,243.39,611.91,31.89,116.16,-1,-1,-1,-1
296,116,1244.52,522.67,24.78,83.30,-1,-1,-1,-1
297,11,216.18,617.18,39.83,124.16,-1,-1,-1,-1
297,45,68.65,628.56,37.04,110.67,-1,-1,-1,-1
297,67,1108.30,514.69,21.95,52.81,-1,-1,-1,-1
297,80,1201.23,529.26,33.26,47.88,-1,-1,-1,-1
297,106,1317.95,562.94,43.94,122.78,-1,-1,-1,-1
297,107,1397.51,545.97,33.51,113.86,-1,-1,-1,-1
297,109,45.85,628.00,37.21,116.23,-1,-1,-1,-1
297,114,1350.30,540.84,47.50,129.83,-1,-1,-1,-1
297,115,247.54,612.32,29.84,118.94,-1,-1,-1,-1
297,116,1250.03,528.00,25.01,77.33,-1,-1,-1,-1
298,11,217.44,616.25,41.74,124.08,-1,-1,-1,-1
298,45,68.65,628.11,37.90,111.23,-1,-1,-1,-1
298,67,1113.29,513.34,21.96,54.32,-1,-1,-1,-1
298,80,1203.62,528.19,36.53,48.10,-1,-1,-1,-1
298,106,1323.95,557.71,39.99,102.17,-1,-1,-1,-1
298,107,1401.03,558.26,34.94,104.75,-1,-1,-1,-1
298,109,46.45,626.60,37.36,116.93,-1,-1,-1,-1
298,114,1358.14,540.25,46.69,131.78,-1,-1,-1,-1
298,115,250.00,612.62,29.53,117.44,-1,-1,-1,-1
298,116,1254.62,527.90,24.85,77.59,-1,-1,-1,-1
298,117,1555.33,521.38,31.94,101.45,-1,-1,-1,-1
299,11,218.89,616.76,39.62,124.43,-1,-1,-1,-1
299,45,69.07,628.51,38.55,111.12,-1,-1,-1,-1
299,67,1117.68,515.40,22.11,52.87,-1,-1,-1,-1
299,80,1207.10,528.95,37.62,45.21,-1,-1,-1,-1
299,106,1324.63,559.81,40.39,79.71,-1,-1,-1,-1
299,107,1404.55,570.54,36.36,95.65,-1,-1,-1,-1
299,109,46.89,626.85,37.05,116.74,-1,-1,-1,-1
299,114,1361.67,541.39,41.77,133.38,-1,-1,-1,-1
299,115,251.00,613.45,29.89,117.85,-1,-1,-1,-1
299,116,1259.52,528.76,24.83,77.41,-1,-1,-1,-1
299,117,1562.34,522.42,30.04,101.17,-1,-1,-1,-1
300,11,220.54,617.71,39.06,125.11,-1,-1,-1,-1
300,45,69.09,630.08,37.00,110.63,-1,-1,-1,-1
300,67,1121.64,516.48,23.32,53.05,-1,-1,-1,-1
300,80,1210.16,530.36,39.05,43.21,-1,-1,-1,-1
300,106,1331.24,538.94,41.64,91.10,-1,-1,-1,-1
300,107,1408.07,582.82,37.78,86.55,-1,-1,-1,-1
300,109,46.78,628.44,34.51,117.18,-1,-1,-1,-1
300,114,1363.44,543.41,42.75,118.07,-1,-1,-1,-1
300,115,253.31,613.82,29.15,120.20,-1,-1,-1,-1
300,116,1264.16,530.60,24.28,72.10,-1,-1,-1,-1
300,117,1571.23,523.33,30.77,104.03,-1,-1,-1,-1
301,11,220.99,618.60,39.29,126.73,-1,-1,-1,-1
301,45,68.76,631.05,37.19,111.33,-1,-1,-1,-1
301,67,1126.04,517.50,22.64,52.77,-1,-1,-1,-1
301,80,1216.23,530.93,37.86,41.67,-1,-1,-1,-1
301,107,1408.01,562.41,44.09,109.93,-1,-1,-1,-1
301,109,46.72,628.94,33.44,118.21,-1,-1,-1,-1
301,114,1365.21,545.43,43.73,102.76,-1,-1,-1,-1
301,115,253.82,614.60,29.37,120.90,-1,-1,-1,-1
301,116,1270.56,530.77,25.59,73.09,-1,-1,-1,-1
301,117,1578.03,524.28,32.71,105.42,-1,-1,-1,-1
301,118,1292.61,532.95,28.17,83.17,-1,-1,-1,-1
302,11,222.16,618.10,42.20,128.05,-1,-1,-1,-1
302,45,68.89,630.83,36.75,112.07,-1,-1,-1,-1
302,67,1130.69,517.29,21.82,53.12,-1,-1,-1,-1
302,80,1220.79,532.13,36.99,37.02,-1,-1,-1,-1
302,107,1411.59,557.56,45.62,115.20,-1,-1,-1,-1
302,109,46.46,628.68,34.53,119.14,-1,-1,-1,-1
302,114,1366.99,547.45,44.70,87.45,-1,-1,-1,-1
302,115,255.59,614.12,29.40,121.95,-1,-1,-1,-1
302,116,1273.29,531.37,26.87,70.43,-1,-1,-1,-1
302,117,1587.48,526.64,31.14,102.92,-1,-1,-1,-1
302,118,1296.39,532.56,29.80,85.80,-1,-1,-1,-1
303,11,221.95,620.79,40.76,127.99,-1,-1,-1,-1
303,45,68.20,633.59,37.96,112.87,-1,-1,-1,-1
303,67,1134.26,519.90,22.30,51.67,-1,-1,-1,-1
303,80,1224.42,533.13,38.61,37.03,-1,-1,-1,-1
303,107,1416.11,558.86,46.24,96.48,-1,-1,-1,-1
303,109,46.18,631.76,34.62,119.29,-1,-1,-1,-1
303,114,1371.23,545.01,36.77,78.57,-1,-1,-1,-1
303,115,255.16,615.91,30.14,121.49,-1,-1,-1,-1
303,116,1274.15,533.61,31.56,63.56,-1,-1,-1,-1
303,117,1594.96,527.80,32.56,104.46,-1,-1,-1,-1
303,118,1300.77,534.37,30.24,76.42,-1,-1,-1,-1
304,11,223.44,621.23,43.37,128.94,-1,-1,-1,-1
304,45,68.79,633.11,37.45,113.65,-1,-1,-1,-1
304,67,1139.71,523.03,22.35,50.85,-1,-1,-1,-1
304,80,1228.52,536.07,41.00,35.68,-1,-1,-1,-1
304,107,1425.68,562.22,44.00,81.43,-1,-1,-1,-1
304,109,45.91,630.81,35.61,120.75,-1,-1,-1,-1
304,114,1377.31,548.97,33.70,74.30,-1,-1,-1,-1
304,115,258.14,617.09,29.03,120.27,-1,-1,-1,-1
304,116,1278.80,540.09,29.81,58.39,-1,-1,-1,-1
304,117,1604.09,532.61,33.33,105.91,-1,-1,-1,-1
304,118,1306.33,538.23,33.29,80.77,-1,-1,-1,-1
305,11,227.44,625.27,42.21,128.92,-1,-1,-1,-1
305,45,68.27,636.35,37.95,115.67,-1,-1,-1,-1
305,67,1143.62,522.99,22.13,52.94,-1,-1,-1,-1
305,80,1230.04,538.00,41.02,34.57,-1,-1,-1,-1
305,107,1432.26,564.73,43.81,72.30,-1,-1,-1,-1
305,109,45.10,634.52,36.60,121.86,-1,-1,-1,-1
305,114,1381.04,543.44,34.00,81.90,-1,-1,-1,-1
305,115,258.94,621.72,28.38,117.61,-1,-1,-1,-1
305,116,1283.40,541.86,28.34,53.57,-1,-1,-1,-1
305,117,1611.37,534.31,35.15,105.31,-1,-1,-1,-1
305,118,1309.98,539.80,32.45,79.35,-1,-1,-1,-1
305,119,1410.44,546.22,24.29,79.59,-1,-1,-1,-1
306,11,228.18,625.52,42.21,130.02,-1,-1,-1,-1
306,45,67.63,636.43,38.25,116.11,-1,-1,-1,-1
306,67,1147.72,524.82,23.33,53.95,-1,-1,-1,-1
306,80,1235.42,541.72,40.44,34.34,-1,-1,-1,-1
306,107,1439.82,571.96,42.65,64.01,-1,-1,-1,-1
306,109,44.56,635.75,37.36,121.33,-1,-1,-1,-1
306,114,1386.88,548.55,33.91,80.48,-1,-1,-1,-1
306,115,259.51,622.16,29.40,118.28,-1,-1,-1,-1
306,117,1620.23,538.28,35.02,106.54,-1,-1,-1,-1
306,118,1315.29,543.47,30.39,75.81,-1,-1,-1,-1
306,119,1415.18,550.02,26.04,79.05,-1,-1,-1,-1
307,11,229.61,627.06,41.48,131.79,-1,-1,-1,-1
307,45,67.02,637.00,37.02,117.68,-1,-1,-1,-1
307,67,1151.47,526.41,23.82,53.18,-1,-1,-1,-1
307,80,1236.65,539.91,42.24,36.44,-1,-1,-1,-1
307,107,1445.74,573.40,42.33,59.01,-1,-1,-1,-1
307,109,43.30,634.26,37.73,124.71,-1,-1,-1,-1
307,114,1392.62,558.03,30.67,72.44,-1,-1,-1,-1
307,115,259.91,621.95,29.72,119.88,-1,-1,-1,-1
307,117,1627.50,539.71,38.88,108.23,-1,-1,-1,-1
307,118,1319.23,544.60,28.91,68.47,-1,-1,-1,-1
307,119,1417.77,551.17,28.85,80.79,-1,-1,-1,-1
308,11,228.21,629.69,42.24,132.97,-1,-1,-1,-1
308,45,66.63,640.33,36.80,118.67,-1,-1,-1,-1
308,67,1155.81,526.83,23.53,53.01,-1,-1,-1,-1
308,80,1237.45,534.68,44.62,42.96,-1,-1,-1,-1
308,107,1450.29,572.62,43.81,58.90,-1,-1,-1,-1
308,109,42.55,637.36,38.15,126.19,-1,-1,-1,-1
308,114,1393.48,556.87,32.62,74.09,-1,-1,-1,-1
308,115,258.68,627.36,31.34,115.10,-1,-1,-1,-1
308,117,1634.64,538.79,38.97,109.75,-1,-1,-1,-1
308,118,1324.22,544.52,26.80,63.19,-1,-1,-1,-1
308,119,1421.85,551.98,31.17,82.22,-1,-1,-1,-1
309,11,229.00,629.82,40.74,134.74,-1,-1,-1,-1
309,45,66.87,640.88,36.57,119.14,-1,-1,-1,-1
309,67,1160.38,527.85,23.55,52.71,-1,-1,-1,-1
309,80,1241.82,535.13,44.68,43.31,-1,-1,-1,-1
309,107,1455.36,575.12,45.63,57.32,-1,-1,-1,-1
309,109,42.40,638.79,37.30,125.45,-1,-1,-1,-1
309,114,1401.45,560.67,30.41,72.97,-1,-1,-1,-1
309,115,260.10,627.76,30.81,119.25,-1,-1,-1,-1
309,117,1643.98,539.95,41.26,110.85,-1,-1,-1,-1
309,118,1329.85,544.71,27.01,62.97,-1,-1,-1,-1
309,119,1427.05,554.08,31.93,81.35,-1,-1,-1,-1
310,11,228.46,630.31,42.08,136.66,-1,-1,-1,-1
310,45,66.04,642.14,36.99,119.06,-1,-1,-1,-1
310,67,1164.33,528.61,23.16,52.43,-1,-1,-1,-1
310,80,1246.20,535.58,44.75,43.65,-1,-1,-1,-1
310,107,1466.75,577.56,41.08,56.57,-1,-1,-1,-1
310,109,41.02,638.99,36.13,126.98,-1,-1,-1,-1
310,115,261.13,629.12,31.51,116.48,-1,-1,-1,-1
310,117,1651.43,541.06,42.69,111.15,-1,-1,-1,-1
310,118,1334.50,544.70,25.90,58.71,-1,-1,-1,-1
310,119,1431.91,555.80,33.77,81.43,-1,-1,-1,-1
311,11,228.76,632.17,43.26,137.99,-1,-1,-1,-1
311,45,65.01,645.60,37.46,118.34,-1,-1,-1,-1
311,67,1168.47,528.74,23.21,52.75,-1,-1,-1,-1
311,80,1250.57,536.03,44.81,43.99,-1,-1,-1,-1
311,107,1473.55,578.92,40.16,56.63,-1,-1,-1,-1
311,109,40.32,642.03,35.98,126.69,-1,-1,-1,-1
311,115,261.86,631.59,30.26,117.61,-1,-1,-1,-1
311,117,1658.66,542.19,36.15,109.43,-1,-1,-1,-1
311,118,1339.01,543.66,26.65,59.82,-1,-1,-1,-1
311,119,1437.77,555.93,32.20,82.47,-1,-1,-1,-1
312,11,228.55,632.01,45.49,138.11,-1,-1,-1,-1
312,45,64.31,644.41,37.72,119.83,-1,-1,-1,-1
312,67,1172.26,528.31,23.06,53.54,-1,-1,-1,-1
312,80,1254.94,536.48,44.87,44.33,-1,-1,-1,-1
312,107,1479.49,578.04,41.13,59.04,-1,-1,-1,-1
312,109,39.39,640.90,37.84,127.38,-1,-1,-1,-1
312,115,262.55,632.76,28.62,116.18,-1,-1,-1,-1
312,117,1666.79,542.82,34.44,109.55,-1,-1,-1,-1
312,118,1343.51,542.62,27.39,60.92,-1,-1,-1,-1
312,119,1444.64,556.34,31.38,83.45,-1,-1,-1,-1
313,11,227.17,634.31,46.49,139.09,-1,-1,-1,-1
313,45,63.38,647.58,36.94,120.82,-1,-1,-1,-1
313,67,1176.62,529.33,23.01,53.31,-1,-1,-1,-1
313,80,1259.32,536.93,44.94,44.68,-1,-1,-1,-1
313,107,1485.23,579.75,41.85,59.56,-1,-1,-1,-1
313,109,38.77,642.64,38.64,129.91,-1,-1,-1,-1
313,115,261.52,633.55,30.16,118.45,-1,-1,-1,-1
313,117,1674.60,543.52,39.95,109.84,-1,-1,-1,-1
313,118,1348.01,541.58,28.13,62.03,-1,-1,-1,-1
313,119,1451.51,556.97,30.68,86.14,-1,-1,-1,-1
314,11,227.55,636.67,46.82,137.66,-1,-1,-1,-1
314,45,63.39,650.28,37.02,118.02,-1,-1,-1,-1
314,67,1180.53,530.46,22.55,52.42,-1,-1,-1,-1
314,80,1263.69,537.38,45.00,45.02,-1,-1,-1,-1
314,107,1489.15,580.15,38.26,65.68,-1,-1,-1,-1
314,109,37.78,644.25,41.07,131.69,-1,-1,-1,-1
314,115,261.33,634.69,30.55,120.37,-1,-1,-1,-1
314,117,1682.38,544.79,36.59,102.09,-1,-1,-1,-1
314,118,1352.52,540.53,28.87,63.13,-1,-1,-1,-1
314,119,1456.49,556.58,31.69,91.40,-1,-1,-1,-1
315,11,226.39,636.24,49.22,138.65,-1,-1,-1,-1
315,45,62.53,650.77,36.49,116.92,-1,-1,-1,-1
315,67,1185.29,530.71,21.97,52.31,-1,-1,-1,-1
315,80,1268.06,537.83,45.07,45.36,-1,-1,-1,-1
315,107,1493.81,580.46,45.85,70.13,-1,-1,-1,-1
315,109,35.42,646.05,42.96,129.71,-1,-1,-1,-1
315,115,260.54,634.92,32.03,121.35,-1,-1,-1,-1
315,117,1690.21,543.97,38.98,98.71,-1,-1,-1,-1
315,118,1357.02,539.49,29.61,64.23,-1,-1,-1,-1
315,119,1463.00,557.62,30.33,94.37,-1,-1,-1,-1
315,123,1388.50,597.26,42.08,135.75,-1,-1,-1,-1
315,124,1354.31,573.15,43.66,143.58,-1,-1,-1,-1
316,11,224.29,636.35,50.86,139.48,-1,-1,-1,-1
316,45,59.24,650.86,36.64,118.00,-1,-1,-1,-1
316,67,1188.19,531.70,23.33,51.65,-1,-1,-1,-1
316,80,1272.44,538.28,45.13,45.71,-1,-1,-1,-1
316,107,1491.21,579.01,54.70,76.71,-1,-1,-1,-1
316,109,32.87,646.19,41.93,131.71,-1,-1,-1,-1
316,115,261.50,634.67,32.01,122.47,-1,-1,-1,-1
316,117,1698.02,545.25,42.16,92.65,-1,-1,-1,-1
316,118,1361.53,538.45,30.36,65.34,-1,-1,-1,-1
316,119,1468.21,555.90,31.02,97.71,-1,-1,-1,-1
316,123,1392.92,594.74,43.05,140.01,-1,-1,-1,-1
316,124,1348.79,571.53,54.43,145.95,-1,-1,-1,-1
317,11,224.13,636.28,52.13,141.06,-1,-1,-1,-1
317,45,57.44,651.78,37.69,119.52,-1,-1,-1,-1
317,67,1192.53,530.79,22.16,53.48,-1,-1,-1,-1
317,80,1276.81,538.73,45.19,46.05,-1,-1,-1,-1
317,107,1498.32,579.23,53.85,86.31,-1,-1,-1,-1
317,109,30.62,645.72,42.32,133.46,-1,-1,-1,-1
317,115,261.08,635.65,32.51,125.63,-1,-1,-1,-1
317,117,1705.48,546.26,35.24,85.99,-1,-1,-1,-1
317,118,1366.03,537.41,31.10,66.44,-1,-1,-1,-1
317,119,1474.83,557.93,29.56,100.04,-1,-1,-1,-1
317,123,1397.24,595.84,45.94,142.77,-1,-1,-1,-1
317,124,1344.63,572.51,61.53,147.63,-1,-1,-1,-1
318,11,223.24,637.19,52.43,141.03,-1,-1,-1,-1
318,45,55.91,653.16,40.26,119.97,-1,-1,-1,-1
318,67,1196.37,529.75,22.28,54.22,-1,-1,-1,-1
318,80,1281.19,539.18,45.26,46.39,-1,-1,-1,-1
318,107,1499.11,578.88,58.82,111.15,-1,-1,-1,-1
318,109,29.40,646.88,41.84,133.68,-1,-1,-1,-1
318,115,261.15,636.00,32.70,126.42,-1,-1,-1,-1
318,117,1712.60,544.49,35.21,88.25,-1,-1,-1,-1
318,118,1370.54,536.37,31.84,67.55,-1,-1,-1,-1
318,119,1481.72,556.64,27.96,99.41,-1,-1,-1,-1
318,123,1399.75,597.28,44.31,141.00,-1,-1,-1,-1
318,124,1344.15,568.62,65.39,153.16,-1,-1,-1,-1
319,11,221.30,638.55,50.17,140.17,-1,-1,-1,-1
319,45,53.45,654.11,39.06,120.39,-1,-1,-1,-1
319,67,1199.49,531.32,22.66,53.33,-1,-1,-1,-1
319,80,1285.56,539.63,45.32,46.74,-1,-1,-1,-1
319,107,1509.32,580.85,55.88,131.09,-1,-1,-1,-1
319,109,27.65,648.46,38.64,134.05,-1,-1,-1,-1
319,115,260.31,636.17,33.21,126.40,-1,-1,-1,-1
319,117,1721.22,545.83,40.95,87.68,-1,-1,-1,-1
319,118,1375.04,535.33,32.58,68.65,-1,-1,-1,-1
319,119,1488.25,557.71,27.37,101.90,-1,-1,-1,-1
319,123,1402.69,601.68,47.38,142.41,-1,-1,-1,-1
319,124,1345.05,568.47,69.93,156.05,-1,-1,-1,-1
320,11,220.57,639.08,47.49,141.97,-1,-1,-1,-1
320,45,51.10,654.08,39.74,121.71,-1,-1,-1,-1
320,67,1203.34,532.44,22.36,50.73,-1,-1,-1,-1
320,80,1289.93,540.08,45.39,47.08,-1,-1,-1,-1
320,107,1519.10,582.93,52.68,139.06,-1,-1,-1,-1
320,109,25.24,648.59,38.76,134.87,-1,-1,-1,-1
320,115,257.63,636.01,34.43,128.25,-1,-1,-1,-1
320,117,1728.40,543.94,39.93,89.70,-1,-1,-1,-1
320,118,1379.55,534.29,33.33,69.76,-1,-1,-1,-1
320,119,1492.84,557.45,27.91,102.16,-1,-1,-1,-1
320,123,1402.77,598.05,51.07,147.94,-1,-1,-1,-1
320,124,1348.18,568.39,70.76,157.79,-1,-1,-1,-1
321,11,221.01,639.77,45.24,141.89,-1,-1,-1,-1
321,45,49.55,654.33,41.49,122.57,-1,-1,-1,-1
321,67,1207.08,533.18,22.43,50.85,-1,-1,-1,-1
321,80,1294.31,540.53,45.45,47.42,-1,-1,-1,-1
321,107,1524.52,583.58,57.72,143.54,-1,-1,-1,-1
321,109,23.13,648.14,43.39,137.25,-1,-1,-1,-1
321,115,255.64,635.68,35.33,128.85,-1,-1,-1,-1
321,117,1735.73,544.05,36.84,90.25,-1,-1,-1,-1
321,118,1384.05,533.25,34.07,70.86,-1,-1,-1,-1
321,119,1498.75,557.91,27.50,95.16,-1,-1,-1,-1
321,123,1405.58,597.92,54.15,149.73,-1,-1,-1,-1
321,124,1352.53,572.36,69.53,155.57,-1,-1,-1,-1
322,11,220.80,640.20,40.92,142.92,-1,-1,-1,-1
322,45,47.60,653.99,42.25,124.16,-1,-1,-1,-1
322,67,1210.77,531.31,22.79,50.19,-1,-1,-1,-1
322,80,1298.68,540.98,45.52,47.77,-1,-1,-1,-1
322,107,1524.65,581.91,66.11,148.13,-1,-1,-1,-1
322,109,20.10,648.61,42.91,137.46,-1,-1,-1,-1
322,115,253.57,635.32,36.81,129.91,-1,-1,-1,-1
322,117,1743.20,544.45,39.68,90.36,-1,-1,-1,-1
322,118,1388.56,532.21,34.81,71.97,-1,-1,-1,-1
322,119,1502.69,556.65,28.90,109.12,-1,-1,-1,-1
322,123,1409.63,597.25,57.81,152.11,-1,-1,-1,-1
322,124,1357.36,572.01,67.08,156.46,-1,-1,-1,-1
323,11,220.74,640.29,44.53,142.73,-1,-1,-1,-1
323,45,45.28,654.78,43.62,124.79,-1,-1,-1,-1
323,67,1211.74,526.84,24.37,53.30,-1,-1,-1,-1
323,80,1303.06,541.43,45.58,48.11,-1,-1,-1,-1
323,107,1532.58,581.85,64.09,149.69,-1,-1,-1,-1
323,109,18.20,648.19,43.88,139.39,-1,-1,-1,-1
323,115,253.98,635.51,35.78,130.28,-1,-1,-1,-1
323,117,1750.55,544.75,37.46,90.97,-1,-1,-1,-1
323,118,1393.06,531.17,35.55,73.07,-1,-1,-1,-1
323,119,1507.92,557.39,32.00,122.26,-1,-1,-1,-1
323,123,1413.48,599.98,57.66,150.63,-1,-1,-1,-1
323,124,1361.43,569.89,64.65,159.39,-1,-1,-1,-1
324,11,218.35,639.11,43.37,142.99,-1,-1,-1,-1
324,45,41.06,653.40,42.36,125.44,-1,-1,-1,-1
324,67,1214.71,526.11,23.99,52.78,-1,-1,-1,-1
324,80,1307.43,541.88,45.64,48.45,-1,-1,-1,-1
324,107,1540.18,580.19,62.06,152.37,-1,-1,-1,-1
324,109,16.75,646.59,45.83,139.05,-1,-1,-1,-1
324,115,253.33,634.05,35.69,131.66,-1,-1,-1,-1
324,117,1758.86,543.68,41.19,93.66,-1,-1,-1,-1
324,118,1397.57,530.13,36.30,74.18,-1,-1,-1,-1
324,119,1513.14,558.14,35.11,135.40,-1,-1,-1,-1
324,123,1417.57,599.42,58.15,151.35,-1,-1,-1,-1
324,124,1366.51,571.73,60.46,157.62,-1,-1,-1,-1
325,11,217.17,638.59,41.71,146.19,-1,-1,-1,-1
325,45,38.61,652.90,41.95,127.73,-1,-1,-1,-1
325,80,1311.80,542.33,45.71,48.79,-1,-1,-1,-1
325,107,1546.77,585.90,60.07,148.74,-1,-1,-1,-1
325,109,14.49,646.41,42.59,139.96,-1,-1,-1,-1
325,115,252.74,633.74,35.29,132.37,-1,-1,-1,-1
325,117,1765.07,544.04,43.59,98.15,-1,-1,-1,-1
325,118,1402.07,529.09,37.04,75.28,-1,-1,-1,-1
325,119,1518.36,558.88,38.21,148.54,-1,-1,-1,-1
325,123,1422.97,605.32,55.97,146.02,-1,-1,-1,-1
325,124,1372.02,578.02,56.77,152.28,-1,-1,-1,-1
326,11,213.88,638.41,44.81,145.52,-1,-1,-1,-1
326,45,35.46,652.83,41.27,127.92,-1,-1,-1,-1
326,80,1316.46,542.89,43.87,48.36,-1,-1,-1,-1
326,107,1551.33,587.11,57.84,149.49,-1,-1,-1,-1
326,109,8.83,645.20,47.15,140.51,-1,-1,-1,-1
326,115,252.02,633.74,34.01,131.94,-1,-1,-1,-1
326,117,1771.99,542.98,42.79,103.00,-1,-1,-1,-1
326,118,1406.58,528.05,37.78,76.39,-1,-1,-1,-1
326,119,1523.87,557.82,36.67,158.19,-1,-1,-1,-1
326,123,1425.17,604.74,58.28,146.83,-1,-1,-1,-1
326,124,1376.97,574.99,53.94,156.46,-1,-1,-1,-1
326,126,1450.51,533.08,30.79,88.07,-1,-1,-1,-1
327,11,210.27,637.84,42.82,146.76,-1,-1,-1,-1
327,45,32.18,652.10,42.73,128.82,-1,-1,-1,-1
327,80,1319.22,534.84,45.28,58.92,-1,-1,-1,-1
327,107,1554.65,586.60,55.41,151.82,-1,-1,-1,-1
327,109,5.12,644.71,45.78,140.40,-1,-1,-1,-1
327,115,251.13,632.18,33.76,132.02,-1,-1,-1,-1
327,117,1777.70,542.72,44.37,108.63,-1,-1,-1,-1
327,118,1411.08,527.01,38.52,77.49,-1,-1,-1,-1
327,119,1527.53,554.36,36.56,166.56,-1,-1,-1,-1
327,123,1426.99,603.06,55.42,148.71,-1,-1,-1,-1
327,124,1380.39,578.28,49.14,152.75,-1,-1,-1,-1
327,126,1454.71,531.89,29.93,84.51,-1,-1,-1,-1
327,127,4.92,649.57,34.27,133.82,-1,-1,-1,-1
328,11,207.23,638.76,43.64,147.85,-1,-1,-1,-1
328,45,27.74,654.25,41.11,128.40,-1,-1,-1,-1
328,80,1324.23,531.06,42.54,62.45,-1,-1,-1,-1
328,107,1558.18,586.12,54.08,154.46,-1,-1,-1,-1
328,109,2.62,645.33,44.30,140.46,-1,-1,-1,-1
328,115,248.38,633.87,33.77,130.58,-1,-1,-1,-1
328,117,1784.10,541.63,44.66,116.30,-1,-1,-1,-1
328,118,1415.59,525.97,39.26,78.59,-1,-1,-1,-1
328,119,1530.33,552.37,36.94,170.54,-1,-1,-1,-1
328,123,1427.92,600.99,53.74,151.64,-1,-1,-1,-1
328,124,1380.43,579.32,48.22,154.11,-1,-1,-1,-1
328,126,1458.02,530.40,30.75,85.22,-1,-1,-1,-1
328,127,2.04,650.93,36.99,136.99,-1,-1,-1,-1
329,11,205.92,637.36,47.12,148.71,-1,-1,-1,-1
329,45,24.27,652.66,41.97,128.38,-1,-1,-1,-1
329,80,1326.45,534.16,44.91,57.74,-1,-1,-1,-1
329,107,1564.02,586.01,51.49,154.43,-1,-1,-1,-1
329,109,0.12,645.95,42.81,140.52,-1,-1,-1,-1
329,115,244.75,631.50,35.59,133.96,-1,-1,-1,-1
329,117,1790.73,540.01,49.81,122.48,-1,-1,-1,-1
329,118,1420.09,524.93,40.01,79.70,-1,-1,-1,-1
329,119,1531.72,554.96,40.61,168.36,-1,-1,-1,-1
329,123,1428.68,597.93,51.17,154.62,-1,-1,-1,-1
329,124,1379.11,577.92,48.37,155.26,-1,-1,-1,-1
329,126,1461.37,527.60,32.56,84.29,-1,-1,-1,-1
329,127,1.02,650.76,30.79,135.84,-1,-1,-1,-1
330,11,208.13,635.96,43.25,147.92,-1,-1,-1,-1
330,45,20.19,651.72,41.98,129.46,-1,-1,-1,-1
330,80,1326.60,532.79,47.07,59.57,-1,-1,-1,-1
330,107,1565.12,586.60,54.38,155.22,-1,-1,-1,-1
330,109,0.00,646.76,38.45,139.55,-1,-1,-1,-1
330,115,241.37,630.35,36.89,135.57,-1,-1,-1,-1
330,117,1797.27,539.43,44.26,122.64,-1,-1,-1,-1
330,118,1424.60,523.89,40.75,80.80,-1,-1,-1,-1
330,119,1534.76,563.11,43.08,162.32,-1,-1,-1,-1
330,123,1430.37,594.75,49.26,158.55,-1,-1,-1,-1
330,124,1377.07,577.57,50.74,157.16,-1,-1,-1,-1
330,126,1464.83,527.84,33.66,81.80,-1,-1,-1,-1
330,127,0.00,650.60,24.58,134.70,-1,-1,-1,-1
331,11,203.24,634.93,46.15,149.61,-1,-1,-1,-1
331,45,14.03,651.82,42.23,130.51,-1,-1,-1,-1
331,80,1327.88,530.07,50.51,62.07,-1,-1,-1,-1
331,107,1565.49,586.48,58.70,154.49,-1,-1,-1,-1
331,109,0.00,647.06,37.17,140.32,-1,-1,-1,-1
331,115,238.36,629.56,37.33,136.84,-1,-1,-1,-1
331,117,1802.80,536.25,48.74,126.57,-1,-1,-1,-1
331,118,1429.10,522.85,41.49,81.91,-1,-1,-1,-1
331,119,1540.17,568.78,40.51,155.16,-1,-1,-1,-1
331,123,1430.40,594.96,50.72,159.00,-1,-1,-1,-1
331,124,1371.46,576.77,61.62,156.85,-1,-1,-1,-1
331,126,1468.13,525.53,33.79,84.65,-1,-1,-1,-1
331,127,0.00,650.68,19.93,137.50,-1,-1,-1,-1
332,11,205.87,632.59,41.14,145.89,-1,-1,-1,-1
332,45,7.44,648.86,45.27,131.42,-1,-1,-1,-1
332,80,1327.50,518.33,51.73,74.43,-1,-1,-1,-1
332,107,1569.52,586.58,58.25,153.35,-1,-1,-1,-1
332,109,0.00,647.75,35.91,136.55,-1,-1,-1,-1
332,115,233.96,627.61,39.39,137.91,-1,-1,-1,-1
332,117,1808.83,534.04,44.92,127.05,-1,-1,-1,-1
332,118,1431.67,520.88,41.28,75.89,-1,-1,-1,-1
332,119,1543.15,570.76,41.12,151.31,-1,-1,-1,-1
332,123,1431.34,594.23,52.28,159.16,-1,-1,-1,-1
332,124,1363.52,574.07,72.66,157.70,-1,-1,-1,-1
332,126,1470.95,522.96,35.14,79.66,-1,-1,-1,-1
332,127,0.00,647.76,18.74,137.86,-1,-1,-1,-1
333,11,203.95,630.92,40.08,145.73,-1,-1,-1,-1
333,45,2.52,649.20,46.26,131.72,-1,-1,-1,-1
333,80,1329.99,521.71,50.30,69.21,-1,-1,-1,-1
333,107,1573.26,584.06,62.63,156.96,-1,-1,-1,-1
333,109,0.00,648.96,26.87,134.50,-1,-1,-1,-1
333,115,230.32,626.53,40.58,140.82,-1,-1,-1,-1
333,117,1813.90,531.48,45.22,127.47,-1,-1,-1,-1
333,118,1433.80,518.66,40.47,76.12,-1,-1,-1,-1
333,123,1429.62,593.75,56.70,161.77,-1,-1,-1,-1
333,124,1354.37,572.22,84.74,158.59,-1,-1,-1,-1
333,126,1474.25,519.65,35.63,85.51,-1,-1,-1,-1
333,127,0.00,652.45,14.63,122.92,-1,-1,-1,-1
334,11,193.65,628.67,47.67,147.80,-1,-1,-1,-1
334,45,0.00,647.42,42.63,131.87,-1,-1,-1,-1
334,80,1331.33,511.26,50.65,76.90,-1,-1,-1,-1
334,107,1577.69,580.75,62.40,159.01,-1,-1,-1,-1
334,109,0.00,647.95,25.65,134.60,-1,-1,-1,-1
334,115,227.63,624.38,40.10,142.38,-1,-1,-1,-1
334,117,1820.34,527.42,44.92,128.49,-1,-1,-1,-1
334,118,1437.02,515.36,40.34,65.90,-1,-1,-1,-1
334,123,1425.88,590.66,63.16,165.11,-1,-1,-1,-1
334,124,1350.07,569.89,88.08,158.38,-1,-1,-1,-1
334,126,1477.66,516.16,32.98,81.40,-1,-1,-1,-1
335,11,183.59,628.18,51.89,150.98,-1,-1,-1,-1
335,45,0.00,646.46,37.26,134.06,-1,-1,-1,-1
335,80,1336.21,513.97,46.96,71.04,-1,-1,-1,-1
335,107,1579.27,579.72,64.55,158.16,-1,-1,-1,-1
335,115,223.41,622.66,40.09,141.01,-1,-1,-1,-1
335,117,1825.68,524.20,49.41,130.25,-1,-1,-1,-1
335,118,1440.47,512.76,41.84,61.45,-1,-1,-1,-1
335,123,1423.77,591.85,71.10,163.84,-1,-1,-1,-1
335,124,1349.30,568.39,87.32,159.04,-1,-1,-1,-1
335,126,1480.40,512.44,35.00,86.09,-1,-1,-1,-1
336,11,172.45,628.39,51.14,155.12,-1,-1,-1,-1
336,45,0.00,647.85,31.42,134.47,-1,-1,-1,-1
336,80,1338.37,510.40,46.02,72.92,-1,-1,-1,-1
336,107,1585.25,579.03,58.50,158.35,-1,-1,-1,-1
336,115,219.01,622.51,42.13,144.05,-1,-1,-1,-1
336,117,1831.60,521.41,46.13,129.62,-1,-1,-1,-1
336,118,1441.90,511.45,38.03,56.50,-1,-1,-1,-1
336,123,1424.84,589.36,77.68,166.84,-1,-1,-1,-1
336,124,1350.07,561.35,86.65,165.03,-1,-1,-1,-1
336,126,1482.50,510.25,36.57,87.74,-1,-1,-1,-1
337,11,169.84,629.83,45.09,156.80,-1,-1,-1,-1
337,45,0.00,648.69,27.82,134.93,-1,-1,-1,-1
337,80,1340.61,512.89,45.64,86.96,-1,-1,-1,-1
337,107,1589.02,583.96,52.11,158.22,-1,-1,-1,-1
337,115,214.63,623.53,41.65,143.79,-1,-1,-1,-1
337,117,1836.52,521.08,45.92,131.04,-1,-1,-1,-1
337,118,1443.70,513.19,35.65,55.06,-1,-1,-1,-1
337,123,1428.19,592.80,78.66,167.74,-1,-1,-1,-1
337,124,1352.65,563.32,84.11,166.09,-1,-1,-1,-1
337,126,1485.57,510.92,35.51,85.69,-1,-1,-1,-1
338,11,168.10,633.31,50.42,157.32,-1,-1,-1,-1
338,45,0.00,653.53,22.02,133.34,-1,-1,-1,-1
338,80,1342.17,511.42,45.81,90.12,-1,-1,-1,-1
338,107,1591.90,579.55,49.65,163.19,-1,-1,-1,-1
338,115,210.80,626.28,41.95,145.90,-1,-1,-1,-1
338,117,1843.53,519.71,43.32,130.75,-1,-1,-1,-1
338,118,1445.55,513.18,33.99,53.93,-1,-1,-1,-1
338,123,1432.04,596.06,77.13,166.46,-1,-1,-1,-1
338,124,1356.92,565.63,79.08,163.54,-1,-1,-1,-1
338,126,1488.45,509.21,35.23,83.96,-1,-1,-1,-1
339,11,162.57,638.20,50.22,157.93,-1,-1,-1,-1
339,45,0.00,668.85,18.50,122.04,-1,-1,-1,-1
339,80,1343.93,516.77,46.31,79.89,-1,-1,-1,-1
339,107,1594.69,577.85,49.19,166.63,-1,-1,-1,-1
339,115,206.42,630.44,42.12,144.74,-1,-1,-1,-1
339,117,1848.99,520.82,43.06,131.52,-1,-1,-1,-1
339,118,1446.66,519.06,33.03,49.94,-1,-1,-1,-1
339,123,1435.95,600.60,73.65,166.43,-1,-1,-1,-1
339,124,1360.32,566.92,74.96,164.35,-1,-1,-1,-1
339,126,1490.40,509.91,33.86,83.98,-1,-1,-1,-1
340,11,158.84,638.87,52.99,159.96,-1,-1,-1,-1
340,80,1344.89,515.00,44.92,78.60,-1,-1,-1,-1
340,107,1599.43,577.07,49.65,165.81,-1,-1,-1,-1
340,115,202.58,631.73,41.29,146.53,-1,-1,-1,-1
340,117,1853.86,520.12,44.35,132.43,-1,-1,-1,-1
340,118,1447.55,521.24,33.92,47.98,-1,-1,-1,-1
340,123,1436.84,602.35,75.86,167.33,-1,-1,-1,-1
340,124,1363.71,567.40,74.30,165.53,-1,-1,-1,-1
340,126,1492.72,510.32,32.96,80.71,-1,-1,-1,-1
340,131,1421.56,559.58,36.92,173.38,-1,-1,-1,-1
341,11,155.24,641.67,53.35,161.54,-1,-1,-1,-1
341,80,1344.40,512.63,48.66,84.17,-1,-1,-1,-1
341,107,1602.72,580.88,49.59,166.49,-1,-1,-1,-1
341,115,197.71,636.02,42.04,145.55,-1,-1,-1,-1
341,117,1858.90,522.53,43.62,131.92,-1,-1,-1,-1
341,118,1446.36,523.53,35.86,49.42,-1,-1,-1,-1
341,123,1438.78,606.81,75.84,167.49,-1,-1,-1,-1
341,124,1365.61,569.40,69.33,167.15,-1,-1,-1,-1
341,126,1496.21,513.22,33.93,81.40,-1,-1,-1,-1
341,131,1421.69,564.42,36.70,169.69,-1,-1,-1,-1
342,11,150.46,642.74,53.40,164.99,-1,-1,-1,-1
342,80,1345.97,511.21,48.77,85.23,-1,-1,-1,-1
342,107,1581.37,575.47,72.27,178.17,-1,-1,-1,-1
342,115,192.84,638.13,42.23,146.20,-1,-1,-1,-1
342,117,1863.44,524.26,47.37,132.49,-1,-1,-1,-1
342,118,1446.21,525.71,37.12,49.15,-1,-1,-1,-1
342,123,1438.72,609.46,76.95,169.68,-1,-1,-1,-1
342,124,1365.74,573.57,61.47,167.47,-1,-1,-1,-1
342,126,1499.93,515.09,30.80,79.70,-1,-1,-1,-1
342,131,1413.65,565.23,45.97,176.84,-1,-1,-1,-1
343,11,147.92,647.34,52.84,165.69,-1,-1,-1,-1
343,80,1346.66,520.48,47.66,77.79,-1,-1,-1,-1
343,107,1574.40,577.22,83.04,183.85,-1,-1,-1,-1
343,115,188.12,642.39,42.72,147.71,-1,-1,-1,-1
343,117,1869.60,527.81,46.95,134.72,-1,-1,-1,-1
343,118,1447.05,529.06,38.33,49.79,-1,-1,-1,-1
343,123,1442.47,614.40,72.91,171.08,-1,-1,-1,-1
343,124,1367.82,577.04,50.58,168.95,-1,-1,-1,-1
343,126,1502.52,519.07,29.91,78.42,-1,-1,-1,-1
343,131,1409.95,567.18,51.49,186.37,-1,-1,-1,-1
344,11,149.95,650.46,46.07,164.92,-1,-1,-1,-1
344,80,1348.09,525.07,47.76,79.18,-1,-1,-1,-1
344,107,1574.31,586.46,87.93,183.28,-1,-1,-1,-1
344,115,182.46,646.91,42.51,147.81,-1,-1,-1,-1
344,117,1874.71,531.08,45.29,135.91,-1,-1,-1,-1
344,118,1447.79,532.60,38.93,50.25,-1,-1,-1,-1
344,123,1444.43,617.56,67.56,173.80,-1,-1,-1,-1
344,124,1366.03,582.03,48.18,170.20,-1,-1,-1,-1
344,126,1504.44,522.09,30.60,79.31,-1,-1,-1,-1
344,131,1408.03,571.29,52.95,190.58,-1,-1,-1,-1
345,11,137.38,656.97,53.01,166.89,-1,-1,-1,-1
345,80,1349.58,528.30,46.34,81.89,-1,-1,-1,-1
345,107,1573.88,577.12,93.55,201.85,-1,-1,-1,-1
345,115,177.72,653.33,42.33,148.86,-1,-1,-1,-1
345,117,1877.30,534.65,42.70,136.75,-1,-1,-1,-1
345,118,1448.51,537.17,40.86,50.21,-1,-1,-1,-1
345,123,1446.26,621.43,60.84,177.36,-1,-1,-1,-1
345,124,1363.79,585.82,48.27,173.10,-1,-1,-1,-1
345,126,1506.93,527.53,30.33,79.86,-1,-1,-1,-1
345,131,1402.65,578.30,56.03,190.57,-1,-1,-1,-1
345,134,1571.70,595.10,42.24,179.06,-1,-1,-1,-1
346,11,129.78,662.89,52.79,169.46,-1,-1,-1,-1
346,80,1350.83,535.63,46.01,79.29,-1,-1,-1,-1
346,107,1576.62,588.14,86.72,200.03,-1,-1,-1,-1
346,115,171.30,659.27,44.44,149.52,-1,-1,-1,-1
346,117,1881.15,539.26,38.85,135.57,-1,-1,-1,-1
346,118,1450.37,540.09,40.86,51.32,-1,-1,-1,-1
346,123,1448.29,628.01,58.89,177.66,-1,-1,-1,-1
346,124,1362.72,589.50,50.36,173.69,-1,-1,-1,-1
346,126,1508.96,531.43,31.97,83.93,-1,-1,-1,-1
346,131,1395.91,587.25,63.57,186.81,-1,-1,-1,-1
346,134,1573.88,598.70,42.83,183.74,-1,-1,-1,-1
347,11,124.24,668.81,53.15,170.39,-1,-1,-1,-1
347,80,1352.00,537.47,46.44,87.24,-1,-1,-1,-1
347,107,1579.12,598.73,93.88,194.74,-1,-1,-1,-1
347,115,166.72,663.85,43.76,151.52,-1,-1,-1,-1
347,117,1885.58,543.03,34.42,135.53,-1,-1,-1,-1
347,118,1451.28,542.75,40.31,52.12,-1,-1,-1,-1
347,123,1450.17,632.81,57.65,181.17,-1,-1,-1,-1
347,124,1360.05,596.71,54.38,171.52,-1,-1,-1,-1
347,126,1510.79,533.89,30.88,84.21,-1,-1,-1,-1
347,131,1386.94,594.56,74.29,183.80,-1,-1,-1,-1
347,134,1575.65,604.47,43.91,184.77,-1,-1,-1,-1
348,11,117.56,671.37,54.06,171.98,-1,-1,-1,-1
348,80,1353.34,538.42,46.38,88.50,-1,-1,-1,-1
348,107,1585.03,604.29,91.83,192.93,-1,-1,-1,-1
348,115,162.01,665.58,43.00,152.59,-1,-1,-1,-1
348,117,1890.28,545.57,29.72,132.81,-1,-1,-1,-1
348,118,1452.49,544.12,39.10,52.71,-1,-1,-1,-1
348,123,1450.70,634.55,58.03,185.63,-1,-1,-1,-1
348,124,1351.91,598.12,60.87,172.82,-1,-1,-1,-1
348,126,1513.77,534.09,30.43,84.76,-1,-1,-1,-1
348,131,1385.59,596.43,77.26,186.02,-1,-1,-1,-1
348,134,1577.68,607.21,47.88,186.76,-1,-1,-1,-1
349,11,111.56,673.24,54.89,174.83,-1,-1,-1,-1
349,80,1355.05,541.21,45.45,90.45,-1,-1,-1,-1
349,107,1590.26,614.95,91.78,186.38,-1,-1,-1,-1
349,115,156.78,668.05,43.47,155.11,-1,-1,-1,-1
349,117,1894.27,547.35,25.73,132.33,-1,-1,-1,-1
349,118,1454.56,545.33,37.71,53.18,-1,-1,-1,-1
349,123,1449.59,638.71,60.64,186.87,-1,-1,-1,-1
349,124,1349.61,600.82,62.56,170.57,-1,-1,-1,-1
349,126,1515.67,535.09,31.09,88.20,-1,-1,-1,-1
349,131,1385.88,597.09,76.10,189.63,-1,-1,-1,-1
349,134,1587.35,616.81,45.19,182.20,-1,-1,-1,-1
350,11,106.94,674.01,54.05,175.41,-1,-1,-1,-1
350,80,1356.67,543.86,45.19,89.08,-1,-1,-1,-1
350,107,1592.02,618.89,83.88,188.95,-1,-1,-1,-1
350,115,151.42,668.99,43.29,154.93,-1,-1,-1,-1
350,117,1898.81,548.10,21.19,132.20,-1,-1,-1,-1
350,118,1455.41,546.76,37.19,53.28,-1,-1,-1,-1
350,123,1443.37,642.44,68.53,187.71,-1,-1,-1,-1
350,124,1344.73,558.99,67.76,216.83,-1,-1,-1,-1
350,126,1517.98,537.97,30.33,83.85,-1,-1,-1,-1
350,131,1387.78,598.55,74.86,192.28,-1,-1,-1,-1
350,134,1594.44,620.33,51.62,184.19,-1,-1,-1,-1
351,11,100.22,681.48,42.35,170.81,-1,-1,-1,-1
351,80,1357.67,542.12,46.47,91.07,-1,-1,-1,-1
351,115,145.80,670.31,44.59,154.57,-1,-1,-1,-1
351,118,1456.36,548.46,34.70,52.23,-1,-1,-1,-1
351,123,1433.26,645.01,83.65,190.20,-1,-1,-1,-1
351,124,1344.88,588.05,67.67,189.08,-1,-1,-1,-1
351,126,1520.13,538.58,29.97,84.31,-1,-1,-1,-1
351,131,1389.89,599.82,64.86,192.62,-1,-1,-1,-1
351,134,1590.28,621.58,62.21,184.62,-1,-1,-1,-1
352,11,94.97,678.15,51.45,174.94,-1,-1,-1,-1
352,80,1359.54,541.37,47.32,91.54,-1,-1,-1,-1
352,115,140.85,671.26,45.29,156.35,-1,-1,-1,-1
352,118,1458.26,551.20,32.71,52.32,-1,-1,-1,-1
352,123,1421.25,648.20,101.18,193.50,-1,-1,-1,-1
352,124,1345.46,602.48,68.86,181.11,-1,-1,-1,-1
352,126,1522.44,539.54,30.41,82.71,-1,-1,-1,-1
352,131,1393.59,603.17,57.64,193.56,-1,-1,-1,-1
352,134,1596.18,625.48,63.83,185.77,-1,-1,-1,-1
353,11,87.72,679.77,44.31,176.16,-1,-1,-1,-1
353,80,1360.51,539.79,47.46,95.15,-1,-1,-1,-1
353,115,136.48,671.97,45.25,157.92,-1,-1,-1,-1
353,118,1459.40,552.57,31.32,52.71,-1,-1,-1,-1
353,123,1418.36,651.05,107.08,195.36,-1,-1,-1,-1
353,124,1348.44,607.00,68.33,179.66,-1,-1,-1,-1
353,126,1525.11,541.81,30.06,81.54,-1,-1,-1,-1
353,131,1395.95,604.72,53.99,195.38,-1,-1,-1,-1
353,134,1589.85,624.08,71.32,190.46,-1,-1,-1,-1
353,136,1499.24,544.53,30.80,61.96,-1,-1,-1,-1
354,11,83.34,680.55,48.79,177.17,-1,-1,-1,-1
354,80,1362.07,541.55,47.00,104.95,-1,-1,-1,-1
354,115,130.63,673.47,45.35,159.20,-1,-1,-1,-1
354,118,1460.69,553.72,31.28,53.99,-1,-1,-1,-1
354,123,1412.81,655.41,113.04,196.69,-1,-1,-1,-1
354,124,1351.19,609.46,66.15,180.18,-1,-1,-1,-1
354,126,1526.91,542.34,31.90,80.56,-1,-1,-1,-1
354,131,1394.95,607.59,54.64,196.08,-1,-1,-1,-1
354,134,1587.15,623.70,74.63,195.99,-1,-1,-1,-1
354,136,1501.99,546.99,31.73,61.92,-1,-1,-1,-1
355,11,76.04,681.09,54.76,178.19,-1,-1,-1,-1
355,80,1364.06,542.54,46.66,113.30,-1,-1,-1,-1
355,115,125.35,673.13,45.03,160.34,-1,-1,-1,-1
355,118,1462.47,553.61,29.10,55.69,-1,-1,-1,-1
355,123,1428.63,657.40,100.97,199.41,-1,-1,-1,-1
355,124,1352.70,613.15,62.17,175.85,-1,-1,-1,-1
355,126,1529.75,546.36,30.78,77.39,-1,-1,-1,-1
355,131,1392.32,609.53,57.05,197.67,-1,-1,-1,-1
355,134,1586.34,625.68,75.90,199.07,-1,-1,-1,-1
355,136,1504.02,547.43,31.72,64.63,-1,-1,-1,-1
355,137,1484.98,549.62,29.29,59.52,-1,-1,-1,-1
356,11,66.54,682.59,57.84,181.24,-1,-1,-1,-1
356,80,1364.26,541.75,48.85,118.19,-1,-1,-1,-1
356,115,119.05,674.14,46.68,161.16,-1,-1,-1,-1
356,118,1462.63,554.34,28.90,56.10,-1,-1,-1,-1
356,123,1444.88,659.32,88.77,202.59,-1,-1,-1,-1
356,124,1352.75,615.59,59.61,176.65,-1,-1,-1,-1
356,126,1531.26,545.98,31.72,79.68,-1,-1,-1,-1
356,131,1389.36,611.86,59.98,199.20,-1,-1,-1,-1
356,134,1585.01,628.19,76.57,203.38,-1,-1,-1,-1
356,136,1506.25,547.89,30.56,65.91,-1,-1,-1,-1
356,137,1486.42,550.07,28.52,60.06,-1,-1,-1,-1
356,138,69.39,686.40,38.19,176.49,-1,-1,-1,-1
357,11,60.42,688.37,44.94,177.64,-1,-1,-1,-1
357,80,1366.64,545.82,46.91,111.78,-1,-1,-1,-1
357,115,112.76,674.58,46.20,162.72,-1,-1,-1,-1
357,118,1461.45,556.50,30.73,56.26,-1,-1,-1,-1
357,123,1450.90,661.88,81.25,204.32,-1,-1,-1,-1
357,124,1350.98,613.42,57.45,180.76,-1,-1,-1,-1
357,126,1533.93,547.12,31.80,81.36,-1,-1,-1,-1
357,131,1383.47,610.84,66.42,203.65,-1,-1,-1,-1
357,134,1582.50,633.59,82.44,202.35,-1,-1,-1,-1
357,136,1506.75,549.70,30.31,66.44,-1,-1,-1,-1
357,137,1487.90,552.06,28.70,61.18,-1,-1,-1,-1
357,138,63.86,684.26,48.08,180.17,-1,-1,-1,-1
358,11,53.13,700.98,40.91,166.75,-1,-1,-1,-1
358,80,1368.08,548.45,45.61,107.75,-1,-1,-1,-1
358,115,106.95,675.31,45.92,164.86,-1,-1,-1,-1
358,118,1460.10,559.31,33.73,53.91,-1,-1,-1,-1
358,123,1454.47,663.68,75.45,205.55,-1,-1,-1,-1
358,124,1349.22,599.78,56.60,197.81,-1,-1,-1,-1
358,126,1536.30,548.59,31.01,81.61,-1,-1,-1,-1
358,131,1382.13,612.41,68.84,204.45,-1,-1,-1,-1
358,134,1578.89,636.77,87.66,202.27,-1,-1,-1,-1
358,136,1510.11,552.20,30.78,65.56,-1,-1,-1,-1
358,137,1489.30,552.88,29.72,61.23,-1,-1,-1,-1
358,138,70.21,687.65,43.44,172.08,-1,-1,-1,-1
358,140,1622.21,580.29,46.24,113.51,-1,-1,-1,-1
359,11,44.60,709.91,39.15,161.95,-1,-1,-1,-1
359,80,1369.23,552.32,44.13,102.90,-1,-1,-1,-1
359,115,101.34,677.02,45.72,166.41,-1,-1,-1,-1
359,118,1458.65,565.41,37.89,50.18,-1,-1,-1,-1
359,123,1453.13,667.49,69.82,207.16,-1,-1,-1,-1
359,124,1347.69,603.07,52.62,192.99,-1,-1,-1,-1
359,126,1537.91,552.53,30.38,78.88,-1,-1,-1,-1
359,131,1376.43,615.56,76.17,205.73,-1,-1,-1,-1
359,134,1580.10,640.90,89.10,204.17,-1,-1,-1,-1
359,136,1511.17,552.71,31.78,67.34,-1,-1,-1,-1
359,137,1490.58,555.65,30.96,59.75,-1,-1,-1,-1
359,138,65.81,687.12,45.17,177.62,-1,-1,-1,-1
359,140,1621.31,582.57,46.54,116.16,-1,-1,-1,-1
360,11,32.46,711.58,43.52,162.66,-1,-1,-1,-1
360,80,1369.45,555.14,43.73,103.08,-1,-1,-1,-1
360,115,93.36,678.42,48.12,167.24,-1,-1,-1,-1
360,118,1458.52,564.76,38.83,54.63,-1,-1,-1,-1
360,123,1455.31,671.93,65.27,206.05,-1,-1,-1,-1
360,124,1345.18,611.98,51.49,190.78,-1,-1,-1,-1
360,126,1539.19,555.59,32.05,78.19,-1,-1,-1,-1
360,131,1371.61,620.41,82.20,205.34,-1,-1,-1,-1
360,134,1579.71,647.53,91.11,202.96,-1,-1,-1,-1
360,136,1513.08,555.61,33.25,67.87,-1,-1,-1,-1
360,137,1491.88,558.60,30.86,60.27,-1,-1,-1,-1
360,138,59.39,686.47,44.28,176.99,-1,-1,-1,-1
360,140,1622.26,586.74,49.39,121.09,-1,-1,-1,-1
361,11,25.60,702.56,42.86,171.90,-1,-1,-1,-1
361,80,1370.47,555.37,43.63,103.27,-1,-1,-1,-1
361,115,86.73,680.23,47.50,167.47,-1,-1,-1,-1
361,118,1456.95,565.53,35.90,55.39,-1,-1,-1,-1
361,123,1456.12,674.51,65.77,209.56,-1,-1,-1,-1
361,124,1343.01,617.05,52.33,191.26,-1,-1,-1,-1
361,126,1540.43,557.13,32.28,77.61,-1,-1,-1,-1
361,131,1367.79,621.56,87.83,207.60,-1,-1,-1,-1
361,134,1581.47,652.22,90.80,203.88,-1,-1,-1,-1
361,136,1514.70,556.83,33.28,68.02,-1,-1,-1,-1
361,137,1493.66,560.67,29.56,60.51,-1,-1,-1,-1
361,138,48.58,688.60,47.10,180.93,-1,-1,-1,-1
361,140,1629.74,588.51,49.06,128.87,-1,-1,-1,-1
362,11,21.69,702.72,39.04,175.29,-1,-1,-1,-1
362,80,1370.08,560.26,46.77,97.74,-1,-1,-1,-1
362,115,79.44,681.65,48.81,169.33,-1,-1,-1,-1
362,118,1456.90,569.13,34.62,55.41,-1,-1,-1,-1
362,123,1457.29,677.49,69.06,213.69,-1,-1,-1,-1
362,124,1341.45,619.82,52.94,194.06,-1,-1,-1,-1
362,126,1542.32,561.32,31.76,78.94,-1,-1,-1,-1
362,131,1366.96,626.43,90.24,207.88,-1,-1,-1,-1
362,134,1582.84,655.16,89.86,207.96,-1,-1,-1,-1
362,136,1515.91,560.58,32.10,67.89,-1,-1,-1,-1
362,137,1494.96,565.22,30.71,60.02,-1,-1,-1,-1
362,138,41.18,689.23,47.54,180.14,-1,-1,-1,-1
362,140,1635.27,596.71,48.81,126.37,-1,-1,-1,-1
363,11,15.95,712.99,38.20,172.55,-1,-1,-1,-1
363,80,1370.06,563.26,46.23,85.15,-1,-1,-1,-1
363,115,72.12,686.26,49.22,170.92,-1,-1,-1,-1
363,118,1455.64,569.92,34.76,57.04,-1,-1,-1,-1
363,123,1456.09,678.73,73.78,218.09,-1,-1,-1,-1
363,124,1340.38,622.68,52.61,186.52,-1,-1,-1,-1
363,126,1543.96,560.72,32.17,80.96,-1,-1,-1,-1
363,131,1366.09,626.46,93.33,211.48,-1,-1,-1,-1
363,134,1583.60,655.51,87.25,211.90,-1,-1,-1,-1
363,136,1517.57,561.43,32.34,69.18,-1,-1,-1,-1
363,137,1495.67,567.45,32.10,59.47,-1,-1,-1,-1
363,138,38.06,693.37,44.51,183.80,-1,-1,-1,-1
363,140,1639.27,596.95,47.39,128.18,-1,-1,-1,-1
364,11,6.83,703.21,39.05,183.99,-1,-1,-1,-1
364,80,1370.09,568.05,48.30,77.24,-1,-1,-1,-1
364,115,65.62,687.05,50.15,172.35,-1,-1,-1,-1
364,118,1455.61,573.08,37.39,58.04,-1,-1,-1,-1
364,123,1451.12,684.02,79.42,222.13,-1,-1,-1,-1
364,124,1337.96,628.92,52.82,170.64,-1,-1,-1,-1
364,126,1545.94,563.46,31.79,82.18,-1,-1,-1,-1
364,131,1364.68,632.33,93.86,211.66,-1,-1,-1,-1
364,134,1583.94,658.16,80.34,216.85,-1,-1,-1,-1
364,136,1518.40,563.28,33.30,71.77,-1,-1,-1,-1
364,137,1497.03,569.40,32.38,61.71,-1,-1,-1,-1
364,138,26.51,693.38,47.96,186.15,-1,-1,-1,-1
364,140,1644.33,603.68,47.45,124.07,-1,-1,-1,-1
365,11,0.00,721.77,38.50,173.18,-1,-1,-1,-1
365,80,1370.87,571.70,46.45,73.04,-1,-1,-1,-1
365,115,59.68,692.00,49.64,171.81,-1,-1,-1,-1
365,118,1455.79,575.44,37.23,59.01,-1,-1,-1,-1
365,123,1447.84,691.00,83.04,222.20,-1,-1,-1,-1
365,124,1336.44,633.63,52.84,161.84,-1,-1,-1,-1
365,126,1548.49,567.53,31.22,79.81,-1,-1,-1,-1
365,131,1369.23,637.90,85.92,211.04,-1,-1,-1,-1
365,134,1583.54,657.74,70.78,221.63,-1,-1,-1,-1
365,136,1520.32,565.95,33.39,71.82,-1,-1,-1,-1
365,137,1498.95,571.13,34.20,63.50,-1,-1,-1,-1
365,138,21.48,698.76,46.45,185.28,-1,-1,-1,-1
365,140,1649.70,597.75,50.66,131.52,-1,-1,-1,-1
366,11,0.00,730.63,31.96,169.85,-1,-1,-1,-1
366,80,1372.36,573.84,45.37,72.00,-1,-1,-1,-1
366,115,53.01,695.04,50.64,174.07,-1,-1,-1,-1
366,118,1455.92,578.11,37.02,58.86,-1,-1,-1,-1
366,123,1446.45,692.74,87.05,227.16,-1,-1,-1,-1
366,124,1334.61,638.14,52.89,156.67,-1,-1,-1,-1
366,126,1550.35,569.56,31.65,79.17,-1,-1,-1,-1
366,131,1370.40,641.01,79.67,211.94,-1,-1,-1,-1
366,134,1582.37,658.33,66.51,226.73,-1,-1,-1,-1
366,136,1521.06,567.84,34.99,72.11,-1,-1,-1,-1
366,137,1498.62,573.32,36.93,63.83,-1,-1,-1,-1
366,138,14.33,701.23,47.83,187.77,-1,-1,-1,-1
366,140,1653.76,604.05,50.95,131.37,-1,-1,-1,-1
366,141,1421.49,574.23,38.45,64.10,-1,-1,-1,-1
367,11,0.00,736.32,23.58,168.39,-1,-1,-1,-1
367,80,1372.61,576.37,46.30,73.65,-1,-1,-1,-1
367,115,45.72,699.61,50.95,175.79,-1,-1,-1,-1
367,118,1456.39,580.62,36.45,58.84,-1,-1,-1,-1
367,123,1447.83,699.98,86.11,227.32,-1,-1,-1,-1
367,124,1333.16,642.08,55.10,179.25,-1,-1,-1,-1
367,126,1551.05,571.73,32.75,80.86,-1,-1,-1,-1
367,131,1371.75,643.55,76.38,211.81,-1,-1,-1,-1
367,134,1580.05,662.38,68.27,228.93,-1,-1,-1,-1
367,136,1522.51,569.85,35.47,71.79,-1,-1,-1,-1
367,137,1500.65,573.70,36.98,64.97,-1,-1,-1,-1
367,138,6.18,705.88,48.04,191.52,-1,-1,-1,-1
367,140,1659.83,606.76,52.81,133.42,-1,-1,-1,-1
367,141,1422.63,576.09,37.33,64.99,-1,-1,-1,-1
368,80,1371.63,579.01,48.47,74.82,-1,-1,-1,-1
368,115,38.23,703.00,50.52,175.00,-1,-1,-1,-1
368,118,1456.67,583.42,36.39,59.01,-1,-1,-1,-1
368,123,1450.49,707.32,86.28,227.80,-1,-1,-1,-1
368,124,1331.48,645.69,57.32,188.01,-1,-1,-1,-1
368,126,1553.74,575.11,31.30,81.01,-1,-1,-1,-1
368,131,1372.72,647.29,67.20,207.92,-1,-1,-1,-1
368,134,1578.74,671.57,71.23,225.24,-1,-1,-1,-1
368,136,1525.23,572.55,33.69,72.26,-1,-1,-1,-1
368,137,1503.12,577.08,34.89,64.53,-1,-1,-1,-1
368,138,0.55,709.30,45.68,193.07,-1,-1,-1,-1
368,140,1664.77,606.15,54.37,139.45,-1,-1,-1,-1
368,141,1421.63,583.37,35.43,62.28,-1,-1,-1,-1
369,80,1373.57,580.02,47.26,76.59,-1,-1,-1,-1
369,115,30.48,708.61,51.51,175.27,-1,-1,-1,-1
369,118,1457.33,585.09,38.44,59.63,-1,-1,-1,-1
369,123,1454.45,712.90,84.34,228.78,-1,-1,-1,-1
369,124,1329.68,646.53,81.69,206.03,-1,-1,-1,-1
369,126,1555.70,574.18,31.36,84.25,-1,-1,-1,-1
369,131,1373.33,647.86,58.93,191.09,-1,-1,-1,-1
369,134,1570.96,675.62,82.24,225.26,-1,-1,-1,-1
369,136,1527.93,573.37,32.56,72.67,-1,-1,-1,-1
369,137,1505.95,578.66,33.42,64.58,-1,-1,-1,-1
369,138,0.00,715.10,38.89,195.59,-1,-1,-1,-1
369,140,1669.02,604.47,54.56,144.08,-1,-1,-1,-1
369,141,1421.31,581.00,35.49,67.95,-1,-1,-1,-1
370,80,1374.90,580.87,46.58,80.98,-1,-1,-1,-1
370,115,19.71,712.84,55.67,178.45,-1,-1,-1,-1
370,118,1457.46,587.88,39.87,59.51,-1,-1,-1,-1
370,123,1456.45,718.15,91.37,228.78,-1,-1,-1,-1
370,124,1327.19,648.55,66.71,194.22,-1,-1,-1,-1
370,126,1556.98,574.90,31.65,82.75,-1,-1,-1,-1
370,131,1369.73,650.01,56.88,207.70,-1,-1,-1,-1
370,134,1559.57,676.44,95.88,229.63,-1,-1,-1,-1
370,136,1529.30,574.39,33.55,74.63,-1,-1,-1,-1
370,137,1507.71,581.05,32.86,64.67,-1,-1,-1,-1
370,138,0.00,720.52,31.23,193.73,-1,-1,-1,-1
370,140,1674.67,602.41,59.03,149.55,-1,-1,-1,-1
370,141,1421.91,583.10,36.99,68.40,-1,-1,-1,-1
371,80,1375.48,581.20,47.61,91.33,-1,-1,-1,-1
371,115,13.52,716.56,56.70,177.91,-1,-1,-1,-1
371,118,1457.42,588.86,39.77,59.52,-1,-1,-1,-1
371,123,1457.43,721.57,93.23,229.77,-1,-1,-1,-1
371,124,1324.97,649.71,57.56,172.31,-1,-1,-1,-1
371,126,1558.06,574.84,31.86,81.25,-1,-1,-1,-1
371,131,1366.68,651.34,58.50,214.60,-1,-1,-1,-1
371,134,1551.97,676.32,107.21,233.20,-1,-1,-1,-1
371,136,1531.19,574.83,33.03,74.95,-1,-1,-1,-1
371,137,1508.99,581.57,31.72,64.37,-1,-1,-1,-1
371,138,0.00,724.11,23.07,193.95,-1,-1,-1,-1
371,140,1679.34,602.32,55.75,150.77,-1,-1,-1,-1
371,141,1422.28,583.83,36.85,69.76,-1,-1,-1,-1
372,80,1378.18,582.13,45.49,96.15,-1,-1,-1,-1
372,115,6.75,719.42,55.57,180.62,-1,-1,-1,-1
372,118,1456.77,588.48,42.47,60.75,-1,-1,-1,-1
372,123,1457.31,724.63,95.22,231.63,-1,-1,-1,-1
372,124,1323.35,650.08,53.18,165.36,-1,-1,-1,-1
372,126,1559.07,574.20,31.84,81.49,-1,-1,-1,-1
372,131,1364.58,652.58,60.67,218.79,-1,-1,-1,-1
372,134,1547.45,680.33,115.62,232.94,-1,-1,-1,-1
372,136,1532.20,575.00,33.10,75.25,-1,-1,-1,-1
372,137,1510.11,581.39,31.64,65.53,-1,-1,-1,-1
372,138,0.00,728.07,18.85,188.62,-1,-1,-1,-1
372,140,1684.57,606.28,53.48,148.49,-1,-1,-1,-1
372,141,1422.92,579.90,37.05,75.38,-1,-1,-1,-1
373,80,1379.13,582.28,45.05,98.65,-1,-1,-1,-1
373,115,0.04,724.92,54.87,182.32,-1,-1,-1,-1
373,118,1456.79,587.74,43.01,61.69,-1,-1,-1,-1
373,123,1458.53,725.32,94.30,234.34,-1,-1,-1,-1
373,124,1322.31,650.49,51.46,161.30,-1,-1,-1,-1
373,126,1559.87,572.79,32.25,82.24,-1,-1,-1,-1
373,131,1362.71,654.88,63.72,219.46,-1,-1,-1,-1
373,134,1545.78,681.56,121.30,234.21,-1,-1,-1,-1
373,136,1532.71,574.60,33.78,75.45,-1,-1,-1,-1
373,137,1511.60,580.89,33.65,62.95,-1,-1,-1,-1
373,140,1690.19,607.21,53.61,146.91,-1,-1,-1,-1
373,141,1422.97,582.78,38.16,73.55,-1,-1,-1,-1
374,80,1378.32,581.85,45.29,99.46,-1,-1,-1,-1
374,115,0.00,727.88,47.63,181.86,-1,-1,-1,-1
374,118,1455.87,586.67,43.47,62.61,-1,-1,-1,-1
374,123,1457.17,725.97,86.93,237.10,-1,-1,-1,-1
374,124,1320.54,649.89,49.80,162.71,-1,-1,-1,-1
374,126,1560.46,572.10,32.43,82.71,-1,-1,-1,-1
374,131,1360.33,656.17,66.46,220.00,-1,-1,-1,-1
374,134,1545.88,686.58,122.49,231.69,-1,-1,-1,-1
374,136,1533.05,574.15,34.34,75.60,-1,-1,-1,-1
374,137,1512.41,580.21,35.22,65.00,-1,-1,-1,-1
374,140,1694.52,606.68,51.85,146.74,-1,-1,-1,-1
374,141,1421.01,586.57,38.90,72.41,-1,-1,-1,-1
375,80,1378.39,580.75,44.69,98.59,-1,-1,-1,-1
375,115,0.00,731.88,40.09,186.16,-1,-1,-1,-1
375,118,1455.45,583.67,41.97,65.03,-1,-1,-1,-1
375,123,1456.82,726.59,83.15,239.70,-1,-1,-1,-1
375,124,1318.67,649.24,48.69,170.00,-1,-1,-1,-1
375,126,1560.99,570.80,32.32,84.46,-1,-1,-1,-1
375,131,1356.68,656.18,71.69,222.37,-1,-1,-1,-1
375,134,1548.04,688.63,120.48,232.36,-1,-1,-1,-1
375,136,1533.27,573.32,32.30,74.50,-1,-1,-1,-1
375,137,1512.48,578.09,37.54,67.25,-1,-1,-1,-1
375,140,1699.31,608.42,52.23,145.71,-1,-1,-1,-1
375,141,1419.47,585.82,37.69,74.06,-1,-1,-1,-1
376,80,1380.10,579.46,41.02,100.00,-1,-1,-1,-1
376,115,0.00,733.94,31.79,190.14,-1,-1,-1,-1
376,118,1456.12,580.66,40.13,66.99,-1,-1,-1,-1
376,123,1457.12,727.78,81.12,241.40,-1,-1,-1,-1
376,124,1316.25,648.55,48.37,164.50,-1,-1,-1,-1
376,126,1561.07,569.77,32.99,84.32,-1,-1,-1,-1
376,131,1354.51,654.72,73.85,225.63,-1,-1,-1,-1
376,134,1551.68,687.95,113.87,234.96,-1,-1,-1,-1
376,136,1533.90,571.27,31.16,75.51,-1,-1,-1,-1
376,137,1513.15,576.11,38.46,68.61,-1,-1,-1,-1
376,140,1704.85,605.78,49.42,149.66,-1,-1,-1,-1
376,141,1416.86,583.23,35.25,75.52,-1,-1,-1,-1
377,80,1381.48,576.54,41.06,102.03,-1,-1,-1,-1
377,118,1456.49,578.11,39.51,67.18,-1,-1,-1,-1
377,123,1456.53,727.85,82.25,244.61,-1,-1,-1,-1
377,124,1312.78,648.61,47.93,145.10,-1,-1,-1,-1
377,126,1560.29,567.69,33.84,84.17,-1,-1,-1,-1
377,131,1352.12,654.92,76.55,225.75,-1,-1,-1,-1
377,134,1552.58,685.83,108.12,238.13,-1,-1,-1,-1
377,136,1533.39,568.77,30.18,75.13,-1,-1,-1,-1
377,137,1512.87,574.25,38.70,68.83,-1,-1,-1,-1
377,140,1708.67,602.82,47.66,149.17,-1,-1,-1,-1
377,141,1416.45,580.40,34.94,81.04,-1,-1,-1,-1
378,80,1382.33,575.08,40.63,102.46,-1,-1,-1,-1
378,118,1454.75,576.56,40.37,67.14,-1,-1,-1,-1
378,123,1456.20,729.13,82.36,249.66,-1,-1,-1,-1
378,124,1306.36,647.17,49.94,164.23,-1,-1,-1,-1
378,126,1559.14,567.27,35.73,83.79,-1,-1,-1,-1
378,131,1347.08,654.53,80.25,227.39,-1,-1,-1,-1
378,134,1551.46,684.43,101.65,242.43,-1,-1,-1,-1
378,136,1533.05,567.39,29.42,75.36,-1,-1,-1,-1
378,137,1512.85,573.01,39.12,69.49,-1,-1,-1,-1
378,140,1715.17,598.67,49.53,150.06,-1,-1,-1,-1
378,141,1415.36,580.30,34.75,83.09,-1,-1,-1,-1
379,80,1382.15,573.61,41.15,103.96,-1,-1,-1,-1
379,118,1453.94,575.90,40.37,67.97,-1,-1,-1,-1
379,123,1455.83,729.94,83.67,254.75,-1,-1,-1,-1
379,124,1299.93,645.73,51.95,183.37,-1,-1,-1,-1
379,126,1558.73,567.21,36.64,83.18,-1,-1,-1,-1
379,131,1342.33,653.49,79.99,228.76,-1,-1,-1,-1
379,134,1550.03,681.98,93.47,246.75,-1,-1,-1,-1
379,136,1532.72,566.16,29.69,75.51,-1,-1,-1,-1
379,137,1512.20,571.42,38.89,70.02,-1,-1,-1,-1
379,140,1718.28,600.85,55.46,149.48,-1,-1,-1,-1
379,141,1413.61,579.34,32.77,83.95,-1,-1,-1,-1
380,80,1380.44,571.46,40.60,104.38,-1,-1,-1,-1
380,118,1452.17,570.97,41.23,71.86,-1,-1,-1,-1
380,123,1454.68,729.89,84.63,259.55,-1,-1,-1,-1
380,124,1293.50,644.29,53.96,202.51,-1,-1,-1,-1
380,126,1557.84,565.98,36.18,82.63,-1,-1,-1,-1
380,131,1337.20,651.73,79.21,228.75,-1,-1,-1,-1
380,134,1541.14,680.07,86.52,250.03,-1,-1,-1,-1
380,136,1532.07,564.96,29.59,75.18,-1,-1,-1,-1
380,137,1511.27,570.01,38.84,70.94,-1,-1,-1,-1
380,140,1721.75,602.24,67.03,149.44,-1,-1,-1,-1
380,141,1410.23,577.31,33.03,87.53,-1,-1,-1,-1
381,80,1378.47,569.85,39.20,102.20,-1,-1,-1,-1
381,118,1450.64,569.27,40.30,71.89,-1,-1,-1,-1
381,123,1453.02,730.55,85.23,264.58,-1,-1,-1,-1
381,124,1285.72,642.78,55.16,212.66,-1,-1,-1,-1
381,126,1557.25,562.12,36.85,85.50,-1,-1,-1,-1
381,131,1330.94,650.33,79.06,231.51,-1,-1,-1,-1
381,134,1532.04,681.18,84.16,252.94,-1,-1,-1,-1
381,136,1531.72,563.51,30.07,75.52,-1,-1,-1,-1
381,137,1510.21,568.31,39.14,71.82,-1,-1,-1,-1
381,140,1718.91,606.74,50.74,143.28,-1,-1,-1,-1
381,141,1407.40,576.52,31.08,90.71,-1,-1,-1,-1
382,80,1376.32,568.42,39.10,102.76,-1,-1,-1,-1
382,118,1443.80,565.04,44.86,75.74,-1,-1,-1,-1
382,123,1451.84,734.10,84.36,265.10,-1,-1,-1,-1
382,124,1280.62,643.24,56.87,212.15,-1,-1,-1,-1
382,126,1555.89,561.44,37.82,85.24,-1,-1,-1,-1
382,131,1326.76,650.20,62.93,202.35,-1,-1,-1,-1
382,134,1527.27,684.00,79.48,253.30,-1,-1,-1,-1
382,136,1530.54,563.08,30.54,75.20,-1,-1,-1,-1
382,137,1509.05,567.15,39.68,71.57,-1,-1,-1,-1
382,140,1716.78,609.18,47.75,140.76,-1,-1,-1,-1
382,141,1405.05,575.12,30.99,92.15,-1,-1,-1,-1
383,80,1372.94,567.12,39.27,102.09,-1,-1,-1,-1
383,118,1438.91,561.65,48.81,78.63,-1,-1,-1,-1
383,123,1448.60,736.53,83.76,266.01,-1,-1,-1,-1
383,124,1267.57,643.51,64.69,216.08,-1,-1,-1,-1
383,126,1554.32,560.30,39.01,84.63,-1,-1,-1,-1
383,131,1321.71,649.55,57.15,190.22,-1,-1,-1,-1
383,134,1520.69,686.75,81.20,253.49,-1,-1,-1,-1
383,136,1528.52,561.88,30.42,75.29,-1,-1,-1,-1
383,137,1507.34,566.00,39.29,71.53,-1,-1,-1,-1
383,140,1720.55,604.43,43.77,145.45,-1,-1,-1,-1
383,141,1401.81,571.19,30.70,94.58,-1,-1,-1,-1
384,80,1371.37,565.87,38.27,102.35,-1,-1,-1,-1
384,118,1435.52,559.28,49.61,80.79,-1,-1,-1,-1
384,123,1444.39,738.25,86.45,271.21,-1,-1,-1,-1
384,124,1257.53,643.51,68.27,218.63,-1,-1,-1,-1
384,126,1551.24,558.99,40.70,85.45,-1,-1,-1,-1
384,131,1317.95,649.12,53.36,188.74,-1,-1,-1,-1
384,134,1509.88,689.91,89.95,253.62,-1,-1,-1,-1
384,136,1526.90,560.68,29.88,75.77,-1,-1,-1,-1
384,137,1504.93,564.43,39.66,71.82,-1,-1,-1,-1
384,140,1719.12,595.79,48.16,150.01,-1,-1,-1,-1
384,141,1397.73,571.32,32.77,93.53,-1,-1,-1,-1
385,80,1370.19,564.86,36.38,102.13,-1,-1,-1,-1
385,118,1432.09,558.40,49.29,81.33,-1,-1,-1,-1
385,123,1439.49,740.85,88.65,274.77,-1,-1,-1,-1
385,124,1249.81,644.43,67.48,219.22,-1,-1,-1,-1
385,126,1549.23,559.33,41.46,84.79,-1,-1,-1,-1
385,131,1313.56,648.42,51.65,191.06,-1,-1,-1,-1
385,134,1500.96,693.09,98.82,253.17,-1,-1,-1,-1
385,136,1525.74,559.45,29.98,76.75,-1,-1,-1,-1
385,137,1503.42,563.29,38.44,72.59,-1,-1,-1,-1
385,140,1721.06,594.92,49.65,145.34,-1,-1,-1,-1
385,141,1394.23,568.74,33.93,98.03,-1,-1,-1,-1
386,80,1367.30,565.45,34.91,100.91,-1,-1,-1,-1
386,118,1427.86,557.69,50.84,82.87,-1,-1,-1,-1
386,123,1434.66,744.09,88.41,277.30,-1,-1,-1,-1
386,124,1243.24,645.74,67.50,218.88,-1,-1,-1,-1
386,126,1547.40,557.11,42.69,88.02,-1,-1,-1,-1
386,131,1306.44,648.72,52.15,193.94,-1,-1,-1,-1
386,134,1497.73,696.98,100.60,253.80,-1,-1,-1,-1
386,136,1522.87,559.26,32.21,77.84,-1,-1,-1,-1
386,137,1501.41,561.81,39.49,74.73,-1,-1,-1,-1
386,140,1726.02,599.90,51.73,143.04,-1,-1,-1,-1
386,141,1390.58,567.23,32.98,100.33,-1,-1,-1,-1
386,143,1785.37,601.20,35.95,137.00,-1,-1,-1,-1
386,144,1483.13,565.71,26.01,71.67,-1,-1,-1,-1
387,80,1361.99,563.30,35.58,100.83,-1,-1,-1,-1
387,118,1423.67,560.31,50.51,79.11,-1,-1,-1,-1
387,123,1438.05,744.10,81.60,278.71,-1,-1,-1,-1
387,124,1239.10,644.26,63.01,221.35,-1,-1,-1,-1
387,126,1545.48,555.46,41.46,87.69,-1,-1,-1,-1
387,131,1304.19,647.98,49.24,195.13,-1,-1,-1,-1
387,134,1495.45,697.61,101.99,255.32,-1,-1,-1,-1
387,136,1519.84,556.92,32.87,79.79,-1,-1,-1,-1
387,137,1498.68,561.28,40.48,74.35,-1,-1,-1,-1
387,140,1731.40,600.00,50.83,142.93,-1,-1,-1,-1
387,141,1383.83,564.98,36.72,104.89,-1,-1,-1,-1
387,143,1784.71,594.86,38.65,138.28,-1,-1,-1,-1
387,144,1482.69,561.71,25.63,73.52,-1,-1,-1,-1
387,145,1540.23,686.42,67.67,230.10,-1,-1,-1,-1
388,80,1358.45,563.28,34.10,99.93,-1,-1,-1,-1
388,118,1421.21,562.10,48.40,77.74,-1,-1,-1,-1
388,123,1435.85,747.13,78.92,283.43,-1,-1,-1,-1
388,124,1233.58,644.70,62.98,225.63,-1,-1,-1,-1
388,126,1543.23,555.51,40.70,88.44,-1,-1,-1,-1
388,131,1292.98,648.64,54.15,229.12,-1,-1,-1,-1
388,134,1488.11,703.71,103.81,254.59,-1,-1,-1,-1
388,136,1516.80,557.62,32.48,79.05,-1,-1,-1,-1
388,137,1495.56,561.91,41.06,74.58,-1,-1,-1,-1
388,140,1734.44,600.19,51.89,147.33,-1,-1,-1,-1
388,141,1380.17,565.11,35.38,103.14,-1,-1,-1,-1
388,143,1782.33,593.35,43.13,140.99,-1,-1,-1,-1
388,144,1480.20,562.79,25.16,72.98,-1,-1,-1,-1
388,145,1534.71,689.90,69.74,233.89,-1,-1,-1,-1
389,80,1354.37,563.81,34.33,100.68,-1,-1,-1,-1
389,118,1423.63,562.42,42.14,77.58,-1,-1,-1,-1
389,123,1431.01,750.10,78.67,285.67,-1,-1,-1,-1
389,124,1228.52,644.57,62.56,229.26,-1,-1,-1,-1
389,126,1539.61,557.84,39.28,87.89,-1,-1,-1,-1
389,131,1289.03,649.46,50.90,220.00,-1,-1,-1,-1
389,134,1484.53,702.88,100.99,261.47,-1,-1,-1,-1
389,136,1514.03,558.37,32.19,78.65,-1,-1,-1,-1
389,137,1492.26,562.07,39.33,74.88,-1,-1,-1,-1
389,140,1735.30,600.42,55.73,149.73,-1,-1,-1,-1
389,141,1376.63,564.62,34.96,104.24,-1,-1,-1,-1
389,143,1779.30,593.76,47.38,145.86,-1,-1,-1,-1
389,144,1476.72,563.94,25.59,72.93,-1,-1,-1,-1
389,145,1523.49,688.65,77.42,239.50,-1,-1,-1,-1
390,80,1349.59,562.93,35.22,102.56,-1,-1,-1,-1
390,118,1420.43,559.99,41.66,80.68,-1,-1,-1,-1
390,123,1425.72,751.75,81.75,290.79,-1,-1,-1,-1
390,124,1223.34,645.25,62.33,230.48,-1,-1,-1,-1
390,126,1537.28,557.86,38.08,87.96,-1,-1,-1,-1
390,131,1268.60,651.74,64.03,246.30,-1,-1,-1,-1
390,134,1478.60,701.27,95.33,266.86,-1,-1,-1,-1
390,136,1509.30,558.15,35.95,80.08,-1,-1,-1,-1
390,137,1488.72,561.43,39.44,76.87,-1,-1,-1,-1
390,140,1736.35,600.37,56.74,154.77,-1,-1,-1,-1
390,141,1371.13,564.15,34.60,107.19,-1,-1,-1,-1
390,143,1778.60,593.45,49.02,141.69,-1,-1,-1,-1
390,144,1472.32,562.22,25.57,76.16,-1,-1,-1,-1
390,145,1498.66,692.71,91.74,252.35,-1,-1,-1,-1
391,80,1345.85,562.48,34.92,103.42,-1,-1,-1,-1
391,118,1413.83,562.09,44.56,80.46,-1,-1,-1,-1
391,123,1412.63,754.46,92.36,296.27,-1,-1,-1,-1
391,124,1216.88,646.59,61.56,231.07,-1,-1,-1,-1
391,126,1533.39,557.29,40.14,90.92,-1,-1,-1,-1
391,131,1259.20,653.12,65.94,255.33,-1,-1,-1,-1
391,134,1474.61,712.47,84.79,261.92,-1,-1,-1,-1
391,136,1506.43,559.73,35.51,81.54,-1,-1,-1,-1
391,137,1484.99,562.88,38.81,77.44,-1,-1,-1,-1
391,140,1736.32,604.54,62.93,159.03,-1,-1,-1,-1
391,141,1364.38,565.84,37.12,111.38,-1,-1,-1,-1
391,143,1784.50,601.76,43.49,138.21,-1,-1,-1,-1
391,144,1468.87,563.59,25.79,76.79,-1,-1,-1,-1
391,145,1484.68,705.12,103.68,245.78,-1,-1,-1,-1
392,80,1341.51,561.33,33.05,104.92,-1,-1,-1,-1
392,118,1408.59,563.88,45.02,79.59,-1,-1,-1,-1
392,123,1403.77,755.10,103.05,301.75,-1,-1,-1,-1
392,124,1209.47,647.43,60.95,232.23,-1,-1,-1,-1
392,126,1528.43,556.63,40.51,91.61,-1,-1,-1,-1
392,131,1246.82,650.67,71.20,262.10,-1,-1,-1,-1
392,134,1470.61,710.01,69.97,262.06,-1,-1,-1,-1
392,136,1501.58,559.19,34.35,81.27,-1,-1,-1,-1
392,137,1479.59,562.53,38.32,77.80,-1,-1,-1,-1
392,140,1734.39,601.65,62.23,164.72,-1,-1,-1,-1
392,141,1355.74,565.28,40.75,113.76,-1,-1,-1,-1
392,143,1786.59,602.10,42.48,141.39,-1,-1,-1,-1
392,144,1464.29,564.40,25.36,75.51,-1,-1,-1,-1
392,145,1475.66,700.84,108.22,255.88,-1,-1,-1,-1
393,80,1337.02,561.13,32.55,107.76,-1,-1,-1,-1
393,118,1400.40,561.25,48.03,83.37,-1,-1,-1,-1
393,123,1394.48,756.90,102.12,304.85,-1,-1,-1,-1
393,124,1200.82,648.43,59.40,233.17,-1,-1,-1,-1
393,126,1523.29,556.06,42.54,93.35,-1,-1,-1,-1
393,131,1236.98,655.00,70.12,259.33,-1,-1,-1,-1
393,134,1462.14,707.34,68.49,251.44,-1,-1,-1,-1
393,136,1496.68,559.94,33.04,81.76,-1,-1,-1,-1
393,137,1474.43,562.71,39.34,78.29,-1,-1,-1,-1
393,140,1733.70,605.39,58.27,158.11,-1,-1,-1,-1
393,141,1348.54,565.09,42.43,113.74,-1,-1,-1,-1
393,143,1785.49,604.14,42.50,144.01,-1,-1,-1,-1
393,144,1458.99,564.42,25.91,75.95,-1,-1,-1,-1
393,145,1463.66,703.04,111.60,272.74,-1,-1,-1,-1
394,80,1326.50,560.13,35.41,108.71,-1,-1,-1,-1
394,118,1393.33,562.00,49.67,83.46,-1,-1,-1,-1
394,123,1388.04,758.76,102.07,308.78,-1,-1,-1,-1
394,124,1187.62,649.07,62.45,235.20,-1,-1,-1,-1
394,126,1517.86,557.80,40.59,91.85,-1,-1,-1,-1
394,131,1230.48,656.21,67.55,271.56,-1,-1,-1,-1
394,134,1453.67,704.68,67.01,240.82,-1,-1,-1,-1
394,136,1490.74,559.81,33.33,82.42,-1,-1,-1,-1
394,137,1468.55,563.78,38.61,77.42,-1,-1,-1,-1
394,140,1731.80,611.29,47.75,143.21,-1,-1,-1,-1
394,141,1336.27,561.59,47.51,118.42,-1,-1,-1,-1
394,143,1786.77,609.27,39.40,142.93,-1,-1,-1,-1
394,144,1452.62,566.20,25.69,74.75,-1,-1,-1,-1
394,145,1453.97,700.94,107.43,280.67,-1,-1,-1,-1
395,80,1322.50,560.35,38.94,110.49,-1,-1,-1,-1
395,118,1387.48,561.87,49.35,84.37,-1,-1,-1,-1
395,123,1381.34,763.15,99.61,311.45,-1,-1,-1,-1
395,124,1175.99,650.10,65.81,238.00,-1,-1,-1,-1
395,126,1511.65,557.37,40.89,93.83,-1,-1,-1,-1
395,131,1221.20,655.41,66.67,265.94,-1,-1,-1,-1
395,134,1445.20,702.01,65.53,230.20,-1,-1,-1,-1
395,136,1484.35,560.04,34.78,84.20,-1,-1,-1,-1
395,137,1462.44,563.84,38.90,78.24,-1,-1,-1,-1
395,140,1729.78,614.14,53.67,141.92,-1,-1,-1,-1
395,141,1327.40,561.32,50.94,120.54,-1,-1,-1,-1
395,143,1786.35,608.03,37.47,146.30,-1,-1,-1,-1
395,144,1446.79,565.89,26.41,76.05,-1,-1,-1,-1
395,145,1442.67,702.06,102.66,287.60,-1,-1,-1,-1
396,80,1314.08,560.28,35.68,108.67,-1,-1,-1,-1
396,118,1379.93,563.77,50.41,82.31,-1,-1,-1,-1
396,123,1374.01,763.39,100.32,313.56,-1,-1,-1,-1
396,124,1164.56,650.38,66.53,239.38,-1,-1,-1,-1
396,126,1504.32,556.06,44.78,94.67,-1,-1,-1,-1
396,131,1212.96,657.14,60.31,263.64,-1,-1,-1,-1
396,134,1436.73,699.35,64.05,219.58,-1,-1,-1,-1
396,136,1477.84,559.38,34.54,83.91,-1,-1,-1,-1
396,137,1456.48,561.88,48.60,80.13,-1,-1,-1,-1
396,140,1725.07,617.14,52.72,131.71,-1,-1,-1,-1
396,141,1319.94,558.81,50.62,122.59,-1,-1,-1,-1
396,143,1783.90,608.67,37.73,147.68,-1,-1,-1,-1
396,144,1449.98,564.34,33.01,77.81,-1,-1,-1,-1
396,145,1430.15,700.66,99.19,277.05,-1,-1,-1,-1
397,80,1309.96,560.14,35.57,107.76,-1,-1,-1,-1
397,118,1372.22,563.21,51.10,83.32,-1,-1,-1,-1
397,123,1364.62,766.05,103.09,312.66,-1,-1,-1,-1
397,124,1155.25,650.90,66.04,245.03,-1,-1,-1,-1
397,126,1497.31,555.42,45.25,96.44,-1,-1,-1,-1
397,131,1201.69,655.70,58.90,265.06,-1,-1,-1,-1
397,134,1428.25,696.68,62.57,208.96,-1,-1,-1,-1
397,136,1471.02,558.92,34.91,86.33,-1,-1,-1,-1
397,137,1457.41,560.70,42.92,81.87,-1,-1,-1,-1
397,140,1720.93,609.16,57.07,148.42,-1,-1,-1,-1
397,141,1310.43,558.00,52.89,123.61,-1,-1,-1,-1
397,143,1782.30,599.77,35.82,156.16,-1,-1,-1,-1
397,144,1447.56,563.70,36.20,78.91,-1,-1,-1,-1
397,145,1420.22,699.22,87.23,273.42,-1,-1,-1,-1
398,80,1305.84,560.01,35.46,106.85,-1,-1,-1,-1
398,118,1364.66,563.18,51.18,83.72,-1,-1,-1,-1
398,123,1350.78,769.94,109.30,310.06,-1,-1,-1,-1
398,124,1145.01,653.82,63.21,244.75,-1,-1,-1,-1
398,126,1491.27,556.45,41.02,94.81,-1,-1,-1,-1
398,131,1189.41,655.37,57.52,266.62,-1,-1,-1,-1
398,134,1419.78,694.01,61.09,198.34,-1,-1,-1,-1
398,136,1467.71,558.60,36.02,88.15,-1,-1,-1,-1
398,137,1458.35,559.52,37.23,83.61,-1,-1,-1,-1
398,140,1723.33,607.11,55.05,159.44,-1,-1,-1,-1
398,141,1301.71,557.12,51.93,123.88,-1,-1,-1,-1
398,143,1778.63,600.54,35.56,157.90,-1,-1,-1,-1
398,144,1441.75,563.09,38.46,80.54,-1,-1,-1,-1
398,145,1406.88,700.85,77.34,293.42,-1,-1,-1,-1
399,80,1301.73,559.88,35.34,105.94,-1,-1,-1,-1
399,118,1356.47,563.59,51.02,83.03,-1,-1,-1,-1
399,123,1333.15,771.98,121.09,264.97,-1,-1,-1,-1
399,124,1128.86,653.61,64.49,246.72,-1,-1,-1,-1
399,126,1483.91,556.41,40.01,93.62,-1,-1,-1,-1
399,131,1174.81,655.26,53.08,273.36,-1,-1,-1,-1
399,134,1411.31,691.35,59.61,187.72,-1,-1,-1,-1
399,136,1464.40,558.28,37.12,89.97,-1,-1,-1,-1
399,137,1454.87,558.98,34.17,85.01,-1,-1,-1,-1
399,140,1719.69,611.04,71.21,162.43,-1,-1,-1,-1
399,141,1293.78,554.68,51.36,124.72,-1,-1,-1,-1
399,143,1774.72,597.22,35.43,160.02,-1,-1,-1,-1
399,144,1433.61,563.41,38.34,80.32,-1,-1,-1,-1
399,145,1394.99,693.71,75.11,308.55,-1,-1,-1,-1
400,80,1297.61,559.75,35.23,105.03,-1,-1,-1,-1
400,118,1347.35,563.58,50.30,83.68,-1,-1,-1,-1
400,123,1326.46,776.53,120.90,252.66,-1,-1,-1,-1
400,124,1110.20,656.11,70.11,247.39,-1,-1,-1,-1
400,126,1475.45,556.08,43.76,95.73,-1,-1,-1,-1
400,131,1161.53,655.02,55.03,274.66,-1,-1,-1,-1
400,134,1398.71,691.58,57.55,184.85,-1,-1,-1,-1
400,136,1461.09,557.95,38.23,91.78,-1,-1,-1,-1
400,137,1448.19,558.99,33.96,86.79,-1,-1,-1,-1
400,140,1718.77,611.11,69.44,164.69,-1,-1,-1,-1
400,141,1286.06,554.73,50.38,123.43,-1,-1,-1,-1
400,143,1772.69,598.06,35.74,160.74,-1,-1,-1,-1
400,144,1426.28,563.23,38.08,80.79,-1,-1,-1,-1
401,80,1293.49,559.61,35.12,104.12,-1,-1,-1,-1
401,118,1338.20,563.48,50.04,84.85,-1,-1,-1,-1
401,123,1310.50,780.17,126.88,248.80,-1,-1,-1,-1
401,124,1090.29,655.43,76.74,249.96,-1,-1,-1,-1
401,126,1467.35,558.48,41.22,93.92,-1,-1,-1,-1
401,131,1108.00,655.04,88.14,273.62,-1,-1,-1,-1
401,134,1385.98,699.71,57.51,177.83,-1,-1,-1,-1
401,136,1457.77,557.63,39.33,93.60,-1,-1,-1,-1
401,137,1439.56,558.50,35.20,88.56,-1,-1,-1,-1
401,140,1713.81,601.72,66.87,173.46,-1,-1,-1,-1
401,141,1278.07,556.29,49.23,121.87,-1,-1,-1,-1
401,143,1770.66,598.90,36.04,161.45,-1,-1,-1,-1
401,144,1418.32,563.22,39.55,82.18,-1,-1,-1,-1
402,80,1289.37,559.48,35.01,103.22,-1,-1,-1,-1
402,118,1329.24,562.03,50.52,86.38,-1,-1,-1,-1
402,123,1297.45,782.63,131.36,277.13,-1,-1,-1,-1
402,124,1069.89,656.97,84.23,251.05,-1,-1,-1,-1
402,131,1075.55,659.08,105.99,269.15,-1,-1,-1,-1
402,134,1370.48,703.39,59.70,175.04,-1,-1,-1,-1
402,136,1454.46,557.30,40.44,95.41,-1,-1,-1,-1
402,137,1431.36,558.39,33.24,88.57,-1,-1,-1,-1
402,140,1724.55,609.53,54.01,170.94,-1,-1,-1,-1
402,141,1269.73,554.15,48.09,123.60,-1,-1,-1,-1
402,143,1768.62,599.74,36.35,162.16,-1,-1,-1,-1
402,144,1408.57,563.54,40.62,81.92,-1,-1,-1,-1
403,80,1285.26,559.35,34.90,102.31,-1,-1,-1,-1
403,118,1318.39,560.17,50.74,88.08,-1,-1,-1,-1
403,123,1287.54,784.21,132.11,264.96,-1,-1,-1,-1
403,124,1053.61,659.97,103.21,269.19,-1,-1,-1,-1
403,131,1098.75,662.17,73.61,273.95,-1,-1,-1,-1
403,134,1355.04,711.14,59.23,169.26,-1,-1,-1,-1
403,136,1448.43,555.08,41.46,97.80,-1,-1,-1,-1
403,137,1422.65,557.48,34.11,89.47,-1,-1,-1,-1
403,140,1728.93,612.29,78.17,161.41,-1,-1,-1,-1
403,141,1260.44,553.35,46.66,124.59,-1,-1,-1,-1
403,143,1766.59,600.58,36.66,162.88,-1,-1,-1,-1
403,144,1399.60,562.56,38.86,83.15,-1,-1,-1,-1
403,147,1322.27,739.69,63.06,98.87,-1,-1,-1,-1
404,80,1281.14,559.22,34.79,101.40,-1,-1,-1,-1
404,118,1310.81,560.58,48.91,88.11,-1,-1,-1,-1
404,123,1276.13,788.87,133.06,276.90,-1,-1,-1,-1
404,124,1034.91,662.80,117.99,270.85,-1,-1,-1,-1
404,131,1084.47,662.97,74.83,279.05,-1,-1,-1,-1
404,134,1338.41,709.45,56.98,167.66,-1,-1,-1,-1
404,136,1439.41,555.96,42.83,97.51,-1,-1,-1,-1
404,137,1413.24,558.55,32.88,89.01,-1,-1,-1,-1
404,140,1728.53,610.17,93.61,164.83,-1,-1,-1,-1
404,141,1251.25,553.87,45.04,123.73,-1,-1,-1,-1
404,143,1764.56,601.42,36.97,163.59,-1,-1,-1,-1
404,144,1390.21,562.42,39.56,83.80,-1,-1,-1,-1
404,147,1307.25,743.82,63.47,96.63,-1,-1,-1,-1
405,80,1277.02,559.08,34.68,100.49,-1,-1,-1,-1
405,118,1299.71,560.01,49.26,89.44,-1,-1,-1,-1
405,123,1259.19,789.73,139.39,269.94,-1,-1,-1,-1
405,124,1018.78,663.83,118.50,262.84,-1,-1,-1,-1
405,131,1080.97,665.09,66.16,277.07,-1,-1,-1,-1
405,134,1321.84,716.24,53.90,155.52,-1,-1,-1,-1
405,136,1429.76,556.89,43.36,96.95,-1,-1,-1,-1
405,137,1402.37,557.91,34.05,89.91,-1,-1,-1,-1
405,140,1726.38,610.29,95.80,165.70,-1,-1,-1,-1
405,141,1240.90,554.52,45.40,123.11,-1,-1,-1,-1
405,143,1762.53,602.26,37.28,164.31,-1,-1,-1,-1
405,144,1380.03,562.33,40.70,84.04,-1,-1,-1,-1
405,147,1285.02,746.94,66.52,96.88,-1,-1,-1,-1
406,80,1272.90,558.95,34.57,99.58,-1,-1,-1,-1
406,118,1288.48,558.71,48.22,90.65,-1,-1,-1,-1
406,123,1234.58,793.64,153.96,263.56,-1,-1,-1,-1
406,124,1001.40,665.62,126.24,267.25,-1,-1,-1,-1
406,131,1065.76,666.21,65.93,277.97,-1,-1,-1,-1
406,134,1304.74,718.44,50.05,144.20,-1,-1,-1,-1
406,136,1420.26,558.22,41.03,94.98,-1,-1,-1,-1
406,137,1393.20,556.15,34.08,91.77,-1,-1,-1,-1
406,141,1230.15,553.55,44.52,123.94,-1,-1,-1,-1
406,143,1760.50,603.10,37.58,165.02,-1,-1,-1,-1
406,144,1369.87,561.87,41.19,84.68,-1,-1,-1,-1
406,147,1260.58,747.48,73.10,114.23,-1,-1,-1,-1
407,80,1268.79,558.82,34.46,98.67,-1,-1,-1,-1
407,118,1277.21,558.39,47.24,91.79,-1,-1,-1,-1
407,123,1225.98,796.77,149.53,273.54,-1,-1,-1,-1
407,124,985.58,665.99,98.07,265.21,-1,-1,-1,-1
407,131,1031.09,668.78,89.78,281.70,-1,-1,-1,-1
407,134,1285.28,721.74,49.37,137.34,-1,-1,-1,-1
407,136,1409.39,557.89,40.49,96.68,-1,-1,-1,-1
407,137,1383.07,556.13,34.20,93.13,-1,-1,-1,-1
407,141,1218.87,555.67,44.06,121.89,-1,-1,-1,-1
407,143,1758.47,603.94,37.89,165.73,-1,-1,-1,-1
407,144,1359.46,561.27,40.26,86.48,-1,-1,-1,-1
407,147,1229.57,751.08,86.05,125.56,-1,-1,-1,-1
407,149,1688.65,604.65,55.42,190.21,-1,-1,-1,-1
408,80,1264.67,558.69,34.35,97.77,-1,-1,-1,-1
408,118,1264.59,556.69,47.67,93.60,-1,-1,-1,-1
408,123,1214.94,797.05,145.63,277.24,-1,-1,-1,-1
408,124,971.55,667.34,82.76,265.26,-1,-1,-1,-1
408,131,1007.46,670.28,98.96,284.88,-1,-1,-1,-1
408,134,1265.78,723.67,50.15,135.20,-1,-1,-1,-1
408,136,1397.74,557.19,40.33,96.93,-1,-1,-1,-1
408,137,1372.29,556.06,34.09,93.70,-1,-1,-1,-1
408,141,1207.00,555.33,43.65,122.26,-1,-1,-1,-1
408,143,1756.44,604.78,38.20,166.45,-1,-1,-1,-1
408,144,1348.20,562.05,39.38,85.75,-1,-1,-1,-1
408,147,1180.17,754.91,111.03,138.14,-1,-1,-1,-1
408,149,1672.31,595.24,63.37,202.64,-1,-1,-1,-1
409,80,1260.55,558.55,34.24,96.86,-1,-1,-1,-1
409,118,1245.80,554.64,54.39,96.02,-1,-1,-1,-1
409,123,1199.57,802.24,142.54,273.84,-1,-1,-1,-1
409,124,951.67,667.87,76.46,268.50,-1,-1,-1,-1
409,131,987.05,671.54,104.65,287.93,-1,-1,-1,-1
409,134,1245.76,725.42,50.84,134.46,-1,-1,-1,-1
409,136,1386.53,557.70,39.22,96.81,-1,-1,-1,-1
409,137,1361.07,556.28,33.13,93.61,-1,-1,-1,-1
409,141,1193.63,556.04,44.67,121.59,-1,-1,-1,-1
409,143,1748.17,604.14,39.29,167.06,-1,-1,-1,-1
409,144,1336.08,561.31,41.34,87.01,-1,-1,-1,-1
409,147,1146.78,755.45,117.16,136.59,-1,-1,-1,-1
409,149,1660.49,590.96,65.21,209.40,-1,-1,-1,-1
410,80,1256.43,558.42,34.13,95.95,-1,-1,-1,-1
410,118,1236.55,555.62,51.86,95.44,-1,-1,-1,-1
410,123,1182.51,805.26,140.24,271.52,-1,-1,-1,-1
410,124,931.46,668.95,76.70,272.41,-1,-1,-1,-1
410,131,968.31,673.02,104.40,289.96,-1,-1,-1,-1
410,134,1211.66,722.24,63.90,133.12,-1,-1,-1,-1
410,136,1374.64,556.30,39.28,98.35,-1,-1,-1,-1
410,137,1350.20,556.31,32.02,93.53,-1,-1,-1,-1
410,141,1179.99,555.46,46.01,122.69,-1,-1,-1,-1
410,143,1738.38,604.78,40.09,167.41,-1,-1,-1,-1
410,144,1324.01,561.87,41.66,86.23,-1,-1,-1,-1
410,147,1123.16,756.34,123.82,130.66,-1,-1,-1,-1
410,149,1655.49,609.72,62.41,191.71,-1,-1,-1,-1
411,80,1252.32,558.29,34.02,95.04,-1,-1,-1,-1
411,118,1225.45,558.01,50.34,93.43,-1,-1,-1,-1
411,123,1162.67,809.58,140.46,268.27,-1,-1,-1,-1
411,124,909.05,671.19,79.23,275.99,-1,-1,-1,-1
411,131,949.69,675.45,109.23,291.29,-1,-1,-1,-1
411,134,1193.22,725.12,61.18,111.47,-1,-1,-1,-1
411,136,1362.30,556.38,39.24,99.56,-1,-1,-1,-1
411,137,1337.22,556.88,32.41,93.56,-1,-1,-1,-1
411,141,1165.88,556.92,47.65,121.40,-1,-1,-1,-1
411,143,1725.68,606.17,43.62,166.42,-1,-1,-1,-1
411,144,1311.50,561.00,40.16,87.79,-1,-1,-1,-1
411,147,1095.22,758.84,132.88,205.12,-1,-1,-1,-1
411,149,1644.90,600.95,60.39,197.98,-1,-1,-1,-1
412,80,1248.20,558.16,33.91,94.13,-1,-1,-1,-1
412,118,1215.29,559.06,46.67,92.57,-1,-1,-1,-1
412,123,1145.63,812.98,139.36,265.47,-1,-1,-1,-1
412,124,888.82,671.79,77.87,279.49,-1,-1,-1,-1
412,131,929.02,676.56,112.35,293.28,-1,-1,-1,-1
412,134,1176.74,725.77,55.94,101.97,-1,-1,-1,-1
412,136,1348.93,555.46,40.45,99.87,-1,-1,-1,-1
412,137,1325.14,557.47,32.05,92.91,-1,-1,-1,-1
412,141,1151.93,556.03,47.88,121.94,-1,-1,-1,-1
412,143,1713.64,607.27,45.17,160.87,-1,-1,-1,-1
412,144,1298.48,561.05,38.99,87.34,-1,-1,-1,-1
412,147,1080.67,759.76,120.66,246.61,-1,-1,-1,-1
412,149,1633.60,595.54,58.46,200.83,-1,-1,-1,-1
413,80,1244.08,558.02,33.80,93.22,-1,-1,-1,-1
413,118,1199.90,558.58,47.16,92.96,-1,-1,-1,-1
413,123,1123.51,817.16,141.45,261.61,-1,-1,-1,-1
413,124,875.60,671.95,66.43,282.06,-1,-1,-1,-1
413,131,906.80,676.61,115.82,297.14,-1,-1,-1,-1
413,134,1158.21,721.81,54.13,105.89,-1,-1,-1,-1
413,136,1336.29,555.95,40.17,101.02,-1,-1,-1,-1
413,137,1311.76,557.31,32.68,93.34,-1,-1,-1,-1
413,141,1137.52,555.39,48.17,122.65,-1,-1,-1,-1
413,143,1700.70,607.88,47.87,163.58,-1,-1,-1,-1
413,144,1284.34,559.81,37.91,88.12,-1,-1,-1,-1
413,147,1073.07,763.69,105.56,285.23,-1,-1,-1,-1
413,149,1620.80,592.78,58.51,203.56,-1,-1,-1,-1
413,153,1877.48,586.81,40.49,180.65,-1,-1,-1,-1
414,80,1239.96,557.89,33.69,92.32,-1,-1,-1,-1
414,118,1184.89,557.59,47.76,93.91,-1,-1,-1,-1
414,123,1097.88,819.23,145.66,259.84,-1,-1,-1,-1
414,124,858.84,672.66,59.54,287.10,-1,-1,-1,-1
414,131,878.65,678.50,121.31,298.28,-1,-1,-1,-1
414,134,1136.63,723.32,53.67,103.54,-1,-1,-1,-1
414,136,1322.61,555.68,40.27,100.94,-1,-1,-1,-1
414,137,1298.07,557.17,32.57,93.59,-1,-1,-1,-1
414,141,1124.03,553.43,48.02,124.35,-1,-1,-1,-1
414,143,1685.84,605.36,51.93,164.93,-1,-1,-1,-1
414,144,1271.37,559.36,36.14,88.51,-1,-1,-1,-1
414,147,1053.34,768.93,101.58,305.30,-1,-1,-1,-1
414,149,1607.13,592.57,57.92,179.40,-1,-1,-1,-1
414,153,1865.35,585.96,52.25,185.07,-1,-1,-1,-1
415,80,1235.85,557.76,33.58,91.41,-1,-1,-1,-1
415,118,1171.37,556.22,45.60,94.89,-1,-1,-1,-1
415,123,1074.67,821.57,145.68,256.78,-1,-1,-1,-1
415,124,836.81,672.25,86.80,301.38,-1,-1,-1,-1
415,131,852.14,680.10,116.12,301.23,-1,-1,-1,-1
415,134,1112.20,725.93,56.10,101.52,-1,-1,-1,-1
415,136,1308.33,555.08,40.71,101.93,-1,-1,-1,-1
415,137,1284.25,556.98,31.86,94.10,-1,-1,-1,-1
415,141,1108.69,552.49,48.14,125.93,-1,-1,-1,-1
415,143,1669.98,608.25,51.41,165.43,-1,-1,-1,-1
415,144,1257.49,559.52,34.75,88.48,-1,-1,-1,-1
415,147,1031.38,773.37,100.01,306.63,-1,-1,-1,-1
415,149,1594.94,590.78,54.35,173.86,-1,-1,-1,-1
415,153,1851.70,583.44,62.05,193.71,-1,-1,-1,-1
416,80,1231.73,557.63,33.47,90.50,-1,-1,-1,-1
416,118,1155.60,552.31,46.41,98.56,-1,-1,-1,-1
416,123,1057.70,823.53,140.19,254.58,-1,-1,-1,-1
416,124,807.68,674.77,75.57,294.85,-1,-1,-1,-1
416,131,825.62,681.71,110.94,304.19,-1,-1,-1,-1
416,134,1087.59,732.83,58.86,95.40,-1,-1,-1,-1
416,136,1293.04,553.88,41.72,103.09,-1,-1,-1,-1
416,137,1270.27,556.53,31.40,94.26,-1,-1,-1,-1
416,141,1093.29,555.50,47.64,121.96,-1,-1,-1,-1
416,143,1656.52,609.88,55.66,165.58,-1,-1,-1,-1
416,144,1243.88,558.50,34.53,88.91,-1,-1,-1,-1
416,147,1008.82,777.05,99.15,302.95,-1,-1,-1,-1
416,149,1583.83,593.54,50.43,167.31,-1,-1,-1,-1
416,153,1833.99,584.30,69.90,193.48,-1,-1,-1,-1
417,80,1227.61,557.49,33.36,89.59,-1,-1,-1,-1
417,118,1139.20,551.94,47.87,98.04,-1,-1,-1,-1
417,123,1041.11,826.90,132.17,251.76,-1,-1,-1,-1
417,131,781.74,678.28,125.71,308.56,-1,-1,-1,-1
417,134,1061.08,737.40,59.07,95.41,-1,-1,-1,-1
417,136,1278.49,554.37,39.54,101.77,-1,-1,-1,-1
417,137,1255.79,555.79,31.26,94.89,-1,-1,-1,-1
417,141,1079.62,553.50,47.13,122.90,-1,-1,-1,-1
417,143,1641.53,612.30,61.52,165.97,-1,-1,-1,-1
417,144,1229.36,557.90,34.05,89.24,-1,-1,-1,-1
417,147,983.26,779.21,101.02,300.79,-1,-1,-1,-1
417,149,1572.82,593.56,45.58,167.61,-1,-1,-1,-1
417,153,1818.67,583.72,67.44,195.44,-1,-1,-1,-1
418,80,1225.77,555.95,31.94,91.87,-1,-1,-1,-1
418,118,1122.39,549.34,49.66,100.24,-1,-1,-1,-1
418,123,1026.05,829.92,122.63,249.44,-1,-1,-1,-1
418,131,748.16,679.89,126.39,309.51,-1,-1,-1,-1
418,134,1033.96,741.10,60.62,94.20,-1,-1,-1,-1
418,136,1262.53,554.96,39.91,101.46,-1,-1,-1,-1
418,137,1241.96,559.55,29.49,90.56,-1,-1,-1,-1
418,141,1064.00,548.00,48.71,129.12,-1,-1,-1,-1
418,143,1628.21,608.59,66.44,168.82,-1,-1,-1,-1
418,144,1214.85,557.29,33.57,89.57,-1,-1,-1,-1
418,147,957.33,781.22,103.05,298.78,-1,-1,-1,-1
418,149,1561.10,592.77,40.86,168.27,-1,-1,-1,-1
418,153,1803.10,583.32,65.95,195.95,-1,-1,-1,-1
418,159,1292.22,550.28,30.59,111.39,-1,-1,-1,-1
419,80,1223.92,554.41,30.52,94.14,-1,-1,-1,-1
419,118,1108.25,551.03,47.81,97.11,-1,-1,-1,-1
419,123,1007.19,831.03,116.65,248.97,-1,-1,-1,-1
419,131,716.64,679.54,127.57,313.35,-1,-1,-1,-1
419,134,1006.66,743.23,64.57,104.11,-1,-1,-1,-1
419,136,1245.77,552.42,41.14,103.66,-1,-1,-1,-1
419,137,1226.48,557.64,29.40,91.81,-1,-1,-1,-1
419,141,1047.50,549.44,46.66,126.13,-1,-1,-1,-1
419,143,1614.91,606.82,70.63,170.25,-1,-1,-1,-1
419,144,1200.42,555.76,32.94,90.49,-1,-1,-1,-1
419,147,943.14,847.33,94.36,232.67,-1,-1,-1,-1
419,149,1550.37,603.76,33.97,157.49,-1,-1,-1,-1
419,153,1788.37,579.72,64.41,198.73,-1,-1,-1,-1
419,159,1273.59,547.69,34.94,114.77,-1,-1,-1,-1
420,118,1092.72,551.32,47.32,96.15,-1,-1,-1,-1
420,123,981.58,834.43,115.52,245.57,-1,-1,-1,-1
420,131,686.56,681.19,130.52,313.83,-1,-1,-1,-1
420,134,978.03,746.22,64.73,100.20,-1,-1,-1,-1
420,136,1228.07,552.85,42.32,103.62,-1,-1,-1,-1
420,137,1211.00,555.72,29.32,93.05,-1,-1,-1,-1
420,141,1031.04,545.55,48.33,129.56,-1,-1,-1,-1
420,143,1603.56,603.51,71.90,174.93,-1,-1,-1,-1
420,144,1185.41,554.80,32.80,91.20,-1,-1,-1,-1
420,147,905.23,807.31,107.44,272.69,-1,-1,-1,-1
420,149,1541.74,619.05,67.29,174.15,-1,-1,-1,-1
420,153,1772.97,580.93,63.14,197.29,-1,-1,-1,-1
420,159,1255.81,546.72,36.48,114.82,-1,-1,-1,-1
421,118,1076.18,550.82,47.43,97.27,-1,-1,-1,-1
421,123,950.92,839.28,117.52,240.72,-1,-1,-1,-1
421,131,657.36,683.05,132.94,316.85,-1,-1,-1,-1
421,134,947.35,750.05,67.06,98.29,-1,-1,-1,-1
421,136,1210.67,551.14,43.69,107.23,-1,-1,-1,-1
421,137,1194.60,555.43,28.74,93.93,-1,-1,-1,-1
421,141,1014.58,548.37,46.41,125.96,-1,-1,-1,-1
421,143,1588.80,604.22,73.97,176.22,-1,-1,-1,-1
421,144,1169.06,554.65,33.92,91.38,-1,-1,-1,-1
421,147,871.51,797.86,112.98,282.14,-1,-1,-1,-1
421,149,1530.21,623.25,71.82,183.35,-1,-1,-1,-1
421,153,1755.73,578.41,63.18,201.15,-1,-1,-1,-1
421,159,1239.09,545.85,37.35,117.79,-1,-1,-1,-1
422,118,1058.64,549.62,48.80,97.91,-1,-1,-1,-1
422,123,920.28,843.54,119.76,236.46,-1,-1,-1,-1
422,131,626.57,681.89,139.09,323.47,-1,-1,-1,-1
422,134,915.99,753.06,66.90,99.63,-1,-1,-1,-1
422,136,1192.60,550.35,45.02,108.07,-1,-1,-1,-1
422,137,1177.24,553.36,27.13,96.19,-1,-1,-1,-1
422,141,995.66,548.26,46.18,124.70,-1,-1,-1,-1
422,143,1575.42,602.81,71.58,179.08,-1,-1,-1,-1
422,144,1152.57,553.29,33.97,92.58,-1,-1,-1,-1
422,147,839.60,796.85,114.51,283.15,-1,-1,-1,-1
422,149,1534.12,626.17,61.27,169.14,-1,-1,-1,-1
422,153,1737.78,579.60,63.06,199.35,-1,-1,-1,-1
422,159,1221.02,544.06,38.58,116.54,-1,-1,-1,-1
423,118,1039.15,549.58,50.60,97.74,-1,-1,-1,-1
423,123,889.07,846.02,120.49,233.98,-1,-1,-1,-1
423,131,596.40,683.19,141.16,326.37,-1,-1,-1,-1
423,134,883.74,756.58,69.84,99.35,-1,-1,-1,-1
423,136,1174.97,547.66,43.62,109.83,-1,-1,-1,-1
423,137,1159.01,553.10,26.77,96.27,-1,-1,-1,-1
423,141,976.44,546.46,47.08,124.41,-1,-1,-1,-1
423,143,1559.00,600.39,70.28,182.37,-1,-1,-1,-1
423,144,1135.17,551.99,34.20,94.40,-1,-1,-1,-1
423,147,799.17,796.57,123.16,283.43,-1,-1,-1,-1
423,149,1521.27,628.71,57.47,153.43,-1,-1,-1,-1
423,153,1718.25,578.71,63.91,200.96,-1,-1,-1,-1
423,159,1203.12,543.44,38.19,113.18,-1,-1,-1,-1
424,118,1018.94,545.96,53.22,101.10,-1,-1,-1,-1
424,123,857.04,849.00,120.75,230.37,-1,-1,-1,-1
424,131,562.24,685.20,147.09,329.05,-1,-1,-1,-1
424,134,849.18,759.93,67.22,93.45,-1,-1,-1,-1
424,136,1155.88,547.93,42.20,109.83,-1,-1,-1,-1
424,137,1140.80,553.56,25.13,95.81,-1,-1,-1,-1
424,141,957.22,541.47,49.13,127.76,-1,-1,-1,-1
424,143,1542.38,599.27,67.03,182.86,-1,-1,-1,-1
424,144,1117.86,551.37,33.11,95.73,-1,-1,-1,-1
424,147,765.76,799.10,124.74,280.90,-1,-1,-1,-1
424,149,1501.41,630.99,50.46,145.07,-1,-1,-1,-1
424,153,1698.16,578.34,64.59,200.84,-1,-1,-1,-1
424,159,1183.63,543.12,38.92,111.72,-1,-1,-1,-1
425,118,999.11,543.64,53.35,103.40,-1,-1,-1,-1
425,123,824.21,857.31,120.73,221.84,-1,-1,-1,-1
425,131,526.15,686.97,153.50,331.75,-1,-1,-1,-1
425,134,815.40,763.53,65.56,95.38,-1,-1,-1,-1
425,136,1136.03,546.64,43.09,111.71,-1,-1,-1,-1
425,141,937.52,541.59,47.28,126.79,-1,-1,-1,-1
425,143,1526.16,598.73,65.63,183.26,-1,-1,-1,-1
425,144,1099.32,550.82,32.14,95.44,-1,-1,-1,-1
425,147,725.72,801.89,128.22,278.11,-1,-1,-1,-1
425,149,1479.42,627.86,60.86,180.38,-1,-1,-1,-1
425,153,1677.45,580.91,64.66,198.09,-1,-1,-1,-1
425,159,1163.51,542.20,40.36,112.67,-1,-1,-1,-1
426,118,979.49,542.51,52.40,104.82,-1,-1,-1,-1
426,123,781.60,855.60,128.89,223.80,-1,-1,-1,-1
426,131,499.80,689.56,151.29,335.57,-1,-1,-1,-1
426,134,778.58,767.56,65.77,87.75,-1,-1,-1,-1
426,136,1117.51,546.49,41.76,112.27,-1,-1,-1,-1
426,141,918.09,538.76,45.93,129.69,-1,-1,-1,-1
426,143,1511.53,596.53,63.23,185.19,-1,-1,-1,-1
426,144,1081.58,550.28,30.64,97.31,-1,-1,-1,-1
426,147,711.93,807.32,109.18,272.68,-1,-1,-1,-1
426,149,1457.73,625.70,61.26,184.65,-1,-1,-1,-1
426,153,1657.34,580.11,65.73,198.91,-1,-1,-1,-1
426,159,1145.88,542.12,38.92,111.15,-1,-1,-1,-1
427,118,961.90,544.14,51.10,104.28,-1,-1,-1,-1
427,123,746.65,869.44,128.98,209.53,-1,-1,-1,-1
427,131,463.36,694.90,155.15,336.10,-1,-1,-1,-1
427,134,738.46,771.20,70.95,100.66,-1,-1,-1,-1
427,136,1096.23,545.08,42.10,116.86,-1,-1,-1,-1
427,141,898.96,543.47,45.07,123.92,-1,-1,-1,-1
427,143,1494.27,598.18,63.83,184.48,-1,-1,-1,-1
427,144,1062.32,550.62,31.35,98.76,-1,-1,-1,-1
427,147,685.14,821.86,114.91,258.14,-1,-1,-1,-1
427,149,1437.36,632.28,70.00,192.65,-1,-1,-1,-1
427,153,1635.80,581.28,67.64,199.64,-1,-1,-1,-1
427,159,1128.53,541.38,37.87,112.42,-1,-1,-1,-1
428,118,942.99,545.05,50.28,106.13,-1,-1,-1,-1
428,123,717.61,882.96,122.15,196.21,-1,-1,-1,-1
428,131,409.56,700.66,176.22,337.68,-1,-1,-1,-1
428,134,695.89,776.85,78.46,147.76,-1,-1,-1,-1
428,136,1078.04,547.07,45.33,119.09,-1,-1,-1,-1
428,141,878.40,548.71,43.50,120.01,-1,-1,-1,-1
428,143,1475.76,602.18,66.33,183.52,-1,-1,-1,-1
428,144,1043.74,552.35,30.08,99.35,-1,-1,-1,-1
428,147,636.99,839.58,117.18,240.42,-1,-1,-1,-1
428,149,1415.57,628.11,74.36,204.45,-1,-1,-1,-1
428,153,1611.76,581.86,70.15,200.93,-1,-1,-1,-1
428,159,1109.72,543.47,38.39,110.93,-1,-1,-1,-1
429,118,922.67,542.92,50.71,111.05,-1,-1,-1,-1
429,123,680.69,894.90,121.10,184.73,-1,-1,-1,-1
429,131,371.07,704.27,170.84,342.31,-1,-1,-1,-1
429,134,653.32,782.50,85.97,194.87,-1,-1,-1,-1
429,136,1056.03,548.64,48.38,121.01,-1,-1,-1,-1
429,141,856.67,551.15,44.20,119.18,-1,-1,-1,-1
429,143,1458.93,606.77,67.02,183.13,-1,-1,-1,-1
429,144,1024.20,553.68,30.41,102.13,-1,-1,-1,-1
429,147,571.86,844.66,137.90,232.13,-1,-1,-1,-1
429,149,1392.50,634.07,77.01,204.81,-1,-1,-1,-1
429,153,1589.30,584.50,71.12,201.47,-1,-1,-1,-1
429,159,1091.11,544.68,38.26,111.85,-1,-1,-1,-1
430,118,907.04,534.21,46.45,120.61,-1,-1,-1,-1
430,123,646.15,904.83,116.58,175.15,-1,-1,-1,-1
430,131,338.38,710.13,158.34,344.38,-1,-1,-1,-1
430,134,616.54,788.79,81.98,221.55,-1,-1,-1,-1
430,136,1033.56,551.97,50.47,122.61,-1,-1,-1,-1
430,141,830.12,553.55,47.97,119.25,-1,-1,-1,-1
430,143,1441.30,611.62,67.57,182.72,-1,-1,-1,-1
430,144,1004.34,555.83,33.11,103.14,-1,-1,-1,-1
430,147,520.98,861.44,141.86,209.78,-1,-1,-1,-1
430,149,1371.67,642.56,77.73,200.97,-1,-1,-1,-1
430,153,1562.75,587.71,74.32,200.83,-1,-1,-1,-1
430,159,1071.62,548.15,39.50,113.99,-1,-1,-1,-1
431,118,891.98,530.74,41.14,126.47,-1,-1,-1,-1
431,123,602.25,915.43,119.62,164.16,-1,-1,-1,-1
431,131,293.80,714.53,159.79,348.87,-1,-1,-1,-1
431,134,575.81,795.89,80.49,239.64,-1,-1,-1,-1
431,136,1011.73,554.94,50.12,125.38,-1,-1,-1,-1
431,141,807.00,556.76,51.88,117.44,-1,-1,-1,-1
431,143,1422.13,616.41,72.14,181.90,-1,-1,-1,-1
431,144,984.58,558.63,34.19,105.19,-1,-1,-1,-1
431,147,485.69,865.07,137.32,212.42,-1,-1,-1,-1
431,149,1356.01,651.06,71.32,197.06,-1,-1,-1,-1
431,153,1541.51,592.08,73.39,200.87,-1,-1,-1,-1
431,159,1051.34,552.65,39.95,114.72,-1,-1,-1,-1
432,118,876.10,531.83,36.73,127.45,-1,-1,-1,-1
432,123,566.44,926.82,113.12,152.83,-1,-1,-1,-1
432,131,248.57,717.63,169.87,352.15,-1,-1,-1,-1
432,134,530.26,803.94,84.52,256.12,-1,-1,-1,-1
432,136,991.65,557.20,52.54,124.03,-1,-1,-1,-1
432,141,793.88,555.04,43.86,119.25,-1,-1,-1,-1
432,143,1403.06,620.46,80.90,181.37,-1,-1,-1,-1
432,144,963.52,560.08,35.17,106.68,-1,-1,-1,-1
432,147,435.07,865.90,146.30,213.70,-1,-1,-1,-1
432,149,1338.62,655.49,66.79,196.56,-1,-1,-1,-1
432,153,1518.91,593.79,73.02,202.28,-1,-1,-1,-1
432,159,1030.40,552.94,42.14,118.72,-1,-1,-1,-1
432,176,1338.46,606.77,66.70,115.27,-1,-1,-1,-1
433,118,859.74,538.58,31.78,124.04,-1,-1,-1,-1
433,123,527.32,938.46,108.16,140.96,-1,-1,-1,-1
433,131,208.25,721.93,171.22,337.94,-1,-1,-1,-1
433,134,485.70,810.20,87.26,256.26,-1,-1,-1,-1
433,136,969.61,559.36,53.04,133.04,-1,-1,-1,-1
433,141,765.58,565.26,43.66,110.87,-1,-1,-1,-1
433,143,1387.09,624.17,85.61,182.39,-1,-1,-1,-1
433,144,942.80,562.51,33.82,108.09,-1,-1,-1,-1
433,147,390.73,871.46,145.77,208.54,-1,-1,-1,-1
433,149,1318.56,660.82,65.75,194.91,-1,-1,-1,-1
433,153,1495.56,595.63,74.39,204.12,-1,-1,-1,-1
433,159,1009.12,554.71,43.23,112.90,-1,-1,-1,-1
434,118,841.81,547.73,27.12,116.19,-1,-1,-1,-1
434,123,485.10,946.80,102.82,132.46,-1,-1,-1,-1
434,131,163.77,725.46,168.67,346.65,-1,-1,-1,-1
434,134,439.87,817.31,93.12,200.68,-1,-1,-1,-1
434,136,948.24,560.86,55.33,134.51,-1,-1,-1,-1
434,141,741.74,567.51,43.54,109.08,-1,-1,-1,-1
434,143,1368.19,626.78,89.83,182.44,-1,-1,-1,-1
434,144,921.32,564.79,33.74,109.36,-1,-1,-1,-1
434,147,320.00,878.04,171.86,201.96,-1,-1,-1,-1
434,149,1298.16,662.11,69.99,196.26,-1,-1,-1,-1
434,153,1471.85,596.36,74.63,204.25,-1,-1,-1,-1
434,159,988.28,555.20,42.34,115.53,-1,-1,-1,-1
434,178,811.35,549.17,42.13,118.52,-1,-1,-1,-1
435,118,825.69,550.89,28.10,115.87,-1,-1,-1,-1
435,123,438.23,962.16,101.29,117.18,-1,-1,-1,-1
435,131,117.91,729.86,135.66,348.02,-1,-1,-1,-1
435,134,393.10,825.07,94.18,234.78,-1,-1,-1,-1
435,136,926.17,560.33,56.43,138.61,-1,-1,-1,-1
435,141,718.93,568.51,44.03,108.67,-1,-1,-1,-1
435,143,1345.95,629.75,94.84,183.25,-1,-1,-1,-1
435,144,899.10,565.10,35.62,113.08,-1,-1,-1,-1
435,147,260.70,885.34,184.17,194.66,-1,-1,-1,-1
435,149,1277.53,661.93,67.55,202.07,-1,-1,-1,-1
435,153,1453.19,600.51,70.54,202.16,-1,-1,-1,-1
435,159,968.37,556.53,41.90,120.36,-1,-1,-1,-1
435,178,812.61,540.41,35.25,129.54,-1,-1,-1,-1
436,118,809.57,554.05,29.09,115.54,-1,-1,-1,-1
436,123,389.46,974.62,102.35,105.10,-1,-1,-1,-1
436,131,66.59,733.67,131.27,346.33,-1,-1,-1,-1
436,134,350.40,831.82,91.22,194.44,-1,-1,-1,-1
436,136,905.27,560.32,56.02,139.84,-1,-1,-1,-1
436,141,696.18,565.84,47.36,111.65,-1,-1,-1,-1
436,143,1323.90,630.30,96.42,186.19,-1,-1,-1,-1
436,144,876.24,565.18,35.37,114.24,-1,-1,-1,-1
436,147,226.36,893.08,170.23,186.92,-1,-1,-1,-1
436,149,1255.39,656.49,65.56,212.84,-1,-1,-1,-1
436,153,1433.01,600.68,66.62,201.82,-1,-1,-1,-1
436,159,947.05,555.77,42.56,126.23,-1,-1,-1,-1
436,178,817.77,553.16,34.77,120.00,-1,-1,-1,-1
437,118,793.45,557.21,30.07,115.21,-1,-1,-1,-1
437,123,337.20,983.47,98.59,95.85,-1,-1,-1,-1
437,131,11.66,737.49,130.00,342.51,-1,-1,-1,-1
437,134,299.51,839.09,94.85,201.68,-1,-1,-1,-1
437,136,882.73,560.78,57.21,141.84,-1,-1,-1,-1
437,141,673.66,566.52,48.91,112.62,-1,-1,-1,-1
437,143,1303.69,633.07,96.06,186.61,-1,-1,-1,-1
437,144,853.82,566.72,34.57,116.10,-1,-1,-1,-1
437,147,154.04,902.84,189.23,177.16,-1,-1,-1,-1
437,149,1233.30,654.01,66.50,222.95,-1,-1,-1,-1
437,153,1406.16,603.20,69.28,201.62,-1,-1,-1,-1
437,159,926.52,556.89,42.28,125.54,-1,-1,-1,-1
437,178,822.92,565.90,34.28,110.46,-1,-1,-1,-1
438,118,777.33,560.37,31.05,114.89,-1,-1,-1,-1
438,123,280.40,990.84,89.37,88.65,-1,-1,-1,-1
438,131,0.00,739.84,93.27,337.30,-1,-1,-1,-1
438,134,247.67,843.91,96.99,198.43,-1,-1,-1,-1
438,136,860.43,561.17,57.67,142.82,-1,-1,-1,-1
438,141,650.31,567.23,48.98,112.81,-1,-1,-1,-1
438,143,1280.42,634.04,96.76,189.34,-1,-1,-1,-1
438,144,830.89,567.05,35.78,117.29,-1,-1,-1,-1
438,147,121.39,911.67,170.01,168.33,-1,-1,-1,-1
438,149,1209.40,647.06,70.73,234.46,-1,-1,-1,-1
438,153,1382.66,603.83,68.54,201.84,-1,-1,-1,-1
438,159,905.63,557.10,41.25,121.09,-1,-1,-1,-1
438,178,806.33,569.82,35.88,107.76,-1,-1,-1,-1
439,118,761.21,563.53,32.03,114.56,-1,-1,-1,-1
439,123,221.20,998.71,90.13,80.68,-1,-1,-1,-1
439,131,0.00,788.28,40.18,289.59,-1,-1,-1,-1
439,134,193.83,852.18,95.35,190.98,-1,-1,-1,-1
439,136,839.47,562.09,57.41,143.07,-1,-1,-1,-1
439,141,626.96,566.40,51.67,114.47,-1,-1,-1,-1
439,143,1255.39,633.98,97.95,191.50,-1,-1,-1,-1
439,144,807.91,567.74,37.57,121.09,-1,-1,-1,-1
439,147,71.89,921.13,154.31,158.87,-1,-1,-1,-1
439,149,1187.13,647.94,67.66,238.37,-1,-1,-1,-1
439,153,1359.64,604.29,70.27,206.33,-1,-1,-1,-1
439,159,884.70,558.77,40.87,119.76,-1,-1,-1,-1
440,118,745.09,566.68,33.01,114.23,-1,-1,-1,-1
440,123,164.92,1010.06,89.46,69.77,-1,-1,-1,-1
440,134,137.20,859.98,98.93,189.73,-1,-1,-1,-1
440,136,816.71,562.86,57.47,144.35,-1,-1,-1,-1
440,141,603.17,566.40,51.36,115.05,-1,-1,-1,-1
440,143,1235.98,634.41,93.75,193.00,-1,-1,-1,-1
440,144,785.09,568.75,39.32,123.99,-1,-1,-1,-1
440,147,10.59,931.46,154.89,148.33,-1,-1,-1,-1
440,149,1161.13,651.18,76.36,241.31,-1,-1,-1,-1
440,153,1334.37,605.20,70.63,206.96,-1,-1,-1,-1
440,159,861.98,558.83,42.61,129.03,-1,-1,-1,-1
441,118,728.97,569.84,34.00,113.91,-1,-1,-1,-1
441,134,78.54,866.42,114.20,204.04,-1,-1,-1,-1
441,136,793.74,561.54,57.09,147.28,-1,-1,-1,-1
441,141,578.94,565.81,51.65,116.39,-1,-1,-1,-1
441,143,1217.61,635.06,88.10,194.28,-1,-1,-1,-1
441,144,762.13,568.47,41.53,124.18,-1,-1,-1,-1
441,147,0.00,942.52,100.04,136.12,-1,-1,-1,-1
441,149,1136.39,655.65,83.25,241.62,-1,-1,-1,-1
441,153,1308.70,605.52,73.19,209.56,-1,-1,-1,-1
441,159,840.12,558.20,45.09,131.92,-1,-1,-1,-1
442,118,712.85,573.00,34.98,113.58,-1,-1,-1,-1
442,134,12.51,876.73,122.23,201.75,-1,-1,-1,-1
442,136,773.95,562.85,52.14,146.76,-1,-1,-1,-1
442,141,554.49,566.99,47.52,115.59,-1,-1,-1,-1
442,143,1201.09,634.92,80.69,196.05,-1,-1,-1,-1
442,144,740.26,569.35,43.58,131.59,-1,-1,-1,-1
442,149,1110.14,663.56,89.23,230.71,-1,-1,-1,-1
442,153,1281.97,605.86,75.58,210.90,-1,-1,-1,-1
442,159,817.73,558.88,45.10,131.56,-1,-1,-1,-1
442,187,626.38,552.71,47.02,126.13,-1,-1,-1,-1
443,118,692.20,574.67,35.12,115.46,-1,-1,-1,-1
443,136,753.86,566.19,46.97,144.94,-1,-1,-1,-1
443,141,530.00,569.79,48.39,114.43,-1,-1,-1,-1
443,143,1185.08,636.45,72.23,196.28,-1,-1,-1,-1
443,144,716.95,570.85,45.98,131.87,-1,-1,-1,-1
443,149,1083.93,671.64,96.68,225.14,-1,-1,-1,-1
443,153,1255.39,607.53,78.34,211.18,-1,-1,-1,-1
443,159,795.75,559.30,45.31,132.25,-1,-1,-1,-1
443,188,1119.90,626.83,64.60,160.92,-1,-1,-1,-1
444,118,669.64,575.06,35.75,116.92,-1,-1,-1,-1
444,136,730.45,566.02,47.37,145.86,-1,-1,-1,-1
444,141,504.93,572.30,46.94,113.76,-1,-1,-1,-1
444,143,1164.97,637.73,68.62,198.42,-1,-1,-1,-1
444,144,692.67,571.22,47.39,132.61,-1,-1,-1,-1
444,149,1057.21,676.90,96.89,228.30,-1,-1,-1,-1
444,153,1230.06,608.89,77.81,211.67,-1,-1,-1,-1
444,159,773.48,559.99,45.52,135.49,-1,-1,-1,-1
444,188,1097.08,626.86,66.57,160.85,-1,-1,-1,-1
445,118,645.32,576.04,36.12,119.69,-1,-1,-1,-1
445,136,708.76,565.79,44.05,147.10,-1,-1,-1,-1
445,141,479.30,573.73,47.34,114.97,-1,-1,-1,-1
445,143,1143.29,639.02,68.64,202.09,-1,-1,-1,-1
445,144,668.39,572.29,46.13,137.49,-1,-1,-1,-1
445,149,1029.59,676.87,93.59,235.75,-1,-1,-1,-1
445,153,1205.62,609.62,75.75,212.82,-1,-1,-1,-1
445,159,750.77,559.71,42.64,136.63,-1,-1,-1,-1
445,188,1070.91,620.72,62.17,157.50,-1,-1,-1,-1
446,118,620.48,576.11,35.31,123.23,-1,-1,-1,-1
446,136,682.51,566.06,43.49,148.85,-1,-1,-1,-1
446,141,452.49,574.61,48.32,115.03,-1,-1,-1,-1
446,143,1119.83,640.04,67.79,204.82,-1,-1,-1,-1
446,144,642.67,572.22,46.80,141.99,-1,-1,-1,-1
446,149,1001.07,675.20,93.63,245.83,-1,-1,-1,-1
446,153,1181.33,608.95,73.46,213.94,-1,-1,-1,-1
446,159,727.49,559.67,43.18,137.50,-1,-1,-1,-1
446,188,1048.72,618.60,72.14,158.71,-1,-1,-1,-1
447,118,595.19,575.99,35.54,126.31,-1,-1,-1,-1
447,136,657.46,569.79,40.63,145.91,-1,-1,-1,-1
447,141,425.80,574.85,50.85,115.52,-1,-1,-1,-1
447,143,1096.74,641.42,67.94,205.85,-1,-1,-1,-1
447,144,614.57,572.38,49.50,143.98,-1,-1,-1,-1
447,149,972.78,673.90,89.67,255.40,-1,-1,-1,-1
447,153,1155.89,606.83,70.09,216.24,-1,-1,-1,-1
447,159,704.21,559.64,43.71,138.37,-1,-1,-1,-1
447,188,1023.00,617.01,77.60,197.73,-1,-1,-1,-1
448,118,569.01,573.77,36.15,132.91,-1,-1,-1,-1
448,136,631.28,568.15,41.12,147.18,-1,-1,-1,-1
448,141,398.90,574.28,50.85,116.04,-1,-1,-1,-1
448,143,1073.60,642.61,68.26,207.44,-1,-1,-1,-1
448,144,584.55,572.28,53.26,145.62,-1,-1,-1,-1
448,149,943.65,673.41,91.16,255.67,-1,-1,-1,-1
448,153,1130.43,606.49,67.30,216.06,-1,-1,-1,-1
448,159,680.93,559.61,44.25,139.23,-1,-1,-1,-1
448,188,1000.12,617.03,80.21,210.00,-1,-1,-1,-1
449,118,542.49,573.78,38.09,134.53,-1,-1,-1,-1
449,136,605.09,566.50,41.60,148.46,-1,-1,-1,-1
449,141,371.23,573.39,51.49,117.42,-1,-1,-1,-1
449,143,1048.47,642.55,70.80,209.46,-1,-1,-1,-1
449,144,559.77,571.98,42.37,143.49,-1,-1,-1,-1
449,149,913.56,673.52,94.73,264.24,-1,-1,-1,-1
449,153,1104.64,606.22,64.34,217.80,-1,-1,-1,-1
449,159,656.60,559.62,46.06,137.81,-1,-1,-1,-1
449,188,974.62,615.83,84.19,216.48,-1,-1,-1,-1
450,118,522.09,572.88,38.45,139.09,-1,-1,-1,-1
450,136,578.91,564.86,42.09,149.74,-1,-1,-1,-1
450,141,342.65,570.66,53.16,119.08,-1,-1,-1,-1
450,143,1019.05,644.00,77.28,210.79,-1,-1,-1,-1
450,144,538.36,570.92,40.89,147.51,-1,-1,-1,-1
450,149,883.00,674.07,97.19,272.32,-1,-1,-1,-1
450,153,1075.38,606.31,59.16,219.19,-1,-1,-1,-1
450,159,632.53,559.45,45.33,136.34,-1,-1,-1,-1
450,188,947.84,613.65,76.55,218.28,-1,-1,-1,-1
450,189,1842.97,785.01,73.60,290.15,-1,-1,-1,-1
451,118,501.69,571.99,38.81,143.64,-1,-1,-1,-1
451,136,552.73,563.21,42.57,151.01,-1,-1,-1,-1
451,141,313.35,568.81,52.82,121.75,-1,-1,-1,-1
451,143,993.16,645.39,80.31,210.93,-1,-1,-1,-1
451,144,516.95,569.86,39.42,151.54,-1,-1,-1,-1
451,149,851.70,680.16,100.41,275.56,-1,-1,-1,-1
451,153,1045.34,606.31,58.61,219.57,-1,-1,-1,-1
451,159,608.58,558.05,42.14,135.02,-1,-1,-1,-1
451,188,922.66,615.22,74.25,219.78,-1,-1,-1,-1
451,189,1816.71,779.55,99.32,296.23,-1,-1,-1,-1
452,118,481.28,571.10,39.17,148.20,-1,-1,-1,-1
452,136,526.55,561.57,43.06,152.29,-1,-1,-1,-1
452,141,284.61,567.61,51.62,123.33,-1,-1,-1,-1
452,143,968.82,646.42,78.97,212.18,-1,-1,-1,-1
452,144,488.46,568.51,41.20,152.56,-1,-1,-1,-1
452,149,819.78,687.32,100.75,272.06,-1,-1,-1,-1
452,153,1016.59,606.48,57.74,220.77,-1,-1,-1,-1
452,159,583.21,556.97,42.46,138.86,-1,-1,-1,-1
452,188,897.42,614.61,70.21,224.92,-1,-1,-1,-1
452,189,1786.04,777.74,128.38,298.55,-1,-1,-1,-1
453,118,460.88,570.21,39.53,152.75,-1,-1,-1,-1
453,136,501.01,563.74,39.41,152.53,-1,-1,-1,-1
453,141,256.06,566.72,51.13,125.36,-1,-1,-1,-1
453,143,943.58,646.62,77.71,214.24,-1,-1,-1,-1
453,149,787.17,692.01,101.38,272.60,-1,-1,-1,-1
453,153,984.84,607.68,58.73,224.67,-1,-1,-1,-1
453,159,556.83,557.98,42.40,139.11,-1,-1,-1,-1
453,188,871.74,616.38,65.33,220.94,-1,-1,-1,-1
453,189,1754.09,773.07,159.26,303.03,-1,-1,-1,-1
454,118,431.50,568.98,43.25,155.54,-1,-1,-1,-1
454,136,471.35,561.47,42.50,156.81,-1,-1,-1,-1
454,141,224.68,567.06,52.17,126.62,-1,-1,-1,-1
454,143,915.55,644.72,78.91,218.94,-1,-1,-1,-1
454,149,752.89,695.45,97.77,272.83,-1,-1,-1,-1
454,153,946.63,609.18,69.92,237.93,-1,-1,-1,-1
454,159,530.49,557.86,49.82,143.80,-1,-1,-1,-1
454,188,843.30,619.93,67.50,206.97,-1,-1,-1,-1
454,189,1721.06,772.73,176.80,304.36,-1,-1,-1,-1
455,118,401.63,569.41,44.73,163.42,-1,-1,-1,-1
455,136,441.04,561.88,45.16,159.09,-1,-1,-1,-1
455,141,194.27,566.03,41.90,129.83,-1,-1,-1,-1
455,143,889.03,625.45,79.95,241.91,-1,-1,-1,-1
455,149,718.39,699.21,92.64,276.24,-1,-1,-1,-1
455,159,503.09,558.33,55.64,148.40,-1,-1,-1,-1
455,188,814.27,623.45,72.54,221.46,-1,-1,-1,-1
455,189,1686.46,772.02,185.61,304.89,-1,-1,-1,-1
456,118,376.69,569.68,42.33,161.27,-1,-1,-1,-1
456,136,410.01,561.99,55.53,159.39,-1,-1,-1,-1
456,141,162.11,567.44,45.28,129.79,-1,-1,-1,-1
456,143,863.14,618.72,79.43,251.19,-1,-1,-1,-1
456,149,681.90,698.31,91.13,288.89,-1,-1,-1,-1
456,159,475.43,556.96,62.23,151.19,-1,-1,-1,-1
456,188,785.17,630.79,71.64,218.38,-1,-1,-1,-1
456,189,1652.03,767.90,189.28,309.03,-1,-1,-1,-1
457,118,347.39,570.51,43.06,157.39,-1,-1,-1,-1
457,136,381.81,562.64,60.11,160.19,-1,-1,-1,-1
457,141,129.95,568.84,48.66,129.76,-1,-1,-1,-1
457,143,834.18,635.18,80.01,238.50,-1,-1,-1,-1
457,149,645.03,697.53,90.73,303.40,-1,-1,-1,-1
457,159,446.02,557.59,66.88,152.06,-1,-1,-1,-1
457,188,755.05,630.89,73.03,223.47,-1,-1,-1,-1
457,189,1616.26,764.34,191.24,312.69,-1,-1,-1,-1
458,118,314.92,570.92,45.22,165.67,-1,-1,-1,-1
458,136,353.45,562.98,60.25,161.81,-1,-1,-1,-1
458,141,92.57,569.84,55.28,130.76,-1,-1,-1,-1
458,143,803.18,642.98,82.26,236.29,-1,-1,-1,-1
458,149,607.26,700.89,89.94,315.79,-1,-1,-1,-1
458,159,414.14,558.49,72.07,154.15,-1,-1,-1,-1
458,188,724.76,636.32,74.28,222.51,-1,-1,-1,-1
458,189,1581.04,761.98,193.31,315.30,-1,-1,-1,-1
459,118,286.74,575.89,41.71,161.72,-1,-1,-1,-1
459,136,319.97,566.51,68.64,160.85,-1,-1,-1,-1
459,141,57.72,573.02,55.14,129.52,-1,-1,-1,-1
459,143,771.28,650.37,85.05,235.70,-1,-1,-1,-1
459,149,567.20,705.11,90.91,324.21,-1,-1,-1,-1
459,159,384.25,561.24,74.98,154.00,-1,-1,-1,-1
459,188,693.55,640.73,69.31,223.62,-1,-1,-1,-1
459,189,1545.64,760.97,194.26,316.31,-1,-1,-1,-1
459,204,273.85,579.44,53.82,163.95,-1,-1,-1,-1
460,118,255.17,577.29,42.35,156.13,-1,-1,-1,-1
460,136,286.85,567.83,74.46,163.12,-1,-1,-1,-1
460,141,21.93,573.83,53.64,130.27,-1,-1,-1,-1
460,143,739.06,657.95,85.44,232.91,-1,-1,-1,-1
460,149,524.60,713.33,95.46,328.93,-1,-1,-1,-1
460,159,355.05,563.44,73.99,153.05,-1,-1,-1,-1
460,188,662.08,640.61,71.84,229.19,-1,-1,-1,-1
460,189,1511.71,761.94,192.57,315.37,-1,-1,-1,-1
460,204,225.71,580.50,78.11,163.81,-1,-1,-1,-1
461,136,254.41,571.06,75.84,161.22,-1,-1,-1,-1
461,141,0.00,573.81,38.19,134.60,-1,-1,-1,-1
461,143,705.50,656.77,88.25,239.89,-1,-1,-1,-1
461,149,478.84,725.72,97.67,329.89,-1,-1,-1,-1
461,159,322.75,567.42,71.42,151.89,-1,-1,-1,-1
461,188,628.40,639.99,72.81,234.39,-1,-1,-1,-1
461,189,1477.77,766.01,189.09,310.02,-1,-1,-1,-1
461,204,210.02,581.35,62.24,167.19,-1,-1,-1,-1
462,136,220.81,573.15,76.51,162.25,-1,-1,-1,-1
462,143,671.55,646.83,94.59,254.35,-1,-1,-1,-1
462,149,431.70,732.04,111.76,335.52,-1,-1,-1,-1
462,159,289.16,569.97,75.94,152.68,-1,-1,-1,-1
462,188,595.65,641.12,76.92,240.22,-1,-1,-1,-1
462,189,1443.28,773.23,187.74,302.90,-1,-1,-1,-1
462,204,178.64,582.96,62.88,171.18,-1,-1,-1,-1
462,207,146.13,585.82,71.18,162.17,-1,-1,-1,-1
463,136,189.77,576.60,70.72,161.48,-1,-1,-1,-1
463,143,632.67,643.23,107.17,265.16,-1,-1,-1,-1
463,149,386.39,743.41,122.60,332.53,-1,-1,-1,-1
463,159,255.49,572.45,76.63,151.63,-1,-1,-1,-1
463,188,561.82,648.21,74.62,238.78,-1,-1,-1,-1
463,189,1408.46,785.05,185.90,291.09,-1,-1,-1,-1
463,204,144.64,585.31,60.74,171.65,-1,-1,-1,-1
463,207,141.87,584.96,62.22,170.09,-1,-1,-1,-1
464,136,157.84,577.79,62.81,162.61,-1,-1,-1,-1
464,143,602.10,663.01,109.62,251.69,-1,-1,-1,-1
464,149,338.00,751.71,136.00,327.32,-1,-1,-1,-1
464,159,219.14,573.77,76.21,155.04,-1,-1,-1,-1
464,188,527.10,648.74,77.57,243.29,-1,-1,-1,-1
464,189,1373.26,800.14,185.10,277.55,-1,-1,-1,-1
464,204,110.64,587.66,58.59,172.12,-1,-1,-1,-1
465,136,122.00,576.70,63.40,164.73,-1,-1,-1,-1
465,143,566.02,675.39,113.63,245.27,-1,-1,-1,-1
465,149,286.88,752.83,150.62,323.73,-1,-1,-1,-1
465,159,188.20,574.43,79.70,158.65,-1,-1,-1,-1
465,188,491.43,653.20,84.07,246.00,-1,-1,-1,-1
465,189,1338.06,812.97,187.98,264.37,-1,-1,-1,-1
465,204,73.59,586.84,56.58,175.19,-1,-1,-1,-1
466,136,87.90,575.78,62.54,168.46,-1,-1,-1,-1
466,143,533.16,683.19,112.66,244.10,-1,-1,-1,-1
466,149,233.65,758.00,161.48,322.00,-1,-1,-1,-1
466,159,159.75,574.45,76.89,161.62,-1,-1,-1,-1
466,188,455.03,655.01,87.41,244.04,-1,-1,-1,-1
466,189,1303.84,827.04,188.83,251.17,-1,-1,-1,-1
466,204,33.29,587.40,56.29,178.52,-1,-1,-1,-1
467,136,48.96,575.30,65.63,170.13,-1,-1,-1,-1
467,143,498.49,687.79,110.74,245.38,-1,-1,-1,-1
467,149,178.58,760.45,169.15,319.55,-1,-1,-1,-1
467,159,131.29,574.23,73.63,163.82,-1,-1,-1,-1
467,188,416.38,661.76,84.66,249.08,-1,-1,-1,-1
467,189,1270.72,840.76,185.30,237.39,-1,-1,-1,-1
467,204,0.69,586.19,51.99,177.29,-1,-1,-1,-1
468,136,17.72,574.98,62.12,166.87,-1,-1,-1,-1
468,143,459.97,692.20,110.38,248.85,-1,-1,-1,-1
468,149,120.42,761.80,176.32,318.20,-1,-1,-1,-1
468,159,104.35,573.37,65.20,165.76,-1,-1,-1,-1
468,188,377.05,663.40,80.53,254.07,-1,-1,-1,-1
468,189,1237.63,852.31,179.45,226.91,-1,-1,-1,-1
469,136,0.00,573.37,43.60,173.07,-1,-1,-1,-1
469,143,422.31,696.58,107.91,251.10,-1,-1,-1,-1
469,149,58.90,767.02,185.07,312.98,-1,-1,-1,-1
469,159,74.25,572.30,60.24,169.45,-1,-1,-1,-1
469,188,337.87,670.30,80.75,255.91,-1,-1,-1,-1
469,189,1205.56,856.98,181.02,221.92,-1,-1,-1,-1
470,143,380.22,698.18,110.17,253.65,-1,-1,-1,-1
470,149,5.56,771.60,184.50,308.40,-1,-1,-1,-1
470,159,40.51,570.33,59.23,163.93,-1,-1,-1,-1
470,188,296.89,673.15,82.24,255.61,-1,-1,-1,-1
470,189,1172.00,859.03,181.40,219.46,-1,-1,-1,-1
471,143,340.12,698.31,110.26,258.60,-1,-1,-1,-1
471,149,0.00,779.46,135.06,298.10,-1,-1,-1,-1
471,159,6.95,568.75,62.29,146.93,-1,-1,-1,-1
471,188,255.21,667.03,83.33,268.95,-1,-1,-1,-1
471,189,1134.67,856.93,175.93,221.09,-1,-1,-1,-1
472,143,300.77,696.90,107.69,263.53,-1,-1,-1,-1
472,188,214.66,669.38,85.02,269.35,-1,-1,-1,-1
472,189,1095.44,853.22,175.97,225.14,-1,-1,-1,-1
473,143,261.04,699.19,107.02,264.74,-1,-1,-1,-1
473,188,172.37,668.03,92.41,275.72,-1,-1,-1,-1
473,189,1055.61,851.14,178.49,227.19,-1,-1,-1,-1
474,143,221.40,700.57,105.52,268.28,-1,-1,-1,-1
474,188,128.74,665.72,98.40,284.13,-1,-1,-1,-1
474,189,1014.65,850.03,183.03,228.18,-1,-1,-1,-1
475,143,181.70,701.99,102.37,272.58,-1,-1,-1,-1
475,188,85.01,670.26,100.55,285.59,-1,-1,-1,-1
475,189,973.71,850.26,178.91,228.29,-1,-1,-1,-1
476,143,139.45,702.47,101.19,277.54,-1,-1,-1,-1
476,188,38.27,683.23,104.90,278.04,-1,-1,-1,-1
476,189,931.73,855.47,169.23,224.07,-1,-1,-1,-1
477,143,92.48,704.57,103.03,284.80,-1,-1,-1,-1
477,188,0.16,703.93,90.87,262.51,-1,-1,-1,-1
477,189,888.31,861.42,157.30,218.49,-1,-1,-1,-1
478,143,41.29,710.62,87.57,290.13,-1,-1,-1,-1
478,189,845.40,868.70,180.23,211.30,-1,-1,-1,-1
479,189,800.56,882.57,186.42,197.43,-1,-1,-1,-1
480,189,754.80,891.06,186.96,188.60,-1,-1,-1,-1
481,189,708.04,884.44,186.75,194.08,-1,-1,-1,-1
481,216,1834.25,656.12,85.75,216.59,-1,-1,-1,-1
482,189,684.31,883.39,162.87,195.39,-1,-1,-1,-1
482,216,1812.18,657.85,107.82,228.95,-1,-1,-1,-1
483,189,623.43,880.01,171.20,198.80,-1,-1,-1,-1
483,216,1786.60,658.83,109.65,234.70,-1,-1,-1,-1
484,189,568.48,878.75,174.44,200.61,-1,-1,-1,-1
484,216,1745.72,658.59,110.02,235.53,-1,-1,-1,-1
485,189,514.54,877.23,175.51,202.16,-1,-1,-1,-1
485,216,1713.52,658.85,97.92,240.07,-1,-1,-1,-1
486,189,461.73,880.31,174.03,199.50,-1,-1,-1,-1
486,216,1667.68,658.09,99.48,227.17,-1,-1,-1,-1
487,189,407.47,884.74,172.83,195.06,-1,-1,-1,-1
487,216,1633.58,659.65,90.43,225.13,-1,-1,-1,-1
488,189,354.26,897.24,170.18,182.35,-1,-1,-1,-1
488,216,1584.19,659.38,93.30,170.58,-1,-1,-1,-1
489,189,305.13,911.38,163.70,167.91,-1,-1,-1,-1
489,216,1536.61,662.59,93.01,145.91,-1,-1,-1,-1
489,224,1525.05,659.86,98.72,281.17,-1,-1,-1,-1
490,189,257.38,926.55,155.56,152.56,-1,-1,-1,-1
490,216,1505.54,667.87,81.64,139.17,-1,-1,-1,-1
490,225,1403.89,662.17,112.13,239.87,-1,-1,-1,-1
491,189,209.05,941.26,150.10,137.71,-1,-1,-1,-1
491,216,1466.16,672.03,76.43,136.32,-1,-1,-1,-1
491,225,1366.89,665.81,111.13,243.36,-1,-1,-1,-1
492,189,157.61,951.46,147.43,127.60,-1,-1,-1,-1
492,216,1405.80,676.95,92.51,135.80,-1,-1,-1,-1
492,225,1326.92,669.74,103.30,245.69,-1,-1,-1,-1
493,189,104.03,958.24,146.96,120.59,-1,-1,-1,-1
493,216,1373.93,679.66,83.22,138.50,-1,-1,-1,-1
493,225,1291.79,671.55,92.20,248.43,-1,-1,-1,-1
494,189,44.52,962.89,146.89,115.96,-1,-1,-1,-1
494,216,1331.24,686.17,79.77,136.28,-1,-1,-1,-1
494,225,1247.24,674.28,88.06,254.87,-1,-1,-1,-1
495,189,0.00,965.85,131.84,113.05,-1,-1,-1,-1
495,216,1271.55,692.90,92.93,134.90,-1,-1,-1,-1
495,225,1205.56,676.53,84.94,261.17,-1,-1,-1,-1
496,189,0.00,966.33,69.34,111.15,-1,-1,-1,-1
496,216,1219.19,698.87,97.27,133.91,-1,-1,-1,-1
496,225,1165.30,680.64,77.22,264.46,-1,-1,-1,-1
497,216,1179.56,699.82,93.96,133.82,-1,-1,-1,-1
497,225,1126.65,680.86,72.83,272.08,-1,-1,-1,-1
498,216,1109.32,698.94,124.46,248.76,-1,-1,-1,-1
498,225,1080.59,681.83,71.23,267.43,-1,-1,-1,-1
499,216,1072.68,699.29,114.10,277.26,-1,-1,-1,-1
499,225,1032.91,682.43,71.83,267.11,-1,-1,-1,-1
500,216,1029.67,697.16,111.13,302.15,-1,-1,-1,-1
500,225,982.56,683.04,77.66,266.39,-1,-1,-1,-1
501,216,985.69,695.90,109.39,288.94,-1,-1,-1,-1
501,225,932.61,684.99,82.95,264.81,-1,-1,-1,-1
502,216,939.59,693.37,109.57,279.66,-1,-1,-1,-1
502,225,873.90,684.43,99.24,271.29,-1,-1,-1,-1
503,216,892.84,692.37,108.91,278.22,-1,-1,-1,-1
503,225,826.46,684.81,104.29,272.45,-1,-1,-1,-1
504,216,846.09,691.85,110.09,294.07,-1,-1,-1,-1
504,225,780.74,685.06,106.15,279.00,-1,-1,-1,-1
504,226,1841.12,645.90,70.93,172.78,-1,-1,-1,-1
505,216,797.29,694.18,113.71,304.41,-1,-1,-1,-1
505,225,734.75,686.65,106.70,288.19,-1,-1,-1,-1
505,226,1867.74,652.09,52.26,180.70,-1,-1,-1,-1
505,227,1894.27,551.76,25.73,86.02,-1,-1,-1,-1
506,216,765.35,697.70,96.23,301.31,-1,-1,-1,-1
506,225,685.78,689.75,105.60,286.27,-1,-1,-1,-1
506,226,1855.02,653.78,64.98,179.64,-1,-1,-1,-1
506,228,1768.07,650.53,81.55,171.50,-1,-1,-1,-1
507,216,700.78,703.04,111.62,310.55,-1,-1,-1,-1
507,225,637.94,691.67,104.08,292.72,-1,-1,-1,-1
507,226,1824.69,652.58,75.03,177.29,-1,-1,-1,-1
507,228,1737.02,648.94,80.72,174.08,-1,-1,-1,-1
507,230,1832.21,549.72,37.58,86.85,-1,-1,-1,-1
508,216,644.03,710.21,119.11,321.14,-1,-1,-1,-1
508,225,589.75,698.33,96.06,296.41,-1,-1,-1,-1
508,226,1787.42,656.62,79.55,186.14,-1,-1,-1,-1
508,228,1701.96,655.35,79.01,172.95,-1,-1,-1,-1
508,231,1800.76,551.70,37.99,88.51,-1,-1,-1,-1
509,216,585.92,717.23,127.16,327.76,-1,-1,-1,-1
509,225,541.56,703.15,88.12,294.01,-1,-1,-1,-1
509,226,1750.79,658.44,81.39,190.85,-1,-1,-1,-1
509,228,1665.70,658.40,78.75,174.59,-1,-1,-1,-1
509,232,1772.40,551.92,34.43,87.65,-1,-1,-1,-1
510,216,529.97,723.19,131.63,334.17,-1,-1,-1,-1
510,225,490.18,708.30,85.28,309.20,-1,-1,-1,-1
510,226,1712.85,659.68,81.97,191.10,-1,-1,-1,-1
510,228,1631.03,662.55,78.15,173.60,-1,-1,-1,-1
510,233,1742.04,553.47,34.71,88.21,-1,-1,-1,-1
511,216,472.60,732.41,140.37,336.04,-1,-1,-1,-1
511,225,434.17,716.10,89.09,307.34,-1,-1,-1,-1
511,226,1678.38,664.16,77.42,188.71,-1,-1,-1,-1
511,228,1596.95,666.16,77.77,172.88,-1,-1,-1,-1
511,234,1713.20,554.74,34.78,87.65,-1,-1,-1,-1
512,216,414.17,739.93,145.32,337.96,-1,-1,-1,-1
512,225,367.91,723.27,100.61,319.50,-1,-1,-1,-1
512,226,1641.44,666.59,79.08,192.24,-1,-1,-1,-1
512,228,1562.07,669.68,78.40,174.91,-1,-1,-1,-1
512,236,1683.48,556.63,33.67,89.28,-1,-1,-1,-1
513,216,360.80,746.67,141.31,333.33,-1,-1,-1,-1
513,225,287.88,732.17,123.65,315.93,-1,-1,-1,-1
513,226,1607.10,667.06,78.89,196.87,-1,-1,-1,-1
513,228,1527.84,670.54,78.60,177.07,-1,-1,-1,-1
513,237,1655.00,557.64,32.33,86.59,-1,-1,-1,-1
514,216,300.28,751.46,144.12,328.54,-1,-1,-1,-1
514,225,217.67,741.56,136.45,316.16,-1,-1,-1,-1
514,226,1572.83,670.62,79.96,199.97,-1,-1,-1,-1
514,228,1492.71,672.48,79.73,180.51,-1,-1,-1,-1
514,238,1627.42,558.92,32.93,88.54,-1,-1,-1,-1
515,216,240.63,758.93,148.01,321.07,-1,-1,-1,-1
515,225,155.96,747.64,150.24,323.89,-1,-1,-1,-1
515,226,1538.20,671.17,80.97,204.24,-1,-1,-1,-1
515,228,1459.01,673.90,80.41,181.16,-1,-1,-1,-1
515,239,1598.63,560.18,34.65,86.61,-1,-1,-1,-1
516,216,175.09,762.77,152.50,317.23,-1,-1,-1,-1
516,225,107.88,751.69,142.51,327.54,-1,-1,-1,-1
516,226,1506.30,672.16,78.84,205.41,-1,-1,-1,-1
516,228,1424.26,674.14,82.41,181.25,-1,-1,-1,-1
516,240,1570.54,559.85,34.10,86.78,-1,-1,-1,-1
517,216,110.42,769.28,160.45,310.72,-1,-1,-1,-1
517,225,56.55,757.29,117.82,319.02,-1,-1,-1,-1
517,226,1472.69,672.53,79.78,204.41,-1,-1,-1,-1
517,228,1391.01,674.68,82.15,182.98,-1,-1,-1,-1
517,241,1541.95,559.39,36.04,87.07,-1,-1,-1,-1
517,242,1863.87,739.60,50.97,261.97,-1,-1,-1,-1
518,216,41.75,777.44,171.41,302.56,-1,-1,-1,-1
518,225,9.84,759.70,96.01,316.32,-1,-1,-1,-1
518,226,1438.90,674.34,80.56,198.33,-1,-1,-1,-1
518,228,1358.57,675.86,80.83,181.76,-1,-1,-1,-1
518,242,1828.04,734.52,84.36,272.00,-1,-1,-1,-1
518,243,1514.58,559.85,37.84,84.98,-1,-1,-1,-1
519,216,0.00,784.12,152.52,295.88,-1,-1,-1,-1
519,226,1407.58,674.98,79.54,198.86,-1,-1,-1,-1
519,228,1323.17,676.73,83.57,181.76,-1,-1,-1,-1
519,242,1787.73,731.11,101.35,276.97,-1,-1,-1,-1
519,244,1489.19,558.14,35.29,83.70,-1,-1,-1,-1
520,216,0.00,792.07,88.89,286.66,-1,-1,-1,-1
520,226,1372.51,675.63,81.71,200.58,-1,-1,-1,-1
520,228,1289.80,676.99,83.91,185.03,-1,-1,-1,-1
520,242,1750.34,731.51,107.74,277.48,-1,-1,-1,-1
520,245,1432.62,572.86,52.34,101.58,-1,-1,-1,-1
521,226,1340.38,677.65,82.08,210.11,-1,-1,-1,-1
521,228,1256.53,684.01,84.53,180.67,-1,-1,-1,-1
521,242,1712.46,731.40,112.88,277.29,-1,-1,-1,-1
521,245,1438.81,555.24,36.93,86.29,-1,-1,-1,-1
522,226,1312.96,678.11,77.58,211.35,-1,-1,-1,-1
522,228,1223.71,677.93,84.32,188.27,-1,-1,-1,-1
522,242,1675.34,730.89,117.38,278.57,-1,-1,-1,-1
522,248,1381.90,571.75,52.34,100.70,-1,-1,-1,-1
523,226,1278.84,677.81,78.86,213.84,-1,-1,-1,-1
523,228,1187.93,677.78,86.11,191.80,-1,-1,-1,-1
523,242,1646.40,728.78,113.63,278.87,-1,-1,-1,-1
523,248,1360.96,571.94,52.69,100.43,-1,-1,-1,-1
524,226,1247.71,678.15,78.87,218.04,-1,-1,-1,-1
524,228,1152.75,677.19,87.27,196.13,-1,-1,-1,-1
524,242,1614.25,726.45,112.51,279.23,-1,-1,-1,-1
524,248,1334.15,570.68,53.71,102.36,-1,-1,-1,-1
525,226,1213.82,677.55,80.28,219.41,-1,-1,-1,-1
525,228,1117.71,677.41,88.22,197.56,-1,-1,-1,-1
525,242,1580.96,724.86,113.13,278.27,-1,-1,-1,-1
525,248,1307.75,570.20,54.85,103.63,-1,-1,-1,-1
526,226,1177.27,678.06,84.19,221.78,-1,-1,-1,-1
526,228,1085.35,683.46,87.97,193.61,-1,-1,-1,-1
526,242,1546.70,723.22,113.43,276.99,-1,-1,-1,-1
526,248,1282.41,569.56,55.62,104.51,-1,-1,-1,-1
527,226,1145.21,679.21,83.97,223.47,-1,-1,-1,-1
527,228,1061.59,682.56,79.67,196.54,-1,-1,-1,-1
527,242,1517.30,722.33,109.77,278.52,-1,-1,-1,-1
527,248,1258.12,568.74,55.17,105.44,-1,-1,-1,-1
528,226,1107.80,683.32,89.43,226.61,-1,-1,-1,-1
528,228,1032.68,683.95,76.77,200.83,-1,-1,-1,-1
528,242,1488.66,723.33,106.37,279.68,-1,-1,-1,-1
528,248,1234.15,570.07,50.89,105.15,-1,-1,-1,-1
529,226,1069.19,686.09,95.23,229.73,-1,-1,-1,-1
529,228,1003.23,687.03,74.19,207.13,-1,-1,-1,-1
529,242,1456.60,725.46,107.32,282.57,-1,-1,-1,-1
529,248,1210.59,572.10,47.94,103.59,-1,-1,-1,-1
530,226,1032.15,689.97,98.51,230.50,-1,-1,-1,-1
530,228,970.71,693.37,71.93,207.10,-1,-1,-1,-1
530,242,1419.79,727.45,115.22,287.18,-1,-1,-1,-1
530,248,1187.36,573.11,45.67,103.16,-1,-1,-1,-1
531,226,996.39,694.80,103.52,232.93,-1,-1,-1,-1
531,228,935.46,696.11,75.91,209.21,-1,-1,-1,-1
531,242,1392.28,729.09,112.48,287.23,-1,-1,-1,-1
531,248,1164.49,573.24,43.65,103.08,-1,-1,-1,-1
532,226,964.29,698.51,104.74,237.86,-1,-1,-1,-1
532,228,899.56,699.10,79.03,213.80,-1,-1,-1,-1
532,242,1357.85,733.27,117.90,287.01,-1,-1,-1,-1
532,248,1141.52,573.44,42.41,104.51,-1,-1,-1,-1
533,226,931.75,702.64,107.01,242.60,-1,-1,-1,-1
533,228,857.19,704.06,87.47,214.89,-1,-1,-1,-1
533,242,1330.63,735.84,114.71,288.09,-1,-1,-1,-1
533,248,1119.67,573.80,41.57,105.18,-1,-1,-1,-1
534,226,900.42,704.72,107.29,245.69,-1,-1,-1,-1
534,228,833.05,703.48,79.70,221.00,-1,-1,-1,-1
534,242,1302.79,737.21,111.77,291.58,-1,-1,-1,-1
534,248,1098.18,574.84,40.99,106.64,-1,-1,-1,-1
535,226,874.27,706.01,102.64,249.62,-1,-1,-1,-1
535,228,804.91,712.26,77.04,216.21,-1,-1,-1,-1
535,242,1276.11,738.56,109.84,291.81,-1,-1,-1,-1
535,248,1077.28,574.59,40.21,108.38,-1,-1,-1,-1
536,226,839.64,707.21,103.16,253.36,-1,-1,-1,-1
536,228,772.62,708.36,75.33,223.38,-1,-1,-1,-1
536,242,1249.30,737.89,108.77,294.18,-1,-1,-1,-1
536,248,1056.74,574.44,40.15,109.92,-1,-1,-1,-1
537,226,811.55,708.79,96.82,256.30,-1,-1,-1,-1
537,228,739.84,704.02,76.15,234.09,-1,-1,-1,-1
537,242,1223.22,736.19,106.83,294.22,-1,-1,-1,-1
537,248,1035.61,574.23,41.56,110.17,-1,-1,-1,-1
538,226,774.47,711.46,96.67,259.57,-1,-1,-1,-1
538,228,706.34,720.14,65.27,223.05,-1,-1,-1,-1
538,242,1195.18,737.31,107.34,294.50,-1,-1,-1,-1
538,248,1015.09,576.95,42.75,110.29,-1,-1,-1,-1
539,226,739.69,713.09,96.94,267.95,-1,-1,-1,-1
539,228,670.75,717.44,70.57,230.63,-1,-1,-1,-1
539,242,1167.99,737.13,112.10,295.20,-1,-1,-1,-1
539,248,994.41,578.83,43.72,109.32,-1,-1,-1,-1
540,226,703.49,717.78,98.11,268.31,-1,-1,-1,-1
540,228,625.64,716.95,88.79,238.82,-1,-1,-1,-1
540,242,1141.05,740.03,108.22,298.55,-1,-1,-1,-1
540,248,974.41,580.30,44.95,110.35,-1,-1,-1,-1
541,226,667.57,722.93,99.43,278.72,-1,-1,-1,-1
541,228,579.51,724.38,96.46,240.99,-1,-1,-1,-1
541,242,1114.25,741.75,105.39,302.43,-1,-1,-1,-1
541,248,954.98,582.45,46.14,109.70,-1,-1,-1,-1
542,226,630.22,728.87,104.16,273.45,-1,-1,-1,-1
542,228,534.77,728.83,104.94,242.47,-1,-1,-1,-1
542,242,1084.79,748.42,106.51,308.14,-1,-1,-1,-1
542,248,934.43,583.41,49.23,111.45,-1,-1,-1,-1
543,226,593.61,734.84,106.43,283.40,-1,-1,-1,-1
543,228,493.20,733.52,115.02,243.17,-1,-1,-1,-1
543,242,1055.91,753.18,107.91,306.20,-1,-1,-1,-1
543,248,913.88,583.71,50.78,112.32,-1,-1,-1,-1
544,226,555.17,745.78,110.81,294.57,-1,-1,-1,-1
544,228,452.51,741.70,124.37,255.15,-1,-1,-1,-1
544,242,1028.35,759.18,108.28,307.57,-1,-1,-1,-1
544,248,893.89,586.54,52.88,113.14,-1,-1,-1,-1
545,226,520.10,748.23,110.34,298.60,-1,-1,-1,-1
545,228,418.49,745.47,128.45,255.70,-1,-1,-1,-1
545,242,1000.36,758.01,109.47,309.21,-1,-1,-1,-1
545,248,873.81,584.69,55.11,114.12,-1,-1,-1,-1
546,226,484.17,751.59,108.46,302.67,-1,-1,-1,-1
546,228,387.16,745.77,123.61,263.53,-1,-1,-1,-1
546,242,973.79,758.07,109.23,310.35,-1,-1,-1,-1
546,248,854.35,583.18,55.99,115.71,-1,-1,-1,-1
547,226,447.96,754.30,108.58,306.74,-1,-1,-1,-1
547,228,354.41,747.77,113.95,271.71,-1,-1,-1,-1
547,242,949.29,756.97,108.44,305.43,-1,-1,-1,-1
547,248,835.54,582.17,56.60,116.41,-1,-1,-1,-1
548,226,404.59,755.51,113.13,313.77,-1,-1,-1,-1
548,228,313.95,760.18,108.85,269.13,-1,-1,-1,-1
548,242,923.33,758.26,109.06,306.10,-1,-1,-1,-1
548,248,815.19,581.98,58.41,117.21,-1,-1,-1,-1
549,226,373.03,758.88,108.43,290.00,-1,-1,-1,-1
549,228,278.64,760.44,102.99,280.26,-1,-1,-1,-1
549,242,899.05,757.00,108.68,305.60,-1,-1,-1,-1
549,248,796.35,582.49,59.26,116.53,-1,-1,-1,-1
550,226,333.15,760.62,107.79,309.62,-1,-1,-1,-1
550,228,238.28,759.51,101.82,287.23,-1,-1,-1,-1
550,242,871.26,754.97,109.12,308.26,-1,-1,-1,-1
550,248,777.32,582.74,59.96,117.11,-1,-1,-1,-1
551,226,286.67,765.23,113.56,311.26,-1,-1,-1,-1
551,228,192.59,763.47,103.53,295.21,-1,-1,-1,-1
551,242,844.48,756.20,110.61,311.74,-1,-1,-1,-1
551,248,759.15,583.03,59.53,118.20,-1,-1,-1,-1
552,226,242.91,770.40,113.28,309.46,-1,-1,-1,-1
552,228,152.66,767.45,105.16,302.80,-1,-1,-1,-1
552,242,818.05,754.44,112.06,318.32,-1,-1,-1,-1
552,248,740.70,582.18,59.37,118.88,-1,-1,-1,-1
553,226,196.13,778.59,117.43,301.41,-1,-1,-1,-1
553,228,98.07,774.06,119.00,305.44,-1,-1,-1,-1
553,242,793.69,757.25,113.21,319.49,-1,-1,-1,-1
553,248,723.03,582.01,58.54,119.79,-1,-1,-1,-1
554,226,145.43,786.44,126.29,293.56,-1,-1,-1,-1
554,228,61.67,782.43,110.50,297.57,-1,-1,-1,-1
554,242,767.33,763.51,116.02,308.39,-1,-1,-1,-1
554,248,704.77,582.16,58.22,120.42,-1,-1,-1,-1
554,254,783.81,535.87,31.25,92.17,-1,-1,-1,-1
555,226,104.17,797.26,126.28,282.74,-1,-1,-1,-1
555,228,18.45,792.50,108.07,287.50,-1,-1,-1,-1
555,242,739.79,767.45,119.15,295.22,-1,-1,-1,-1
555,248,687.01,582.39,56.80,121.20,-1,-1,-1,-1
555,254,767.54,537.10,32.81,91.72,-1,-1,-1,-1
556,226,55.16,804.60,127.49,275.31,-1,-1,-1,-1
556,228,0.00,797.81,79.49,282.19,-1,-1,-1,-1
556,242,712.64,768.38,119.35,297.04,-1,-1,-1,-1
556,248,668.95,580.68,56.33,123.20,-1,-1,-1,-1
556,254,750.72,535.68,35.02,91.94,-1,-1,-1,-1
557,226,5.19,813.34,123.42,266.04,-1,-1,-1,-1
557,242,676.59,768.10,128.45,302.37,-1,-1,-1,-1
557,248,651.13,579.60,55.01,124.04,-1,-1,-1,-1
557,254,734.79,533.23,33.53,93.50,-1,-1,-1,-1
558,226,0.00,819.78,69.54,252.13,-1,-1,-1,-1
558,242,652.36,768.51,126.69,306.34,-1,-1,-1,-1
558,248,632.56,577.81,55.03,126.02,-1,-1,-1,-1
558,254,719.23,531.76,34.34,93.19,-1,-1,-1,-1
558,256,1457.05,528.70,24.44,63.56,-1,-1,-1,-1
559,242,627.20,765.36,126.21,311.06,-1,-1,-1,-1
559,248,615.24,577.32,53.55,127.86,-1,-1,-1,-1
559,254,703.39,529.93,35.23,94.01,-1,-1,-1,-1
559,256,1445.48,528.04,24.84,65.55,-1,-1,-1,-1
560,242,601.96,762.49,126.44,314.75,-1,-1,-1,-1
560,248,596.99,577.91,54.37,129.45,-1,-1,-1,-1
560,254,688.48,529.83,35.11,93.35,-1,-1,-1,-1
560,256,1433.18,524.82,25.15,70.08,-1,-1,-1,-1
561,242,577.58,758.75,125.58,318.65,-1,-1,-1,-1
561,248,579.13,577.88,54.97,131.34,-1,-1,-1,-1
561,254,674.15,532.12,34.45,89.96,-1,-1,-1,-1
561,256,1422.41,525.27,24.20,70.42,-1,-1,-1,-1
562,242,552.77,758.21,125.42,319.67,-1,-1,-1,-1
562,248,562.26,579.78,56.58,131.66,-1,-1,-1,-1
562,254,659.71,536.77,35.15,86.08,-1,-1,-1,-1
562,256,1411.47,525.85,23.78,67.73,-1,-1,-1,-1
563,242,527.30,758.36,125.43,319.23,-1,-1,-1,-1
563,248,546.02,581.15,58.34,133.22,-1,-1,-1,-1
563,254,646.10,537.87,35.88,85.63,-1,-1,-1,-1
563,256,1399.97,527.19,24.12,70.60,-1,-1,-1,-1
564,242,501.08,759.83,126.51,318.24,-1,-1,-1,-1
564,248,529.26,582.62,60.67,134.91,-1,-1,-1,-1
564,254,632.29,539.83,35.93,84.57,-1,-1,-1,-1
564,256,1389.57,528.13,23.60,67.73,-1,-1,-1,-1
565,242,473.38,762.24,129.85,316.34,-1,-1,-1,-1
565,248,513.72,583.50,61.14,135.51,-1,-1,-1,-1
565,254,619.52,540.18,34.58,84.17,-1,-1,-1,-1
565,256,1379.21,525.94,24.18,69.63,-1,-1,-1,-1
566,242,444.96,767.58,134.72,310.83,-1,-1,-1,-1
566,248,497.44,584.02,62.91,136.78,-1,-1,-1,-1
566,254,606.63,541.16,33.21,83.64,-1,-1,-1,-1
566,256,1369.28,525.35,24.76,70.84,-1,-1,-1,-1
567,242,417.57,774.75,138.36,303.87,-1,-1,-1,-1
567,248,480.40,585.99,64.58,136.58,-1,-1,-1,-1
567,254,593.94,543.19,32.91,82.30,-1,-1,-1,-1
567,256,1359.99,526.30,24.65,71.71,-1,-1,-1,-1
568,242,391.26,782.60,141.14,296.40,-1,-1,-1,-1
568,248,463.79,586.95,65.42,137.58,-1,-1,-1,-1
568,254,580.70,543.47,31.02,82.67,-1,-1,-1,-1
568,256,1350.35,523.21,25.40,73.33,-1,-1,-1,-1
569,242,362.80,788.12,146.00,290.04,-1,-1,-1,-1
569,248,446.57,587.83,67.33,140.00,-1,-1,-1,-1
569,254,567.86,544.03,31.19,82.46,-1,-1,-1,-1
569,256,1341.39,524.48,26.24,69.84,-1,-1,-1,-1
570,242,335.03,792.24,149.18,285.81,-1,-1,-1,-1
570,248,428.41,588.02,69.38,141.89,-1,-1,-1,-1
570,254,555.17,544.68,30.96,82.14,-1,-1,-1,-1
570,256,1333.29,522.67,26.57,71.23,-1,-1,-1,-1
571,242,306.76,795.18,152.00,281.40,-1,-1,-1,-1
571,248,412.52,589.39,68.74,142.83,-1,-1,-1,-1
571,256,1324.75,523.25,26.73,71.22,-1,-1,-1,-1
571,257,1881.39,591.94,36.90,142.98,-1,-1,-1,-1
572,242,280.10,798.28,153.14,278.65,-1,-1,-1,-1
572,248,397.01,590.99,68.53,144.27,-1,-1,-1,-1
572,256,1316.40,522.08,27.59,72.44,-1,-1,-1,-1
572,257,1873.68,591.63,44.63,151.48,-1,-1,-1,-1
573,242,254.88,799.14,153.37,278.37,-1,-1,-1,-1
573,248,380.38,592.79,69.12,144.19,-1,-1,-1,-1
573,256,1309.76,523.84,26.29,72.50,-1,-1,-1,-1
573,257,1867.89,591.07,50.36,154.60,-1,-1,-1,-1
574,242,226.31,799.42,155.98,278.41,-1,-1,-1,-1
574,248,364.21,594.53,69.20,143.54,-1,-1,-1,-1
574,256,1302.40,522.93,26.81,74.98,-1,-1,-1,-1
574,257,1861.32,589.65,51.01,157.86,-1,-1,-1,-1
575,242,198.25,799.54,156.14,278.60,-1,-1,-1,-1
575,248,347.88,595.16,69.67,145.58,-1,-1,-1,-1
575,256,1295.02,524.32,27.19,75.63,-1,-1,-1,-1
575,257,1855.91,590.37,49.38,158.03,-1,-1,-1,-1
576,242,169.14,803.48,156.65,274.43,-1,-1,-1,-1
576,248,330.07,597.50,71.12,147.67,-1,-1,-1,-1
576,256,1287.66,525.07,28.01,77.71,-1,-1,-1,-1
576,257,1849.86,588.70,47.32,162.78,-1,-1,-1,-1
577,242,139.27,806.43,158.34,271.26,-1,-1,-1,-1
577,248,312.90,598.04,71.45,148.52,-1,-1,-1,-1
577,256,1280.73,525.89,28.57,79.11,-1,-1,-1,-1
577,257,1843.07,587.63,46.36,165.57,-1,-1,-1,-1
578,242,110.92,812.42,160.37,264.65,-1,-1,-1,-1
578,248,296.92,598.05,71.90,148.69,-1,-1,-1,-1
578,256,1273.87,524.70,29.69,81.01,-1,-1,-1,-1
578,257,1832.62,583.31,49.11,172.04,-1,-1,-1,-1
579,242,76.80,818.30,166.35,258.60,-1,-1,-1,-1
579,248,280.08,598.46,72.56,150.72,-1,-1,-1,-1
579,256,1268.05,525.88,29.52,80.64,-1,-1,-1,-1
579,257,1831.65,590.03,43.43,165.04,-1,-1,-1,-1
580,242,54.87,824.82,160.50,252.00,-1,-1,-1,-1
580,248,263.78,598.58,71.63,152.74,-1,-1,-1,-1
580,256,1263.70,526.10,28.79,81.59,-1,-1,-1,-1
580,257,1813.64,604.40,54.32,159.69,-1,-1,-1,-1
581,242,27.64,831.06,158.94,246.07,-1,-1,-1,-1
581,248,248.34,598.76,71.07,155.51,-1,-1,-1,-1
581,256,1259.46,526.30,27.36,82.58,-1,-1,-1,-1
581,257,1803.95,611.07,57.70,158.84,-1,-1,-1,-1
582,242,0.53,834.78,156.61,242.74,-1,-1,-1,-1
582,248,232.46,599.19,71.05,158.39,-1,-1,-1,-1
582,256,1255.28,525.60,25.89,79.55,-1,-1,-1,-1
582,257,1796.25,614.85,60.84,158.18,-1,-1,-1,-1
583,242,0.00,837.25,130.13,239.27,-1,-1,-1,-1
583,248,216.23,600.42,71.24,161.88,-1,-1,-1,-1
583,256,1250.67,526.25,26.45,79.39,-1,-1,-1,-1
583,257,1790.66,613.30,60.63,157.27,-1,-1,-1,-1
584,242,0.00,838.65,101.99,238.57,-1,-1,-1,-1
584,248,200.56,601.32,72.55,165.37,-1,-1,-1,-1
584,256,1246.39,524.75,26.56,76.12,-1,-1,-1,-1
584,257,1786.30,603.94,60.48,161.72,-1,-1,-1,-1
585,242,0.00,841.50,73.46,236.40,-1,-1,-1,-1
585,248,184.94,603.30,74.32,167.49,-1,-1,-1,-1
585,256,1242.93,522.88,26.75,77.51,-1,-1,-1,-1
585,257,1781.94,599.98,59.63,156.19,-1,-1,-1,-1
586,242,0.00,895.78,42.74,182.63,-1,-1,-1,-1
586,248,169.83,605.60,76.80,168.86,-1,-1,-1,-1
586,256,1239.34,520.84,26.55,83.17,-1,-1,-1,-1
586,257,1778.08,594.65,51.45,156.24,-1,-1,-1,-1
587,248,155.00,607.37,79.45,170.59,-1,-1,-1,-1
587,256,1235.45,517.35,26.83,86.46,-1,-1,-1,-1
587,257,1775.39,590.71,47.54,156.93,-1,-1,-1,-1
588,248,141.05,609.33,81.50,172.11,-1,-1,-1,-1
588,256,1232.06,517.96,26.30,84.69,-1,-1,-1,-1
588,257,1772.90,585.49,49.89,161.37,-1,-1,-1,-1
589,248,126.59,611.88,83.49,173.02,-1,-1,-1,-1
589,256,1229.69,517.51,26.31,85.35,-1,-1,-1,-1
589,257,1768.88,582.80,54.64,163.69,-1,-1,-1,-1
590,248,112.64,612.87,84.85,175.12,-1,-1,-1,-1
590,256,1227.16,517.47,26.75,86.74,-1,-1,-1,-1
590,257,1765.31,581.18,57.48,166.37,-1,-1,-1,-1
591,248,98.06,614.35,86.27,177.21,-1,-1,-1,-1
591,256,1225.17,516.09,26.88,89.92,-1,-1,-1,-1
591,257,1763.60,581.36,58.23,169.01,-1,-1,-1,-1
592,248,83.79,616.63,87.02,178.89,-1,-1,-1,-1
592,256,1222.85,512.14,27.79,94.03,-1,-1,-1,-1
592,257,1763.32,579.99,58.81,170.05,-1,-1,-1,-1
592,258,346.01,532.54,32.51,100.37,-1,-1,-1,-1
593,248,69.26,617.71,88.11,181.37,-1,-1,-1,-1
593,256,1221.58,513.03,28.67,94.28,-1,-1,-1,-1
593,257,1762.61,581.11,60.26,171.81,-1,-1,-1,-1
593,258,336.57,533.44,34.26,98.66,-1,-1,-1,-1
594,248,55.66,619.37,89.18,183.25,-1,-1,-1,-1
594,256,1220.59,515.73,28.64,91.64,-1,-1,-1,-1
594,257,1759.11,581.13,65.55,172.46,-1,-1,-1,-1
594,258,329.95,534.39,36.57,98.48,-1,-1,-1,-1
595,248,40.74,620.43,91.22,185.35,-1,-1,-1,-1
595,256,1220.85,517.84,29.12,90.22,-1,-1,-1,-1
595,257,1754.69,583.62,70.88,173.35,-1,-1,-1,-1
595,258,324.33,534.58,37.63,98.89,-1,-1,-1,-1
596,248,25.95,623.38,93.31,188.83,-1,-1,-1,-1
596,256,1221.66,517.44,28.91,89.48,-1,-1,-1,-1
596,257,1754.80,584.04,73.42,173.64,-1,-1,-1,-1
596,258,319.64,534.68,39.34,99.53,-1,-1,-1,-1
597,248,12.11,626.21,94.83,191.78,-1,-1,-1,-1
597,256,1223.11,516.43,28.47,90.87,-1,-1,-1,-1
597,257,1759.69,586.93,71.94,172.10,-1,-1,-1,-1
597,258,314.98,533.81,40.31,101.12,-1,-1,-1,-1
598,248,0.00,634.30,95.01,193.62,-1,-1,-1,-1
598,256,1224.19,515.53,29.40,91.88,-1,-1,-1,-1
598,257,1763.94,585.53,74.62,171.71,-1,-1,-1,-1
598,258,310.77,537.12,41.65,101.31,-1,-1,-1,-1
599,248,0.00,639.45,83.73,194.61,-1,-1,-1,-1
599,256,1225.58,517.13,29.91,89.77,-1,-1,-1,-1
599,257,1768.36,584.58,74.51,172.55,-1,-1,-1,-1
599,258,306.58,537.45,41.81,103.27,-1,-1,-1,-1
600,248,0.00,643.35,71.91,193.81,-1,-1,-1,-1
600,256,1227.68,516.71,30.53,91.07,-1,-1,-1,-1
600,257,1768.26,585.17,77.93,174.52,-1,-1,-1,-1
600,258,302.84,538.28,42.06,104.57,-1,-1,-1,-1
601,248,0.00,648.29,60.62,193.30,-1,-1,-1,-1
601,256,1229.41,519.08,30.92,89.07,-1,-1,-1,-1
601,257,1778.18,584.14,72.98,176.13,-1,-1,-1,-1
601,258,300.07,538.60,42.19,104.62,-1,-1,-1,-1
602,248,0.00,654.86,48.36,190.29,-1,-1,-1,-1
602,256,1232.00,520.18,31.05,88.41,-1,-1,-1,-1
602,257,1789.56,580.08,64.41,177.51,-1,-1,-1,-1
602,258,296.58,540.09,43.80,105.79,-1,-1,-1,-1
602,259,287.82,504.94,19.91,51.84,-1,-1,-1,-1
603,248,0.00,670.87,35.12,179.18,-1,-1,-1,-1
603,256,1234.32,520.47,30.70,88.62,-1,-1,-1,-1
603,257,1798.01,577.57,55.40,179.03,-1,-1,-1,-1
603,258,292.65,539.90,43.57,106.43,-1,-1,-1,-1
603,259,284.46,505.17,20.54,51.01,-1,-1,-1,-1
604,256,1236.16,521.12,30.14,89.03,-1,-1,-1,-1
604,257,1804.44,578.10,48.79,179.51,-1,-1,-1,-1
604,258,289.67,543.18,43.12,105.03,-1,-1,-1,-1
604,259,282.30,506.65,19.97,51.57,-1,-1,-1,-1
605,256,1238.27,520.53,29.26,89.81,-1,-1,-1,-1
605,257,1813.43,577.42,42.97,179.78,-1,-1,-1,-1
605,258,286.30,544.75,45.61,105.01,-1,-1,-1,-1
605,259,279.30,506.42,20.65,52.50,-1,-1,-1,-1
606,256,1241.66,519.81,28.45,90.33,-1,-1,-1,-1
606,257,1822.05,579.62,38.47,175.14,-1,-1,-1,-1
606,258,283.34,544.99,47.49,104.79,-1,-1,-1,-1
606,259,277.20,506.02,19.74,53.33,-1,-1,-1,-1
607,256,1243.81,519.92,29.47,90.29,-1,-1,-1,-1
607,257,1822.21,582.12,39.30,175.36,-1,-1,-1,-1
607,258,280.52,545.34,47.82,104.01,-1,-1,-1,-1
607,259,275.77,506.37,19.00,52.27,-1,-1,-1,-1
608,256,1247.59,518.30,28.86,92.33,-1,-1,-1,-1
608,257,1822.37,584.62,40.13,175.59,-1,-1,-1,-1
608,258,278.18,544.13,47.52,103.74,-1,-1,-1,-1
608,259,273.91,504.80,19.85,51.33,-1,-1,-1,-1
609,256,1251.52,518.23,27.69,92.63,-1,-1,-1,-1
609,257,1822.52,587.12,40.96,175.81,-1,-1,-1,-1
609,258,276.35,542.71,48.73,104.34,-1,-1,-1,-1
609,259,271.64,502.32,20.42,52.42,-1,-1,-1,-1
610,256,1254.95,518.87,26.69,92.25,-1,-1,-1,-1
610,257,1822.68,589.62,41.79,176.03,-1,-1,-1,-1
610,258,273.57,538.64,49.12,105.47,-1,-1,-1,-1
610,259,269.64,498.97,21.21,54.17,-1,-1,-1,-1
611,256,1258.25,518.76,26.02,93.75,-1,-1,-1,-1
611,257,1822.84,592.12,42.62,176.26,-1,-1,-1,-1
611,258,271.68,536.49,48.55,107.63,-1,-1,-1,-1
611,259,267.99,498.01,21.79,55.12,-1,-1,-1,-1
612,256,1261.11,518.09,26.50,96.46,-1,-1,-1,-1
612,257,1825.45,593.13,46.28,180.17,-1,-1,-1,-1
612,258,269.23,533.59,45.81,108.58,-1,-1,-1,-1
612,259,265.83,496.71,22.26,54.47,-1,-1,-1,-1
613,256,1263.59,520.06,27.39,95.25,-1,-1,-1,-1
613,257,1829.69,594.37,49.81,182.96,-1,-1,-1,-1
613,258,266.87,531.43,45.69,109.32,-1,-1,-1,-1
613,259,264.26,495.05,21.29,53.58,-1,-1,-1,-1
614,256,1267.63,521.86,26.56,94.26,-1,-1,-1,-1
614,257,1835.63,597.87,54.47,185.06,-1,-1,-1,-1
614,258,264.50,531.05,46.19,110.42,-1,-1,-1,-1
614,259,262.35,494.37,22.42,52.93,-1,-1,-1,-1
615,256,1270.46,523.48,27.15,95.43,-1,-1,-1,-1
615,257,1840.52,601.71,60.10,190.94,-1,-1,-1,-1
615,258,261.62,530.85,46.66,111.03,-1,-1,-1,-1
615,259,260.71,494.05,22.74,52.93,-1,-1,-1,-1
616,256,1272.74,525.95,27.40,97.70,-1,-1,-1,-1
616,257,1846.48,605.74,62.55,193.15,-1,-1,-1,-1
616,258,258.58,530.31,47.10,113.25,-1,-1,-1,-1
616,259,258.52,494.15,21.88,53.63,-1,-1,-1,-1
617,256,1274.78,527.92,28.30,98.16,-1,-1,-1,-1
617,257,1851.33,607.85,59.33,197.55,-1,-1,-1,-1
617,258,255.73,529.45,47.11,114.38,-1,-1,-1,-1
617,259,256.33,494.00,22.11,53.32,-1,-1,-1,-1
618,256,1277.94,530.57,27.71,99.24,-1,-1,-1,-1
618,257,1855.92,610.49,59.80,200.15,-1,-1,-1,-1
618,258,253.12,531.15,46.02,112.93,-1,-1,-1,-1
618,259,254.22,494.16,22.16,53.20,-1,-1,-1,-1
618,264,308.91,472.72,15.90,40.88,-1,-1,-1,-1
619,256,1279.41,531.67,28.78,99.82,-1,-1,-1,-1
619,257,1862.90,610.18,56.86,204.45,-1,-1,-1,-1
619,258,250.22,532.90,46.09,112.88,-1,-1,-1,-1
619,259,252.26,494.21,23.57,53.82,-1,-1,-1,-1
619,264,307.62,473.41,16.18,41.18,-1,-1,-1,-1
620,256,1282.08,532.18,29.23,101.24,-1,-1,-1,-1
620,257,1868.88,611.57,51.12,206.44,-1,-1,-1,-1
620,258,247.66,534.58,45.65,112.33,-1,-1,-1,-1
620,259,249.89,494.56,23.25,54.97,-1,-1,-1,-1
620,264,306.42,473.26,16.74,41.70,-1,-1,-1,-1
621,256,1285.10,532.24,28.95,101.90,-1,-1,-1,-1
621,257,1875.50,613.28,44.50,203.66,-1,-1,-1,-1
621,258,245.62,535.80,45.42,112.90,-1,-1,-1,-1
621,259,248.33,496.00,21.95,54.65,-1,-1,-1,-1
621,264,305.62,473.25,17.06,42.34,-1,-1,-1,-1
622,256,1289.13,531.55,28.17,104.91,-1,-1,-1,-1
622,257,1881.01,616.22,38.99,187.00,-1,-1,-1,-1
622,258,243.41,536.04,44.45,113.66,-1,-1,-1,-1
622,259,246.36,496.77,21.78,54.42,-1,-1,-1,-1
622,264,304.50,473.96,17.76,42.16,-1,-1,-1,-1
623,256,1292.84,531.33,28.93,105.97,-1,-1,-1,-1
623,257,1887.17,617.50,32.83,176.59,-1,-1,-1,-1
623,258,241.26,536.01,44.56,115.07,-1,-1,-1,-1
623,259,245.58,498.79,20.38,54.12,-1,-1,-1,-1
623,264,304.04,476.18,17.77,42.14,-1,-1,-1,-1
624,256,1297.39,532.10,29.27,106.74,-1,-1,-1,-1
624,257,1893.85,622.88,26.15,171.28,-1,-1,-1,-1
624,258,238.96,534.45,45.54,116.35,-1,-1,-1,-1
624,259,243.78,498.18,22.02,53.70,-1,-1,-1,-1
624,264,304.21,475.55,17.45,43.01,-1,-1,-1,-1
625,256,1302.09,535.16,29.67,105.64,-1,-1,-1,-1
625,258,236.78,537.00,46.58,118.51,-1,-1,-1,-1
625,259,242.98,501.66,23.49,51.88,-1,-1,-1,-1
625,264,304.49,479.81,16.80,42.80,-1,-1,-1,-1
626,256,1307.10,535.27,30.62,104.46,-1,-1,-1,-1
626,258,235.60,536.78,46.81,117.94,-1,-1,-1,-1
626,264,305.26,478.29,16.75,43.27,-1,-1,-1,-1
627,256,1312.14,533.73,32.62,105.73,-1,-1,-1,-1
627,258,234.84,541.65,47.02,118.43,-1,-1,-1,-1
627,264,305.48,482.70,16.90,42.79,-1,-1,-1,-1
628,256,1318.01,537.51,34.76,104.01,-1,-1,-1,-1
628,258,234.32,544.21,47.54,117.49,-1,-1,-1,-1
628,264,306.65,484.60,16.32,41.48,-1,-1,-1,-1
629,256,1324.66,535.39,35.23,104.29,-1,-1,-1,-1
629,258,234.43,548.82,48.19,118.56,-1,-1,-1,-1
629,264,308.48,487.51,16.31,42.43,-1,-1,-1,-1
630,256,1331.05,535.47,37.56,103.57,-1,-1,-1,-1
630,258,235.11,552.32,49.41,116.96,-1,-1,-1,-1
630,264,310.66,489.67,16.74,41.96,-1,-1,-1,-1
631,256,1338.19,534.79,38.68,104.93,-1,-1,-1,-1
631,258,235.99,553.57,50.11,116.44,-1,-1,-1,-1
631,264,313.88,487.93,17.21,43.91,-1,-1,-1,-1
632,256,1345.75,536.17,38.59,106.07,-1,-1,-1,-1
632,258,237.12,555.21,50.04,116.44,-1,-1,-1,-1
632,264,316.71,489.24,16.66,43.16,-1,-1,-1,-1
632,267,332.68,487.60,15.75,41.16,-1,-1,-1,-1
633,256,1353.32,536.33,38.87,108.08,-1,-1,-1,-1
633,258,238.35,556.26,49.66,117.69,-1,-1,-1,-1
633,264,319.62,490.31,17.09,42.44,-1,-1,-1,-1
633,267,335.25,488.39,15.35,41.45,-1,-1,-1,-1
634,256,1361.56,535.62,38.65,110.50,-1,-1,-1,-1
634,258,239.39,556.58,48.36,119.17,-1,-1,-1,-1
634,264,322.74,492.80,16.27,41.40,-1,-1,-1,-1
634,267,338.63,492.92,15.27,38.74,-1,-1,-1,-1
635,256,1369.26,535.90,38.85,112.22,-1,-1,-1,-1
635,258,241.22,556.83,47.19,119.04,-1,-1,-1,-1
635,264,325.90,492.02,16.49,41.36,-1,-1,-1,-1
635,267,342.50,489.53,16.35,40.76,-1,-1,-1,-1
636,256,1377.89,538.38,39.62,114.04,-1,-1,-1,-1
636,258,242.86,557.93,44.75,119.97,-1,-1,-1,-1
636,264,328.71,494.55,16.83,41.53,-1,-1,-1,-1
636,267,345.47,490.78,17.32,42.20,-1,-1,-1,-1
637,256,1388.25,542.49,37.49,114.06,-1,-1,-1,-1
637,258,245.31,558.98,43.27,121.04,-1,-1,-1,-1
637,264,332.03,495.36,17.04,41.97,-1,-1,-1,-1
637,267,348.65,492.07,17.97,41.46,-1,-1,-1,-1
638,256,1398.57,543.30,37.15,116.71,-1,-1,-1,-1
638,258,247.69,560.04,44.35,123.01,-1,-1,-1,-1
638,264,335.65,497.85,17.83,42.23,-1,-1,-1,-1
638,267,353.16,494.64,21.62,40.70,-1,-1,-1,-1
639,256,1409.33,546.47,36.40,117.69,-1,-1,-1,-1
639,258,250.30,560.47,43.71,124.30,-1,-1,-1,-1
639,264,339.55,498.24,17.17,42.77,-1,-1,-1,-1
639,267,356.31,494.53,19.01,42.69,-1,-1,-1,-1
640,256,1419.28,549.68,36.60,110.00,-1,-1,-1,-1
640,258,252.91,562.30,42.20,125.17,-1,-1,-1,-1
640,264,343.04,499.44,16.59,42.39,-1,-1,-1,-1
640,267,361.29,495.91,19.51,42.26,-1,-1,-1,-1
641,256,1428.70,552.62,37.64,112.66,-1,-1,-1,-1
641,258,255.39,564.20,40.85,125.54,-1,-1,-1,-1
641,264,347.15,500.87,17.00,42.55,-1,-1,-1,-1
641,267,365.46,497.94,20.59,42.31,-1,-1,-1,-1
642,256,1440.38,556.73,36.49,107.07,-1,-1,-1,-1
642,258,258.77,566.58,39.13,124.03,-1,-1,-1,-1
642,264,351.06,500.81,16.56,43.00,-1,-1,-1,-1
642,267,368.42,498.06,18.87,42.15,-1,-1,-1,-1
643,256,1453.52,561.73,35.30,103.90,-1,-1,-1,-1
643,258,261.42,568.83,37.87,122.73,-1,-1,-1,-1
643,264,355.01,500.50,16.32,43.13,-1,-1,-1,-1
643,267,372.35,500.94,16.05,40.43,-1,-1,-1,-1
644,256,1465.54,562.08,34.80,111.98,-1,-1,-1,-1
644,258,264.59,571.86,35.11,122.00,-1,-1,-1,-1
644,264,359.57,500.55,17.00,43.26,-1,-1,-1,-1
644,267,373.50,501.35,14.96,41.14,-1,-1,-1,-1
645,256,1477.10,565.42,35.92,95.83,-1,-1,-1,-1
645,258,267.05,573.96,39.09,121.00,-1,-1,-1,-1
645,264,363.88,501.83,16.43,42.34,-1,-1,-1,-1
645,267,375.91,500.69,15.39,41.57,-1,-1,-1,-1
646,256,1488.54,566.98,35.91,77.59,-1,-1,-1,-1
646,258,269.89,573.31,40.36,122.97,-1,-1,-1,-1
646,264,368.27,502.63,15.81,41.84,-1,-1,-1,-1
646,267,378.31,500.02,15.81,42.00,-1,-1,-1,-1
647,256,1504.08,569.02,33.92,69.68,-1,-1,-1,-1
647,258,271.70,572.47,43.87,122.85,-1,-1,-1,-1
647,264,373.19,503.53,16.67,40.91,-1,-1,-1,-1
647,267,380.71,499.35,16.24,42.43,-1,-1,-1,-1
648,256,1513.39,568.79,37.19,67.83,-1,-1,-1,-1
648,258,277.26,572.83,40.44,124.00,-1,-1,-1,-1
648,264,377.90,503.32,16.71,41.44,-1,-1,-1,-1
648,267,383.12,498.68,16.66,42.86,-1,-1,-1,-1
649,256,1524.55,573.25,40.71,60.49,-1,-1,-1,-1
649,258,282.39,562.67,39.42,130.05,-1,-1,-1,-1
649,267,385.52,498.01,17.09,43.29,-1,-1,-1,-1
650,256,1533.33,571.56,45.38,58.98,-1,-1,-1,-1
650,258,285.98,565.08,40.26,129.61,-1,-1,-1,-1
650,267,388.88,499.38,16.51,43.49,-1,-1,-1,-1
651,256,1549.59,569.92,45.37,57.21,-1,-1,-1,-1
651,258,292.95,567.72,40.71,128.85,-1,-1,-1,-1
651,267,393.94,501.25,16.83,43.15,-1,-1,-1,-1
652,256,1565.84,568.28,45.37,55.44,-1,-1,-1,-1
652,258,299.13,560.64,40.25,130.64,-1,-1,-1,-1
652,267,399.41,493.86,18.09,45.12,-1,-1,-1,-1
653,256,1582.09,566.64,45.36,53.67,-1,-1,-1,-1
653,258,305.35,559.68,40.23,132.89,-1,-1,-1,-1
653,267,405.30,493.83,17.38,43.73,-1,-1,-1,-1
654,256,1598.34,565.00,45.36,51.91,-1,-1,-1,-1
654,258,311.92,562.48,41.09,133.40,-1,-1,-1,-1
654,267,411.05,494.98,18.22,43.15,-1,-1,-1,-1
655,256,1614.72,564.76,47.56,54.00,-1,-1,-1,-1
655,258,318.23,562.97,42.46,130.70,-1,-1,-1,-1
655,267,417.97,493.48,18.26,43.97,-1,-1,-1,-1
656,256,1630.14,560.95,50.08,55.86,-1,-1,-1,-1
656,258,321.12,569.21,47.73,131.16,-1,-1,-1,-1
656,267,425.15,495.73,19.53,46.29,-1,-1,-1,-1
657,256,1652.07,561.64,49.36,61.15,-1,-1,-1,-1
657,258,327.34,574.07,50.98,131.24,-1,-1,-1,-1
657,267,434.39,498.37,18.93,46.48,-1,-1,-1,-1
658,256,1671.50,565.27,49.29,62.28,-1,-1,-1,-1
658,258,334.96,578.96,52.47,130.89,-1,-1,-1,-1
658,267,442.48,502.17,18.90,45.68,-1,-1,-1,-1
658,270,339.92,532.75,25.39,66.27,-1,-1,-1,-1
659,256,1691.64,576.50,50.37,62.91,-1,-1,-1,-1
659,258,340.04,590.60,56.11,131.36,-1,-1,-1,-1
659,267,451.79,512.81,18.35,44.48,-1,-1,-1,-1
659,270,346.03,542.48,25.07,67.64,-1,-1,-1,-1
660,256,1710.57,587.84,49.78,62.70,-1,-1,-1,-1
660,258,344.07,592.57,57.67,131.91,-1,-1,-1,-1
660,267,458.01,514.42,18.79,44.37,-1,-1,-1,-1
660,270,350.07,539.29,26.56,71.51,-1,-1,-1,-1
661,256,1727.27,595.26,51.09,64.04,-1,-1,-1,-1
661,258,350.79,595.22,58.75,131.60,-1,-1,-1,-1
661,267,463.48,514.46,18.94,44.51,-1,-1,-1,-1
661,270,353.95,538.15,26.14,73.97,-1,-1,-1,-1
662,256,1749.48,601.85,49.78,65.13,-1,-1,-1,-1
662,258,359.79,597.43,56.56,128.88,-1,-1,-1,-1
662,267,469.33,514.90,18.62,44.03,-1,-1,-1,-1
662,270,357.57,538.03,26.72,73.90,-1,-1,-1,-1
663,256,1769.31,610.63,51.24,65.14,-1,-1,-1,-1
663,258,371.54,598.78,52.23,125.61,-1,-1,-1,-1
663,267,475.03,512.78,19.62,44.60,-1,-1,-1,-1
663,270,361.12,535.57,28.29,74.18,-1,-1,-1,-1
664,256,1787.86,618.91,51.92,67.81,-1,-1,-1,-1
664,258,380.10,597.38,52.45,124.24,-1,-1,-1,-1
664,267,481.86,509.48,19.42,45.18,-1,-1,-1,-1
664,270,365.22,530.73,29.21,75.30,-1,-1,-1,-1
665,258,385.36,597.84,56.68,122.62,-1,-1,-1,-1
665,267,489.27,507.97,18.40,45.23,-1,-1,-1,-1
665,270,370.15,528.59,29.89,77.51,-1,-1,-1,-1
666,258,393.84,595.36,56.72,120.70,-1,-1,-1,-1
666,267,495.24,502.25,19.09,47.71,-1,-1,-1,-1
666,270,375.93,523.88,29.16,79.73,-1,-1,-1,-1
667,258,388.48,592.68,73.25,123.23,-1,-1,-1,-1
667,267,503.05,500.46,17.99,48.06,-1,-1,-1,-1
667,270,381.33,521.47,29.77,80.65,-1,-1,-1,-1
668,258,391.94,591.37,83.73,127.98,-1,-1,-1,-1
668,267,509.30,498.83,18.58,49.25,-1,-1,-1,-1
668,270,387.54,521.49,28.53,79.86,-1,-1,-1,-1
668,271,539.47,501.02,18.87,42.80,-1,-1,-1,-1
669,258,400.60,592.94,90.81,124.45,-1,-1,-1,-1
669,267,515.24,496.80,19.70,48.49,-1,-1,-1,-1
669,270,393.48,517.79,28.39,81.11,-1,-1,-1,-1
669,271,545.50,497.08,19.41,43.94,-1,-1,-1,-1
670,258,411.03,580.12,97.93,135.72,-1,-1,-1,-1
670,267,522.13,495.08,20.46,47.98,-1,-1,-1,-1
670,270,398.80,514.66,28.40,81.21,-1,-1,-1,-1
670,271,553.57,495.27,19.63,43.79,-1,-1,-1,-1
671,258,423.67,577.12,96.63,137.85,-1,-1,-1,-1
671,267,529.65,494.18,18.80,45.79,-1,-1,-1,-1
671,270,405.15,511.14,28.05,81.38,-1,-1,-1,-1
671,271,562.22,492.81,19.17,42.32,-1,-1,-1,-1
672,258,437.77,570.41,94.47,142.49,-1,-1,-1,-1
672,267,536.89,490.26,17.86,46.92,-1,-1,-1,-1
672,270,410.63,509.10,28.14,80.97,-1,-1,-1,-1
672,271,569.11,490.12,19.42,42.86,-1,-1,-1,-1
673,258,456.41,571.42,87.96,136.56,-1,-1,-1,-1
673,267,542.72,488.79,19.17,47.48,-1,-1,-1,-1
673,270,416.32,508.03,27.68,80.95,-1,-1,-1,-1
673,271,576.78,491.06,18.25,40.62,-1,-1,-1,-1
674,258,475.05,572.44,81.44,130.63,-1,-1,-1,-1
674,267,550.43,484.54,18.16,46.99,-1,-1,-1,-1
674,270,422.40,503.80,27.80,80.31,-1,-1,-1,-1
674,271,583.81,484.03,19.12,42.69,-1,-1,-1,-1
675,258,493.70,573.45,74.92,124.69,-1,-1,-1,-1
675,267,557.82,479.05,17.61,47.35,-1,-1,-1,-1
675,270,427.31,497.56,28.72,81.51,-1,-1,-1,-1
675,271,592.04,480.79,17.92,40.52,-1,-1,-1,-1
676,258,509.57,575.49,71.99,129.63,-1,-1,-1,-1
676,267,563.40,479.56,17.54,47.30,-1,-1,-1,-1
676,270,430.87,496.23,29.92,85.12,-1,-1,-1,-1
676,271,596.13,480.28,18.70,42.33,-1,-1,-1,-1
677,258,523.28,572.27,71.01,131.39,-1,-1,-1,-1
677,267,571.41,478.76,17.73,47.13,-1,-1,-1,-1
677,270,437.55,494.86,31.30,84.48,-1,-1,-1,-1
677,271,604.77,479.07,19.49,42.20,-1,-1,-1,-1
678,258,532.44,570.73,77.09,136.19,-1,-1,-1,-1
678,267,577.43,480.57,18.02,46.45,-1,-1,-1,-1
678,270,441.96,496.15,35.65,85.67,-1,-1,-1,-1
678,271,611.71,480.06,20.33,42.00,-1,-1,-1,-1
679,258,541.49,575.58,81.69,139.99,-1,-1,-1,-1
679,267,584.61,486.48,18.08,47.02,-1,-1,-1,-1
679,270,447.99,502.96,34.81,87.41,-1,-1,-1,-1
679,271,618.03,487.11,20.14,41.48,-1,-1,-1,-1
680,258,550.10,574.41,87.65,142.04,-1,-1,-1,-1
680,267,592.54,486.27,18.21,47.34,-1,-1,-1,-1
680,270,453.94,504.13,35.14,86.02,-1,-1,-1,-1
680,271,625.83,487.86,19.19,41.19,-1,-1,-1,-1
681,258,561.88,590.24,85.68,145.27,-1,-1,-1,-1
681,267,596.23,502.19,18.91,48.35,-1,-1,-1,-1
681,270,457.24,506.32,35.08,86.35,-1,-1,-1,-1
682,258,587.88,610.69,78.52,142.08,-1,-1,-1,-1
682,267,600.99,500.51,18.87,47.93,-1,-1,-1,-1
682,270,460.55,508.52,35.01,86.67,-1,-1,-1,-1
683,258,602.79,601.74,68.35,138.25,-1,-1,-1,-1
683,267,605.76,498.82,18.82,47.52,-1,-1,-1,-1
683,270,463.85,510.71,34.95,87.00,-1,-1,-1,-1
684,258,621.12,592.64,61.27,136.64,-1,-1,-1,-1
684,267,610.52,497.14,18.78,47.11,-1,-1,-1,-1
684,270,467.15,512.91,34.88,87.32,-1,-1,-1,-1
685,258,644.46,585.11,51.06,130.80,-1,-1,-1,-1
685,267,615.73,495.21,18.92,47.38,-1,-1,-1,-1
685,270,471.50,513.56,33.75,88.01,-1,-1,-1,-1
686,258,659.09,577.55,54.65,132.29,-1,-1,-1,-1
686,267,621.68,488.66,19.11,47.17,-1,-1,-1,-1
686,270,475.92,509.12,32.07,87.59,-1,-1,-1,-1
687,258,665.02,575.22,69.54,137.32,-1,-1,-1,-1
687,267,628.22,485.17,19.06,47.78,-1,-1,-1,-1
687,270,481.82,506.27,31.88,87.48,-1,-1,-1,-1
687,275,659.11,483.16,16.48,42.41,-1,-1,-1,-1
688,258,670.29,571.58,83.83,142.78,-1,-1,-1,-1
688,267,634.48,482.66,19.41,48.36,-1,-1,-1,-1
688,270,485.73,502.26,34.71,89.55,-1,-1,-1,-1
688,275,664.90,481.40,17.15,43.71,-1,-1,-1,-1
689,258,678.71,568.07,93.23,147.63,-1,-1,-1,-1
689,267,640.69,480.32,19.33,48.77,-1,-1,-1,-1
689,270,490.97,502.22,33.64,88.60,-1,-1,-1,-1
689,275,671.43,479.87,17.00,42.98,-1,-1,-1,-1
690,258,690.06,565.36,98.29,149.52,-1,-1,-1,-1
690,267,647.21,475.97,19.51,50.45,-1,-1,-1,-1
690,270,494.67,498.19,34.14,90.44,-1,-1,-1,-1
690,275,677.95,476.88,17.27,44.60,-1,-1,-1,-1
691,258,703.68,565.41,99.23,150.43,-1,-1,-1,-1
691,267,653.31,474.38,18.17,49.43,-1,-1,-1,-1
691,270,498.17,498.84,34.15,88.38,-1,-1,-1,-1
691,275,683.86,474.83,18.27,45.00,-1,-1,-1,-1
692,258,720.40,568.87,96.19,149.65,-1,-1,-1,-1
692,267,659.48,473.11,19.12,49.86,-1,-1,-1,-1
692,270,502.16,495.57,35.09,91.08,-1,-1,-1,-1
692,275,690.65,473.40,19.13,46.70,-1,-1,-1,-1
693,258,740.76,573.37,91.21,147.59,-1,-1,-1,-1
693,267,665.73,472.62,18.62,49.80,-1,-1,-1,-1
693,270,508.47,495.58,33.98,90.59,-1,-1,-1,-1
693,275,697.13,472.37,19.40,47.44,-1,-1,-1,-1
694,258,765.66,579.72,82.69,143.07,-1,-1,-1,-1
694,267,671.48,475.00,19.03,49.60,-1,-1,-1,-1
694,270,514.77,497.31,32.61,90.75,-1,-1,-1,-1
694,275,702.40,474.97,18.91,48.58,-1,-1,-1,-1
695,258,787.48,584.01,78.55,144.92,-1,-1,-1,-1
695,267,677.58,476.76,18.96,50.00,-1,-1,-1,-1
695,270,519.04,498.38,32.76,91.06,-1,-1,-1,-1
695,275,708.92,477.23,18.34,47.91,-1,-1,-1,-1
696,258,803.70,585.28,79.12,147.38,-1,-1,-1,-1
696,267,684.11,477.49,18.57,49.28,-1,-1,-1,-1
696,270,524.89,497.18,32.52,91.81,-1,-1,-1,-1
696,275,715.53,476.67,17.97,48.30,-1,-1,-1,-1
697,258,813.62,583.65,86.25,150.79,-1,-1,-1,-1
697,267,689.69,479.77,18.19,49.12,-1,-1,-1,-1
697,270,529.47,497.72,31.70,92.30,-1,-1,-1,-1
697,275,721.54,479.25,17.01,48.92,-1,-1,-1,-1
698,258,825.68,582.21,93.73,155.67,-1,-1,-1,-1
698,267,695.17,480.45,18.19,48.40,-1,-1,-1,-1
698,270,531.97,496.08,34.47,94.83,-1,-1,-1,-1
698,275,727.70,479.59,16.88,48.05,-1,-1,-1,-1
698,279,710.97,483.20,14.73,46.12,-1,-1,-1,-1
699,258,839.67,583.68,96.46,155.68,-1,-1,-1,-1
699,267,700.98,479.72,18.46,49.84,-1,-1,-1,-1
699,270,536.95,495.50,34.38,95.48,-1,-1,-1,-1
699,275,734.14,480.46,16.89,47.74,-1,-1,-1,-1
699,279,716.98,482.60,15.16,46.66,-1,-1,-1,-1
700,258,856.02,587.47,99.11,155.33,-1,-1,-1,-1
700,267,705.23,481.54,18.90,49.38,-1,-1,-1,-1
700,270,538.92,499.05,36.36,94.03,-1,-1,-1,-1
700,275,738.45,481.49,17.97,48.87,-1,-1,-1,-1
700,279,721.14,483.81,15.22,46.96,-1,-1,-1,-1
701,258,881.60,591.85,91.45,157.98,-1,-1,-1,-1
701,267,711.39,482.43,17.90,49.45,-1,-1,-1,-1
701,270,539.43,498.12,40.43,96.14,-1,-1,-1,-1
701,275,744.59,482.86,16.92,47.62,-1,-1,-1,-1
701,279,727.47,486.23,15.26,44.70,-1,-1,-1,-1
702,258,901.21,597.76,90.05,157.40,-1,-1,-1,-1
702,267,717.20,482.79,18.77,49.55,-1,-1,-1,-1
702,270,545.93,500.50,38.76,95.00,-1,-1,-1,-1
702,275,751.12,483.33,16.87,47.88,-1,-1,-1,-1
702,279,733.71,485.12,15.98,47.46,-1,-1,-1,-1
703,258,939.25,604.91,69.80,154.43,-1,-1,-1,-1
703,267,722.74,482.84,18.15,49.98,-1,-1,-1,-1
703,270,548.72,500.11,40.65,95.98,-1,-1,-1,-1
703,275,756.54,483.98,16.64,47.64,-1,-1,-1,-1
703,279,739.92,486.30,15.67,46.46,-1,-1,-1,-1
704,258,958.56,611.91,67.61,154.07,-1,-1,-1,-1
704,267,726.96,484.43,18.39,51.09,-1,-1,-1,-1
704,270,551.07,503.42,41.11,96.44,-1,-1,-1,-1
704,275,761.13,487.67,17.56,47.75,-1,-1,-1,-1
704,279,743.77,487.95,15.61,48.13,-1,-1,-1,-1
705,258,973.90,614.45,69.84,155.72,-1,-1,-1,-1
705,267,730.98,484.97,18.92,51.68,-1,-1,-1,-1
705,270,556.82,505.02,38.77,96.70,-1,-1,-1,-1
705,275,765.13,487.82,17.39,48.90,-1,-1,-1,-1
705,279,747.79,488.57,15.81,47.68,-1,-1,-1,-1
706,258,983.16,617.11,78.90,159.96,-1,-1,-1,-1
706,267,735.61,486.09,18.67,52.59,-1,-1,-1,-1
706,270,560.01,506.01,39.78,97.85,-1,-1,-1,-1
706,275,769.07,488.72,18.51,49.80,-1,-1,-1,-1
706,279,752.71,491.17,15.78,47.72,-1,-1,-1,-1
707,258,988.79,616.15,91.64,166.17,-1,-1,-1,-1
707,267,738.56,488.20,19.35,52.68,-1,-1,-1,-1
707,270,562.35,507.75,39.70,99.67,-1,-1,-1,-1
707,275,772.69,489.54,19.50,51.10,-1,-1,-1,-1
707,279,756.64,492.40,15.11,48.88,-1,-1,-1,-1
708,258,997.65,617.00,101.77,169.81,-1,-1,-1,-1
708,267,742.33,492.31,19.43,51.23,-1,-1,-1,-1
708,270,562.65,511.36,42.30,99.99,-1,-1,-1,-1
708,275,776.62,493.04,18.56,49.38,-1,-1,-1,-1
708,279,761.30,496.00,14.85,46.59,-1,-1,-1,-1
709,258,1012.35,616.00,111.31,172.73,-1,-1,-1,-1
709,267,745.76,495.55,19.95,50.17,-1,-1,-1,-1
709,270,563.74,513.73,43.27,103.30,-1,-1,-1,-1
709,275,780.63,495.85,17.96,48.16,-1,-1,-1,-1
709,279,765.01,501.35,14.10,42.89,-1,-1,-1,-1
710,258,1025.79,623.10,117.47,176.25,-1,-1,-1,-1
710,267,750.56,501.14,19.56,50.31,-1,-1,-1,-1
710,270,570.78,520.56,39.15,102.28,-1,-1,-1,-1
710,275,784.69,500.94,18.57,49.77,-1,-1,-1,-1
710,279,768.78,504.39,14.57,46.30,-1,-1,-1,-1
711,258,1045.04,623.83,118.39,175.99,-1,-1,-1,-1
711,267,753.26,502.83,19.57,50.95,-1,-1,-1,-1
711,270,573.27,525.63,38.20,102.01,-1,-1,-1,-1
711,275,787.10,501.41,19.09,51.06,-1,-1,-1,-1
711,279,770.26,503.81,15.87,49.81,-1,-1,-1,-1
712,258,1065.73,628.77,112.89,178.80,-1,-1,-1,-1
712,267,757.30,506.31,19.47,51.17,-1,-1,-1,-1
712,270,575.21,530.67,38.43,101.18,-1,-1,-1,-1
712,275,791.93,506.36,18.22,49.09,-1,-1,-1,-1
712,279,775.15,509.43,15.60,46.82,-1,-1,-1,-1
713,258,1090.95,632.49,105.17,173.27,-1,-1,-1,-1
713,267,759.97,504.63,19.52,52.06,-1,-1,-1,-1
713,270,576.72,530.48,38.40,102.34,-1,-1,-1,-1
713,275,794.48,504.95,18.63,50.30,-1,-1,-1,-1
713,279,779.17,507.13,14.64,47.93,-1,-1,-1,-1
714,258,1119.50,636.85,97.94,172.06,-1,-1,-1,-1
714,267,763.20,508.76,20.51,53.06,-1,-1,-1,-1
714,270,577.92,538.49,40.09,99.25,-1,-1,-1,-1
714,275,797.69,508.64,19.04,52.37,-1,-1,-1,-1
714,279,780.51,510.33,16.18,51.36,-1,-1,-1,-1
714,281,1418.40,536.14,24.17,59.96,-1,-1,-1,-1
715,258,1137.21,637.07,97.59,174.96,-1,-1,-1,-1
715,267,766.15,509.39,21.23,53.79,-1,-1,-1,-1
715,270,579.74,540.26,39.91,102.00,-1,-1,-1,-1
715,275,801.03,508.80,19.26,54.73,-1,-1,-1,-1
715,279,781.45,510.96,18.43,53.01,-1,-1,-1,-1
715,281,1424.17,536.13,24.34,61.32,-1,-1,-1,-1
716,258,1154.75,633.31,115.40,179.95,-1,-1,-1,-1
716,267,769.09,509.77,20.16,53.86,-1,-1,-1,-1
716,270,579.97,541.86,40.86,102.52,-1,-1,-1,-1
716,275,803.77,510.11,18.47,53.78,-1,-1,-1,-1
716,279,784.46,512.92,17.39,51.64,-1,-1,-1,-1
716,281,1430.37,531.77,24.36,63.31,-1,-1,-1,-1
717,258,1172.85,631.54,106.02,184.02,-1,-1,-1,-1
717,267,771.89,510.55,21.02,54.05,-1,-1,-1,-1
717,270,581.14,543.44,41.65,104.66,-1,-1,-1,-1
717,275,806.51,510.63,19.74,54.92,-1,-1,-1,-1
717,279,789.91,514.05,15.39,50.74,-1,-1,-1,-1
717,281,1437.04,532.47,23.96,62.23,-1,-1,-1,-1
718,258,1191.99,629.45,106.69,191.29,-1,-1,-1,-1
718,267,774.45,511.16,21.63,55.18,-1,-1,-1,-1
718,270,584.80,545.56,40.03,105.74,-1,-1,-1,-1
718,275,809.27,512.08,19.41,54.87,-1,-1,-1,-1
718,279,792.76,514.90,15.49,51.54,-1,-1,-1,-1
718,281,1442.24,528.65,26.22,65.45,-1,-1,-1,-1
719,258,1207.54,632.16,110.12,192.50,-1,-1,-1,-1
719,267,778.12,511.01,21.40,55.70,-1,-1,-1,-1
719,270,585.36,544.11,40.71,107.09,-1,-1,-1,-1
719,275,813.11,510.28,19.55,57.15,-1,-1,-1,-1
719,279,795.83,513.88,16.06,53.02,-1,-1,-1,-1
719,281,1449.02,532.21,27.05,68.05,-1,-1,-1,-1
720,258,1225.48,633.03,118.82,197.02,-1,-1,-1,-1
720,267,780.75,514.76,20.28,53.06,-1,-1,-1,-1
720,270,584.62,546.62,43.04,108.37,-1,-1,-1,-1
720,275,815.94,513.06,19.46,56.61,-1,-1,-1,-1
720,279,798.82,516.53,15.14,51.31,-1,-1,-1,-1
720,281,1455.07,532.54,27.08,66.99,-1,-1,-1,-1
721,258,1247.11,638.54,114.72,197.34,-1,-1,-1,-1
721,267,783.98,515.21,20.32,53.91,-1,-1,-1,-1
721,270,585.88,546.14,44.56,110.67,-1,-1,-1,-1
721,275,819.34,513.32,19.25,56.48,-1,-1,-1,-1
721,279,802.75,516.97,15.51,51.88,-1,-1,-1,-1
721,281,1461.45,531.83,28.26,69.39,-1,-1,-1,-1
722,258,1272.98,645.92,108.05,197.23,-1,-1,-1,-1
722,267,786.81,516.42,21.21,53.44,-1,-1,-1,-1
722,270,588.84,549.02,44.19,109.92,-1,-1,-1,-1
722,275,822.98,513.59,19.09,57.07,-1,-1,-1,-1
722,279,805.44,517.02,16.33,51.89,-1,-1,-1,-1
722,281,1468.79,534.04,27.44,68.22,-1,-1,-1,-1
723,258,1303.25,655.24,96.12,194.19,-1,-1,-1,-1
723,267,790.92,517.50,20.26,52.00,-1,-1,-1,-1
723,270,590.65,549.31,43.74,110.14,-1,-1,-1,-1
723,275,827.32,514.70,19.10,56.47,-1,-1,-1,-1
723,279,808.59,516.86,16.73,52.02,-1,-1,-1,-1
723,281,1476.38,536.14,27.17,68.86,-1,-1,-1,-1
724,258,1337.18,665.62,86.12,191.50,-1,-1,-1,-1
724,267,793.91,522.02,19.93,53.97,-1,-1,-1,-1
724,270,591.61,555.75,43.94,111.11,-1,-1,-1,-1
724,275,830.80,520.75,18.24,56.54,-1,-1,-1,-1
724,279,811.31,522.02,18.09,54.21,-1,-1,-1,-1
724,281,1482.35,541.03,27.04,68.05,-1,-1,-1,-1
725,258,1366.90,669.60,79.04,196.51,-1,-1,-1,-1
725,267,797.39,523.07,19.52,55.43,-1,-1,-1,-1
725,270,589.76,558.61,46.30,112.52,-1,-1,-1,-1
725,275,834.40,522.98,18.79,56.86,-1,-1,-1,-1
725,279,814.94,524.41,18.55,54.12,-1,-1,-1,-1
725,281,1489.05,543.50,27.18,67.15,-1,-1,-1,-1
726,258,1385.79,674.72,89.04,202.95,-1,-1,-1,-1
726,267,801.73,522.71,20.17,56.74,-1,-1,-1,-1
726,270,592.08,558.27,45.65,113.48,-1,-1,-1,-1
726,275,838.84,524.63,18.23,54.56,-1,-1,-1,-1
726,279,818.95,525.11,19.28,53.79,-1,-1,-1,-1
726,281,1496.48,548.17,27.19,67.06,-1,-1,-1,-1
727,258,1404.27,674.58,99.61,206.11,-1,-1,-1,-1
727,267,804.49,528.39,19.87,55.47,-1,-1,-1,-1
727,270,590.24,563.75,48.53,113.91,-1,-1,-1,-1
727,275,842.17,529.11,17.71,52.57,-1,-1,-1,-1
727,279,822.59,530.34,18.14,52.52,-1,-1,-1,-1
727,281,1503.25,545.36,26.98,71.39,-1,-1,-1,-1
727,282,1325.57,510.00,22.24,73.74,-1,-1,-1,-1
728,258,1415.42,682.73,113.78,214.52,-1,-1,-1,-1
728,267,808.13,530.52,20.09,54.74,-1,-1,-1,-1
728,270,591.56,564.78,48.64,113.86,-1,-1,-1,-1
728,275,845.85,529.41,18.49,53.91,-1,-1,-1,-1
728,279,826.68,531.29,18.84,53.17,-1,-1,-1,-1
728,281,1509.42,551.06,28.70,72.45,-1,-1,-1,-1
729,258,1432.72,687.08,133.86,215.11,-1,-1,-1,-1
729,267,810.57,529.42,21.32,55.29,-1,-1,-1,-1
729,270,592.85,564.74,48.50,114.02,-1,-1,-1,-1
729,275,848.90,529.16,18.56,53.74,-1,-1,-1,-1
729,279,829.44,529.62,18.77,54.27,-1,-1,-1,-1
729,281,1514.99,550.06,29.30,73.59,-1,-1,-1,-1
730,258,1454.11,692.06,146.68,223.54,-1,-1,-1,-1
730,267,814.19,531.05,21.18,55.34,-1,-1,-1,-1
730,270,593.74,566.02,50.13,116.37,-1,-1,-1,-1
730,275,852.66,531.30,18.19,52.80,-1,-1,-1,-1
730,279,833.86,533.06,18.11,52.77,-1,-1,-1,-1
730,281,1522.72,555.45,29.77,72.90,-1,-1,-1,-1
731,258,1485.31,698.14,139.26,227.16,-1,-1,-1,-1
731,267,816.97,530.20,21.82,55.70,-1,-1,-1,-1
731,270,595.98,564.26,49.52,117.47,-1,-1,-1,-1
731,275,855.65,529.28,19.16,56.39,-1,-1,-1,-1
731,279,836.95,532.11,18.18,53.09,-1,-1,-1,-1
731,281,1528.27,558.66,31.19,71.72,-1,-1,-1,-1
732,258,1498.88,704.08,146.51,228.91,-1,-1,-1,-1
732,267,819.47,529.28,22.13,55.99,-1,-1,-1,-1
732,270,597.62,564.05,49.55,119.03,-1,-1,-1,-1
732,275,858.74,527.75,19.36,56.07,-1,-1,-1,-1
732,279,839.54,530.37,18.59,54.31,-1,-1,-1,-1
732,281,1534.07,559.43,32.08,72.15,-1,-1,-1,-1
733,258,1540.85,708.82,128.28,228.41,-1,-1,-1,-1
733,267,821.89,528.57,22.65,56.18,-1,-1,-1,-1
733,270,597.77,563.48,51.90,122.07,-1,-1,-1,-1
733,275,861.79,527.56,18.88,54.33,-1,-1,-1,-1
733,279,842.26,529.24,18.16,55.59,-1,-1,-1,-1
733,281,1540.38,557.71,32.19,71.80,-1,-1,-1,-1
734,258,1580.38,712.32,111.70,229.49,-1,-1,-1,-1
734,267,826.11,526.81,22.24,56.16,-1,-1,-1,-1
734,270,601.36,560.63,49.43,122.61,-1,-1,-1,-1
734,275,865.54,527.17,18.29,53.55,-1,-1,-1,-1
734,279,845.88,528.05,17.90,54.81,-1,-1,-1,-1
734,281,1546.42,556.57,33.25,75.33,-1,-1,-1,-1
735,258,1606.74,707.43,113.66,236.30,-1,-1,-1,-1
735,267,828.08,525.58,22.04,56.75,-1,-1,-1,-1
735,270,599.65,560.72,51.71,124.27,-1,-1,-1,-1
735,275,867.63,526.84,18.36,53.86,-1,-1,-1,-1
735,279,848.28,526.50,17.80,56.05,-1,-1,-1,-1
735,281,1551.12,553.56,34.21,76.34,-1,-1,-1,-1
736,258,1629.88,709.70,121.21,242.73,-1,-1,-1,-1
736,267,830.21,523.68,22.68,56.77,-1,-1,-1,-1
736,270,603.75,558.90,48.94,125.71,-1,-1,-1,-1
736,275,870.12,523.37,20.23,57.42,-1,-1,-1,-1
736,279,851.00,525.32,17.63,54.96,-1,-1,-1,-1
736,281,1557.27,550.74,34.95,80.25,-1,-1,-1,-1
737,258,1655.38,707.80,123.10,250.01,-1,-1,-1,-1
737,267,832.35,522.61,23.64,56.28,-1,-1,-1,-1
737,270,605.47,557.45,48.59,127.39,-1,-1,-1,-1
737,275,872.36,522.51,20.00,56.00,-1,-1,-1,-1
737,279,853.52,524.27,17.99,54.04,-1,-1,-1,-1
737,281,1562.90,550.68,34.62,77.87,-1,-1,-1,-1
738,258,1684.91,712.67,130.60,254.58,-1,-1,-1,-1
738,267,836.67,523.19,22.10,56.13,-1,-1,-1,-1
738,270,606.56,557.97,48.97,128.85,-1,-1,-1,-1
738,275,873.65,522.54,20.68,58.25,-1,-1,-1,-1
738,279,854.08,524.72,19.09,54.61,-1,-1,-1,-1
738,281,1568.20,553.52,34.17,77.29,-1,-1,-1,-1
739,258,1715.83,717.13,141.99,258.30,-1,-1,-1,-1
739,267,839.25,523.22,21.10,57.05,-1,-1,-1,-1
739,270,608.45,559.63,47.72,123.46,-1,-1,-1,-1
739,275,875.86,523.95,19.75,58.28,-1,-1,-1,-1
739,279,856.34,525.96,18.00,54.18,-1,-1,-1,-1
739,281,1576.55,560.20,31.15,73.12,-1,-1,-1,-1
740,258,1745.47,722.61,147.30,263.79,-1,-1,-1,-1
740,267,840.57,523.03,21.84,58.33,-1,-1,-1,-1
740,270,605.88,560.99,50.99,127.46,-1,-1,-1,-1
740,275,877.55,523.44,19.50,59.75,-1,-1,-1,-1
740,279,858.38,524.98,17.41,56.18,-1,-1,-1,-1
740,281,1584.16,562.92,29.06,71.32,-1,-1,-1,-1
741,258,1777.04,732.87,141.64,262.78,-1,-1,-1,-1
741,267,842.29,524.44,21.99,58.33,-1,-1,-1,-1
741,270,605.81,562.90,52.17,130.16,-1,-1,-1,-1
741,275,879.24,524.53,20.30,60.66,-1,-1,-1,-1
741,279,861.56,525.74,17.59,56.71,-1,-1,-1,-1
741,281,1589.25,563.04,29.24,73.21,-1,-1,-1,-1
742,258,1815.67,743.27,104.33,262.40,-1,-1,-1,-1
742,267,843.73,526.37,22.66,58.60,-1,-1,-1,-1
742,270,606.17,564.60,52.55,132.39,-1,-1,-1,-1
742,275,880.61,525.33,20.86,62.34,-1,-1,-1,-1
742,279,863.24,527.54,17.78,56.89,-1,-1,-1,-1
742,281,1597.47,566.42,26.40,73.29,-1,-1,-1,-1
743,267,844.64,528.25,24.14,58.44,-1,-1,-1,-1
743,270,603.99,566.61,55.16,133.58,-1,-1,-1,-1
743,275,882.00,526.95,21.20,61.98,-1,-1,-1,-1
743,279,864.75,529.09,18.25,57.79,-1,-1,-1,-1
743,281,1602.39,568.50,26.40,73.67,-1,-1,-1,-1
744,267,845.49,529.06,24.34,58.68,-1,-1,-1,-1
744,270,603.64,567.08,54.95,135.37,-1,-1,-1,-1
744,275,882.86,527.12,21.30,62.55,-1,-1,-1,-1
744,279,865.40,529.44,18.54,58.83,-1,-1,-1,-1
744,281,1607.01,571.01,26.74,73.80,-1,-1,-1,-1
745,267,844.84,530.57,25.49,58.55,-1,-1,-1,-1
745,270,597.55,568.54,59.99,136.27,-1,-1,-1,-1
745,275,882.87,527.01,21.73,63.50,-1,-1,-1,-1
745,279,865.79,530.27,18.34,59.17,-1,-1,-1,-1
745,281,1610.90,570.70,27.99,74.41,-1,-1,-1,-1
746,267,845.13,532.09,25.38,58.01,-1,-1,-1,-1
746,270,592.84,568.84,63.01,138.07,-1,-1,-1,-1
746,275,883.65,527.89,20.94,64.37,-1,-1,-1,-1
746,279,866.10,531.09,18.24,59.22,-1,-1,-1,-1
746,281,1614.20,572.96,28.61,74.76,-1,-1,-1,-1
747,267,845.70,533.09,25.24,57.96,-1,-1,-1,-1
747,270,592.94,570.46,61.78,139.28,-1,-1,-1,-1
747,275,884.65,527.69,20.55,64.87,-1,-1,-1,-1
747,279,866.38,532.86,18.17,58.15,-1,-1,-1,-1
747,281,1617.45,573.16,30.33,75.75,-1,-1,-1,-1
748,267,846.48,532.15,25.17,59.09,-1,-1,-1,-1
748,270,594.47,570.48,59.36,140.29,-1,-1,-1,-1
748,275,885.77,527.20,20.64,64.78,-1,-1,-1,-1
748,279,868.17,536.25,17.51,53.75,-1,-1,-1,-1
748,281,1621.97,570.94,31.48,78.59,-1,-1,-1,-1
749,267,847.65,531.49,24.15,59.37,-1,-1,-1,-1
749,270,594.56,571.75,58.35,140.18,-1,-1,-1,-1
749,275,887.07,527.54,20.04,62.97,-1,-1,-1,-1
749,279,869.34,538.52,17.20,50.88,-1,-1,-1,-1
749,281,1626.35,567.95,33.94,81.17,-1,-1,-1,-1
750,267,848.69,530.38,23.42,59.95,-1,-1,-1,-1
750,270,595.10,572.84,56.78,140.89,-1,-1,-1,-1
750,275,888.52,526.64,19.16,62.01,-1,-1,-1,-1
750,279,870.33,536.27,17.29,53.02,-1,-1,-1,-1
750,281,1631.83,564.50,35.02,85.54,-1,-1,-1,-1
